label,message,year
normal,"Yeah there's quite a bit left, I'll swing by tomorrow when I get up",2015
normal,That seems unnecessarily hostile,2015
normal,Have they been agreed to take a product from you?,2012
normal,"Well, I’ve been thinking of switching to an industry that has at least few decades of growth left.",2010
normal,Anyway i'm going shopping on my own now. because my sister not done yet. Do not disturb you liao.,2010
normal,It is for nothing that I have been trying to find.,2010
normal,Ok... U enjoy ur shows...,2011
normal,Yup...,2013
normal,We still on for tonight?,2014
normal,Dear got train and seat mine lower seat,2014
fraud,Burger King - Wanna play footy at a top stadium? Get 2 Burger King before 1st Sept and go Large or Super with Coca-Cola and walk out a winner,2015
normal,Haha... can... But i'm having dinner with my cousin...,2011
normal,What's a feathery bowa? Is that something guys have that I don't know about?,2013
normal,Networking technical support associate.,2011
normal,"Although i told you that i'm into big face watches now but i really like e watch you gave because it's from you. Thanks for everything that you have done today, i'm touched...",2010
normal,"So, did you too fail to complete the paper?",2014
normal,Thank you so much for sharing this information with us.,2010
normal,Nite nite pocay wocay luv u more than n e thing 4eva I promise ring u 2morrowxxxx,2010
fraud,"Wan2 win a Meet+Greet with Westlife 4 U or a m8? They are currently on what tour? 1)Unbreakable, 2)Untamed, 3)Unkempt. Text 1,2 or 3 to 83049. Cost 50p +std text",2013
normal,"Dear,regret i could not pick call.drove down from ctla now at cochin home.left mobile in car..ente style ishtamayoo?happy bakrid!",2014
normal,I want kfc its Tuesday. Only buy 2 meals ONLY 2. No gravy. Only 2 Mark. 2!,2015
normal,Same. Wana plan a trip sometime then.,2012
normal,Got it! It looks scrumptious... daddy wants to eat you all night long!,2015
normal,Heehee that was so funny tho,2013
normal,Okay... We wait ah,2013
normal,Gud mrng dear hav a nice day,2011
normal,"Yo, I'm at my parents' gettin cash. Good news: we picked up a downstem",2011
normal,This message is from a great Doctor in India:-): 1) Do not drink APPY FIZZ. It contains Cancer causing age,2011
normal,I'm home...,2013
fraud,TBS/PERSOLVO. been chasing us since Sept for£38 definitely not paying now thanks to your information. We will ignore them. Kath. Manchester.,2015
normal,Er yep sure. Props?,2015
normal,Oh... Kay... On sat right?,2012
normal,Of course. I guess god's just got me on hold right now.,2014
normal,Remember on that day..,2013
normal,"Goodmorning, today i am late for 2hrs. Because of back pain.",2013
normal,"Hmmm ... And imagine after you've come home from that having to rub my feet, make me dinner and help me get ready for my date ! Are you sure your ready for that kind of life ?",2014
normal,Thanks for sending this mental ability question..,2014
normal,Dunno he just say go lido. Same time 930.,2015
normal,Cramps stopped. Going back to sleep,2010
normal,5 nights...We nt staying at port step liao...Too ex,2010
normal,"It doesn't make sense to take it there unless its free. If you need to know more, wikipedia.com",2015
normal,Are you ok. What happen to behave like this,2015
normal,Cos daddy arranging time c wat time fetch ü mah...,2014
normal,"Sir, waiting for your letter.",2015
normal,"Alright, see you in a bit",2014
fraud,"hello sir this is your axis bank manager. your kyc has been expired.so you have to kyc your self, but due to covid setuation we are doing kyc online, pleae tell me your account detail.",2013
normal,Dunno cos i was v late n when i reach they inside already... But we ate spageddies lor... It's e gals who r laughing at me lor...,2014
normal,"Have a nice Journey, Sir.",2011
fraud,"You've won tkts to the EURO2004 CUP FINAL or £800 CASH, to collect CALL 09058099801 b4190604, POBOX 7876150ppm",2014
normal,Don't necessarily expect it to be done before you get back though because I'm just now heading out.,2012
normal,Glad it went well :) come over at 11 then we'll have plenty of time before claire goes to work.,2010
normal,What's your room number again? Wanna make sure I'm knocking on the right door,2015
normal,I'm really sorry i won't b able to do this friday.hope you can find an alternative.hope your term's going ok.,2012
normal,Actually I am worried about my final examination What about your preparation for the examination?,2010
normal,She.s fine. I have had difficulties with her phone. It works with mine. Can you pls send her another friend request.,2015
normal,"Finally it has happened..! Aftr decades..! BEER is now cheaper than PETROL! The goverment expects us to ""DRINK"". . . But don't ""DRIVE """,2014
normal,You getting back any time soon?,2013
normal,Ugh hopefully the asus ppl dont randomly do a reformat.,2011
normal,"Goodnight, sleep well da please take care pa. Please.",2011
normal,Hello-/@drivby-:0quit edrunk sorry iff pthis makes no senrd-dnot no how ^ dancce 2 drum n basq!ihave fun 2nhite x ros xxxxxxx,2011
normal,How dare you change my ring,2010
normal,I cant pick the phone right now. Pls send a message,2010
normal,Mind blastin.. No more Tsunamis will occur from now on.. Rajnikant stopped swimming in Indian Ocean..:-D,2013
normal,Change again... It's a one next to escalator...,2011
normal,Oh k k:)but he is not a big hitter.anyway good,2014
normal,So:)no competition for him.,2015
normal,"Goodmorning, today i am late for  &lt;DECIMAL&gt; min.",2012
normal,Ya! when are ü taking ure practical lessons? I start in june..  ,2013
fraud,Natalja (25/F) is inviting you to be her friend. Reply YES-440 or NO-440 See her: www.SMS.ac/u/nat27081980 STOP? Send STOP FRND to 62468,2015
normal,"Had the money issue weigh me down but thanks to you, I can breathe easier now. I.ll make sure you dont regret it. Thanks.",2012
normal,When you login date time... Dad fetching you home now?,2013
normal,Well I wasn't available as I washob nobbing with last night so they had to ask Nickey Platt instead of me!;,2013
normal,Did u got that persons story,2011
normal,Hope you are having a great day.,2012
normal,She left it very vague. She just said she would inform the person in accounting about the delayed rent and that i should discuss with the housing agency about my renting another place. But checking online now and all places around usc are  &lt;#&gt;  and up,2015
normal,I hope your pee burns tonite.,2015
normal,Planning to start a new business.,2012
normal,Got but got 2 colours lor. One colour is quite light n e other is darker lor. Actually i'm done she's styling my hair now.,2014
normal,If you have belive me. Come to my home.,2011
normal,i cant talk to you now.i will call when i can.dont keep calling.,2015
normal,"whatever, im pretty pissed off.",2014
normal,"If he tried to blackmail me, I would inform you.",2014
normal,"I am real, baby! I want to bring out your inner tigress...",2010
fraud,FreeMsg: Claim ur 250 SMS messages-Text OK to 84025 now!Use web2mobile 2 ur mates etc. Join Txt250.com for 1.50p/wk.,2014
normal,"Awesome, think we can get an 8th at usefull some time tonight?",2013
fraud,Want explicit SEX in 30 secs? Ring 02073162414 now! Costs 20p/min Gsex POBOX 2667 WC1N 3XX,2013
normal,Id onluy matters when getting on from offcampus,2013
normal,Sometimes Heart Remembrs someone Very much... Forgets someone soon... Bcoz Heart will not like everyone. But liked ones will be Remembered Everytime... BSLVYL,2014
normal,cool. We will have fun practicing making babies!,2010
normal,How's it feel? Mr. Your not my real Valentine just my yo Valentine even tho u hardly play!!,2013
fraud,74355 XMAS iscoming & ur awarded either £500 CD gift vouchers & free entry 2 r £100 weekly draw txt MUSIC to 87066 TnC,2015
normal,"Yup, no need. I'll jus wait for e rain to stop.",2015
normal,I am not sure about night menu. . . I know only about noon menu,2014
normal,You've already got a flaky parent. It'snot supposed to be the child's job to support the parent...not until they're The Ride age anyway. I'm supposed to be there to support you. And now i've hurt you. unintentional. But hurt nonetheless.,2015
normal,I wrote a letter day before yesterday.,2012
normal,Do you know when dad will be back?,2015
normal,Did he just say somebody is named tampa,2010
normal,"Good afternoon, babe. How goes that day ? Any job prospects yet ? I miss you, my love ... *sighs* ... :-(",2012
normal,Pls give her prometazine syrup. 5mls then  &lt;#&gt; mins later feed.,2013
normal,Then what happened next?378. Then all of the sudden I heard a sound of a bullet.,2013
normal,ELLO BABE U OK?,2011
normal,Haha... Yup hopefully  we will lose a few kg by mon. after hip hop can go orchard and weigh again,2013
normal,I am working at the Bosch Company.,2014
fraud,"Thanks for your ringtone order, ref number K718. Your mobile will be charged £4.50. Should your tone not arrive please call customer services on 09065069120",2013
normal,Jesus armand really is trying to tell everybody he can find,2010
normal,Good Morning my Dear Shijutta........... Have a great &amp; successful day.,2013
normal,"It won't be until 2.15 as trying to sort house out, is that ok?",2012
normal,Babe? You said 2 hours and it's been almost 4 ... Is your internet down ?,2012
normal,"Al he does is moan at me if n e thin goes wrong its my fault&al de arguments r my fault&fed up of him of himso y bother? Hav 2go, thanx.xx",2010
normal,When you guys planning on coming over?,2011
normal,Moji just informed me that you saved our lives. Thanks.,2010
normal,Can you open the door?,2015
normal,S but not able to sleep.,2013
normal,Think you sent the text to the home phone. That cant display texts. If you still want to send it his number is,2010
normal,I want to be inside you every night...,2011
normal,Huh i cant thk of more oredi how many pages do we have?,2011
normal,", how's things? Just a quick question.",2010
normal,You are gorgeous! keep those pix cumming :) thank you!,2012
normal,S:-)kallis wont play in first two odi:-),2015
normal,"This motherboard costs INR 17, 000. But we will give it to you for INR 15,800.",2015
normal,"Sun can't come to earth but send l as rays. cloud can't come to river but send luv as rain. I can't come to meet you, but can send my care as message to you. Good evning.",2010
normal,THANKS TODAY CERe IT WAS NICE to CATCH UP BUT WE AVE to FIND MORE TIME MORE OFTEN OH WELL TAKE CARE see you SOON.,2012
fraud,Todays Voda numbers ending 5226 are selected to receive a ?350 award. If you hava a match please call 08712300220 quoting claim code 1131 standard rates app ,2015
fraud,As a registered optin subscriber ur draw 4 £100 gift voucher will be entered on receipt of a correct ans to 80062 Whats No1 in the BBC charts,2014
normal,"No can't help you there, I've never had an iphone.",2013
normal,Thank you!,2015
normal,Have you finished work yet?,2010
normal,ok what are detail you want to transfer?account number enough?,2012
normal,Lmao!nice 1,2014
normal,Wah lucky man... Then can save money... Hee...,2015
normal,Can you do online transaction?,2013
fraud,UR GOING 2 BAHAMAS! CallFREEFONE 08081560665 and speak to a live operator to claim either Bahamas cruise of£2000 CASH 18+only. To opt out txt X to 07786200117,2014
normal,You got job in wipro:)you will get every thing in life in 2 or 3 years.,2011
normal,All the newspapers are available here. ,2012
normal,No * am working on the ringing u thing but have whole houseful of screaming brats so * am pulling my hair out! Loving u,2015
normal,I've reached already.,2013
normal,I want to sent  &lt;#&gt; mesages today. Thats y. Sorry if i hurts,2013
normal,You're gonna have to be way more specific than that,2015
normal,"These are here, sir.",2010
normal,I'm working technical support :)voice process.networking field.,2011
normal,I need details about that online job.,2010
normal,Would you WANNA DO THEN MISSY?,2010
normal,I place all your points one cultures module already.,2014
normal,Think I could stop by in like an hour or so? My roommate's looking to stock up for a trip,2012
normal,G.W.R,2010
normal,This is ur face test ( 1 2 3 4 5 6 7 8 9  &lt;#&gt;  ) select any number i will tell ur face astrology.... am waiting. quick reply...,2014
normal,Yes. It's all innocent fun. O:-),2013
normal,So gd got free ice cream... I oso wan...,2010
normal,Happy valentines day I know its early but i have hundreds of handsomes and beauties to wish. So i thought to finish off aunties and uncles 1st...,2014
normal,"House-Maid is the murderer, coz the man was murdered on  &lt;#&gt; th January.. As public holiday all govt.instituitions are closed,including post office..",2012
normal,When you login date time... Dad fetching you home now?,2013
normal,"Urgh, coach hot, smells of chip fat! Thanks again, especially for the duvet (not a predictive text word).",2011
normal,I'm sick !! I'm needy !! I want you !! *pouts* *stomps feet* Where are you ?! *pouts* *stomps feet* I want my slave !! I want him now !!,2012
normal, &lt;#&gt;  mins but i had to stop somewhere first.,2010
normal,See? I thought it all through,2011
normal,Where in abj are you serving. Are you staying with dad or alone.,2014
normal,How come she can get it? Should b quite diff to guess rite...,2011
fraud,tells u 2 call 09066358152 to claim £5000 prize. U have 2 enter all ur mobile & personal details @ the prompts. Careful!,2014
normal,Haha... dont be angry with yourself... Take it as a practice for the real thing. =) ,2010
normal,But i'll b going 2 sch on mon. My sis need 2 take smth.,2010
normal,How much did ur hdd casing cost.,2011
fraud,<Forwarded from 21870000>Hi - this is your Mailbox Messaging SMS alert. You have 4 messages. You have 21 matches. Please call back on 09056242159 to retrieve your messages and matches,2015
fraud,Am new 2 club & dont fink we met yet Will B gr8 2 C U Please leave msg 2day wiv ur area 09099726553 reply promised CARLIE x Calls£1/minMobsmore LKPOBOX177HP51FL,2013
normal,Yes i think so. I am in office but my lap is in room i think thats on for the last few days. I didn't shut that down.,2015
normal,Then dun wear jeans lor...,2011
normal,India have to take lead:),2014
normal,"I guess that's why you re worried. You must know that there's a way the body repairs itself. And i'm quite sure you shouldn't worry. We'll take it slow. First the tests, they will guide when your ovulation is then just relax. Nothing you've said is a reason to worry but i.ll keep on followin you up.",2011
normal,He said i look pretty wif long hair wat. But i thk he's cutting quite short 4 me leh.,2012
normal,They have a thread on the wishlist section of the forums where ppl post nitro requests. Start from the last page and collect from the bottom up.,2012
normal,"I thought i'd get him a watch, just cos thats the kind of thing u get4an18th. And he loves so much!",2012
normal,"Not for possession, especially not first offense",2014
normal,"Yo, the game almost over? Want to go to walmart soon",2010
normal,"Haven't seen my facebook, huh? Lol!",2013
normal,Is she replying. Has boye changed his phone number,2012
normal,"K I'm ready,  &lt;#&gt; ?",2015
fraud,Hi its LUCY Hubby at meetins all day Fri & I will B alone at hotel U fancy cumin over? Pls leave msg 2day 09099726395 Lucy x Calls£1/minMobsmoreLKPOBOX177HP51FL,2014
normal,No I'm in the same boat. Still here at my moms. Check me out on yo. I'm half naked.,2011
normal,As in different styles?,2014
normal,Hey come online! Use msn... We are all there,2013
normal,How are you enjoying this semester? Take care brother.,2010
normal,"Me not waking up until 4 in the afternoon, sup",2011
normal,"What are you doing in langport? Sorry, but I'll probably be in bed by 9pm. It sucks being ill at xmas! When do you and go2sri lanka? ",2012
normal,NOT MUCH NO FIGHTS. IT WAS A GOOD NITE!!,2014
normal,"Ever green quote ever told by Jerry in cartoon ""A Person Who Irritates u Always Is the one Who Loves u Vry Much But Fails to Express It...!..!! :-) :-) gud nyt",2010
normal,Great. P diddy is my neighbor and comes for toothpaste every morning,2010
fraud,"Our dating service has been asked 2 contact U by someone shy! CALL 09058091870 NOW all will be revealed. POBox84, M26 3UZ 150p",2013
normal,Eight hundred and eighty taka only.,2014
normal,No da..today also i forgot..,2011
fraud,"Hi this is Amy, we will be sending you a free phone number in a couple of days, which will give you an access to all the adult parties...",2015
normal,I doubt you could handle 5 times per night in any case...,2010
normal,Which is why i never wanted to tell you any of this. Which is why i'm so short with you and on-edge as of late.,2012
normal,"Party's at my place at usf, no charge (but if you can contribute in any way it is greatly appreciated) and yeah, we got room for one more",2011
normal,"Not actually, I am going to spend this Puja with my family here in Kolkata. I am sure that will be so much fun. You are invited to my house in the Puja. I hope you will come.",2011
normal,you sure you can't take any sick time?,2012
normal,Are you the cutest girl in the world or what,2010
normal,"Abeg, make profit. But its a start. Are you using it to get sponsors for the next event?",2012
normal,Nice.nice.how is it working?,2014
normal,U wan 2 haf lunch i'm in da canteen now.,2010
fraud,Double Mins & Double Txt & 1/2 price Linerental on Latest Orange Bluetooth mobiles. Call MobileUpd8 for the very latest offers. 08000839402 or call2optout/LF56,2014
normal,I am not at all happy with what you saying or doing,2011
normal,It shall be fine. I have available now. Will hollalater,2015
normal,"Please protect yourself from e-threats. SIB never asks for sensitive information like Passwords,ATM/SMS PIN thru email. Never share your password with anybody.",2012
normal,"Nah it's straight, if you can just bring but or drinks or something that's actually a little more useful than straight cash.",2010
normal,How are you doing? Hope you've settled in for the new school year. Just wishing you a great day,2011
normal,Oh I see. But Show me the new fare menu of the company and show me the notification.,2011
normal,You bad girl. I can still remember them,2013
normal,Yet understand i'm in class can you not run water on it to make it ok. Please now.,2014
normal,What is this 'hex' place you talk of? Explain!,2015
normal,"I'm eatin now lor, but goin back to work soon... E mountain deer show huh... I watch b4 liao, very nice...",2012
normal,"I’m cool ta luv but v.tired 2 cause i have been doin loads of planning all wk, we have got our social services inspection at the nursery! Take care & spk sn x.",2011
normal,Sindu got job in birla soft ..,2011
normal,"not that I know of, most people up here are still out of town",2011
normal,Yeah sure I'll leave in a min,2014
normal,"Ahhhh...just woken up!had a bad dream about u tho,so i dont like u right now :) i didnt know anything about comedy night but i guess im up for it.",2015
normal,Like a personal sized or what,2012
normal,Yes baby! We can study all the positions of the kama sutra.,2013
fraud,URGENT! We are trying to contact you. Todays draw shows that you have won a £800 prize GUARANTEED. Call 09050001808 from land line. Claim M95. Valid12hrs only,2013
normal,What’s the smell coming out from your mouth?,2012
normal,"Goodmorning, today i am late for 1hr.",2015
normal,"Sorry pa, i dont knw who ru pa?",2011
normal,Ya srsly better than yi tho,2015
normal,Ok lor. Anyway i thk we cant get tickets now cos like quite late already. U wan 2 go look 4 ur frens a not? Darren is wif them now...,2010
normal,Babe ! What are you doing ? Where are you ? Who are you talking to ? Do you think of me ? Are you being a good boy? Are you missing me? Do you love me ?,2014
fraud,Sunshine Quiz! Win a super Sony DVD recorder if you canname the capital of Australia? Text MQUIZ to 82277. B,2013
normal,I think i am disturbing her da,2012
fraud,"Someone U know has asked our dating service 2 contact you! Cant Guess who? CALL 09058097189 NOW all will be revealed. POBox 6, LS15HB 150p ",2014
normal,"That means you got an A in epi, she.s fine. She.s here now.",2013
normal,Die... I accidentally deleted e msg i suppose 2 put in e sim archive. Haiz... I so sad...,2014
normal,I have done well in mathematics but I could not do well in English. ,2015
normal,"Fuck babe, I miss you sooooo much !! I wish you were here to sleep with me ... My bed is so lonely ... I go now, to sleep ... To dream of you, my love ...",2015
normal,"sry can't talk on phone, with parents",2014
normal,I want to sent  &lt;#&gt; mesages today. Thats y. Sorry if i hurts,2013
normal,Was the farm open?,2013
normal,Then u go back urself lor...,2011
normal,first time..dhoni rocks...,2013
normal,Hey i've booked the 2 lessons on sun liao...,2014
normal,"Every King Was Once A Crying Baby And Every Great Building Was Once A Map.. Not Imprtant Where U r TODAY, BUT Where U Wil Reach TOMORW. Gud ni8",2010
normal,Lol! Oops sorry! Have fun. ,2013
fraud,Loans for any purpose even if you have Bad Credit! Tenants Welcome. Call NoWorriesLoans.com on 08717111821,2014
fraud,"FREE2DAY sexy St George's Day pic of Jordan!Txt PIC to 89080 dont miss out, then every wk a saucy celeb!4 more pics c PocketBabe.co.uk 0870241182716 £3/wk",2013
normal,No dear i was sleeping :-P,2015
normal,I am not sure about night menu. . . I know only about noon menu,2014
normal,PISS IS TALKING IS SOMEONE THAT REALISE U THAT POINT THIS AT IS IT.(NOW READ IT BACKWARDS),2010
normal,This pen thing is beyond a joke. Wont a Biro do? Don't do a masters as can't do this ever again! ,2012
normal,Slaaaaave ! Where are you ? Must I summon you to me all the time now ? Don't you wish to come to me on your own anymore?,2013
normal,ALRITE HUNNY!WOT U UP 2 2NITE? DIDNT END UP GOIN DOWN TOWN JUS DA PUB INSTEAD! JUS CHILLIN AT DA MO IN ME BEDROOM!LOVE JEN XXX.,2012
normal,Oh my God. I'm almost home,2010
normal,If you are not coughing then its nothing,2014
normal,Just buy a pizza. Meat lovers or supreme. you get to pick.,2010
normal,Pete can you please ring meive hardly gotany credit,2015
normal,Right! To establish a peaceful society is their responsibility. They can also extend their helping hand to make the environment clean.,2015
normal,You have got a point. I’m also thinking to buy a pollution mask. What would you suggest?,2014
normal,Oic... Then better quickly go bathe n settle down...,2011
normal,So now my dad is gonna call after he gets out of work and ask all these crazy questions.,2010
normal,I understand the point that you are hinting at.,2011
normal,Do have a nice day today. I love you so dearly.,2014
normal,I thk 530 lor. But dunno can get tickets a not. Wat u doing now?,2013
normal,ITS A LAPTOP TAKE IT WITH YOU.,2015
normal,Here it is pasted behind the seat.,2013
normal,Meeting you is my work. . . Tell me when shall i do my work tomorrow,2014
normal,And of course you should make a stink!,2011
normal,I AM AT A PARTY WITH ALEX NICHOLS,2015
normal,Ok then u tell me wat time u coming later lor.,2014
normal,I thought slide is enough.,2012
normal,Doing my masters. When will you buy a bb cos i have for sale and how's bf,2014
normal,Yeah it's jus rite...,2010
normal,Hey you gave them your photo when you registered for driving ah? Tomorraw wanna meet at yck? ,2015
normal,Do you mind if I ask what happened? You don't have to say if it is uncomfortable.,2015
normal,Yes but can we meet in town cos will go to gep and then home. You could text at bus stop. And don't worry we'll have finished by march … ish!,2012
normal,on a Tuesday night r u 4 real,2012
normal,"Well the general price is  &lt;#&gt; /oz, let me know if/when/how much you want",2012
normal,Big brother‘s really scraped the barrel with this shower of social misfits,2014
normal,That’s so sweet of you.,2010
normal,I send the print  outs da.,2011
normal,MMM ... Fuck .... Merry Christmas to me,2014
fraud,hello i am jojo from play rummy group u have won 10000 INR money to deposit it in your account please give your account number and debit card number.,2014
normal,Just now i came to hme da..,2011
normal,Hey what happen de. Are you alright.,2014
normal,Are u awake? Is there snow there?,2015
normal,somewhere out there beneath the pale moon light someone think in of u some where out there where dreams come true... goodnite &amp; sweet dreams,2015
normal,Sun ah... Thk mayb can if dun have anythin on... Thk have to book e lesson... E pilates is at orchard mrt u noe hor...  ,2010
normal,"Until 545 lor... Ya, can go 4 dinner together...",2011
normal,"Best msg: It's hard to be with a person, when u know that one more step foward will make u fall in love.. &amp; One step back can ruin ur friendship.. good night:-) ...",2014
normal,That's my honeymoon outfit. :),2012
normal,Do you hide anythiing or keeping distance from me,2012
normal,Cancel cheyyamo?and get some money back?,2014
normal,No my mum went 2 dentist.,2013
normal,"Fighting with the world is easy, u either win or lose bt fightng with some1 who is close to u is dificult if u lose - u lose if u win - u still lose.",2014
normal,"Aight, tomorrow around  &lt;#&gt;  it is",2015
normal,Check with nuerologist.,2014
normal,"having illegal access to other social media accounts, computers, phones and laptops in order to steal personal information like pics, messages, passwords, etc.",2014
normal,How are you. Its been ages. How's abj,2013
normal,There are different kinds of books here. What kind of books you want?,2014
fraud,FREE for 1st week! No1 Nokia tone 4 ur mobile every week just txt NOKIA to 8077 Get txting and tell ur mates. www.getzed.co.uk POBox 36504 W45WQ 16+ norm150p/tone,2013
normal,Eatin my lunch...,2012
normal,What happen to her tell the truth,2012
normal,This is wishing you a great day. Moji told me about your offer and as always i was speechless. You offer so easily to go to great lengths on my behalf and its stunning. My exam is next friday. After that i will keep in touch more. Sorry.,2014
normal,Mum not going robinson already.,2010
normal,Good morning pookie pie! Lol hope I didn't wake u up,2013
normal,Total video converter free download type this in google search:),2012
normal,S:)s.nervous  &lt;#&gt; :),2011
normal,Aight should I just plan to come up later tonight?,2010
normal,Then what about further plan?,2014
normal,"Beautiful Truth against Gravity.. Read carefully: ""Our heart feels light when someone is in it.. But it feels very heavy when someone leaves it.."" GOOD NIGHT",2015
normal,Hi happy birthday. Hi hi hi hi hi hi hi,2011
normal,Horrible gal. Me in sch doing some stuff. How come u got mc?,2013
fraud,Dear Subscriber your draw for £100 gift voucher will be entered on receipt of a correct ans. When was Elvis Presleys Birthday? TXT answer to 80062,2014
normal,"7 wonders in My WORLD 7th You 6th Ur style 5th Ur smile 4th Ur Personality 3rd Ur Nature 2nd Ur SMS and 1st ""Ur Lovely Friendship""... good morning dear",2013
fraud,We tried to contact you are your reply to our offer of 750 mins 150 textand a new video phone call 08002988890 now or reply for free delivery tomorrow,2014
fraud,"As a SIM subscriber, you are selected to receive a Bonus! Get it delivered to your door, Txt the word OK to No: 88600 to claim. 150p/msg, EXP. 30Apr",2014
normal,Hope you are having a great new semester. Do wish you the very best. You are made for greatness.,2014
normal,"All done, all handed in. Don't know if mega shop in asda counts as celebration but thats what i'm doing!",2015
normal,As in i want custom officer discount oh.,2014
normal,.Please charge my mobile when you get up in morning.,2011
fraud,This msg is for your mobile content order It has been resent as previous attempt failed due to network error Queries to customersqueries@netvision.uk.com,2014
normal,"The house is on the water with a dock, a boat rolled up with a newscaster who dabbles in jazz flute behind the wheel",2015
fraud,"hello sir, i am from paytm there are offer in paytm upgrade your account so you can enjoy better cashback offrs.",2013
normal,"Idk. You keep saying that you're not, but since he moved, we keep butting heads over freedom vs. responsibility. And i'm tired. I have so much other shit to deal with that i'm barely keeping myself together once this gets added to it.",2013
normal,"Jay told me already, will do",2011
normal,"How's my loverboy doing ? What does he do that keeps him from coming to his Queen, hmmm ? Doesn't he ache to speak to me ? Miss me desparately ?",2015
normal,In meeting da. I will call you,2015
normal,What i told before i tell. Stupid hear after i wont tell anything to you. You dad called to my brother and spoken. Not with me.,2010
normal,Where wuld I be without my baby? The thought alone mite break me and I don’t wanna go crazy but everyboy needs his lady xxxxxxxx,2015
normal,"Well, I’m sure you did great. Good luck.",2015
normal,Don't make life too stressfull.. Always find time to Laugh.. It may not add years to your Life! But surely adds more life to ur years!! Gud ni8..swt dreams..,2014
normal,Aslamalaikkum....insha allah tohar beeen muht albi mufti mahfuuz...meaning same here....,2013
normal,Annoying isn't it.,2014
fraud,GSOH? Good with SPAM the ladies?U could b a male gigolo? 2 join the uk's fastest growing mens club reply ONCALL. mjzgroup. 08714342399.2stop reply STOP. msg@£1.50rcvd,2013
normal,"Hey j! r u feeling any better, hopeSo hunny. i amnow feelin ill & ithink i may have tonsolitusaswell! damn iam layin in bedreal bored. lotsof luv me xxxx",2013
normal,Early bird! Any purchases yet?,2013
normal,Ok set let u noe e details later...,2014
normal,I donno if they are scorable,2012
fraud,Do you want a new Video handset? 750 any time any network mins? UNLIMITED TEXT? Camcorder? Reply or Call now 08000930705 for del Sat AM,2013
normal,Pls send me the correct name da.,2010
normal,"Hello. No news on job, they are making me wait a fifth week! Yeah im up for some woozles and weasels... In exeter still, but be home about 3. ",2012
normal,"OH MR SHEFFIELD! You wanna play THAT game, okay. You're the boss and I'm the nanny. You give me a raise and I'll give YOU one!!",2015
normal,There's no point hangin on to mr not right if he's not makin u happy,2015
normal,"Turns out my friends are staying for the whole show and won't be back til ~ &lt;#&gt; , so feel free to go ahead and smoke that $ &lt;#&gt;  worth",2012
normal,* You gonna ring this weekend or wot?,2012
normal,Wake me up at  &lt;#&gt;  am morning:),2012
normal,Call to the number which is available in appointment. And ask to connect the call to waheed fathima.,2013
normal,"Aight fuck it, I'll get it later",2013
fraud,to get 1000 INR voucher please call on 889865556178.,2015
normal,"And that's fine, I got enough bud to last most of the night at least",2011
normal,Ok lor thanx... Ü in school?,2012
normal,I'm freezing and craving ice. Fml,2012
normal,Sir I have checked and everything seems to be right.,2014
normal,"Mmmmmm ... I love you,so much, Ahmad ... I can't wait for this year to begin as every second takes me closer to being at your side. Happy New Year, my love!!",2015
fraud,URGENT! We are trying to contact U Todays draw shows that you have won a £800 prize GUARANTEED. ,2015
normal,Tired. I haven't slept well the past few nights.,2012
normal,"No I'm good for the movie, is it ok if I leave in an hourish?",2014
normal,PICK UR FONE UP NOW U DUMB?,2012
normal,Ok...,2015
fraud,"Claim a 200 shopping spree, just call 08717895698 now! Have you won! MobStoreQuiz10ppm",2013
normal,thanks for the temales it was wonderful. Thank. Have a great week.,2015
normal,"No sir, we don’t have ‘special of the day’ here.",2014
normal,Even i cant close my eyes you are in me our vava playing umma :-D,2012
normal,"We are at grandmas. Oh dear, you still ill? I felt Shit this morning but i think i am just hungover! Another night then. We leave on sat.",2015
normal,have got * few things to do. may be in * pub later.,2013
normal,If you r @ home then come down within 5 min,2014
normal,Be sure to check your yahoo email. We sent photos yesterday,2013
normal,"We are hoping to get away by 7, from Langport. You still up for town tonight?",2014
normal,Oh dang! I didn't mean o send that to you! Lol!,2014
normal,"Sorry, I'll call later",2013
normal,S now only i took tablets . Reaction morning only.,2013
fraud,Collect your VALENTINE'S weekend to PARIS inc Flight & Hotel + £200 Prize guaranteed! Text: PARIS to No: 69101. www.rtf.sphosting.com,2013
normal,Oh:)as usual vijay film or its different?,2012
normal,"Very strange.  and  are watching the 2nd one now but i'm in bed. Sweet dreams, miss u ",2013
normal,Y so late but i need to go n get da laptop...,2015
normal,Hi there. We have now moved in2 our pub . Would be great 2 c u if u cud come up.,2012
normal,"It‘s reassuring, in this crazy world.",2012
normal,You made my day. Do have a great day too.,2012
normal,Anything lar...,2010
normal,I'm aight. Wat's happening on your side.,2014
normal,You said to me before i went back to bed that you can't sleep for anything.,2012
normal,We have all rounder:)so not required:),2012
normal,Thats cool. How was your day?,2012
normal,What are the newspapers available here? ,2014
normal,Message:some text missing Sender:Name Missing* *Number Missing *Sent:Date missing *Missing U a lot thats y everything is missing sent via fullonsms.com,2013
normal,Can ü call me at 10:10 to make sure dat i've woken up...,2010
fraud,Sunshine Quiz Wkly Q! Win a top Sony DVD player if u know which country Liverpool played in mid week? Txt ansr to 82277. £1.50 SP:Tyrone,2014
normal,"Derp. Which is worse, a dude who always wants to party or a dude who files a complaint about the three drug abusers he lives with",2012
normal,Think + da. You wil do.,2012
normal,Did you see his face?,2012
fraud,Congratulations U can claim 2 VIP row A Tickets 2 C Blu in concert in November or Blu gift guaranteed Call 09061104276 to claim TS&Cs www.smsco.net cost£3.75max ,2013
normal,I hope you arnt pissed off but id would really like to see you tomorrow. Love me xxxxxxxxxxxxxX.,2011
normal,"Like I made him throw up when we were smoking in our friend's car one time, it was awesome",2014
normal,"Sorry, got a late start, we're on the way",2015
normal,Apps class varaya elaya.,2010
normal,My sort code is  and account number is . The bank is natwest. Can you reply to confirm i've sent this to the right person!,2015
fraud,Bored housewives! Chat n date now! 0871750.77.11! BT-national rate 10p/min only from landlines!,2015
normal,Have you laid your airtel line to rest?,2011
normal,"And he goes on speaking some nonsense about insulation, bandwidth and submarines. I couldn't control my laughter, so I hang up.",2014
normal,No pic. Please re-send.,2012
normal,Was gr8 to see that message. So when r u leaving? Congrats dear. What school and wat r ur plans.,2013
fraud,ok mail: Dear Dave this is your final notice to collect your 4* Tenerife Holiday or #5000 CASH award! Call 09061743806 from landline. ,2013
normal,So i'm doing a list of buyers.,2010
normal,Or remind me in a few hrs.,2014
normal,U still havent got urself a jacket ah?,2013
normal,Havent mus ask if u can 1st wat. Of meet 4 lunch den u n him meet can already lor. Or u wan 2 go ask da ge 1st then confirm w me asap?,2011
normal,I dont understand your message.,2015
normal,I will spoil you in bed as well.,2013
normal,Enjoy ur life. . Good night,2011
normal,"I want to show you the world, princess :) how about europe?",2010
normal,"Can you tell Shola to please go to college of medicine and visit the academic department, tell the academic secretary what the current situation is and ask if she can transfer there. She should ask someone to check Sagamu for the same thing and lautech. Its vital she completes her medical education in Nigeria. Its less expensive much less expensive. Unless she will be getting citizen rates in new zealand.",2015
normal,Some are lasting as much as 2 hours. You might get lucky.,2014
normal,You give us back my id proof and  &lt;#&gt;  rs. We wont allow you to work. We will come to your home within days,2013
fraud,More people are dogging in your area now. Call 09090204448 and join like minded guys. Why not arrange 1 yourself. There's 1 this evening. A£1.50 minAPN LS278BB,2014
normal,I was wondering if it would be okay for you to call uncle john and let him know that things are not the same in nigeria as they r here. That  &lt;#&gt;  dollars is 2years sent and that you know its a strain but i plan to pay back every dime he gives. Every dime so for me to expect anything from you is not practical. Something like that.,2015
normal,Hey.. Something came up last min.. Think i would be signing up tommarow.. Hee,2012
normal,It should take about  &lt;#&gt;  min,2010
fraud,"hello sir, i am from airtel customer care in 23 hours your sim will be closed. do u want to activate it.",2015
normal,Its on in engalnd! But telly has decided it won't let me watch it and mia and elliot were kissing! Damn it!,2015
normal,have you any particular choice?,2013
fraud,"This is the 2nd time we have tried 2 contact u. U have won the 750 Pound prize. 2 claim is easy, call 08712101358 NOW! Only 10p per min. BT-national-rate",2014
normal,Yes. Last  practice,2010
normal,We know the hotel that she lives in.,2011
normal,It is only yesterday true true.,2013
normal,"How long before you get reply, just defer admission til next semester",2012
normal,"Haha awesome, I've been to 4u a couple times. Who all's coming?",2013
normal,"Sorry im getting up now, feel really bad- totally rejected that kinda me thing.",2015
normal,If we win its really no 1 side for long time.,2013
normal,Yay! You better not have told that to 5 other girls either.,2015
normal,Do you know what Mallika Sherawat did yesterday?,2012
normal,"All right, pack this one.",2014
normal,I will send them to your email. Do you mind  &lt;#&gt;  times per night?,2010
normal,You got called a tool?,2011
normal,Alex knows a guy who sells mids but he's down in south tampa and I don't think I could set it up before like 8,2013
normal,Dear reached railway. What happen to you.,2014
normal,Your account has been refilled successfully by INR  &lt;DECIMAL&gt; . Your KeralaCircle prepaid account balance is Rs  &lt;DECIMAL&gt; . Your Transaction ID is KR &lt;#&gt; .,2011
normal,Well you told others you'd marry them...,2015
normal,Ok. So april. Cant wait,2015
normal,Bognor it is! Should be splendid at this time of year.,2014
normal,Boo. How's things? I'm back at home and a little bored already :-(,2012
normal,Host-based IDPS for linux systems.,2010
normal,Dear good morning now only i am up.,2013
normal,Yes but I don't care cause I know its there!,2012
normal,Probably gonna swing by in a wee bit.,2014
normal,Oh unintentionally not bad timing. Great. Fingers  the trains play along! Will give fifteen min warning.,2011
normal,No de. But call me after some time. Ill tell you k,2011
normal,How come u got nothing to do?,2013
normal,"you are sweet as well, princess. Please tell me your likes and dislikes in bed...",2013
fraud,You have WON a guaranteed £1000 cash or a £2000 prize. To claim yr prize call our customer service representative on 08714712394 between 10am-7pm,2015
normal,Aiyah ok wat as long as got improve can already wat...,2010
normal,Moji i love you more than words. Have a rich day,2014
fraud,YOU ARE CHOSEN TO RECEIVE A £350 AWARD! Pls call claim number 09066364311 to collect your award which you are selected to receive as a valued mobile customer.,2013
normal,I dont know oh. Hopefully this month.,2013
normal,Me fine..absolutly fine,2010
fraud,Jamster! To get your free wallpaper text HEART to 88888 now! T&C apply. 16 only. Need Help? Call 08701213186.,2014
normal,Apart from the one i told you about yesterday?,2014
normal,Okie,2015
fraud,"ou are guaranteed the latest Nokia Phone, a 40GB iPod MP3 player or a £500 prize! Txt word: COLLECT to No: 83355! IBHltd LdnW15H 150p/Mtmsgrcvd18",2014
normal,Hai ana tomarrow am coming on morning.  &lt;DECIMAL&gt;  will be there in sathy then we will go to RTO office. Reply me after came to home.,2010
normal,Yar else i'll thk of all sorts of funny things.,2011
normal,U gd lor go shopping i got stuff to do. U wan 2 watch infernal affairs a not? Come lar...,2012
normal,"Motivate Behind every darkness, there is a shining light waiting for you to find it... Behind every best friend, there is always trust and love... BSLVYL",2011
normal,I probably won't eat at all today. I think I'm gonna pop. How was your weekend? Did u miss me?,2014
normal,ILL B DOWN SOON,2015
fraud,"Latest Nokia Mobile or iPOD MP3 Player +£400 proze GUARANTEED! Reply with: WIN to 83355 now! Norcorp Ltd.£1,50/Mtmsgrcvd18+",2013
normal,"Ok., is any problem to u frm him? Wats matter?",2013
normal,Ok. There may be a free gym about.,2012
normal,K..k...from tomorrow onwards started ah?,2011
normal,"Do you know why god created gap between your fingers..? So that, One who is made for you comes &amp; fills those gaps by holding your hand with LOVE..!",2015
normal,I stood there for a while and then I decided to move ahead.,2010
normal,Only once then after ill obey all yours.,2010
normal,"Lets use it next week, princess :)",2011
normal,Without reading newspaper we can’t know about the world.,2013
normal,"Sorry, I'll call later",2014
normal,Take something for pain. If it moves however to any side in the next 6hrs see a doctor.,2012
normal,When did dad get back.,2010
normal,Jus telling u dat i'll b leaving 4 shanghai on 21st instead so we'll haf more time 2 meet up cya...,2014
normal,"That's very rude, you on campus?",2010
normal,What will I have to do to get a 4G SIM for the same number?,2010
normal,"Nah man, my car is meant to be crammed full of people",2012
normal,"Yeah, in fact he just asked if we needed anything like an hour ago. When and how much?",2010
normal,"Argh my 3g is spotty, anyway the only thing I remember from the research we did was that province and sterling were the only problem-free places we looked at",2013
normal,In work now. Going have in few min.,2015
normal,Thanks for e brownie it's very nice...,2013
normal,Geeeee ... I love you so much I can barely stand it.,2011
normal,Oic cos me n my sis got no lunch today my dad went out... So dunno whether 2 eat in sch or wat...,2013
normal,Yup but not studying surfing lor. I'm in e lazy mode today.,2013
normal,Loosu go to hospital. De dont let it careless.,2015
normal,Baaaaaaaabe! Wake up ! I miss you ! I crave you! I need you!,2011
normal,I'm in a movie. Call me 4 wat?,2014
normal,LMAO where's your fish memory when I need it?,2012
fraud,PRIVATE! Your 2003 Account Statement for 07973788240 shows 800 un-redeemed S. I. M. points. Call 08715203649 Identifier Code: 40533 Expires 31/10/04,2014
normal,Spoons it is then okay?,2012
normal,Aah! A cuddle would be lush! I'd need lots of tea and soup before any kind of fumbling!,2014
normal,I'm job profile seems like bpo..,2011
normal,"I know it's smaller than you wanted, but it's one of the best houses in this locality.",2011
normal,Thts wat Wright Brother did to fly..,2010
normal,What is important is that you prevent dehydration by giving her enough fluids.,2013
normal,Are you plans with your family set in stone ?,2012
normal,Yeah we do totes. When u wanna?,2014
normal,I taught that Ranjith sir called me. So only i sms like that. Becaus hes verifying about project. Prabu told today so only pa dont mistake me..,2011
normal,I dont know why she.s not getting your messages,2011
normal,Who were those people ? Were you in a tour ? I thought you were doing that sofa thing you sent me ? Your curious sugar,2013
normal,i see. When we finish we have loads of loans to pay.,2011
normal,Mean that time you don't like fun.,2012
normal,"As I entered my cabin my PA said, '' Happy B'day Boss !!''. I felt special. She askd me 4 lunch. After lunch she invited me to her apartment. We went there.",2011
normal,"I can't keep going through this. It was never my intention to run you out, but if you choose to do that rather than keep the room clean so *I* don't have to say no to visitors, then maybe that's the best choice. Yes, I wanted you to be embarassed, so maybe you'd feel for once how I feel when i have a friend who wants to drop buy and i have to say no, as happened this morning. I've tried everything. I don't know what else to do.",2010
normal,U really pig leh sleep so much. My dad wake me up at 10 smth 2 eat lunch today.,2014
normal,Here you are.,2013
normal,"A couple of them will be campus interviews, organized by the training and placement cell. But the majority are off-campus.",2011
fraud,"Win the newest “Harry Potter and the Order of the Phoenix (Book 5) reply HARRY, answer 5 questions - chance to be the first among readers!",2013
normal,I'll pick you up at about 5.15pm to go to taunton if you still want to come.,2010
normal,I am at work. Please call,2010
normal,"A few people are at the game, I'm at the mall with iouri and kaila",2014
normal,That's significant but dont worry.,2013
normal,I will reach ur home in  &lt;#&gt;  minutes,2013
normal,Hi baby ive just got back from work and i was wanting to see u allday! I hope i didnt piss u off on the phone today. If u are up give me a call xxx,2010
normal,"Well, I was about to give up cos they all said no they didn‘t do one nighters. I persevered and found one but it is very cheap so i apologise in advance. It is just somewhere to sleep isnt it?",2014
normal,"Cool, text me when you're ready.",2013
normal,"1) Go to write msg 2) Put on Dictionary mode 3)Cover the screen with hand, 4)Press  &lt;#&gt; . 5)Gently remove Ur hand.. Its interesting..:)",2010
normal,I love ya too but try and budget your money better babe. Gary would freak on me if he knew,2015
normal,"It‘s £6 to get in, is that ok?",2011
normal,Prabha..i'm soryda..realy..frm heart i'm sory,2010
normal,No problem with the renewal. I.ll do it right away but i dont know his details.,2011
normal,Everybody had fun this evening. Miss you.,2013
normal,I had askd u a question some hours before. Its answer,2013
normal,I always chat with you. In fact i need money can you raise me?,2015
normal,Dunno lei he neva say...,2013
normal,"Wishing you and your family Merry ""X"" mas and HAPPY NEW Year in advance..",2012
normal,Are you going to write ccna exam this week??,2015
normal,Ladies first and genus second k .,2014
normal,you reach orchard already? you want to go buy tickets first?,2013
normal,"Wen ur lovable bcums angry wid u, dnt take it seriously.. Coz being angry is d most childish n true way of showing deep affection, care n luv!.. kettoda manda... Have nice day da.",2011
normal,Amazing : If you rearrange these letters it gives the same meaning... Dormitory = Dirty room Astronomer = Moon starer The eyes = They see Election results = Lies lets recount Mother-in-law = Woman Hitler Eleven plus two =Twelve plus one Its Amazing... !:-),2012
normal,"As usual..iam fine, happy &amp; doing well..:)",2010
normal,"Babe, I'm back ... Come back to me ...",2015
normal,I will vote for wherever my heart guides me,2014
normal,I want to borrow some books.,2010
normal,Baaaaabe! I misss youuuuu ! Where are you ? I have to go and teach my class at 5 ...,2010
normal,My sister going to earn more than me da.,2011
normal,Ok i will tell her to stay out. Yeah its been tough but we are optimistic things will improve this month.,2015
normal,Should I come again to give you the report?,2012
normal,Nothing lor... A bit bored too... Then y dun u go home early 2 sleep today...,2014
normal,Can you say what happend.,2013
normal,tap & spile at seven. * Is that pub on gas st off broad st by canal. Ok?,2011
normal,There is os called ubandu which will run without installing in hard disk...you can use that os to copy the important files in system and give it to repair shop..,2015
normal,IM REALY SOZ IMAT MY MUMS 2NITE WHAT ABOUT 2MORO ,2010
normal,I'm home.,2013
fraud,"New Mobiles from 2004, MUST GO! Txt: NOKIA to No: 89545 & collect yours today!",2013
normal,Yup no more already... Thanx 4 printing n handing it up.,2013
normal,am up to my eyes in philosophy,2012
normal,Siva is in hostel aha:-.,2012
normal,"The sign of maturity is not when we start saying big things.. But actually it is, when we start understanding small things... *HAVE A NICE EVENING* BSLVYL",2015
normal,Somebody should go to andros and steal ice,2014
normal,"Aight, I'll text you when I'm back",2015
normal,What you thinked about me. First time you saw me in class.,2010
normal,K I'll take care of it,2013
normal,But I'm on a diet. And I ate 1 too many slices of pizza yesterday. Ugh I'm ALWAYS on a diet.,2011
normal,"As I entered my cabin my PA said, '' Happy B'day Boss !!''. I felt special. She askd me for lunch. After lunch she invited me to her apartment. We went there.",2013
normal,Pls accept me for one day. Or am begging you change the number.,2012
normal,Have you heard from this week?,2012
normal,"Storming msg: Wen u lift d phne, u say ""HELLO"" Do u knw wt is d real meaning of HELLO?? . . . It's d name of a girl..! . . . Yes.. And u knw who is dat girl?? ""Margaret Hello"" She is d girlfrnd f Grahmbell who invnted telphone... . . . . Moral:One can 4get d name of a person, bt not his girlfrnd... G o o d n i g h t . . .@",2013
normal,Okie... Thanx...,2010
normal,Today is ACCEPT DAY..U Accept me as? Brother Sister Lover Dear1 Best1 Clos1 Lvblefrnd Jstfrnd Cutefrnd Lifpartnr Belovd Swtheart Bstfrnd No rply means enemy,2014
normal,"Great. I'm in church now, will holla when i get out",2011
normal,What happened in interview?,2013
normal,Nothing spl..wat abt u and whr ru?,2011
normal,Better. Made up for Friday and stuffed myself like a pig yesterday. Now I feel bleh. But at least its not writhing pain kind of bleh.,2010
normal,"Sir, hope your day is going smoothly. i really hoped i wont have to bother you about this. I have some bills that i can't settle this month. I am out of all extra cash. I know this is a challenging time for you also but i have to let you know.",2012
normal,Is that seriously how you spell his name?,2011
normal,Im at arestaurant eating squid! i will be out about 10:30 wanna dosomething or is that to late?,2014
normal,I can send you a pic if you like :),2012
normal,And do you have any one that can teach me how to ship cars.,2011
normal,"Dunno, my dad said he coming home 2 bring us out 4 lunch. Yup i go w u lor. I call u when i reach school lor...",2010
normal,Sorry i missed your call. Can you please call back.,2013
fraud,"Dear Voucher Holder, To claim this weeks offer, at you PC please go to http://www.e-tlp.co.uk/expressoffer Ts&Cs apply. To stop texts, txt STOP to 80062",2015
normal,My house here e sky quite dark liao... If raining then got excuse not 2 run already rite... Hee...,2011
normal,"Height of Confidence: All the Aeronautics professors wer calld &amp; they wer askd 2 sit in an aeroplane. Aftr they sat they wer told dat the plane ws made by their students. Dey all hurried out of d plane.. Bt only 1 didnt move... He said:""if it is made by my students,this wont even start........ Datz confidence..",2011
fraud,"Customer service announcement. We recently tried to make a delivery to you but were unable to do so, please call 07090298926 to re-schedule. Ref:9307622",2013
normal,I can take you at like noon,2015
normal,I cant pick the phone right now. Pls send a message,2010
normal,Yep then is fine 7.30 or 8.30 for ice age.,2015
normal,I've been trying to reach him without success,2010
fraud,URGENT! This is the 2nd attempt to contact U!U have WON £1000CALL 09071512432 b4 300603t&csBCM4235WC1N3XX.callcost150ppmmobilesvary. max£7. 50,2014
fraud,"sir, i am vikash bhatiya from phonepe your kyc has been expired to continue phonepe service, please provide aadhar card and pan card number and tell me otp.",2014
normal,I tot it's my group mate... Lucky i havent reply... Wat time do ü need to leave... ,2015
normal,"Honeybee Said: *I'm d Sweetest in d World* God Laughed &amp; Said: *Wait,U Havnt Met d Person Reading This Msg* MORAL: Even GOD Can Crack Jokes! GM+GN+GE+GN:)",2010
normal,You were supposed to wake ME up &gt.,2014
normal,None of that's happening til you get here though.,2014
fraud,Please call our customer service representative on FREEPHONE 0808 145 4742 between 9am-11pm as you have WON a guaranteed £1000 cash or £5000 prize!,2015
normal,Hey! Congrats 2u2. id luv 2 but ive had 2 go home!,2014
normal,Simply sitting and watching match in office..,2011
normal,I like you peoples very much. but i am very shy pa.,2013
normal,K ill drink.pa then what doing. I need srs model pls send it to my mail id pa.,2014
fraud,Double Mins & Double Txt & 1/2 price Linerental on Latest Orange Bluetooth mobiles. Call MobileUpd8 for the very latest offers. 08000839402 or call2optout/LF56,2015
normal,Blank is Blank. But wat is blank? Lol,2011
normal,I dont want to hear philosophy. Just say what happen,2014
normal,Ok,2011
fraud,Good Luck! Draw takes place 28th Feb 06. Good Luck! For removal send STOP to 87239 customer services 08708034412,2015
normal,"As in missionary hook up, doggy hook up, standing...|",2014
normal,"Yes, I am so excited. I can’t wait 7 days for Durga Puja. I am sure this year; will be so much fun.",2013
normal,And who is the lead actress of this movie? We would also like to know about her.,2013
fraud,Sorry! U can not unsubscribe yet. THE MOB offer package has a min term of 54 weeks> pls resubmit request after expiry. Reply THEMOB HELP 4 more info,2015
normal,Still i have not checked it da. . .,2015
normal,Oh k. . I will come tomorrow,2010
normal,Kothi print out marandratha.,2012
normal,Thanks. Prepositions and reading comprehension are the main problem areas for me.,2011
normal,Or i go home first lar ü wait 4 me lor.. I put down my stuff first..,2013
normal,"Thank you, sir. Your total is INR 44,300. We accept cash, credit and debit cards and well as UPI. How would you like to pay, sir?",2010
normal,Dear where you. Call me,2011
normal,Detroit. The home of snow. Enjoy it.,2014
normal,What time you coming down later? ,2014
normal,After completed degree. There is no use in joining finance.,2010
normal,What year. And how many miles.,2014
normal,"(No promises on when though, haven't even gotten dinner yet)",2012
normal,"Sorry, I'll call later",2011
normal,Nope wif my sis lor... Aft bathing my dog then i can bathe... Looks like it's going 2 rain soon.,2013
normal,says the  &lt;#&gt;  year old with a man and money. I'm down to my last  &lt;#&gt; . Still waiting for that check.,2010
normal,"I've not called you in a while. This is hoping it was later malaria and that you know that we miss you guys. I miss Bani big, so please give her my love especially. Have a great day.",2012
normal,I'm at home. Please call,2011
normal,I think i've fixed it can you send a test message?,2011
normal,I don wake since. I checked that stuff and saw that its true no available spaces. Pls call the embassy or send a mail to them.,2015
normal,The beauty of life is in next second.. which hides thousands of secrets. I wish every second will be wonderful in ur life...!! gud n8,2015
fraud,You are a winner you have been specially selected to receive £1000 cash or a 4* holiday (flights inc) speak to a live operator to claim 0871277810810,2014
normal,"If we hit it off, you can move in with me :)",2012
normal,Wishing you a wonderful week.,2012
normal,Will you come online today night,2013
normal,"Hi this is yijue, can i meet u at 11 tmr?",2012
normal,What about this one then.,2014
normal,I was about to do it when i texted. I finished a long time ago and showered and er'ything!,2014
normal,Ugh fuck it I'm resubbing to eve,2010
normal,Oh baby of the house. How come you dont have any new pictures on facebook,2013
normal,Good Morning plz call me sir,2012
normal,Hi i am having the most relaxing time ever! we have to get up at 7am every day! was the party good the other night? I get home tomorrow at 5ish.,2013
normal,Good thinking. Nowadays it has been common to break the college rules by most of the students.,2012
normal,Y lei?,2012
normal,Are you up for the challenge? I know i am :),2012
fraud,Hello Sir i am from paytm.  Your kyc is finished with Paytm.  Will you get kyc done?,2013
normal,"Sorry, I'll call later",2015
fraud,Congratulations your awarded either £500 of CD gift vouchers & Free entry to our £100 weekly draw text MUSIC to 87066 ,2013
fraud,"Final Chance! Claim ur £150 worth of discount vouchers today! Text YES to 85023 now! SavaMob, member offers mobile! T Cs SavaMob POBOX84, M263UZ. £3.00 Subs 16",2014
normal,Ok. Me watching tv too.,2010
normal,No plm i will come da. On the way.,2011
normal,Ranjith cal drpd Deeraj and deepak 5min hold,2015
normal,"Just sent again. Do you scream and moan in bed, princess?",2011
normal,Ok give me 5 minutes I think I see her. BTW you're my alibi. You were cutting my hair the whole time.,2010
normal,Dare i ask... Any luck with sorting out the car?,2011
fraud,Ur cash-balance is currently 500 pounds - to maximize ur cash-in now send COLLECT to 83600 only 150p/msg. CC: 08718720201 PO BOX 114/14 TCR/W1,2014
normal,Change windows logoff sound..,2010
normal,Well its not like you actually called someone a punto. That woulda been worse.,2012
normal,What are you thinking?,2013
normal,"They can try! They can get lost, in fact. Tee hee",2013
normal,"Hey doc pls I want to get nice t shirt for my hubby nice fiting ones my budget is  &lt;#&gt; k help pls I will load d card abi hw,keep me posted luv. 2 mj",2010
normal,Have you been practising your curtsey?,2011
normal,Watching tv lor... Y she so funny we bluff her 4 wat. Izzit because she thk it's impossible between us?,2010
normal,"I'm in a meeting, call me later at",2012
normal,Same as u... Dun wan... Y u dun like me already ah... Wat u doing now? Still eating?,2011
normal,"ok, when are you going?",2010
normal,U horrible gal... U knew dat i was going out wif him yest n u still come n ask me...,2014
normal,How are you today? ,2014
normal,Ok but tell me half an hr b4 u come i need 2 prepare.,2010
normal,"Daddy, shu shu is looking 4 u... U wan me 2 tell him u're not in singapore or wat?",2011
normal,"Hi hope you get this text~journey hasn't been good,now about 50 mins late I think.",2015
normal,I'm still looking for a car to buy. And have not gone fourth driving test yet.,2015
normal,Never try alone to take the weight of a tear that comes out of ur heart and falls through ur eyes... Always remember a STUPID FRIEND is here to share... BSLVYL,2012
normal,"Yeah that's what I thought, lemme know if anything's goin on later",2015
fraud,"Congrats! 2 mobile 3G Videophones R yours. call 09061744553 now! videochat wid ur mates, play java games, Dload polyH music, noline rentl. bx420. ip4. 5we. 150pm",2014
fraud,"Your free ringtone is waiting to be collected. Simply text the password ""MIX"" to 85069 to verify. Get Usher and Britney.",2014
normal,Here are your starters. Do you’ve any ‘special of the day’ or like at this place?,2014
normal,K:)all the best:)congrats...,2015
normal,Jus finished avatar nigro,2010
normal,Wat time ü finish?,2011
normal,"I don’t think so. Today, the gay community is more open. Have you heard of LGBT? It stands for Lesbian, Gay, Bisexual and Transgender.",2012
normal,What? Rs 45?,2015
normal,"Me, i dont know again oh",2015
normal,Leave it. U will always be ignorant.,2015
normal,No sir. That's why i had an 8-hr trip on the bus last week. Have another audition next wednesday but i think i might drive this time.,2014
normal,"no, i *didn't* mean to post it. I wrote it, and like so many other times i've ritten stuff to you, i let it sit there. it WAS what i was feeling at the time. I was angry. Before i left, i hit send, then stop. It wasn't there. I checked on my phone when i got to my car. It wasn't there. You said you didn't sleep, you were bored. So why wouldn't THAT be the time to clean, fold laundry, etc.? At least make the bed?",2010
normal,Bring home some Wendy.,2011
normal,Wow v v impressed. Have funs shopping!,2015
normal,Do we have any spare power supplies,2011
normal,Are you willing to go for aptitude class.,2010
normal,"My Parents, My Kidz, My Friends n My Colleagues. All screaming.. SURPRISE !! and I was waiting on the sofa.. ... ..... ' NAKED...!",2011
fraud,"Had your contract mobile 11 Mnths? Latest Motorola, Nokia etc. all FREE! Double Mins & Text on Orange tariffs. TEXT YES for callback, no to remove from records.",2015
normal,"Damn, poor zac doesn't stand a chance",2013
normal,"Sorry, I'll call later",2015
normal,"Jus chillaxin, what up",2014
normal,Where you. What happen,2011
normal,Lol grr my mom is taking forever with my prescription. Pharmacy is like 2 minutes away. Ugh.,2012
normal,"Yep, by the pretty sculpture",2015
normal,"Yo carlos, a few friends are already asking me about you, you working at all this weekend?",2012
normal,"OK, let’s go to Dharamshala. It offers serene milieu, mesmerizing locales, and we all can have an ace time.",2011
normal,"Goodmorning, Today i am late for  &lt;#&gt; min.",2015
normal,"Fighting with the world is easy, u either win or lose bt fightng with some1 who is close to u is dificult if u lose - u lose if u win - u still lose.",2010
normal,"I'm home, my love ... If your still awake ... *loving kiss*",2011
normal,Don't give me that lip caveboy,2015
normal,haha but no money leh... Later got to go for tuition... Haha and looking for empty slots for driving lessons,2011
normal,Sorry to trouble you again. Can buy 4d for my dad again?,2013
normal,Congrats ! Treat pending.i am not on mail for 2 days.will mail once thru.Respect mother at home.check mails.,2012
normal,"You know I’m weak in English. That’s why, I’m taking special care in English. I’m having a detailed revision in other subjects.",2014
normal,"Hi Jon, Pete here, Ive bin 2 Spain recently & hav sum dinero left, Bill said u or ur ‘rents mayb interested in it, I hav 12,000pes, so around £48, tb, James.",2012
normal,Ok...,2015
normal,No she didnt. I will search online and let you know.,2015
normal,"That's cool, I'll come by like  &lt;#&gt; ish",2013
normal,Its good to hear from you,2014
normal,Hi di is yijue we're meeting at 7 pm at esaplanade tonight.,2010
fraud,"Sir, give me your ATM number.",2014
normal,We're done...,2010
normal,But i'm really really broke oh. No amount is too small even  &lt;#&gt; ,2015
fraud,Urgent! Please call 09061213237 from landline. £5000 cash or a luxury 4* Canary Islands Holiday await collection. T&Cs SAE PO Box 177. M227XY. 150ppm. 16+,2015
normal,"Frnd s not juz a word.....not merely a relationship.....its a silent promise which says ... "" I will be with YOU "" Wherevr.. Whenevr.. Forevr... Gudnyt dear..",2011
normal,If u laugh really loud.. If u talk spontaneously.. If u dont care what others feel.. U are probably with your dear &amp; best friends.. GOODEVENING Dear..:),2013
normal,O i played smash bros  &lt;#&gt;  religiously.,2010
normal,Hmmm...ok...but i want to change the field quickly da:-)i wanna get system administrator or network administrator..,2013
normal,Dont pick up d call when something important is There to tell. Hrishi,2013
normal,Are your freezing ? Are you home yet ? Will you remember to kiss your mom in the morning? Do you love me ? Do you think of me ? Are you missing me yet ?,2015
normal,"You might want to pull out more just in case and just plan on not spending it if you can, I don't have much confidence in derek and taylor's money management",2014
normal,I enjoy watching and playing football and basketball. Anything outdoors. And you?,2015
normal,Its like that hotel dusk game i think. You solve puzzles in a area thing,2014
normal,K:)i will give my kvb acc details:),2013
normal,my ex-wife was not able to have kids. Do you want kids one day?,2012
normal,Yes..gauti and sehwag out of odi series.,2015
normal,I accidentally brought em home in the box,2014
normal,Haha okay... Today weekend leh... ,2010
normal,Got it..mail panren paru..,2014
normal,I want to be there so i can kiss you and feel you next to me,2015
normal,"Oh, the grand is having a bit of a party but it doesn't mention any cover charge so it's probably first come first served",2015
fraud,Married local women looking for discreet action now! 5 real matches instantly to your phone.,2013
normal,"She said,'' do u mind if I go into the bedroom for a minute ? '' ''OK'', I sed in a sexy mood. She came out 5 minuts latr wid a cake...n My Wife,",2013
normal,"Wn u r hurt by d prsn who s close 2 u, do fight wit dem. Coz somtimes dis fight saves a relation bt being quiet leaves nothin in a relation.. Gud eveB-)",2014
normal,As if i wasn't having enough trouble sleeping.,2015
fraud,Your next amazing xxx PICSFREE1 video will be sent to you enjoy! If one vid is not enough for 2day text back the keyword PICSFREE1 to get the next video.,2015
normal,S.s:)i thinl role is like sachin.just standing. Others have to hit.,2015
normal,Do you like Italian food?,2013
normal,"Hey babe, my friend had to cancel, still up for a visit ?",2014
normal,Goodbye.,2015
normal,"Sorry, I'll call later",2013
normal,I also thk too fast... Xy suggest one not me. U dun wan it's ok. Going 2 rain leh where got gd.,2010
normal,Doing project w frens lor. ,2013
normal,Which is weird because I know I had it at one point,2010
fraud,Great NEW Offer - DOUBLE Mins & DOUBLE Txt on best Orange tariffs AND get latest camera phones 4 FREE! Call MobileUpd8 free on 08000839402 NOW! or 2stoptxt T&Cs,2014
normal,"Lemme know when I can swing by and pick up, I'm free basically any time after 1 all this semester",2015
fraud,Not heard from U4 a while. Call me now am here all night with just my knickers on. Make me beg for it like U did last time 01223585236 XX Luv Nikiyu4.net,2013
normal,"Sorry battery died, yeah I'm here.",2015
normal,"Oh, i will get paid. The most outstanding one is for a commercial i did for Hasbro...in AUGUST! They made us jump through so many hoops to get paid. Still not.",2013
normal,"Life is nothing wen v get everything. But ""life is everything wen v miss something "". Real value of people wil be realized only in their absence.... gud mrng",2013
normal,Oh yes I can speak txt 2 u no! Hmm. Did u get  email?,2014
normal,Thanks Juliet. I will surely convey your regards to her.,2011
normal,Message from . I am at Truro Hospital on ext. You can phone me here. as I have a phone by my side,2012
normal,Cos i was out shopping wif darren jus now n i called him 2 ask wat present he wan lor. Then he started guessing who i was wif n he finally guessed darren lor.,2012
normal,The wine is flowing and i have nevering..,2012
normal,"Hey , is * rite u put »10 evey mnth is that all?",2011
normal,I have gone into get info bt dont know what to do,2013
normal,OH FUCK. JUSWOKE UP IN A BED ON A BOATIN THE DOCKS. SLEPT WID 25 YEAR OLD. SPINOUT! GIV U DA GOSSIP L8R. XXX,2011
normal,R u in this continent?,2010
normal,Fyi I'm gonna call you sporadically starting at like  &lt;#&gt;  bc we are not not doin this shit,2011
fraud,"Double Mins & 1000 txts on Orange tariffs. Latest Motorola, SonyEricsson & Nokia with Bluetooth FREE! Call MobileUpd8 on 08000839402 or call2optout/HF8",2013
normal,MY NO. IN LUTON 0125698789 RING ME IF YOUR AROUND!,2015
normal,"Its ok chikku, and its my 1 of favourite song..:-)",2013
normal,Tmrw. Im finishing 9 doors,2010
normal,K I'll be sure to get up before noon and see what's what,2013
normal,Most of the tiime when i don't let you hug me it's so i don't break into tears.,2010
normal,My superior telling that friday is leave for all other department except ours:)so it will be leave for you:)any way call waheed fathima hr and conform it:),2011
normal,K:)eng rocking in ashes:),2010
normal,Ok ill send you with in  &lt;DECIMAL&gt;  ok.,2013
normal,oh ya... Got hip hop open. Haha i was thinking can go for jazz then zoom to cine... Actually tonight i'm free leh... And there's a kb lesson tonight,2015
normal,All these in this row have the same price and it is two hundred taka each.,2012
normal,"Okies... I'll go yan jiu too... We can skip ard oso, go cine den go mrt one, blah blah blah... ",2012
normal,LOL what happens in Vegas stays in vegas,2014
normal,Omg how did u know what I ate?,2011
normal,Today am going to college so am not able to attend the class.,2011
normal,All these nice new shirts and the only thing I can wear them to is nudist themed ;_; you in mu?,2010
normal,Ok Chinese food on its way. When I get fat you're paying for my lipo.,2014
normal,", ,  and  picking them up from various points | going 2 yeovil | and they will do the motor project 4 3 hours | and then u take them home. || 12 2 5.30 max. || Very easy",2013
normal,Yup. Izzit still raining heavily cos i'm in e mrt i can't c outside.,2012
normal,Aiyar u so poor thing... I give u my support k... Jia you! I'll think of u...,2010
normal,Thats cool princess! I will cover your face in hot sticky cum :),2014
normal,Will be out of class in a few hours. Sorry,2010
normal,The greatest test of courage on earth is to bear defeat without losing heart....gn tc,2012
normal,"Of course I can. Actually, I was planning to import some vehicle products from India.",2013
normal,"What will we do in the shower, baby?",2014
normal,If I had a map I would give it to her.,2014
fraud,"hello sir this is your sbi bank manager. your kyc has been expired.so you have to kyc your self, but due to covid setuation we are doing kyc online, pleae tell me your account detail.",2015
fraud,Speaking of does he have any cash yet?,2015
normal,Yes just finished watching days of our lives. I love it.,2014
normal,Wylie update: my weed dealer carlos went to freedom and had a class with lunsford,2014
normal,Hi i won't be heard for christmas. But do enjoy and merry x'mas.,2010
normal,Tomarrow final hearing on my laptop case so i can't.,2011
normal,Ü got wat to buy tell us then ü no need to come in again.,2013
normal,Oh. U must have taken your REAL Valentine out shopping first.,2010
normal,Ok. I.ll do you right later.,2012
normal,Reading gud habit.. Nan bari hudgi yorge pataistha ertini kano:-),2014
normal,"Yes,from last week itself i'm taking live call.",2015
normal,"Hello, I guess you are a new comer.",2010
fraud,We tried to contact you are your reply to our offer of a Video Handset? 750 anytime networks mins? UNLIMITED TEXT? Camcorder?,2015
normal,Hi darlin i cantdo anythingtomorrow as myparents aretaking me outfor a meal. when are u free? Katexxx,2013
fraud,Not heard from U4 a while. Call 4 rude chat private line 01223585334 to cum. Wan 2C pics of me gettin shagged then text PIX to 8552. 2End send STOP 8552 SAM xxx,2014
normal,(You didn't hear it from me),2013
normal,Please visit your nearest store. They will provide you the 4G sim for the same.,2011
normal,Olol i printed out a forum post by a guy with the exact same  prob which was fixed with a gpu replacement. Hopefully they dont ignore that.,2010
normal,Excellent. Please pack that product. And I was also looking to buy a motherboard for my CPU. Do you have any suggestions? I heard that the Intel z490 motherboard is a good choice.,2014
normal,Why nothing. Ok anyway give me treat,2015
normal,Was actually about to send you a reminder today. Have a wonderful weekend,2013
fraud,"You have been selected to stay in 1 of 250 top British hotels - FOR NOTHING! Holiday Worth £350! To Claim, ",2013
normal,Nothin comes to my mind. Ü help me buy hanger lor. Ur laptop not heavy?,2010
normal,Haha... They cant what... At the most tmr forfeit... haha so how?,2014
normal,"Sir, good morning. Hope you had a good weekend. I called to let you know that i was able to raise  &lt;#&gt;  from my dad. He however said he would make the rest available by mid feb. This amount is still quite short and i was hoping you would help. Do have a good day. Abiola",2012
normal,Takin a shower now but yeah I'll leave when I'm done,2012
normal,Ugh just got outta class,2013
normal,this is yijue. I just saw your mail. In case huiming haven't sent you my number. this is my number.,2015
normal,Are u coming to the funeral home,2013
normal,What do you have to do?,2010
normal,Thanks Kavya!,2010
normal," says that he's quitting at least5times a day so i wudn't take much notice of that. Nah, she didn't mind. Are you gonna see him again? Do you want to come to taunton tonight? U can tell me all about !",2014
normal,"Babe, I'm answering you, can't you see me ? Maybe you'd better reboot YM ... I got the photo ... It's great !",2012
normal,"at the latest, g's still there if you can scrounge up some ammo and want to give the new ak a try",2010
normal,"I haven't forgotten you, i might have a couple bucks to send you tomorrow, k? I love ya too",2015
normal,Ya very nice. . .be ready on thursday,2012
normal,I asked him where to buy fruits at reasonable rate.,2014
normal,Of course. It has the one-year limited warranty.,2010
normal,Good. No swimsuit allowed :),2011
normal,Wot u up 2? Thout u were gonna call me!! Txt bak luv K,2015
normal,You have to pls make a note of all she.s exposed to. Also find out from her school if anyone else was vomiting. Is there a dog or cat in the house? Let me know later.,2015
normal,it's still not working. And this time i also tried adding zeros. That was the savings. The checking is  &lt;#&gt; ,2012
normal,"Jane babes not goin 2 wrk, feel ill after lst nite. Foned in already cover 4 me chuck.:-)",2012
fraud,Sunshine Quiz Wkly Q! Win a top Sony DVD player if u know which country Liverpool played in mid week? Txt ansr to 82277. £1.50 SP:Tyrone,2015
normal,It’s an action plus romantic movie. I am the main protagonist who portrays a role of an honest police officer who eventually gets trapped by some venal politicians.,2012
normal,"Good morning, my boytoy! How's those yummy lips ? Where's my sexy buns now ? What do you do ? Do you think of me ? Do you crave me ? Do you need me ?",2015
normal,Am in gobi arts college,2014
normal,"I just lov this line: ""Hurt me with the truth, I don't mind,i wil tolerat.bcs ur my someone..... But, Never comfort me with a lie"" gud ni8 and sweet dreams",2010
normal,I anything lor...,2012
normal,Ha ha - had popped down to the loo when you hello-ed me. Hello!,2012
normal,alright. Thanks for the advice. Enjoy your night out. I'ma try to get some sleep...,2013
normal,Ok darlin i supose it was ok i just worry too much.i have to do some film stuff my mate and then have to babysit again! But you can call me there.xx,2014
normal,I'm in town now so i'll jus take mrt down later.,2011
normal,I can't keep talking to people if am not sure i can pay them if they agree to price. So pls tell me what you want to really buy and how much you are willing to pay.,2015
normal,Then we wait 4 u lor... No need 2 feel bad lar...,2011
normal,My uncles in Atlanta. Wish you guys a great semester.,2010
normal,K.k.this month kotees birthday know?,2011
normal,"Aight, can you text me the address?",2013
normal,Ugh my leg hurts. Musta overdid it on mon.,2011
normal,Please tell me not all of my car keys are in your purse,2013
normal,&lt;#&gt; ISH MINUTES WAS five MINUTES AGO. WTF.,2010
normal,"Are you being good, baby? :)",2011
normal,Get me out of this dump heap. My mom decided to come to lowes. BORING.,2011
normal,"I feel like a dick because I keep sleeping through your texts and facebook messages. Sup, you in town?",2012
normal,Oh you got many responsibilities.,2010
normal,If you r @ home then come down within 5 min,2013
normal,Pandy joined 4w technologies today.he got job..,2012
normal,Oops i thk i dun haf enuff... I go check then tell ü..,2015
fraud,83039 62735=£450 UK Break AccommodationVouchers terms & conditions apply. 2 claim you mustprovide your claim number which is 15541 ,2014
normal,What’s the price?,2015
normal,Quite late lar... Ard 12 anyway i would not driving...,2014
fraud,FROM 88066 LOST £12 HELP,2013
normal,"Hi Shanil,Rakhesh here.thanks,i have exchanged the uncut diamond stuff.leaving back. Excellent service by Dino and Prem.",2011
normal,"Come to me, slave. Your doing it again ... Going into your shell and unconsciously avoiding me ... You are making me unhappy :-(",2014
normal,you log off for what. It's sdryb8i.,2013
normal,"Can you please ask macho what his price range is, does he want something new or used plus it he only interfued in the blackberry bold  &lt;#&gt;  or any bb",2014
normal,Draw va?i dont think so:),2011
normal,Not yet. Just i'd like to keep in touch and it will be the easiest way to do that from barcelona. By the way how ru and how is the house?,2011
normal,"Right on brah, see you later",2015
normal,I liked the new mobile,2015
normal,Did u turn on the heater? The heater was on and set to &lt;#&gt; degrees.,2013
normal,Mode men or have you left.,2014
normal,If he started searching he will get job in few days.he have great potential and talent.,2011
normal,Cheers for the card ... Is it that time of year already?,2015
normal,How's it going? Got any exciting karaoke type activities planned? I'm debating whether to play football this eve. Feeling lazy though.,2010
normal,Friendship poem: Dear O Dear U R Not Near But I Can Hear Dont Get Fear Live With Cheer No More Tear U R Always my Dear. Gud ni8,2010
normal,"Aight text me when you're back at mu and I'll swing by, need somebody to get the door for me",2010
normal,"Okay, see you there. Bye.",2012
normal,Hey next sun 1030 there's a basic yoga course... at bugis... We can go for that... Pilates intro next sat.... Tell me what time you r free,2015
normal,How stupid to say that i challenge god.You dont think at all on what i write instead you respond immed.,2013
normal,I'm really not up to it still tonight babe,2010
normal,No. To be nosy I guess. Idk am I over reacting if I'm freaked?,2014
normal,"Just because I am connected through wifi, the speed cannot reduce by such an extent.",2012
normal,"A boy was late 2 home. His father: ""POWER OF FRNDSHIP""",2011
normal,Let Ur Heart Be Ur Compass Ur Mind Ur Map Ur Soul Ur Guide And U Will Never loose in world....gnun - Sent via WAY2SMS.COM,2010
normal,"Princess, i like to make love  &lt;#&gt;  times per night. Hope thats not a problem!",2010
fraud,"Hello, I am from Mumbai Police.  Your mobile number is used in crime.  Please share the data.",2015
normal,WOT U UP 2 J?,2011
normal,Hmmm.still we dont have opener?,2012
normal,"Thank you so much. When we skyped wit kz and sura, we didnt get the pleasure of your company. Hope you are good. We've given you ultimatum oh! We are countin down to aburo. Enjoy!",2012
normal,1Apple/Day=No Doctor. 1Tulsi Leaf/Day=No Cancer. 1Lemon/Day=No Fat. 1Cup Milk/day=No Bone Problms 3 Litres Watr/Day=No Diseases Snd ths 2 Whom U Care..:-),2014
normal,Convey my regards to him,2015
fraud,"hello sir ,i am from hdfc bank of india do you have fill application form for loan. i called you for verify your document, tell me your aadhar number and otp of your mobile number. ",2013
normal,Just getting back home,2014
normal,I am 6 ft. We will be a good combination!,2010
normal,Ok no prob,2013
normal,"Ya, i'm referin to mei's ex wat... No ah, waitin 4 u to treat, somebody shld b rich liao...So gd, den u dun have to work frm tmr onwards...",2013
normal,"Sure, go ahead.",2013
normal,I will cme i want to go to hos 2morow. After that i wil cme. This what i got from her dear what to do. She didnt say any time,2014
normal,"Well, I’m going on well my studies. I am also worried about my exam.",2013
normal,No calls..messages..missed calls,2014
normal,Whats the staff name who is taking class for us?,2013
normal,"Spoke with uncle john today. He strongly feels that you need to sacrifice to keep me here. He's going to call you. When he does, i beg you to just listen. Dont make any promises or make it clear things are not easy. And i need you to please let us work things out. As long as i keep expecting help, my creativity will be stifled so pls just keep him happy, no promises on your part.",2017
normal,R we still meeting 4 dinner tonight?,2018
normal,Anyway holla at me whenever you're around because I need an excuse to go creep on people in sarasota,2019
fraud,Hello i am a military man. I need some help from you.  Will help me.,2018
normal,"Haha yeah, 2 oz is kind of a shitload",2020
normal,You have got tallent but you are wasting.,2019
normal,What I'm saying is if you haven't explicitly told nora I know someone I'm probably just not gonna bother,2016
normal,I havent lei.. Next mon can?,2020
fraud,Sir i can know your cvv pin.,2019
normal,Pray for me and thanks for your suggestion.,2016
normal,OK tell me anything about you.,2016
fraud,Reminder: You have not downloaded the content you have already paid for. Goto http://doit. mymoby. tv/ to collect your content.,2019
normal,I am great! How are you?,2018
fraud,"Brother, how are you? I am speaking Raju.  Will you give me your atm card.",2019
normal,I am in hospital da. . I will return home in evening,2019
fraud,8007 FREE for 1st week! No1 Nokia tone 4 ur mob every week just txt NOKIA to 8007 Get txting and tell ur mates www.getzed.co.uk POBox 36504 W4 5WQ norm 150p/tone 16+,2020
normal,S da..al r above  &lt;#&gt;,2019
normal,"It's that time of the week again, ryan",2017
normal,I know you are. Can you please open the back?,2017
normal,These are the two best selling books about animals stories.,2018
normal,Enjoy your meal.,2018
normal,Miss call miss call khelate kintu opponenter miss call dhorte lage. Thats d rule. One with great phone receiving quality wins.,2019
normal,Thats cool! Sometimes slow and gentle. Sometimes rough and hard.,2020
normal,"I'm tired of arguing with you about this week after week. Do what you want and from now on, i'll do the same.",2020
normal,My slave! I want you to take 2 or 3 pictures of yourself today in bright light on your cell phone! Bright light!,2016
normal,Ill call you evening ill some ideas.,2018
fraud,"Spook up your mob with a Halloween collection of a logo & pic message plus a free eerie tone, txt CARD SPOOK to 8007 zed 08701417012150p per logo/pic ",2018
normal,K k:) sms chat with me.,2019
normal,Your pussy is perfect!,2019
normal,I'm coming home 4 dinner.,2019
normal,"Living is very simple.. Loving is also simple.. Laughing is too simple.. Winning is tooo simple.. But, being 'SIMPLE' is very difficult.. Gud nte.:-",2017
normal,Ma head dey swell oh. Thanks for making my day,2019
normal,Arun can u transfr me d amt,2017
normal,alright tyler's got a minor crisis and has to be home sooner than he thought so be here asap,2018
normal,"New Theory: Argument wins d SITUATION, but loses the PERSON. So dont argue with ur friends just.. . . . kick them &amp; say, I'm always correct.!",2019
normal,I came hostel. I m going to sleep. Plz call me up before class. Hrishi.,2020
normal,"I'll see, but prolly yeah",2018
normal,I wonder if you'll get this text?,2020
normal,Or ü go buy wif him then i meet ü later can?,2018
normal,Msg me when rajini comes.,2018
normal,"Yeah, sure!",2016
normal,"Yeah, don't go to bed, I'll be back before midnight",2019
normal,Ill be there on  &lt;#&gt;  ok.,2017
fraud,You are being ripped off! Get your mobile content from www.clubmoby.com call 08717509990 poly/true/Pix/Ringtones/Games six downloads for only 3,2018
normal,"I know, anything that is different from your own experience can be hard to imagine.200. Yes, but as long as both parents love the child everything will be fine no matter the sex of the parents.",2017
normal,Kanika is the lead actress. She is playing a role of a politician’s daughter. Ahh that’s enough of the information about the movie I guess. Let’s keep something for the trailer as well.,2018
normal,I like fruits and vegetables.,2017
normal,Mom really? You are seeking peace. We can get enough peace sitting at our home too. Dad let’s go to some happening place where we can actually have fun and frolic.,2019
normal,I was gonna ask you lol but i think its at 7,2020
normal,We not watching movie already. Xy wants 2 shop so i'm shopping w her now.,2018
fraud,"hello sir, i am from idea customer care in 23 hours your sim will be closed. do u want to activate it.",2019
normal,"Anyway I don't think I can secure anything up here, lemme know if you want me to drive down south and chill",2017
normal,Does daddy have a bb now.,2020
normal,"Thanks again for your reply today. When is ur visa coming in. And r u still buying the gucci and bags. My sister things are not easy, uncle john also has his own bills so i really need to think about how to make my own money. Later sha.",2019
normal,Yup,2019
normal,His frens go then he in lor. Not alone wif my mum n sis lor.,2018
normal,"Erm … ill pick you up at about 6.45pm. That'll give enough time to get there, park and that.",2016
normal,For real tho this sucks. I can't even cook my whole electricity is out. And I'm hungry.,2017
normal,Good sleep is about rhythm. The person has to establish a rhythm that the body will learn and use. If you want to know more :-),2019
normal,Ok. Nice. Here is your Rs 45.,2017
normal,Send his number and give reply tomorrow morning for why you said that to him like that ok,2018
normal,Also maaaan are you missing out,2018
normal,Re your call; You didn't see my facebook huh?,2017
normal,Sac will score big hundred.he is set batsman:-),2019
normal,Hope you are feeling great. Pls fill me in. Abiola,2018
normal,That is the girl whom all admire.,2016
normal,Wish u many many returns of the day.. Happy birthday vikky..,2018
normal,I'll text you when I drop off,2019
normal,"It,,s a taxt massage....tie-pos argh ok! Lool!",2016
normal,Uncle boye. I need movies oh. Guide me. Plus you know torrents are not particularly legal here. And the system is slowing down. What should i do. Have a gr8 day. Plus have you started cos i dont meet you online. How was the honey moon.,2019
normal,Thanx but my birthday is over already.,2018
normal,Unfortunately i've just found out that we have to pick my sister up from the airport that evening so don't think i'll be going out at all. We should try to go out one of th,2018
normal,I'm at home. Please call,2019
normal,I'm stuck in da middle of da row on da right hand side of da lt... ,2020
normal,I'm not sure if its still available though,2019
normal,You know newspaper is called the store house of knowledge.,2017
normal,No that just means you have a fat head,2019
normal,I love you.,2018
normal,Cool. Do you like swimming? I have a pool and jacuzzi at my house.,2020
fraud,"Spook up your mob with a Halloween collection of a logo & pic message plus a free eerie tone, txt CARD SPOOK to 8007 zed 08701417012150p per logo/pic",2018
normal,I dont thnk its a wrong calling between us,2018
normal,"Men always needs a beautiful, intelligent, caring, loving, adjustable, cooperative wife. But the law allows only one wife....",2017
normal,Pls clarify back if an open return ticket that i have can be preponed for me to go back to kerala.,2019
normal,2mro i am not coming to gym machan. Goodnight.,2020
normal,Do you know where my lab goggles went,2017
normal,We will meet soon princess! Ttyl!,2016
normal,"By the way, make sure u get train to worc foregate street not shrub hill. Have fun night x",2017
normal,Not a drop in the tank,2017
normal,No. Thank you. You've been wonderful,2018
normal,Lol they were mad at first but then they woke up and gave in.,2017
normal,No:-)i got rumour that you going to buy apartment in chennai:-),2017
fraud,FREE camera phones with linerental from 4.49/month with 750 cross ntwk mins. 1/2 price txt bundle deals also avble. Call 08001950382,2020
normal,"Hello dada , How are you?",2016
normal,Allo! We have braved the buses and taken on the trains and triumphed. I mean we‘re in b‘ham. Have a jolly good rest of week,2018
normal,Where are you ? What are you doing ? Are yuou working on getting the pc to your mom's ? Did you find a spot that it would work ? I need you,2019
normal,I am literally in bed and have been up for like  &lt;#&gt;  hours,2019
normal, and  picking them up from various points,2019
normal,I have printed it oh. So  &lt;#&gt;  come upstairs,2016
normal,"Dont search love, let love find U. Thats why its called falling in love, bcoz U dont force yourself, U just fall and U know there is smeone to hold U... BSLVYL",2019
normal,"Life is more strict than teacher... Because Teacher teaches lesson &amp; then conducts exam, But Life first conducts Exam &amp; then teaches Lessons. Happy morning. . .",2016
normal,"Sorry, I'll call later",2019
normal,Not tonight mate. Catching up on some sleep. This is my new number by the way. ,2018
normal,"K, if u bored up just come to my home..",2019
normal,I tot u outside cos darren say u come shopping. Of course we nice wat. We jus went sim lim look at mp3 player.,2020
normal,Well I'm going to be an aunty!,2020
normal,"that call cost. Which i guess isnt bad. Miss ya, need ya, want ya, love ya",2016
fraud,"U can WIN £100 of Music Gift Vouchers every week starting NOW Txt the word DRAW to 87066 TsCs www.Idew.com SkillGame, 1Winaweek, age16. 150p per messSubscription",2019
normal,I love to cuddle! I want to hold you in my strong arms right now...,2020
normal,"I know you are thinkin malaria. But relax, children cant handle malaria. She would have been worse and its gastroenteritis. If she takes enough to replace her loss her temp will reduce. And if you give her malaria meds now she will just vomit. Its a self limiting illness she has which means in a few days it will completely stop",2019
normal,There are no other charges after transfer charges and you can withdraw anyhow you like,2017
normal,I just reached home. I go bathe first. But my sister using net tell you when she finishes k...,2016
normal,Lol your right. What diet? Everyday I cheat anyway. I'm meant to be a fatty :(,2020
normal,Huh but i got lesson at 4 lei n i was thinkin of going to sch earlier n i tot of parkin at kent vale...  ,2018
normal,How much she payed. Suganya.,2019
fraud,"Urgent -call 09066649731from Landline. Your complimentary 4* Ibiza Holiday or £10,000 cash await collection",2020
normal,"Hi, my love! How goes that day? Fuck, this morning I woke and dropped my cell on the way down the stairs but it seems alright ... *phews* I miss you !",2019
normal,"Hi friend, which is best way to avoid missunderstding with our beloved one's?",2018
normal,Am watching house – very entertaining – am getting the whole hugh laurie thing – even with the stick – indeed especially with the stick.,2020
normal,We both have gone there earlier.,2017
normal,"When I was born, GOD said, ""Oh No! Another IDIOT"". When you were born, GOD said, ""OH No! COMPETITION"". Who knew, one day these two will become FREINDS FOREVER!",2019
fraud,Money i have won wining number 946 wot do i do next,2018
normal,Your brother is a genius.,2019
normal,Do well :)all will for little time. Thing of good times ahead:,2016
normal,Every monday..nxt week vl be completing..,2019
normal,Dai i downloaded but there is only exe file which i can only run that exe after installing.,2016
normal,"I‘m going to try for 2 months,ha ha only joking.",2018
normal,Webpage s not available!,2017
normal,Have you had a good day? Mine was really busy are you up to much tomorrow night?,2020
normal,You're not sure that I'm not trying to make xavier smoke because I don't want to smoke after being told I smoke too much?,2019
fraud,YOU HAVE WON! As a valued Vodafone customer our computer has picked YOU to win a £150 prize. To collect is easy. Just call 09061743386,2019
fraud,"You can stop further club tones by replying ""STOP MIX"" See my-tone.com/enjoy. html for terms. Club tones cost GBP4.50/week. MFL, PO Box 1146 MK45 2WT (2/3)",2019
normal,How long does applebees fucking take.,2020
normal,Where are the garage keys? They aren't on the bookshelf.,2018
normal,yeah sure thing mate haunt got all my stuff sorted but im going sound anyway promoting hex for .by the way who is this? dont know number. Joke,2020
normal,It is a good thing I'm now getting the connection to bw,2020
normal,"I know you are thinkin malaria. But relax, children cant handle malaria. She would have been worse and its gastroenteritis. If she takes enough to replace her loss her temp will reduce. And if you give her malaria meds now she will just vomit. Its a self limiting illness she has which means in a few days it will completely stop",2019
normal,Bring tat cd don forget,2018
normal,Howz that persons story,2016
normal,You sure your neighbors did not pick it up,2018
normal,There is a first time for everything :),2019
normal,"Sorry, was in the bathroom, sup",2019
normal,Hey no I ad a crap nite was borin without ya to boggy with me you boring biatch! Thanks but you wait till nxet time i will have ya ,2019
normal,Its sunny in california. The weather's just cool,2016
normal,Also that chat was awesome but don't make it regular unless you can see her in person,2020
normal,Be happy there. I will come after noon,2018
normal,Purity of friendship between two is not about smiling after reading the forwarded message..Its about smiling just by seeing the name. Gud evng musthu,2016
normal,I just saw ron burgundy captaining a party boat so yeah,2018
normal,Hai dear friends... This is my new &amp; present number..:) By Rajitha Raj (Ranju),2017
normal,I know girls always safe and selfish know i got it pa. Thank you. good night.,2018
normal,He's in lag. That's just the sad part but we keep in touch thanks to skype,2018
normal,Ok... Help me ask if she's working or  not?,2016
fraud,"FREE MESSAGE Activate your 500 FREE Text Messages by replying to this message with the word FREE For terms & conditions, visit www.07781482378.com",2018
normal,... Are you in the pub?,2019
normal,"Awesome question with a cute answer: Someone asked a boy ""how is ur life?"" . . He smiled &amp; answered: . . ""She is fine!"" Gudnite",2019
normal,Yupz... I've oredi booked slots 4 my weekends liao... ,2019
normal,No message..no responce..what happend?,2017
normal,"GOD ASKED, ""What is forgiveness?"" A little child gave lovely reply, ""It is d wonderful fruit that a tree gives when it is being hurt by a stone.. Good night......",2020
normal,I love you soo much you don'’t understand how special you are to me ring you tomorrow love you.,2017
normal,This is a secret between you and I.,2020
normal,"Excellent, I'll see what riley's plans are",2016
normal,I love working from home :),2020
normal,Carlos is taking his sweet time as usual so let me know when you and patty are done/want to smoke and I'll tell him to haul ass,2020
normal,"Oh, my love, it's soooo good to hear from you. Omg I missed you so much today. I'm sorry your having problems with the provider but thank you for tming me",2019
normal,Then. You are eldest know.,2019
normal,Oh ho. Is this the first time u use these type of words,2019
normal,"I can probably come by, everybody's done around  &lt;#&gt;  right?",2016
normal,I can't make it tonight,2019
normal,"Come round, it's . ",2016
normal,"Haha awesome, I might need to take you up on that, what you doin tonight?",2016
normal,"That's cool he'll be here all night, lemme know when you're around",2019
normal,I need... Coz i never go before ,2018
fraud,"URGENT!! Your 4* Costa Del Sol Holiday or £5000 await collection. Call 09050090044 Now toClaim. SAE, TC s, POBox334, Stockport, SK38xh, Cost£1.50/pm, Max10mins",2020
fraud,"Ur balance is now £600. Next question: Complete the landmark, Big, A. Bob, B. Barry or C. Ben ?. Text A, B or C to 83738. Good luck!",2020
normal,"Yeah go on then, bored and depressed sittin waitin for phone to ring... Hope the wind drops though, scary",2020
normal,Home so we can always chat,2017
normal,you can call me now...,2020
normal,Lol no. I just need to cash in my nitros. Hurry come on before I crash out!,2020
normal,I am using a Samsung phone.,2020
normal,Why do you ask princess?,2019
normal,K.k:)i'm going to tirunelvali this week to see my uncle ..i already spend the amount by taking dress .so only i want money.i will give it on feb 1,2016
normal,DO NOT B LATE LOVE MUM,2020
normal,Which channel:-):-):):-).,2018
normal,"Happy new year to u and ur family...may this new year bring happiness , stability and tranquility to ur vibrant colourful life:):)",2016
normal,Tell me they're female : how're you throwing in? We're deciding what all to get now,2016
normal,Double eviction this week - Spiral and Michael and good riddance to them!,2019
normal,I dont thnk its a wrong calling between us,2018
normal,"No dude, its not fake..my frnds got money, thts y i'm reffering u..if u member wit my mail link, u vl be credited  &lt;#&gt; rs and il be getiing  &lt;#&gt; rs..i can draw my acc wen it is  &lt;#&gt; rs..",2020
normal,How do friends help us in problems? They give the most stupid suggestion that Lands us into another problem and helps us forgt the previous problem,2017
normal,"Sorry man my account's dry or I would, if you want we could trade back half or I could buy some shit with my credit card.",2016
normal,There the size of elephant tablets & u shove um up ur ass!!,2018
normal,this is a good car but which is very costly.,2019
normal,"Garbage bags, eggs, jam, bread, hannaford wheat chex",2017
normal,"Indians r poor but India is not a poor country. Says one of the swiss bank directors. He says that "" &lt;#&gt;  lac crore"" of Indian money is deposited in swiss banks which can be used for 'taxless' budget for  &lt;#&gt;  yrs. Can give  &lt;#&gt;  crore jobs to all Indians. From any village to Delhi 4 lane roads. Forever free power suply to more than  &lt;#&gt;  social projects. Every citizen can get monthly  &lt;#&gt; /- for  &lt;#&gt;  yrs. No need of World Bank &amp; IMF loan. Think how our money is blocked by rich politicians. We have full rights against corrupt politicians. Itna forward karo ki pura INDIA padhe.g.m.""",2017
normal,Did you catch the bus? Are you frying an egg? Did you make a tea? Are you eating your mom's left over dinner? Do you feel my Love ?,2020
fraud,"Thank you, winner notified by sms. Good Luck! No future marketing reply STOP to 84122 customer services 08450542832",2018
normal,Ladies or gents? What type do you want?,2017
normal,I'm on my way home. Went to change batt 4 my watch then go shop a bit lor..,2017
normal,"Yes papa, where are you?",2019
normal,Sweet heart how are you?,2020
normal,Looks like u wil b getting a headstart im leaving here bout 2.30ish but if u r desperate for my company I could head in earlier-we were goin to meet in rummer.,2019
normal,I am working at the Bosch Company.,2019
fraud,"You have won? 1,000 cash or a ?2,000 prize! To claim, call 09050000327",2019
normal,Maybe you should find something else to do instead???,2016
normal,That's y i said it's bad dat all e gals know u... Wat u doing now?,2018
normal,"Aight no rush, I'll ask jay",2016
normal,Compliments to you. Was away from the system. How your side.,2016
normal,"A sweet thought: ""Never get tired of doing little things for lovable persons.."" because..somtimes those little things occupy the biggest part in their Hearts.. good night",2018
normal,"Good afternon, my love. How are today? I hope your good and maybe have some interviews. I wake and miss you babe. A passionate kiss from across the sea",2020
normal,"Yep, the great loxahatchee xmas tree burning of  &lt;#&gt;  starts in an hour.",2020
normal,I wont touch you with out your permission.,2019
normal,"I think we're going to finn's now, come",2017
normal,Send this to your friends and receive something about your voice..... How is my speaking expression? 1.childish 2.naughty 3.Sentiment 4.rowdy 5.full of attitude 6.romantic 7.shy 8.Attractive 9.funny  &lt;#&gt; .irritating  &lt;#&gt; .lovable. reply me..,2018
normal,"The table's occupied, I'm waiting by the tree",2017
normal,Din i tell u jus now 420,2019
normal,No no. I will check all rooms befor activities,2018
normal,"K will do, addie &amp; I are doing some art so I'll be here when you get home",2016
normal,Never blame a day in ur life. Good days give u happiness. Bad days give u experience. Both are essential in life! All are Gods blessings! good morning.:,2020
normal,Let me know how to contact you. I've you settled in a room. Lets know you are ok.,2016
normal,SERIOUSLY. TELL HER THOSE EXACT WORDS RIGHT NOW.,2020
normal,Horrible bf... I now v hungry...,2018
normal,We need to discuss the challenges that we face in our everyday work and the steps we take to resolve those issues.,2017
normal,I dont have any of your file in my bag..i was in work when you called me.i 'll tell you if i find anything in my room.,2019
fraud,Ur cash-balance is currently 500 pounds - to maximize ur cash-in now send GO to 86688 only 150p/meg. CC: 08718720201 HG/Suite342/2lands Row/W1j6HL,2019
normal,Hey... Why don't we just go watch x-men and have lunch... Haha. ,2017
normal,Thinkin about someone is all good. No drugs for that,2019
normal,That’s fine. We’ll make it next time. ,2018
normal,Thanks honey but still haven't heard anything I will leave it a bit longer so not 2 crowd him and will try later - great advice thanks hope cardiff is still there!,2020
normal,I am taking you for italian food. How about a pretty dress with no panties? :),2020
normal,Jane refuses Bob’s invitation to go to the cinema because she has to attend a family gathering. ,2017
normal,What is the plural of the noun research?,2019
normal,Can you pls send me that company name. In saibaba colany,2017
normal,I cant pick the phone right now. Pls send a message,2017
normal,"Its ok, called mom instead have fun",2017
normal,"You are everywhere dirty, on the floor, the windows, even on my shirt. And sometimes when i open my mouth, you are all that comes flowing out. I dream of my world without you, then half my chores are out too. A time of joy for me, lots of tv shows i.ll see. But i guess like all things you just must exist, like rain, hail and mist, and when my time here is done, you and i become one.",2017
normal,"Yup. Anything lor, if u dun wan it's ok...",2019
normal,Are you coming to day for class.,2017
normal,Did you receive my message?,2019
normal,Do you have any warranty for this watch?,2019
normal,"MOON has come to color your dreams, STARS to make them musical and my SMS to give you warm and Peaceful Sleep. Good Night",2019
normal,Pls confirm the time to collect the cheque.,2017
fraud,Win a £1000 cash prize or a prize worth £5000,2020
normal,"That's fine, I will bitch at you about it later then",2018
normal,Nutter. Cutter. Ctter. Cttergg. Cttargg. Ctargg. Ctagg. ie you,2018
normal,Your opinion about me? 1. Over 2. Jada 3. Kusruthi 4. Lovable 5. Silent 6. Spl character 7. Not matured 8. Stylish 9. Simple Pls reply..,2020
normal,So dont use hook up any how,2020
normal,"K, can that happen tonight?",2019
normal,I'm serious. You are in the money base,2016
normal,Tui! You dropped something!,2020
normal,Why tired what special there you had,2018
normal,U're welcome... Caught u using broken english again...,2019
normal,Eat at old airport road... But now 630 oredi... Got a lot of pple...,2017
normal,Aiyar hard 2 type. U later free then tell me then i call n scold n tell u.,2018
normal,you wake up already? Thanks for  tau sar piah it's quite nice.,2017
normal,Yep get with the program. You're slacking.,2020
normal,"Under the sea, there lays a rock. In the rock, there is an envelope. In the envelope, there is a paper. On the paper, there are 3 words... '",2018
normal,"It's wylie, you in tampa or sarasota?",2016
normal,Was just about to ask. Will keep this one. Maybe that's why you didn't get all the messages we sent you on glo,2020
normal,"Thank you. And by the way, I just lost.",2016
normal,All right are you at work?,2020
normal,"Hello, may I speak to Mr. Adams?",2020
normal,Unless it's a situation where YOU GO GURL would be more appropriate,2018
normal,Ok. How many should i buy.,2016
normal,E admin building there? I might b slightly earlier... I'll call u when i'm reaching...,2018
normal,He is the most eloquent speaker that I have ever heard.,2019
normal,I've not sent it. He can send me.,2020
normal,Then why you came to hostel.,2017
normal,Yeah but which is worse for i,2020
normal,Im good! I have been thinking about you...,2018
fraud,PRIVATE! Your 2003 Account Statement for shows 800 un-redeemed S. I. M. points. Call 08718738002 Identifier Code: 48922 Expires 21/11/04,2020
normal,"The sign of maturity is not when we start saying big things.. But actually it is, when we start understanding small things... *HAVE A NICE EVENING* BSLVYL",2019
normal,"Hope to see you soon. Wish you all the best in all your endeavors, Jane.",2020
normal,Dear where you will be when i reach there,2018
normal,Thinking of u ;) x,2017
normal,"Haha, my friend tyler literally just asked if you could get him a dubsack",2019
normal,I borrow your bag ok.,2018
normal,No problem. I will send to your email.,2019
normal,K actually can you guys meet me at the sunoco on howard? It should be right on the way,2018
normal,"Here is your water, sir. And here is the menu.",2018
normal,I am late. I will be there at,2020
normal,BOO BABE! you ENJOYINg YOURJOB? you SEEMED to be GETTIN ON WELL HUNNY!HOPE you are OK?TAKE CARE & I’LLSPEAK to you SOONLOTS OF LOVEME XXXX.,2020
fraud,Congratulations YOU'VE Won. You're a Winner in our August £1000 Prize Draw.,2019
fraud,dating:i have had two of these. Only started after i sent a text to talk sport radio last week. Any connection do you think or coincidence?,2019
normal,Haven't heard anything and he's not answering my texts so I'm guessing he flaked. That said the jb is fantastic,2017
normal,I'm really sorry I lit your hair on fire,2017
normal,"Do not lose heart if somehow you get rejected. Try to understand where you went wrong and how you can improve on those mistakes. However, I would suggest that you listen and read about different interview experiences by other people, so that you can learn from their mistakes!",2016
fraud,3 FREE TAROT TEXTS! Find out about your love life now! TRY 3 FOR FREE! Text CHANCE to 85555 16 only! ,2020
normal,"I don't know pa, i just drink milk.",2017
normal,"Don’t be upset. I think the book is based on our practical knowledge. It supports us to be creative. You know most of the students of our country like to cram and it’s so much harmful for them but they do not realize it. To avoid their cramming, the govt. has introduced the process. ",2018
normal,Hi darlin im on helens fone im gonna b up the princes 2 nite please come up tb love Kate,2020
normal,Future is not what we planned for tomorrow.....! it is the result of what we do today...! Do the best in present... enjoy the future.,2019
normal,"Don't Think About ""What u Have Got"" Think About ""How to Use It That You Have Got"" gooD ni8",2018
normal,Ü ready then call me...,2017
normal,"The first round is usually a written or aptitude test. It can also be a technical test based on your domain expertise. Before anything else, you need to clear this round. I hope your CV has been peer-reviewed already?",2018
normal,"Im sorry bout last nite it wasn’t ur fault it was me, spouse it was pmt or sumthin! U 4give me? I think u shldxxxx",2017
normal,Hope ur head doesn't hurt 2 much ! Am ploughing my way through a pile of ironing ! Staying in with a chinky tonight come round if you like.,2016
normal,Went to ganesh dress shop,2019
normal,Allo! We have braved the buses and taken on the trains and triumphed. I mean we‘re in b‘ham. Have a jolly good rest of week,2019
normal,Probably a couple hours tops,2018
normal,What type of stuff do you sing?,2020
normal,Tell my  bad character which u Dnt lik in me. I'll try to change in  &lt;#&gt; . I ll add tat 2 my new year resolution. Waiting for ur reply.Be frank...good morning.,2019
normal,Still otside le..u come 2morrow maga..,2020
normal,Jus finish my lunch on my way home lor... I tot u dun wan 2 stay in sch today...,2017
normal,Ok enjoy . R u there in home.,2018
normal,Audrie lousy autocorrect,2018
fraud,"hello sir, i am from covid-19 center, those who are vaccinated they will get money by indian goverment please tell me account detail to deposit money in your account.",2018
normal,At home by the way,2020
normal,Guessin you ain't gonna be here before 9?,2017
normal,Now only i reached home. . . I am very tired now. . I will come tomorrow,2018
normal,Not course. Only maths one day one chapter with in one month we can finish.,2018
fraud,You can donate £2.50 to UNICEF's Asian Tsunami disaster support fund by texting DONATE to 864233. £2.50 will be added to your next bill,2018
normal,This pain couldn't have come at a worse time.,2018
normal,Merry christmas to u too annie!,2018
normal,"Please send me a comprehensive mail about who i'm paying, when and how much.",2016
normal,Gibbs unsold.mike hussey,2016
normal,Now project pa. After that only i can come.,2016
fraud,Congrats! 1 year special cinema pass for 2 is yours. Dont miss out! ,2018
normal,"I don,t think so. You don't need to be going out that late on a school night. ESPECIALLY when the one class you have is the one you missed last wednesday and probably failed a test in on friday",2019
fraud,"Hello sir , i am from panjab national bank.",2020
normal,Thanx u darlin!im cool thanx. A few bday drinks 2 nite. 2morrow off! Take care c u soon.xxx,2018
normal,Anytime...,2017
normal,"No, as he was wearing a cap so I couldn’t see his face because half of his face was covered with the cap.",2020
normal,"aight we can pick some up, you open before tonight?",2020
normal,Tell them you have a headache and just want to use 1 hour of sick time.,2017
normal,"Great to hear that. So apart from your communication skills and technical skills, which are the two most important factors to clear an interview, there are other things that you should also pay attention to.",2018
normal,Mm so you asked me not to call radio,2018
fraud,Dear you have been invited to XCHAT. This is our final attempt to contact you! Text CHAT to 86688,2019
normal,Yeah my usual guy's out of town but there're definitely people around I know,2017
normal,"But I think he deserved it. He looted as much as Rs 400, 000 from various people.",2016
normal,I will once i get home,2019
fraud,Welcome! Please reply with your AGE and GENDER to begin. e.g 24M,2020
normal,Alright i have a new goal now.,2017
normal,"That’s very appreciable. We hope your college will continue doing such glorious result in future. Thank you for giving me some of your valuable time, sir.",2017
normal,Just seeing your missed call my dear brother. Do have a gr8 day.,2020
normal,Let there be snow. Let there be snow. This kind of weather brings people together so friendships can grow.,2017
normal,Is there coming friday is leave for pongal?do you get any news from your work place.,2017
normal,Haha may be you are right... you know me well. the feeling of being liked by someone is good lor. you faster go find one then all gals in our group attached liao.,2016
normal,Yup ü not comin :-(,2020
normal,What can't be cured must be endured.,2020
normal,aathi..where are you dear..,2016
normal,"I am in tirupur, once you started from office call me.",2019
normal,Mm umma ask vava also to come tell him can play later together,2020
normal, &lt;#&gt;  in mca. But not conform.,2019
normal,"Hmmm.. Thanks sure got time to hope ard... Ya, can go for free about... Muz call you to discuss liao... ",2017
normal,Wot about on wed nite I am 3 then but only til 9!,2019
normal,Yo you guys ever figure out how much we need for alcohol? Jay and I are trying to figure out how much we can safely spend on weed.,2017
normal,"Dear, take care. I am just reaching home.love u a lot.",2019
normal,"Hey there! Glad u r better now. I hear u treated urself to a digi cam, is it good? We r off at 9pm. Have a fab new year, c u in coupla wks!",2017
normal,"Enjoy the showers of possessiveness poured on u by ur loved ones, bcoz in this world of lies, it is a golden gift to be loved truly..",2017
normal,Ya very nice. . .be ready on thursday.,2016
normal,Even you don't get in trouble while convincing..just tell him once or twice and just tell neglect his msgs don't see and read it..just don't reply,2018
normal,"Just dropped em off, omw back now",2017
normal,Am in film ill call you later.,2017
normal,"I hav almost reached. Call, i m unable to connect u.",2016
normal,Mmm so yummy babe ... Nice jolt to the suzy.,2018
normal,"Awesome, I'll see you in a bit.",2016
normal,"This is one of the days you have a billion classes, right?",2016
normal,Have you got Xmas radio times. If not i will get it now,2020
normal,Then u ask darren go n pick u lor... But i oso sian tmr haf 2 meet lect...,2020
normal,Lol yes. But it will add some spice to your day.,2017
normal,He goes for a walk at 6 O' clock daily in the morning.,2016
normal,"I did somehow manage to complete, but in the last 20-odd minutes I had to hurry so much that I guess I made quite a few mistakes. Which parts in the paper did you find particularly challenging?",2017
normal,Yup... I havent been there before... You want to go for the yoga? I can call up to book ,2018
normal,Not getting anywhere with this damn job hunting over here!,2017
normal,Yeah like if it goes like it did with my friends imma flip my shit in like half an hour,2016
normal,"Er, hello, things didn‘t quite go to plan – is limping slowly home followed by aa and with exhaust hanging off",2016
normal,Esplanade lor. Where else...,2020
normal,Well I might not come then...,2016
normal,"Sir believe me, I know them. They are all like this, they will be having many servers in US, UK and other countries and fake it.",2018
normal,Stupid.its not possible,2017
normal,No. On the way home. So if not for the long dry spell the season would have been over,2017
normal,Ok.,2016
normal,:-) yeah! Lol. Luckily i didn't have a starring role like you!,2019
normal,Don no da:)whats you plan?,2020
normal,Is that what time you want me to come?,2020
normal,Am on the uworld site. Am i buying the qbank only or am i buying it with the self assessment also?,2020
normal,"Watching cartoon, listening music &amp; at eve had to go temple &amp; church.. What about you?",2016
normal,My drive can only be read. I need to write,2018
normal,"I'm an actor. When i work, i work in the evening and sleep late. Since i'm unemployed at the moment, i ALWAYS sleep late. When you're unemployed, every day is saturday.",2017
normal,"Yes, that’s perfect. Can I get it made right away?",2020
normal,"Sorry, I'll call you  later. I am in meeting sir.",2019
normal,"Oh fine, I'll be by tonight",2016
fraud,Had your mobile 10 mths? Update to latest Orange camera/video phones for FREE. Save £s with Free texts/weekend calls. Text YES for a callback orno to opt out,2018
normal,Havent still waitin as usual... Ü come back sch oredi?,2020
normal,"Yeah sure, give me a couple minutes to track down my wallet.",2016
normal,Many more happy returns of the day. I wish you happy birthday.,2018
normal,"Aight, we'll head out in a few",2018
normal,No b4 Thursday,2020
normal,"Dear Sir,Salam Alaikkum.Pride and Pleasure meeting you today at the Tea Shop.We are pleased to send you our contact number at Qatar.Rakhesh an Indian.Pls save our Number.Respectful Regards.",2017
normal,Only 2% students solved this CAT question in 'xam... 5+3+2= &lt;#&gt;  9+2+4= &lt;#&gt;  8+6+3= &lt;#&gt;  then 7+2+5=????? Tell me the answer if u r brilliant...1thing.i got d answr.,2018
normal,Ya just telling abt tht incident..,2018
normal,I thk 50 shd be ok he said plus minus 10.. Did ü leave a line in between paragraphs?,2016
normal,what are your new years plans?,2016
normal,No need to buy lunch for me.. I eat maggi mee..,2018
normal,Actually i'm waiting for 2 weeks when they start putting ad.,2017
normal,"That's fine, have him give me a call if he knows what he wants or has any questions",2020
normal,Oh god. I'm gonna Google nearby cliffs now.,2017
normal,Excellent! Are you ready to moan and scream in ecstasy?,2020
normal,And I don't plan on staying the night but I prolly won't be back til late,2016
normal,"She said,'' do u mind if I go into the bedroom for a minute ? '' ''OK'', I sed in a sexy mood. She came out 5 minuts latr wid a cake...n My Wife,",2016
normal,In xam hall boy asked girl Tell me the starting term for dis answer I can den manage on my own After lot of hesitation n lookin around silently she said THE! intha ponnungale ipaditan;),2019
normal,Or better still can you catch her and let ask her if she can sell  &lt;#&gt;  for me.,2017
normal,Dun need to use dial up juz open da browser n surf...,2017
normal,No did you check? I got his detailed message now,2020
normal,Sorry de i went to shop.,2020
normal,Pls help me tell sura that i'm expecting a battery from hont. And that if should pls send me a message about how to download movies. Thanks,2018
normal,Wat's da model num of ur phone?,2018
normal,Was it something u ate?,2020
normal,Please don't say like that. Hi hi hi,2017
normal,I not free today i haf 2 pick my parents up tonite...,2016
normal,Lol enjoy role playing much?,2019
normal,"Oops - am at my mum's in somerset... Bit far! Back tomo, see you soon x",2017
normal,Babe !!!! I LOVE YOU !!!! *covers your face in kisses*,2019
normal,Yo do you know anyone  &lt;#&gt;  or otherwise able to buy liquor? Our guy flaked and right now if we don't get a hold of somebody its just 4 loko all night,2019
normal,Good Morning my Dear........... Have a great &amp; successful day.,2017
normal,"Yes, cancer. Smoking causes many other diseases. It also affects our lunge.",2017
normal,Dai  &lt;#&gt;  naal eruku.,2020
normal,Depends on where u going lor.,2018
normal,"What will we do in the shower, baby?",2019
normal,I can't describe how lucky you are that I'm actually awake by noon,2020
normal,"Yalru lyfu astne chikku.. Bt innu mundhe lyf ali halla ke bilo (marriage)program edhae, so lyf is nt yet ovr chikku..ali vargu lyfu meow meow:-D",2017
normal,No need lar. Jus testing e phone card. Dunno network not gd i thk. Me waiting 4 my sis 2 finish bathing so i can bathe. Dun disturb u liao u cleaning ur room.,2017
normal,"Arraneged marriage is while you are walking unfortuntly a snake bites you. but love marriage is dancing in front of the snake &amp; sayin Bite me, bite me.",2020
normal,Oooh I got plenty of those!,2020
fraud,"hello sir this is your hdfc bank manager. your kyc has been expired.so you have to kyc your self, but due to covid setuation we are doing kyc online, pleae tell me your account detail.",2019
normal,Many times we lose our best ones bcoz we are ,2018
normal,Ok no prob. Take your time.,2017
normal,I dont want to hear anything,2018
normal,I never feel lonely because __________(4)_________ that live nearby. They are like my own brother and sister.,2017
normal,I know but you need to get hotel now. I just got my invitation but i had to apologise. Cali is to sweet for me to come to some english bloke's weddin,2020
normal,Joy's father is John. Then John is the NAME of Joy's father. Mandan,2019
normal,"Ok. Can be later showing around 8-8:30 if you want + cld have drink before. Wld prefer not to spend money on nosh if you don't mind, as doing that nxt wk.",2020
normal,"Single line with a big meaning::::: ""Miss anything 4 ur ""Best Life"" but, don't miss ur best life for anything... Gud nyt...",2019
normal,"OH RITE. WELL IM WITH MY BEST MATE PETE, WHO I WENT OUT WITH 4 A WEEK+ NOW WERE 2GEVA AGAIN. ITS BEEN LONGER THAN A WEEK.",2019
normal,Hey i will be late ah... Meet you at 945+.,2018
normal,"The word ""Checkmate"" in chess comes from the Persian phrase ""Shah Maat"" which means; ""the king is dead.."" Goodmorning.. Have a good day..:)",2019
normal,"HEY HEY WE ARE THE MONKEES PEOPLE SAY WE MONKEYAROUND! HOWDY GORGEOUS, HOWU DOIN? FOUNDURSELF A JOBYET SAUSAGE?LOVE JEN XXX",2018
normal,That day you asked about anand number. Why:-),2020
fraud,hello sir i am from airtel customer care center we are doing verification of yours number that's why in your phone four digit opt will have send. tell me that otp.,2020
normal,Pls i wont belive god.not only jesus.,2018
fraud,"hello sir, tell me your credit/debit card mobile number and aadhar card.",2018
normal,I remain unconvinced that this isn't an elaborate test of my willpower,2018
normal,Yar lor actually we quite fast... Cos da ge slow wat... Haha...,2019
normal,"Sorry sir, i will call you tomorrow.  senthil.hsbc",2019
normal,HI BABE U R MOST LIKELY TO BE IN BED BUT IM SO SORRY ABOUT TONIGHT! I REALLY WANNA SEE U TOMORROW SO CALL ME AT 9. LOVE ME XXX,2017
normal,"House-Maid is the murderer, coz the man was murdered on  &lt;#&gt; th January.. As public holiday all govt.instituitions are closed,including post office..understand?",2016
normal,How dare you stupid. I wont tell anything to you. Hear after i wont talk to you:-.,2017
normal,Why i come in between you people,2016
normal,We're on the opposite side from where we dropped you off,2020
normal,Back in brum! Thanks for putting us up and keeping us all and happy. See you soon ,2017
normal,"Yes, I want to buy some books.",2020
normal,"I'd say that's a good sign but, well, you know my track record at reading women.",2018
normal,"Fuuuuck I need to stop sleepin, sup",2016
normal,"Wow ... I love you sooo much, you know ? I can barely stand it ! I wonder how your day goes and if you are well, my love ... I think of you and miss you",2020
normal,Did u see what I posted on your Facebook?,2019
normal,U sick still can go shopping?,2017
normal,Unlimited texts. Limited minutes.,2016
normal,Should I be stalking u?,2020
fraud,"hello sir we are from covid-19 health care center, for vaccination call 7845963214",2020
normal,Pls dont restrict her from eating anythin she likes for the next two days.,2020
fraud,"FREE NOKIA Or Motorola with upto 12mths 1/2price linerental, 500 FREE x-net mins&100txt/mth FREE B'tooth*. Call Mobileupd8 on 08001950382 or call 2optout/D3WV",2020
fraud,YOU HAVE WON! As a valued Vodafone customer our computer has picked YOU to win a £150 prize. To collect is easy. Just call 09061743386 ,2018
fraud,"HOT LIVE FANTASIES call now 08707509020 Just 20p per min NTT Ltd, PO Box 1327 Croydon CR9 5WB 0870 is a national rate call",2019
normal,Joy's father is John. Then John is the NAME of Joy's father. Mandan,2019
fraud,Someonone you know is trying to contact you via our dating service! To find out who it could be call from your mobile or landline 09064015307 BOX334SK38ch ,2018
normal,I've been barred from all B and Q stores for life!?This twat in orange dungerees came up to me and asked if I wanted decking? So I got the first punch in!!,2020
normal,If you still havent collected the dough pls let me know so i can go to the place i sent it to get the control number,2017
normal,"K, wen ur free come to my home and also tel vikky i hav sent mail to him also.. Better come evening il be free today aftr 6pm..:-)",2019
normal,ok do I need a login or anything,2019
normal,Hope you are not scared!,2017
normal,"Feb  &lt;#&gt;  is ""I LOVE U"" day. Send dis to all ur ""VALUED FRNDS"" evn me. If 3 comes back u'll gt married d person u luv! If u ignore dis u will lose ur luv 4 Evr",2020
fraud,Get your garden ready for summer with a FREE selection of summer bulbs and seeds worth £33:50 only with The Scotsman this Saturday. To stop go2 notxt.co.uk,2019
normal,aathi..where are you dear..,2016
normal,Is this the house you wanted to show us?,2020
fraud,"YOUR CHANCE TO BE ON A REALITY FANTASY SHOW call now = 08707509020 Just 20p per min NTT Ltd, PO Box 1327 Croydon CR9 5WB 0870 is a national = rate call.",2018
normal,Hey gals...U all wanna meet 4 dinner at nìte? ,2019
normal,Oh ic. I thought you meant mary jane.,2017
normal,"I‘ll leave around four, ok?",2017
normal,No way I'm going back there!,2019
normal,Where is it? ,2016
normal,:) ,2016
normal,Nvm... I'm going to wear my sport shoes anyway... I'm going to be late leh.,2018
normal,COME BACK TO TAMPA FFFFUUUUUUU,2016
normal,Its a big difference.  &lt;#&gt;  versus  &lt;#&gt;  every  &lt;#&gt; hrs,2019
normal,"CAN I PLEASE COME UP NOW IMIN TOWN.DONTMATTER IF URGOIN OUTL8R,JUST REALLYNEED 2DOCD.PLEASE DONTPLEASE DONTIGNORE MYCALLS,U NO THECD ISV.IMPORTANT TOME 4 2MORO",2018
normal,I’d like to buy a good mobile phone set. Do you have any new model?,2016
normal,"Ok omw now, you at castor?",2020
normal,Should I tell my friend not to come round til like  &lt;#&gt; ish?,2020
normal,But if she.s drinkin i'm ok.,2016
normal,Hi da:)how is the todays class?,2017
normal,Congratulations your awarded either a years supply of CDs from Virgin Records or a Mystery Gift GUARANTEED Call 09061104283 Ts&Cs www.smsco.net £1.50pm approx 3mins,2018
normal,No dear i do have free messages without any recharge. Hi hi hi,2018
normal,The bus leaves at  &lt;#&gt; ,2016
normal,Are you going to wipro interview today?,2019
normal,I would like to know about the incident of the 15th of March?,2019
normal,I would but I'm still cozy. And exhausted from last night.nobody went to school or work. Everything is closed.,2017
fraud,"You have been specially selected to receive a ""3000 award! Call 08712402050 BEFORE the lines close. Cost 10ppm. 16+. T&Cs apply. AG Promo",2020
normal,I don't run away frm u... I walk slowly &amp; it kills me that u don't care enough to stop me...,2020
normal,Howz that persons story,2017
normal,"Uh, heads up we don't have THAT much left",2018
normal,Purity of friendship between two is not about smiling after reading the forwarded message..Its about smiling just by seeing the name. Gud evng musthu,2019
normal,Hey sathya till now we dint meet not even a single time then how can i saw the situation sathya.,2018
normal,Thank you. I like you as well...,2019
normal,"wiskey Brandy Rum Gin Beer Vodka Scotch Shampain Wine ""KUDI""yarasu dhina vaazhthukkal. ..",2019
normal,Hahaha..use your brain dear,2019
normal,"K so am I, how much for an 8th? Fifty?",2019
normal,Lol! you drunkard! Just doing my hair at the moment. Yeah still up 4 to night. What's the plan? ,2019
normal,they are busy with wrong activities. They come to the college to spend the time. It is really a sorrowful matter.,2016
fraud,"YOU VE WON! Your 4* Costa Del Sol Holiday or £5000 await collection. Call 09050090044 Now toClaim. SAE, TC s, POBox334, Stockport, SK38xh, Cost£1.50/pm, Max10mins",2019
normal,Already one guy loving you:-.,2018
normal,Convey my regards to him,2017
normal,I am great princess! What are you thinking about me? :),2016
normal,Not planned yet :)going to join company on jan 5 only.don know what will happen after that.,2018
normal,Thanks  and ! Or bomb and date as my phone wanted to say! ,2018
normal,Can you please send me my aunty's number,2019
normal,"I’ve been thinking about it for a while, but haven’t concretized anything so far.",2018
normal,Never mind it's ok..,2020
normal,Hurt me.Tease me.Make me cry... But and the end of my life when i die please keep one rose on my grave and say STUPID I MISS YOU.. HAVE A NICE DAY.,2018
normal,Yeah imma come over cause jay wants to do some drugs,2019
normal,Sounds great! Im going to sleep now. Have a good night!,2020
normal,Thank you princess! I want to see your nice juicy booty...,2018
normal,Sure. I think it’s a good idea. Can you help me with English though?,2019
normal,Thanks for yesterday sir. You have been wonderful. Hope you enjoyed the burial. MojiBiola,2017
normal,She.s good. She was wondering if you wont say hi but she.s smiling now. So how are you coping with the long distance,2018
normal,Aight what time you want me to come up?,2017
normal,So the sun is anti sleep medicine.,2020
normal,Or ill be a little closer like at the bus stop on the same street,2020
normal,"Hiya, had a good day? Have you spoken to since the weekend?",2020
normal,"Yes, coming to that…your body language will play a big role in your selection. Any sign of low confidence, nervousness or overly aggressive or submissive vibes will sow the seeds of doubt in the interviewer and mess up your prospects. Sit straight, be confident, look the person in the eye, and smile!",2020
normal,You still at the game?,2018
normal,"Now, I think that everybody should learn English. Because we can not progress in life without learn it.",2016
fraud,Thanks for the Vote. Now sing along with the stars with Karaoke on your mobile. For a FREE link just reply with SING now.,2019
normal,"Dizzamn, aight I'll ask my suitemates when I get back",2020
normal,"Sorry, went to bed early, nightnight",2019
normal,Aight do you still want to get money,2016
normal,Yo sorry was in the shower sup,2016
normal,"HEY THERE BABE, HOW U DOIN? WOT U UP 2 2NITE LOVE ANNIE X.",2019
normal,An excellent thought by a misundrstud frnd: I knw u hate me bt the day wen u'll knw the truth u'll hate urself:-( Gn:-),2019
normal,How are you dealing with Delhi’s pollution?,2019
normal,"Evening * v good if somewhat event laden. Will fill you in, don't you worry … Head * ok but throat * wrecked. See you at six then!",2016
normal,Nope but i'll b going 2 sch on fri quite early lor cos mys sis got paper in da morn :-),2018
normal,you calling me right? Call my hand phone...,2020
normal,How much r ü willing to pay?,2017
normal,I'm in chennai velachery:),2019
normal,Hey r ü still online? I've finished the formatting...,2020
normal,HIYA STU WOT U UP 2.IM IN SO MUCH TRUBLE AT HOME AT MOMENT EVONE HATES ME EVEN U! WOT THE HELL AV I DONE NOW? Y WONT U JUST TELL ME TEXT BCK PLEASE LUV DAN ,2018
normal,"Call me when you/carlos is/are here, my phone's vibrate is acting up and I might not hear texts",2016
normal,No. But we'll do medical missions to nigeria,2020
fraud,Block Breaker now comes in deluxe format with new features and great graphics from T-Mobile. Buy for just £5 by replying GET BBDELUXE and take the challenge,2018
normal,So i asked how's anthony. Dad. And your bf,2018
normal,you don't remember that old commercial?,2016
normal,"Hmm ok, i'll stay for like an hour cos my eye is really sore!",2018
normal,Huh so fast... Dat means u havent finished painting?,2016
normal,Great to hear you are settling well. So what's happenin wit ola?,2017
normal,Tessy..pls do me a favor. Pls convey my birthday wishes to Nimya..pls dnt forget it. Today is her birthday Shijas,2016
normal,How much for an eighth?,2019
normal,"Its ok, if anybody asks abt me, u tel them..:-P",2019
normal,Once free call me sir.,2020
normal,"Velly good, yes please!",2017
normal,Your right! I'll make the appointment right now.,2019
normal,Yo chad which gymnastics class do you wanna take? The site says Christians class is full..,2020
normal,What time. I‘m out until prob 3 or so,2018
normal,"Nowadays people are notixiquating the laxinorficated opportunity for bambling of entropication.... Have you ever oblisingately opted ur books for the masteriastering amplikater of fidalfication? It is very champlaxigating, i think it is atrocious.. Wotz Ur Opinion???? Junna",2017
normal,Hmm .. Bits and pieces lol ... *sighs* ...,2019
normal,Genius what's up. How your brother. Pls send his number to my skype.,2016
normal,K..k.:)congratulation ..,2019
normal,Let me know how it changes in the next 6hrs. It can even be appendix but you are out of that age range. However its not impossible. So just chill and let me know in 6hrs,2016
normal,"Hmmm... Guess we can go for kb and power yoga.Haha, dunno we can tahan power yoga another... Thanks got loose, forgot.",2020
normal,Yeah I can still give you a ride,2018
normal,"Tonight? Yeah, I'd be down for that",2020
normal,First answer my question.,2020
normal,I couldn't say no as he is a dying man and I feel sad for him so I will go and I just wanted you to know I would probably be gone late into your night,2019
normal,Kent vale lor... Ü wait 4 me there ar?,2016
normal,"Dear,shall mail to night.busy in the street,shall update you tonight.things are looking ok.varunnathu edukkukayee raksha ollu.but a good one in real sense.",2019
normal,"oK, can I pick up another 8th when you're done?",2017
normal,That is wondarfull song,2019
normal,Another month. I need chocolate weed and alcohol.,2017
normal,Will it help if we propose going back again tomorrow,2020
normal,Where do we go today?,2017
fraud,FreeMsg>FAV XMAS TONES!Reply REAL,2018
normal,"Alright we're hooked up, where you guys at",2018
normal,You flippin your shit yet?,2017
normal,Where at were hungry too,2020
normal,Now get step 2 outta the way. Congrats again.,2020
normal,"Hey, I missed you tm of last night as my phone was on the charge ... *smiles* ... I am meeting a friend shortly",2020
normal,Ummmmmaah Many many happy returns of d day my dear sweet heart.. HAPPY BIRTHDAY dear,2019
normal,Are you likely ever to become a principal.,2018
normal,No i'm not gonna be able to. || too late notice. || i'll be home in a few weeks anyway. || what are the plans,2017
normal,"Got fujitsu, ibm, hp, toshiba... Got a lot of model how to say...",2017
normal,So when do you wanna gym harri.,2020
normal,We can make a baby in yo tho,2020
normal,Ok... Then r we meeting later?,2017
normal,I want storybooks for children.,2016
normal,Ok... Take ur time n enjoy ur dinner...,2019
normal,U WILL SWITCH YOUR FONE ON DAMMIT!!,2016
normal,Joy's father is John. Then John is the ____ of Joy's father. If u ans ths you hav  &lt;#&gt;  IQ. Tis s IAS question try to answer.,2016
normal,"Oh, is it? How much is the price for that motherboard?",2016
normal,CHEERS LOU! YEAH WAS A GOODNITE SHAME U NEVA CAME! C YA GAILxx,2018
normal,Hey so this sat are we going for the intro pilates only? Or the kickboxing too? ,2020
normal,Hi its Kate it was lovely to see you tonight and ill phone you tomorrow. I got to sing and a guy gave me his card! xxx,2019
normal,Havent shopping now lor i juz arrive only,2017
normal,But i have to. I like to have love and arrange.,2016
normal,Your opinion about me? 1. Over 2. Jada 3. Kusruthi 4. Lovable 5. Silent 6. Spl character 7. Not matured 8. Stylish 9. Simple Pls reply..,2020
normal,Huh y lei...,2017
normal,"I.ll always be there, even if its just in spirit. I.ll get a bb soon. Just trying to be sure i need it.",2020
normal,But my family not responding for anything. Now am in room not went to home for diwali but no one called me and why not coming. It makes me feel like died.,2019
normal,As per your request 'balle balle' has been set as your callertune for all Callers. Press *9 to copy your friends Callertune,2016
normal,I am waiting machan. Call me once you free.,2016
normal,I love u 2 babe! R u sure everything is alrite. Is he being an idiot? Txt bak girlie,2020
fraud,"Loan for any purpose £500 - £75,000. Homeowners + Tenants welcome. Have you been previously refused? We can still help. Call Free 0800 1956669 or text back 'help'",2018
normal,Sounds like there could be a lot of time spent in that chastity device boy ... *grins* ... Or take your beatings like a good dog. Going to lounge in a nice long bath now ?,2016
normal,Anyway! I need to prepare for the same.,2016
normal,"But, why shall we learn it?",2018
normal,It has everything to do with the weather. Keep extra warm. Its a cold but nothing serious. Pls lots of vitamin c,2020
normal,S..antha num corrct dane,2017
fraud,"Wan2 win a Meet+Greet with Westlife 4 U or a m8? They are currently on what tour? 1)Unbreakable, 2)Untamed, 3)Unkempt. Text 1,2 or 3 to 83049. Cost 50p +std text",2018
normal,"Hmm, my uncle just informed me that he's paying the school directly. So please buy food.",2017
fraud,WINNER!! As a valued network customer you have been selected to receivea £900 prize reward! To claim call 09061701461. Claim code KL341. Valid 12 hours only.,2018
normal,Reverse is cheating. That is not mathematics.,2016
normal,Me hungry buy some food good lei... But mum n yun dun wan juz buy a little bit... ,2019
normal,No that’s enough. I’ll take those two for now. ,2018
normal,Most of our people are deprived of the service of the doctors.,2019
normal,You always make things bigger than they are,2018
normal,Then you wait for me at bus stop aft ur lect lar. If i did not see then i go get my car then come back n pick you.,2018
fraud,"New Tones This week include: 1)McFly-All Ab.., 2) Sara Jorge-Shock.. 3) Will Smith-Switch.. To order follow instructions on next message",2019
normal,Also hi wesley how've you been,2020
normal,"Hey ! I want you ! I crave you ! I miss you ! I need you ! I love you, Ahmad Saeed al Hallaq ...",2019
normal,Call him and say you not coming today ok and tell them not to fool me like this ok,2019
fraud,URGENT! Your Mobile number has been awarded with a £2000 prize GUARANTEED. Call 09061790121 from land line. Claim 3030. Valid 12hrs only 150ppm,2020
normal,Ujhhhhhhh computer shipped out with address to sandiago and parantella lane. Wtf. Poop.,2019
normal,Aww you must be nearly dead!Well Jez isComing over toDo some workAnd that whillTake forever!,2017
normal,R ü going 4 today's meeting?,2019
normal,Tomorrow i am not going to theatre. . . So i can come wherever u call me. . . Tell me where and when to come tomorrow,2017
fraud,URGENT! Your Mobile number has been awarded a <UKP>2000 prize GUARANTEED. Call 09061790125 from landline. Claim 3030. Valid 12hrs only 150ppm,2019
normal,Do I? I thought I put it back in the box,2017
normal,Are you there in room.,2020
normal,Huh so late... For dinner?,2018
normal,They finally came to fix the ceiling.,2020
normal,Ok lor...,2016
normal,U still painting ur wall?,2017
normal,Please don't text me anymore. I have nothing else to say.,2019
normal,You will be in the place of that man.,2020
normal,You can jot down things you want to remember later.,2020
normal,Aight sorry I take ten years to shower. What's the plan?,2017
normal,The message sent is asking for  &lt;#&gt; dollars. Should i pay  &lt;#&gt;  or  &lt;#&gt; ?,2020
normal,Hey ! Don't forget ... You are MINE ... For ME ... My possession ... MY property ... MMM ... *childish smile* ...,2019
normal,No..few hours before.went to hair cut .,2017
normal,I have. But he already made an appointment with Lucy. They plan to play bowling at the leisure center.,2016
fraud,"URGENT! Your mobile number *************** WON a £2000 Bonus Caller prize on 10/06/03! This is the 2nd attempt to reach you! Call 09066368753 ASAP! Box 97N7QP, 150ppm",2018
fraud,"44 7732584351, Do you want a New Nokia 3510i colour phone DeliveredTomorrow? With 300 free minutes to any mobile + 100 free texts + Free Camcorder reply or call 08000930705.",2018
normal,Dont you have message offer,2020
normal,Play w computer? Aiyah i tok 2 u lor?,2018
normal,Alright. I'm out--have a good night!,2018
normal,I will be gentle baby! Soon you will be taking all  &lt;#&gt;  inches deep inside your tight pussy...,2019
normal,Too late. I said i have the website. I didn't i have or dont have the slippers.,2018
normal,Tell dear what happen to you. Why you talking to me like an alian,2017
normal,You are right though. I can't give you the space you want and need. This is really starting to become an issue. I was going to suggest setting a definite move out--if i'm still there-- after greece. But maybe you are ready and should do it now.,2016
normal,There are many company. Tell me the language.,2018
normal,Yay can't wait to party together!,2017
normal,I'm in school now n i'll be in da lab doing some stuff give me a call when ü r done.,2018
normal,"What do you do, my dog ? Must I always wait till the end of your day to have word from you ? Did you run out of time on your cell already?",2017
normal,"Ha. You don‘t know either. I did a a clever but simple thing with pears the other day, perfect for christmas.",2018
normal,Well good morning mr . Hows london treatin' ya treacle?,2016
normal,"Awesome, be there in a minute",2019
fraud,"Fantasy Football is back on your TV. Go to Sky Gamestar on Sky Active and play £250k Dream Team. Scoring starts on Saturday, so register now!SKY OPT OUT to 88088",2020
fraud,"Hello sir, i am from hdfc bank.",2018
normal,No. I meant the calculation is the same. That  &lt;#&gt; units at  &lt;#&gt; . This school is really expensive. Have you started practicing your accent. Because its important. And have you decided if you are doing 4years of dental school or if you'll just do the nmde exam.,2019
fraud,Santa calling! Would your little ones like a call from Santa Xmas Eve? Call 09077818151 to book you time. Calls1.50ppm last 3mins 30s T&C www.santacalling.com,2019
normal,Your board is working fine. The issue of overheating is also reslove. But still software inst is pending. I will come around 8'o clock.,2018
normal,At home watching tv lor.,2020
normal,Idea will soon get converted to live:),2019
normal,I'm in a movie... Collect car oredi...,2016
normal,"I don't think I can get away for a trek that long with family in town, sorry",2019
normal,True. Its easier with her here.,2019
normal,Now only i reached home. . . I am very tired now. . I will come tomorro,2019
normal,"Cool breeze... Bright sun... Fresh flower... Twittering birds... All these waiting to wish u: ""GOODMORNING &amp; HAVE A NICE DAY"" :)",2016
normal,Have you emigrated or something? Ok maybe 5.30 was a bit hopeful...,2017
normal,"I'll get there at 3, unless you guys want me to come some time sooner",2019
normal,Just curious because my cuz asked what I was up to,2016
normal,I want a good watch for a gift.,2019
normal,Got it. Seventeen pounds for seven hundred ml – hope ok.,2017
normal,Lol ... I knew that .... I saw him in the dollar store,2017
fraud,WIN a year supply of CDs 4 a store of ur choice worth £500 & enter our £100 Weekly draw txt MUSIC to 87066 Ts&Cs www.Ldew.com.subs16+1win150ppmx3,2020
normal,Hello! How r u? Im bored. Inever thought id get bored with the tv but I am. Tell me something exciting has happened there? Anything! =/,2016
fraud,You are a winner you have been specially selected to receive £1000 cash or a £2000 award. Speak to a live operator to claim call 087123002209am-7pm. Cost 10p,2019
normal,Aiya we discuss later lar... Pick ü up at 4 is it?,2019
normal,EY! CALM DOWNON THEACUSATIONS.. ITXT U COS IWANA KNOW WOTU R DOIN AT THEW/END... HAVENTCN U IN AGES..RING ME IF UR UP4 NETHING SAT.LOVE J XXX.,2016
normal,HEY MATE! HOWS U HONEY?DID U AVE GOOD HOLIDAY? GIMMI DE GOSS!x,2019
normal,Now press conference da:),2019
normal,Can you use foreign stamps for whatever you send them off for? ,2016
normal,"Hello.How u doing?What u been up 2?When will u b moving out of the flat, cos I will need to arrange to pick up the lamp, etc. Take care. Hello caroline!",2019
normal,Sorry dude. Dont know how i forgot. Even after Dan reminded me. Sorry. Hope you guys had fun.,2020
normal,Hi it's Kate how is your evening? I hope i can see you tomorrow for a bit but i have to bloody babyjontet! Text back if you can. :),2017
normal,Yeah so basically any time next week you can get away from your mom &amp; get up before 3,2019
normal,* Am on a train back from northampton so i'm afraid not!,2020
normal,Oic... I saw him too but i tought he did not see me... I found a group liao...,2016
normal,"The guy (kadeem) hasn't been selling since the break, I know one other guy but he's paranoid as fuck and doesn't like selling without me there and I can't be up there til late tonight",2016
normal,"Night has ended for another day, morning has come in a special way. May you smile like the sunny rays and leaves your worries at the blue blue bay. Gud mrng",2019
normal,HARD BUT TRUE: How much you show &amp;  express your love to someone....that much it will hurt when they leave you or you get seperated...!?????ud evening...,2017
normal,That's one of the issues but california is okay. No snow so its manageable,2017
normal,Ok...,2016
normal,"Awesome, text me when you're restocked",2017
fraud,Get the official ENGLAND poly ringtone or colour flag on yer mobile for tonights game! Text TONE or FLAG to 84199. Optout txt ENG STOP Box39822 W111WX £1.50,2019
normal,On the way to office da..,2020
normal,Ok thanx... Take care then...,2018
normal,I think you should go the honesty road. Call the bank tomorrow. Its the tough decisions that make us great people.,2018
normal,I was at bugis juz now wat... But now i'm walking home oredi... Ü so late then reply... I oso saw a top dat i like but din buy... Where r ü now? ,2018
normal,"Each Moment in a day,has its own value-Morning brings hope,afternoon brings faith,Evening brings luv,Night brings rest,Wish u find them all today.Good Morning",2017
normal,Babe ? I lost you ... Will you try rebooting ?,2020
normal,Ok lor... But buy wat?,2019
normal,"There're some people by mu, I'm at the table by lambda",2016
normal,Captain is in our room:),2019
normal,"Yeah, we got one lined up for us",2017
normal,I'm watching lotr w my sis dis aft. So u wan 2 meet me 4 dinner at nite a not?,2017
normal,When is school starting. Where will you stay. What's the weather like. And the food. Do you have a social support system like friends in the school. All these things are important.,2017
fraud,"Xmas & New Years Eve tickets are now on sale from the club, during the day from 10am till 8pm, and on Thurs, Fri & Sat night this week. They're selling fast!",2018
normal,"LOOK AT AMY URE A BEAUTIFUL, INTELLIGENT WOMAN AND I LIKE YOU A LOT. I KNOW YOU DON'’T LIKE ME LIKE THAT SO DON’'T WORRY.",2017
normal,"Do whatever you want. You know what the rules are. We had a talk earlier this week about what had to start happening, you showing responsibility. Yet, every week it's can i bend the rule this way? What about that way? Do whatever. I'm tired of having thia same argument with you every week. And a  &lt;#&gt;  movie DOESNT inlude the previews. You're still getting in after 1.",2016
normal,Where are we meeting?,2019
normal,"We know TAJ MAHAL as symbol of love. But the other lesser known facts 1. Mumtaz was Shahjahan's 4th wife, out of his 7 wifes. 2. Shahjahan killed Mumtaz's husband to marry her. 3. Mumtaz died in her  &lt;#&gt; th delivery. 4. He then married Mumtaz's sister. Question arises where the Hell is the LOVE?:-| -The Great Hari-",2019
normal,"Sorry, I'll call later.",2018
fraud,"hello sir, i am from idea customer care in 23 hours your sim will be deactivate. do u want to activate it.",2020
fraud,"For ur chance to win a £250 cash every wk TXT: ACTION to 80608. T's&C's www.movietrivia.tv custcare 08712405022, 1x150p/wk.",2020
normal,Great! I’ll be expecting you.,2020
normal,"Painful words- ""I thought being Happy was the most toughest thing on Earth... But, the toughest is acting Happy with all unspoken pain inside..""",2016
normal,"That's good, because I need drugs",2018
normal,Yup i shd haf ard 10 pages if i add figures... Ü all got how many pages?,2018
normal,Yup i think they are a teacher said that will make my face look longer. Darren ask me not 2 cut too short.,2017
normal,"Sorry, I'll call later",2017
normal,"Looks like you found something to do other than smoke, great job!",2020
normal,Wait 2 min..stand at bus stop,2020
normal,K...k:)why cant you come here and search job:),2016
normal,"Keep ur problems in ur heart, b'coz nobody will fight for u. Only u &amp; u have to fight for ur self &amp; win the battle. -VIVEKANAND- G 9t.. SD..
normal	Yeah, give me a call if you've got a minute
normal	HI BABE UAWAKE?FEELLIKW SHIT.JUSTFOUND OUT VIA ALETTER THATMUM GOTMARRIED 4thNOV.BEHIND OURBACKS – FUCKINNICE!SELFISH,DEVIOUSBITCH.ANYWAY,I’L CALL U""",2017
normal,Sorry i've not gone to that place. I.ll do so tomorrow. Really sorry.,2019
normal,"Well, I meant as opposed to my drunken night of before",2016
normal,Check mail.i have mailed varma and kept copy to you regarding membership.take care.insha allah.,2018
fraud,Panasonic & BluetoothHdset FREE. Nokia FREE. Motorola FREE & DoubleMins & DoubleTxt on Orange contract.,2018
normal,Then why you not responding,2018
normal,Yes:)sura in sun tv.:)lol.,2017
normal,Small problem in auction:)punj now asking tiwary,2017
normal,So that takes away some money worries,2016
normal,"Cool, we shall go and see, have to go to tip anyway. Are you at home, got something to drop in later? So lets go to town tonight! Maybe mum can take us in.",2017
normal,I finished my lunch already. U wake up already?,2020
normal,I have always loved teaching. Wish to become a good teacher like my mother. Do you remember how we used to imitate our teachers during our school days?,2017
normal,I am going to film 2day da. At 6pm. Sorry da.,2016
normal,Hi mom we might be back later than  &lt;#&gt; ,2018
normal,Boo what time u get out? U were supposed to take me shopping today. :(,2019
normal,What do u want when i come back?.a beautiful necklace as a token of my heart for you.thats what i will give but ONLY to MY WIFE OF MY LIKING.BE THAT AND SEE..NO ONE can give you that.dont call me.i will wait till i come.,2020
normal,I thank you so much for all you do with selflessness. I love you plenty.,2016
fraud,Do you want a new Video phone? 600 anytime any network mins 400 Inclusive Video calls AND downloads 5 per week Free delTOMORROW call 08002888812 or reply NOW,2020
normal,Am going to take bath ill place the key in window:-),2016
fraud,We tried to call you re your reply to our sms for a video mobile 750 mins UNLIMITED TEXT free camcorder Reply or call now 08000930705 Del Thurs,2020
normal,Call me when u finish then i come n pick u.,2016
normal,Tell where you reached.,2019
normal,May I know which handset you are using?,2020
normal,S:-)if we have one good partnership going we will take lead:),2019
normal,"Yo, you gonna still be in stock tomorrow/today? I'm trying to get a dubsack",2018
normal,ALSO TELL HIM I SAID HAPPY BIRTHDAY,2019
normal,"Ditto. And you won't have to worry about me saying ANYTHING to you anymore. Like i said last night, you do whatever you want and i'll do the same. Peace.",2018
normal,"hello,",2018
normal,But smoking makes people smart.,2017
normal,You are a very very very very bad girl. Or lady.,2019
normal,You unbelievable faglord,2017
normal,Sorry da thangam.it's my mistake.,2018
normal,Oops. for got that bit.,2016
normal,Ok...,2020
normal,When are you going to ride your bike?,2018
normal,Are you free now?can i call now?,2019
normal,Water logging in desert. Geoenvironmental implications.,2019
normal,Kindly send some one to our flat before  &lt;DECIMAL&gt;  today.,2019
normal,hanks lotsly!,2018
normal,Its not that time of the month nor mid of the time?,2020
normal,There is no sense in my foot and penis.,2018
normal,We have to pick rayan macleran there.,2016
normal,Dear we got  &lt;#&gt;  dollars hi hi,2020
normal,My house is bigger than their.,2019
normal,"Okay. No no, just shining on. That was meant to be signing, but that sounds better.",2020
fraud,Dear 0776xxxxxxx U've been invited to XCHAT. This is our final attempt to contact u! Txt CHAT to 86688 150p/MsgrcvdHG/Suite342/2Lands/Row/W1J6HL LDN 18yrs,2020
normal,Well there's not a lot of things happening in Lindsay on New years *sighs* Some bars in Ptbo and the blue heron has something going,2017
normal,Howz that persons story,2019
normal,HI DARLIN I HOPE YOU HAD A NICE NIGHT I WISH I HAD COME CANT WAIT TO SEE YOU LOVE FRAN PS I WANT DIRTY ANAL SEX AND I WANT A 10 MAN GANG BANG,2017
normal,What is the name of the book? ,2018
normal,"I think your mentor is , but not 100 percent sure.",2016
normal,I have a sore throat. It's scratches when I talk,2018
normal,"I see. Well, I’d be delighted to have you over and join the gathering.",2016
normal,East coast,2019
normal,What is your record for one night? :),2020
normal,Is there any training tomorrow?,2017
normal,I cant pick the phone right now. Pls send a message,2020
normal,See you there! ,2018
fraud,You have an important customer service announcement. Call FREEPHONE 0800 542 0825 now!,2019
normal,Ok.,2016
normal,Can... I'm free...,2018
normal,Yes. Please leave at  &lt;#&gt; . So that at  &lt;#&gt;  we can leave,2020
normal,"Good afternoon, my love. It was good to see your words on YM and get your tm. Very smart move, my slave ... *smiles* ... I drink my coffee and await you.",2018
normal,Long time. You remember me today.,2019
normal,Hi Dear Call me its urgnt. I don't know whats your problem. You don't want to work or if you have any other problem at least tell me. Wating for your reply.,2017
normal,Yes princess! I want to make you happy...,2016
normal,I had a good time too. Its nice to do something a bit different with my weekends for a change. See ya soon,2020
normal,How did you find out in a way that didn't include all of these details,2020
normal,"Sir, I need Velusamy sir's date of birth and company bank facilities details.",2019
normal,He is there. You call and meet him.,2017
normal,No Sir. It’s a fixed price. You may compare it at other shops.,2016
normal,Tell me whos this pls:-),2017
normal,"Okey dokey, i‘ll be over in a bit just sorting some stuff out.",2017
normal,Orh i tot u say she now still dun believe.,2016
normal,Apple iPhone 6s plus.,2020
normal,That’s too much.,2020
normal,Don know:)this week i'm going to tirunelvai da.,2018
normal,I have to take exam with in march 3,2020
normal,Every day i use to sleep after  &lt;#&gt;  so only.,2020
normal,I see - Then you must have some bad habits. You seem to lead a sedentary life. Is it a fact?,2020
normal,Jay's getting really impatient and belligerent,2020
normal,Please give it 2  or i will pick it up on Tuesday evening about 8 if that is ok.,2016
normal,Good afternoon starshine! How's my boytoy? Does he crave me yet? Ache to fuck me ? *sips cappuccino* I miss you babe *teasing kiss*,2019
normal,the man whom I met yesterday is very intelligent.,2016
normal,Buy one egg for me da..please:),2018
normal,I don't know but I'm raping dudes at poker,2019
normal,This is my number by vivek..,2020
normal,"Yeah I am, so I'll leave maybe 7ish?",2019
normal,He fucking chickened out. He messaged me he would be late and woould buzz me and then I didn't hear a word from him,2016
normal,"My friend just got here and says he's upping his order by a few grams (he's got $ &lt;#&gt; ), when can you get here?",2019
normal,Ha ha you are gonna do skydiving? Ohhh please!,2018
normal,Yes! How is a pretty lady like you single?,2018
normal,"I have 2 sleeping bags, 1 blanket and paper and  phone details. Anything else?",2018
normal,Quite lor. But dun tell him wait he get complacent...,2016
normal,"Kate jackson rec center before seven wish, right?",2017
normal,I am all ears. Please go ahead.,2017
fraud,"As a valued customer, I am pleased to advise you that following recent review of your Mob No. you are awarded with a £1500 Bonus Prize, call 09066364589",2018
normal,"Sorry, I can't help you on this.",2016
normal,Y dun cut too short leh. you done like ah? She failed. She's quite sad.,2017
normal,Gud ni8 dear..slp well..take care..swt dreams..Muah..,2016
normal,Mm i am on the way to railway,2017
normal,Okie.. Thanx..,2020
normal,"Not yet chikku..k, then wat abt tht guy did he stopped irritating or msging to u..",2018
normal,Am only searching for good dual sim mobile pa.,2017
normal,Oh ok no prob..,2018
normal,It did not work again oh. Ok goodnight then. I will fix and have it ready by the time you wake up. You are very dearly missed have a good night sleep.,2017
normal,Let me know when you've got the money so carlos can make the call,2016
normal,"A small discount would make the deal a little better. Can you do INR 27,000?",2019
normal,How much are we getting?,2016
normal,I think that tantrum's finished so yeah I'll be by at some point,2019
fraud,"This is the 2nd time we have tried 2 contact u. U have won the 750 Pound prize. 2 claim is easy, call 08712101358 NOW! Only 10p per min. BT-national-rate",2020
normal,Easy ah?sen got selected means its good..,2017
normal,I think asking for a gym is the excuse for lazy people. I jog.,2020
normal,"Haha I heard that, text me when you're around",2019
normal,"Good FRIENDS CaRE for each Other.. CLoSE Friends UNDERSTaND each Other... and TRUE Friends STaY forever beyond words, beyond time. Gud ni8",2018
normal,Nope watching tv at home... Not going out. V bored...,2019
fraud,WIN a £200 Shopping spree every WEEK Starting NOW. 2 play text STORE to 88039. SkilGme. TsCs08714740323 1Winawk! age16 £1.50perweeksub.,2019
normal,Xy trying smth now. U eat already? We havent...,2019
fraud,I'd like to tell you my deepest darkest fantasies. Call me 09094646631 just 60p/min. To stop texts call 08712460324 (nat rate),2018
fraud,"Thanks for your ringtone order, reference number X49.Your mobile will be charged 4.50. Should your tone not arrive please call customer services 09065989182",2019
normal,Good morning princess! How are you?,2019
normal,Is ur paper today in e morn or aft?,2017
fraud,"URGENT! Your mobile was awarded a £1,500 Bonus Caller Prize on 27/6/03. Our final attempt 2 contact U! Call 08714714011",2018
fraud,Dear Dave this is your final notice to collect your 4* Tenerife Holiday or #5000 CASH award! Call 09061743806 from landline. TCs SAE Box326 CW25WX 150ppm,2020
normal,Nt joking seriously i told,2019
normal,"Hi hope u r both ok, he said he would text and he hasn't, have u seen him, let me down gently please ",2019
normal,you found him? I feel so stupid.,2017
normal,Roger that. We‘re probably going to rem in about 20,2018
fraud,"For your chance to win a £250 wkly shopping spree TEXT: SHOP to 80878. T's&C's www.txt-2-shop.com custcare 08715705022, 1x150p/wk",2018
normal,"sorry brah, just finished the last of my exams, what up",2017
normal,Da my birthdate in certificate is in april but real date is today. But dont publish it. I shall give you a special treat if you keep the secret. Any way thanks for the wishes,2016
normal,"What I told you yesterday, is a secret.",2020
normal,"So check your errors and if you had difficulties, do correction.",2016
normal,Will do. Have a good day,2020
normal,"Beautiful Truth against Gravity.. Read carefully: ""Our heart feels light when someone is in it.. But it feels very heavy when someone leaves it.."" GOODMORNING",2019
normal,Shopping? Eh ger i toking abt syd leh...Haha,2020
normal,I'm ok. Will do my part tomorrow,2016
normal,Oh! That’s my family picture.,2019
normal,"What part of ""don't initiate"" don't you understand",2019
normal,Sir they are giving you wrong results. They ping you through servers from outside India and show that you have less speed.,2016
normal,Juz now havent woke up so a bit blur blur... Can? Dad went out liao... I cant cum now oso...,2020
normal,Poor girl can't go one day lmao,2019
fraud,"As a valued customer, I am pleased to advise you that following recent review of your Mob No. you are awarded with a £1500 Bonus Prize, call 09066368470",2018
normal,Yo you around? A friend of mine's lookin to pick up later tonight,2017
normal,R U &SAM P IN EACHOTHER. IF WE MEET WE CAN GO 2 MY HOUSE,2016
normal,If I was I wasn't paying attention,2019
normal,S....s...india going to draw the series after many years in south african soil..,2016
normal,"Somewhr someone is surely made 4 u. And God has decided a perfect time to make u meet dat person. . . . till den, . . . . . Enjoy ur crushes..!!!;-)",2016
normal,Ok can...,2019
normal,Ya it came a while ago,2016
normal,He also knows about lunch menu only da. . I know,2017
normal,Am slow in using biola's fne,2017
normal,"Under the sea, there lays a rock. In the rock, there is an envelope. In the envelope, there is a paper. On the paper, there are 3 words... '",2020
normal,Hi:)did you asked to waheeda fathima about leave?,2019
normal,Sorry * was at the grocers.,2016
normal,But i juz remembered i gotta bathe my dog today..,2016
normal,I will come tomorrow di,2020
normal,"Yeah right. So Arjun, where do you come from?",2019
normal,"Set a place for me in your heart and not in your mind, as the mind easily forgets but the heart will always remember. Wish you Happy Valentines Day!",2017
normal,"Say this slowly.? GOD,I LOVE YOU &amp; I NEED YOU,CLEAN MY HEART WITH YOUR BLOOD.Send this to Ten special people &amp; u c miracle tomorrow, do it,pls,pls do it...",2018
normal,I'm fine. Hope you are good. Do take care.,2017
normal,Then any special there?,2020
fraud,"FreeMSG You have been awarded a FREE mini DIGITAL CAMERA, just reply SNAP to collect your prize! (quizclub Opt out? Stop 80122300p/wk SP:RWM Ph:08704050406)",2020
fraud,"Urgent Urgent! We have 800 FREE flights to Europe to give away, call B4 10th Sept & take a friend 4 FREE. Call now to claim on 09050000555. BA128NNFWFLY150ppm",2019
normal,U can call now...,2019
fraud,"Last Chance! Claim ur £150 worth of discount vouchers today! Text SHOP to 85023 now! SavaMob, offers mobile! T Cs SavaMob POBOX84, M263UZ. £3.00 Sub. 16",2018
normal,I only work from mon to thurs but Sat i cant leh... Booked liao... Which other day u free?,2019
normal,"It could work, we'll reach a consensus at the next meeting",2017
normal,"Gud gud..k, chikku tke care.. sleep well gud nyt",2016
normal,I.ll post her out l8r. In class,2019
normal,(That said can you text him one more time?),2017
normal,Quite ok but a bit ex... U better go eat smth now else i'll feel guilty...,2019
normal,R u saying i should re order the slippers cos i had to pay for returning it.,2019
normal,It's not the same here. Still looking for a job. How much do you earn there.,2016
normal,hows my favourite person today? r u workin hard? couldn't sleep again last nite nearly rang u at 4.30,2019
normal,"HEY BABE! FAR 2 SPUN-OUT 2 SPK AT DA MO... DEAD 2 DA WRLD. BEEN SLEEPING ON DA SOFA ALL DAY, HAD A COOL NYTHO, TX 4 FONIN HON, CALL 2MWEN IM BK FRMCLOUD 9! J X",2017
normal,I don't want you to leave. But i'm barely doing what i can to stay sane. fighting with you constantly isn't helping.,2020
normal,K...k...when will you give treat?,2018
normal,"Fyi I'm taking a quick shower, be at epsilon in like  &lt;#&gt;  min",2016
normal,"that would be good … I'll phone you tomo lunchtime, shall I, to organise something?",2018
fraud,LIFE has never been this much fun and great until you came in. You made it truly special for me. I won't forget you! enjoy @ one gbp/sms,2018
fraud,Sex up ur mobile with a FREE sexy pic of Jordan! Just text BABE to 88600. Then every wk get a sexy celeb! PocketBabe.co.uk 4 more pics. 16 £3/wk 087016248,2020
fraud,U have a secret admirer who is looking 2 make contact with U-find out who they R*reveal who thinks UR so special-call on 09058094594,2019
normal,Yes i thought so. Thanks.,2020
normal,"Yeah we wouldn't leave for an hour at least, how's 4 sound?",2016
normal,I like the general knowledge section and literary articles. Sometimes I send my writings to newspaper.,2017
normal,No it will reach by 9 only. She telling she will be there. I dont know,2020
fraud,You are a winner you have been specially selected to receive £1000 cash or a £2000 award. Speak to a live operator to claim call 087147123779am-7pm. Cost 10p,2018
normal,Oops sorry. Just to check that you don't mind picking me up tomo at half eight from station. Would that be ok?,2016
normal,No da:)he is stupid da..always sending like this:)don believe any of those message.pandy is a mental:),2016
normal,Then just eat a shit and wait for ur monkey face bitch.......... U asshole..................,2019
normal,What is eating brother?,2018
normal,I have figured out the problem with your phone. There is a malware in your phone that is apparently responsible for software glitches. Is your phone under warranty?,2018
normal,Crucify is c not s. You should have told me earlier.,2016
normal,Every morning at 9 I have to catch a bus for office. Mostly buses get late so could you please pick me up every day at 9?,2020
normal,"Also north carolina and texas atm, you would just go to the gre site and pay for the test results to be sent.",2017
normal,"I‘ve got some salt, you can rub it in my open wounds if you like!",2016
fraud,Booked ticket for pongal?,2018
normal,"Sorry, I'll call later",2017
normal,Realy sorry-i don't recognise this number and am now confused :) who are you please?! ,2018
normal,Ü all write or wat..,2018
normal,Ok...,2016
normal,what I meant to say is can't wait to see you again getting bored of this bridgwater banter,2019
normal,What's the significance?,2016
normal,Do u konw waht is rael FRIENDSHIP Im gving yuo an exmpel: Jsut ese tihs msg.. Evrey splleing of tihs msg is wrnog.. Bt sitll yuo can raed it wihtuot ayn mitsake.. GOODNIGHT &amp; HAVE A NICE SLEEP..SWEET DREAMS..,2019
fraud,Ur cash-balance is currently 500 pounds - to maximize ur cash-in now send CASH to 86688 only 150p/msg. CC: 08718720201 PO BOX 114/14 TCR/W1,2020
normal,Yes :)it completely in out of form:)clark also utter waste.,2017
normal,And now electricity just went out fml.,2020
normal,"Good stuff, will do.",2019
normal,I wanna watch that movie,2016
fraud,hello sir i am madhubala from play rummy you have won 1000 INR money to get this click on message box link.,2018
normal,"oK give me a second, breaking a  &lt;#&gt;  at cstore",2019
normal,Ok i go change also...,2020
normal,"Are you saying Mr. Ramesh, you have checked your message box whether you have received a coupon of ? 500000.",2020
normal,"Hey, iouri gave me your number, I'm wylie, ryan's friend",2017
normal,* Will have two more cartons off u and is very pleased with shelves,2020
normal,I'm gonna say no. Sorry. I would but as normal am starting to panic about time. Sorry again! Are you seeing on Tuesday?,2017
normal,Alex says he's not ok with you not being ok with it,2018
normal,"I was wondering, are you free this Saturday?220. Oh … I have a family gathering in the evening. Why, what did you have in mind?",2016
normal,Its ok..come to my home it vl nice to meet and v can chat..,2018
normal,Ha ha ha good joke. Girls are situation seekers.,2020
normal,Then what did you do after that?,2019
normal,Yar... I tot u knew dis would happen long ago already.,2018
normal,"Good afternoon, my love! How goes that day ? I hope maybe you got some leads on a job. I think of you, boy toy and send you a passionate kiss from across the sea.",2017
normal,Ok. C u then.,2020
normal,Don't forget who owns you and who's private property you are ... And be my good boy always .. *passionate kiss*,2018
normal,"Yo, any way we could pick something up tonight?",2019
normal,"That’s very good. Newspaper up hold people’s view, too. I have to go now.",2020
fraud,"Sunshine Hols. To claim ur med holiday send a stamped self address envelope to Drinks on Us UK, PO Box 113, Bray, Wicklow, Eire. Quiz Starts Saturday! Unsub Stop",2018
normal,"Hmmm.... Mayb can try e shoppin area one, but forgot e name of hotel...",2017
normal,It does it on its own. Most of the time it fixes my spelling. But sometimes it gets a completely diff word. Go figure,2018
normal,I don't know you and you don't know me. Send CHAT to 86688 now and let's find each other!,2020
normal,Ya i knw u vl giv..its ok thanks kano..anyway enjoy wit ur family wit 1st salary..:-);-),2020
normal,Please give me 10 minutes meanwhile have a seat and have coffee.325. Yeah sure.,2018
normal,Patel was the greatest man that india produced.,2017
fraud,Todays Voda numbers ending with 7634 are selected to receive a £350 reward. If you have a match please call 08712300220 quoting claim code 7684 standard rates apply.,2020
normal,Dear i have reached room.,2016
normal,Thanks for ve lovely wisheds. You rock,2018
fraud,UR awarded a City Break and could WIN a £200 Summer Shopping spree every WK. Txt STORE to 88039.SkilGme.TsCs087147403231Winawk!Age16+£1.50perWKsub,2020
normal,I have to take exam with march 3,2020
normal,My love ... I hope your not doing anything drastic. Don't you dare sell your pc or your phone ...,2018
normal,Hope you are having a good week. Just checking in,2020
normal,Feel like trying kadeem again? :V,2020
normal,You will be in the place of that man.,2018
normal,"Fighting with the world is easy, u either win or lose bt fightng with some1 who is close to u is dificult if u lose - u lose if u win - u still lose.",2020
normal,Ü only send me the contents page...,2020
normal,Wat time do u wan 2 meet me later?,2019
normal,She's fine. Sends her greetings,2016
fraud,<Forwarded from 88877>FREE entry into our £250 weekly comp just send the word ENTER to 88877 NOW. 18 T&C www.textcomp.com,2019
normal,Height of recycling: Read twice- People spend time for earning money and the same money is spent for spending time!;-) Good morning.. keep smiling:-),2018
normal,When i have stuff to sell i will tell you.,2019
normal,Ok i message you before i leave my house.,2020
normal,Juz go google n search 4 qet...,2019
fraud,"Latest News! Police station toilet stolen, cops have nothing to go on!",2018
fraud,FREEMSG: Our records indicate you may be entitled to 3750 pounds for the Accident you had. To claim for free reply with YES to this msg. To opt out text STOP,2019
fraud,Ringtone Club: Get the UK singles chart on your mobile each week and choose any top quality ringtone! This message is free of charge.,2020
normal,Am I the only one who doesn't stalk profiles?,2020
normal,"If i let you do this, i want you in the house by 8am.",2018
normal,Yo guess what I just dropped,2017
normal,Ü dun wan to watch infernal affair?,2018
normal,From The Global Broadband Speed Test.,2018
normal,Ok leave no need to ask,2018
normal,Where you been hiding stranger?,2016
normal,Not thought bout it... || Drink in tap & spile at seven. || Is that pub on gas st off broad st by canal. || Ok?,2019
normal,What time you thinkin of goin?,2020
fraud,thesmszone.com lets you send free anonymous and masked messages..im sending this message from there..do you see the potential for abuse???,2018
normal,"Short But Cute: ""Be a good person, but dont try to prove it.."" .Gud noon....",2017
normal,"I've got  &lt;#&gt; , any way I could pick up?",2018
normal,I wish that I was with you. Holding you tightly. Making you see how important you are. How much you mean to me ... How much I need you ... In my life ...,2016
normal,Yes I want to buy interesting stories about jungles and animals.,2019
normal,Is there anyone without a ticket?,2019
normal,"Ever green quote ever told by Jerry in cartoon ""A Person Who Irritates u Always Is the one Who Loves u Vry Much But Fails to Express It...!..!! :-) :-) gud nyt",2017
normal,Yes.. now only saw your message..,2017
normal,So how many days since then?,2020
normal,Thank u. IT BETTER WORK OUT CAUSE I WILL FEEL USED OTHERWISE,2016
normal,Were gonna  get some tacos.,2020
normal,"Yes, we totally agree. We all are really excited to see the trailers of your upcoming movie.",2017
normal,I'm hungry buy smth home...,2018
normal,All the best for you driving tomorrow.,2017
normal,Our Prashanthettan's mother passed away last night. pray for her and family.,2018
normal,"Yeah I think my usual guy's still passed out from last night, if you get ahold of anybody let me know and I'll throw down",2016
normal,Just now saw your message.it k da:),2016
normal,"In case you wake up wondering where I am, I forgot I have to take care of something for grandma today, should be done before the parade",2017
normal,Neshanth..tel me who r u?,2016
fraud,"TheMob> Check out our newest selection of content, Games, Tones, Gossip, babes and sport, Keep your mobile fit and funky text WAP to 82468.",2020
normal,Hey! do u fancy meetin me at 4 at cha – hav a lil beverage on me. if not txt or ring me and we can meet up l8r. quite tired got in at 3 v.pist ;) love Pete x x x,2016
normal,Don't forget though that I love you .... And I walk beside you. Watching over you and keeping your heart warm.,2018
normal,"When yor are lovable became angry wid you, do not take it seriously.. because being angry is the most childish and true way of showing deep affection, care n luv!.. kettoda manda... Have nice day da.",2019
normal,Ok then i'll let him noe later n ask him call u tmr...,2017
normal,Yes ammae....life takes lot of turns you can only sit and try to hold the steering...,2017
normal,Life style garments account no please.,2018
normal,"Sorry vikky, i'm Watching olave mandara movie kano in trishul theatre wit my frnds..",2020
normal,Sent me ur email id soon,2018
normal,Guess which pub im in? Im as happy as a pig in clover or whatever the saying is! ,2018
normal,Sure sir. I am just asking him to quit.,2018
normal,How come?,2018
fraud,A £400 XMAS REWARD IS WAITING FOR YOU! Our computer has randomly picked you from our loyal mobile customers to receive a £400 reward. Just call 09066380611 ,2019
normal,I didn’t think like you.,2017
fraud,give me your bank account number and debit card number for deposit money in your bank account.,2018
normal,Havent stuck at orchard in my dad's car. Going 4 dinner now. U leh? So r they free tonight?,2017
normal,Why don't you go tell your friend you're not sure you want to live with him because he smokes too much then spend hours begging him to come smoke,2017
normal,"Yes, princess. Toledo.",2019
fraud,Do you want 750 anytime any network mins 150 text and a NEW video phone for only five pounds per week call 08000776320 now or reply for delivery Tomorrow,2020
normal,Hi babe its me thanks for coming even though it didnt go that well!i just wanted my bed! Hope to see you soon love and kisses xxx,2018
normal,I will reach office around  &lt;DECIMAL&gt; . &amp; my mobile have problem. You cann't get my voice. So call you asa i'll free,2020
normal,Pls she needs to dat slowly or she will vomit more.,2020
normal,I am taking half day leave become i am not well,2020
normal,"Would you want any other component, sir? Like ram, SSD, graphics card?",2020
normal,Hey mr  and I are going to the sea view and having a couple of gays I mean games! Give me a bell when ya finish ,2020
normal,Did you inform the cops?,2019
normal,Now that you have started dont stop. Just pray for more good ideas and anything i see that can help you guys i.ll forward you a link.,2018
normal,Just wanted to say holy shit you guys weren't kidding about this bud,2019
normal,No plans yet. What are you doing ?,2016
normal,Hi.:)technical support.providing assistance to us customer through call and email:),2020
normal,Yes. Our specialization in financial markets is good though. Probably better than most general MBA courses. ,2018
normal,Nice talking to you! please dont forget my pix :) i want to see all of you...,2016
normal,if you text on your way to cup stop that should work. And that should be BUS,2018
normal,Lul im gettin some juicy gossip at the hospital. Two nurses are talking about how fat they are gettin. And one thinks shes obese. Oyea.,2017
normal,Yeah I'll try to scrounge something up,2018
normal,I'm leaving my house now.,2019
normal,Wat time ü wan today?,2019
normal,Sorry . I will be able to get to you. See you in the morning.,2018
fraud,SMS AUCTION - A BRAND NEW Nokia 7250 is up 4 auction today! Auction is FREE 2 join & take part! Txt NOKIA to 86021 now!,2019
normal,If you're not in my car in an hour and a half I'm going apeshit.,2017
normal,Ok,2017
normal,Yes..he is really great..bhaji told kallis best cricketer after sachin in world:).very tough to get out.,2016
normal,I think we could manage this way. But don't you have any three-bedroom house?,2019
fraud,"hello sir, i am from union bank, sir i have call you for your bank account verification do you want verify your account. sir then tell me your aadhar card number and pan card and your debit/credit card number.",2018
normal,Anyway seriously hit me up when you're back because otherwise I have to light up with armand and he always has shit and/or is vomiting,2019
normal,I'm home. Doc gave me pain meds says everything is fine.,2016
normal,Ok i am on the way to railway.,2016
normal,I dont have any of your file in my bag..i was in work when you called me.i 'll tell you if i find anything in my room.,2016
normal,"* Was a nice day and, impressively, i was sensible, went home early and now feel fine. Or am i just boring?! When's yours, i can't remember.",2017
fraud,"Hello sir, I am talking to LIC.  A new policy has come.  Would you like to have it.",2018
normal,"Yes, that and more. Anyway, once you clear the aptitude round, you will have to deal with the HR round. There is no hardball approach and the HR usually tries to get to know you better. You can easily go through a checklist of the most frequently questions asked in such interviews and you will be good to go. Take note that the ‘Tell Me About Yourself’ question is the first one asked and you need to prepare well for that. There is another really important thing you should know about the HR round.",2020
normal,I'll reach in ard 20 mins ok...,2018
fraud,"Urgent! Please call 0906346330. Your ABTA complimentary 4* Spanish Holiday or £10,000 cash await collection SAE T&Cs BOX 47 PO19 2EZ 150ppm 18+",2020
normal,This is a good magazine and which should be read by everyone.,2016
fraud,As one of our registered subscribers u can enter the draw 4 a 100 G.B. gift voucher by replying with ENTER. To unsubscribe text STOP,2020
normal,Hey! There's veggie pizza... :/,2020
normal,Congratulations ore mo owo re wa. Enjoy it and i wish you many happy moments to and fro wherever you go,2016
fraud,PRIVATE! Your 2003 Account Statement for shows 800 un-redeemed S.I.M. points. Call 08718738001 Identifier Code: 49557 Expires 26/11/04,2020
normal,Depends on individual lor e hair dresser say pretty but my parents say look gong. U kaypoh.. I also dunno wat she collecting.,2018
normal,Come to my home for one last time i wont do anything. Trust me.,2019
normal,No drama Pls.i have had enough from you and family while i am struggling in the hot sun in a strange place.No reason why there should be an ego of not going 'IF NOT INVITED' when actually its necessity to go.wait for very serious reppurcussions.,2016
normal,Aah bless! How's your arm?,2019
normal,Mmmm.... I cant wait to lick it!,2016
normal,Armand says get your ass over to epsilon,2016
normal,"Me also da, i feel yesterday night  wait til 2day night dear.",2020
normal,Stop the story. I've told him i've returned it and he's saying i should not re order it.,2019
normal,I didnt get anything da,2017
normal,"Bloody hell, can't believe you forgot my surname Mr . I will give you a clue, its spanish and begins with m... ",2019
normal,"Nothing, i got msg frm tht unknown no..",2019
normal,Hey check it da. I have listed da.,2018
normal,Prabha..i'm soryda..realy..frm heart i'm sory,2016
normal,Why you keeping me away like this,2017
normal,I would third its very important.,2020
normal,"No worries, hope photo shoot went well. have a spiffing fun at workage. ",2017
normal,Shall i come to get pickle.,2016
fraud,You have 1 new voicemail. Please call 08719181513.,2019
normal,Tension ah?what machi?any problem?,2019
normal,Mm not entirely sure i understood that text but hey. Ho. Which weekend?,2016
normal,Oh shut it. Omg yesterday I had a dream that I had 2 kids both boys. I was so pissed. Not only about the kids but them being boys. I even told mark in my dream that he was changing diapers cause I'm not getting owed in the face.,2017
fraud,"hello sir, i am from vodafone customer care in 23 hours your sim will be deactivate. do u want to activate it.",2020
fraud,PRIVATE! Your 2003 Account Statement for 07808 XXXXXX shows 800 un-redeemed S. I. M. points. Call 08719899217 Identifier Code: 41685 Expires 07/11/04,2020
normal,"Ah, well that confuses things, doesnt it? I thought was friends with now. Maybe i did the wrong thing but i already sort of invited -tho he may not come cos of money.",2020
normal,"Night has ended for another day, morning has come in a special way. May you smile like the sunny rays and leaves your worries at the blue blue bay. Gud mrng",2019
normal,"ok, where are you? how did you performed?",2020
normal,I'm also came to room.,2016
fraud,"SMS SERVICES. for your inclusive text credits, pls goto www.comuk.net login= ***** unsubscribe with STOP. no extra charge. ",2018
fraud,Free entry in 2 a weekly comp for a chance to win an ipod. Txt POD to 80182 to get entry (std txt rate) T&C's apply 08452810073 for details 18+,2020
normal,Sure. That one is unreserved.,2017
fraud,"This is the 2nd time we have tried 2 contact u. U have won the £750 Pound prize. 2 claim is easy, call 087187272008 NOW1! Only 10p per minute. BT-national-rate.",2018
fraud,FREE for 1st week! No1 Nokia tone 4 ur mob every week just txt NOKIA to 8007 Get txting and tell ur mates www.getzed.co.uk POBox 36504 W45WQ norm150p/tone 16+,2020
normal,Pls give her the food preferably pap very slowly with loads of sugar. You can take up to an hour to give it. And then some water. Very very slowly.,2016
normal,So no messages. Had food?,2018
normal,I cant wait to see you! How were the photos were useful? :),2020
normal,"I can't, I don't have her number!",2020
fraud,You have 1 new message. Please call 08715205273,2019
normal,Ok i am on the way to home.,2018
normal,How was txting and driving,2018
normal,Ok then i come n pick u at engin?,2020
fraud,FreeMsg: Txt: CALL to No: 86888 & claim your reward of 3 hours talk time to use from your phone now! Subscribe6GBP/mnth inc 3hrs 16 stop?txtStop,2019
normal,What are you doing?,2017
normal,"Awesome, that gonna be soon or later tonight?",2016
normal,Hui xin is in da lib.,2020
normal,What happened to our yo date?+,2017
normal,What are you doing later?,2017
normal,"Honeybee Said: *I'm d Sweetest in d World* God Laughed &amp; Said: *Wait,U Havnt Met d Person Reading This Msg* MORAL: Even GOD Can Crack Jokes! GM+GN+GE+GN:)",2017
normal,Later i guess. I needa do mcat study too.,2020
fraud,Knock Knock Txt whose there to 80082 to enter r weekly draw 4 a £250 gift voucher 4 a store of yr choice. T&Cs www.tkls.com age16 to stoptxtstop£1.50/week,2019
normal,Wait.i will come out.. &lt;#&gt;  min:),2020
normal,Aiyah u did ok already lar. E nydc at wheellock?,2020
normal,"Say this slowly.? GOD,I LOVE YOU &amp; I NEED YOU,CLEAN MY HEART WITH YOUR BLOOD.Send this to Ten special people &amp; u c miracle tomorrow, do it,pls,pls do it...",2018
normal,I keep ten rs in my shelf:) buy two egg.,2018
normal,"Vikky, come around  &lt;TIME&gt; ..",2016
normal,I know she called me,2018
fraud,FREE entry into our £250 weekly comp just send the word ENTER to 84128 NOW. 18 T&C www.textcomp.com cust care 08712405020.,2018
normal,Well at this right I'm gonna have to get up and check today's steam sales/pee so text me when you want me to come get you,2020
normal,"Yes, In the beginning, I am going to bring 1000 car tires.",2016
normal,Wife.how she knew the time of murder exactly,2020
normal,Designation is software developer and may be she get chennai:),2017
normal,Waiting 4 my tv show 2 start lor... U leh still busy doing ur report?,2018
normal,Ofcourse I also upload some songs,2016
normal,Love it! The girls at the office may wonder why you are smiling but sore...,2016
normal,You are? How does it feel to be __________(3)__________? Have you ever felt lonely?,2020
fraud,Had your mobile 11 months or more? U R entitled to Update to the latest colour mobiles with camera for Free! Call The Mobile Update Co FREE on 08002986030,2019
normal,"Nope, I'm still in the market",2018
fraud,Gr8 new service - live sex video chat on your mob - see the sexiest dirtiest girls live on ur phone - 4 details text horny to 89070 to cancel send STOP to 89070,2020
normal,See the forwarding message for proof,2016
normal,Here it is. ,2017
normal,I liked your new house,2016
normal,Either Rohan aur his friends forgot their books.,2019
normal,You do what all you like,2019
normal,"Now, whats your house # again ? And do you have any beer there ?",2016
normal,"I was thinking of going to the cinema with you. There’s a good movie to watch, but if you’re not available …",2018
fraud,Had your mobile 11mths ? Update for FREE to Oranges latest colour camera mobiles & unlimited weekend calls. Call Mobile Upd8 on freefone 08000839402 or 2StopTxt,2019
normal,"Cool, I'll text you in a few",2019
normal,Then get some cash together and I'll text jason,2016
fraud,"09066362231 URGENT! Your mobile No 07xxxxxxxxx won a £2,000 bonus caller prize on 02/06/03! this is the 2nd attempt to reach YOU! call 09066362231 ASAP!",2018
normal,Lol wtf random. Btw is that your lunch break,2016
normal,"You know, wot people wear. T shirts, jumpers, hat, belt, is all we know. We r at Cribbs",2017
fraud,Well done ENGLAND! Get the official poly ringtone or colour flag on yer mobile! text TONE or FLAG to 84199 NOW! Opt-out txt ENG STOP. Box39822 W111WX £1.50,2020
normal,I am sorry it hurt you.,2018
normal,Id have to check but there's only like 1 bowls worth left,2018
normal,I hope you that's the result of being consistently intelligent and kind. Start asking him about practicum links and keep your ears open and all the best.,2019
normal,May be?! Say hi to  and find out if  got his card. Great escape or wetherspoons? ,2017
normal,Our good academic environment has also helped us a lot to do this result. We have a very good relationship between our teachers and guardians. It has also contributed much to this result.,2017
fraud,"Hello sir ,I am from kotak mahindra bank bank.",2018
normal,Shall i send that exe to your mail id.,2020
fraud,URGENT! Your Mobile number has been awarded with a £2000 prize GUARANTEED. Call 09061790126 from land line. Claim 3030. Valid 12hrs only 150ppm,2020
normal,Why? I often suffer from insomnia. My eyesight is also beginning to fail.,2019
normal,My preparation is so good in all subjects. ,2017
normal,Wow so healthy. Old airport rd lor. Cant thk of anything else. But i'll b bathing my dog later.,2018
normal,I am a travel blogger. I used to travel to different places and explore different cultures and varieties of food to write it in my blog. I would like to ask you also to follow my blog.,2018
normal,"Actually nvm, got hella cash, we still on for  &lt;#&gt; ish?",2016
normal,You are luckier than me. You have,2020
normal,"naughty little thought: 'its better to flirt, flirt and flirt, rather than loving someone and getting hurt, hurt and hurt...:-) Good night",2017
normal,Yes when is the appt again?,2020
normal,"Yes, i'm small kid.. And boost is the secret of my energy..",2019
normal,Probably gonna swing by in a wee bit.,2019
fraud,You are a winner U have been specially selected 2 receive £1000 cash or a 4* holiday (flights inc) speak to a live operator 2 claim 0871277810810,2018
normal,Yes. Nigh you cant aha.,2016
normal,"My sister in law, hope you are having a great month. Just saying hey. Abiola",2020
normal,Nooooooo I'm gonna be bored to death all day. Cable and internet outage.,2018
normal,Dude got a haircut. Now its breezy up there,2017
normal,That's y u haf 2 keep me busy...,2018
normal,Ard 530 lor. I ok then message ü lor.,2020
normal,"Camera quite good, 10.1mega pixels, 3optical and 5digital dooms. Have a lovely holiday, be safe and i hope you hav a good journey! Happy new year to you both! See you in a couple of weeks! ",2018
normal,Goodnight da thangam I really miss u dear.,2019
normal,At WHAT TIME should i come tomorrow,2016
normal,"Alright, we're all set here, text the man",2016
normal,S:)8 min to go for lunch:),2017
normal,For The First Time In The History 'Need' 'Comfort' And 'Luxury' Are Sold At Same Price In India..!! Onion-Rs. &lt;#&gt;  Petrol-Rs. &lt;#&gt;  Beer-Rs. &lt;#&gt;  SHESIL  &lt;#&gt;,2017
normal,True dear..i sat to pray evening and felt so.so i sms'd you in some time.,2020
normal,I wont get concentration dear you know you are my mind and everything :-),2020
normal,Argh why the fuck is nobody in town ;_;,2019
normal,Guess he wants alone time. We could just show up and watch when they do..,2016
normal,Do you still have the grinder?,2016
normal,it was the best players to be perform that year.,2016
normal,What is the number in the paper?,2020
normal,"Cool, what time you think you can get here?",2018
normal,When you wana see it then,2020
normal,Ok... C ya...,2016
normal,"What do u reckon as need 2 arrange transport if u can't do it, thanks",2019
fraud,"Thanks for your ringtone order, reference number X29. Your mobile will be charged 4.50. Should your tone not arrive please call customer services 09065989180",2020
normal,Its a site to simulate the test. It just gives you very tough questions to test your readiness.,2016
normal,"Yeah why not, is the gang all ready",2017
normal,No we sell it all so we'll have tons if coins. Then sell our coins to someone through paypal. Voila! Money back in life pockets:),2016
normal,I'm gonna rip out my uterus.,2018
normal,Oh yeah I forgot. U can only take 2 out shopping at once.,2020
normal,I have to pick up my grandparents at the airport in the morning then help my parents prepare for the gathering in the afternoon. ,2018
normal,How come i din c ü... Yup i cut my hair...,2019
normal,Shall I take the book? ,2019
normal,"Tunde, how are you doing. This is just wishing you a great day. Abiola.",2016
normal,Can't think of anyone with * spare room off * top of my head,2019
normal,"Hm good morning, headache anyone? :-)",2019
normal,He needs to stop going to bed and make with the fucking dealing,2019
normal,Text her. If she doesnt reply let me know so i can have her log in,2017
normal,"ok, I might come by to night then if my class lets out early.",2018
fraud,We currently have a message awaiting your collection. To collect your message just call 08718723815.,2020
normal,Ok,2017
normal,"Sorry, I'll call later",2017
normal,"Please protect yourself from e-threats. SIB never asks for sensitive information like Passwords,ATM/SMS PIN thru email. Never share your password with anybody.",2020
normal,At home also.,2016
normal,How is your schedule next week? I am out of town this weekend.,2019
normal,"Japanese Proverb: If one Can do it, U too Can do it, If none Can do it,U must do it Indian version: If one Can do it, LET HIM DO it.. If none Can do it,LEAVE it!! And finally Kerala version: If one can do it, Stop him doing it.. If none can do it, Make a strike against it ...",2018
normal,Err... Cud do. I'm going to  at 8pm. I haven't got a way to contact him until then.,2017
fraud,"Oh my god! I've found your number again! I'm so glad, text me back xafter this msgs cst std ntwk chg £1.50",2018
normal,Watching tv now. I got new job :),2018
normal,Are you planning to come chennai?,2018
normal,I sent you  &lt;#&gt;  bucks,2019
normal,I will try my best. What else?,2020
normal,Are you at work right now ?,2016
normal,I know you mood off today,2018
fraud,"hello sir, to get a 500 INR voucher for play rummy go to this link http://xyz.abc",2020
normal,"hey, looks like I was wrong and one of the kappa guys numbers is still on my phone, if you want I can text him and see if he's around",2017
normal,Yes I posted a couple of pics on fb. There's still snow outside too. I'm just waking up :),2020
normal,Nope thats fine. I might have a nap tho! ,2018
normal,"Hello, my love ! How went your day ? Are you alright ? I think of you, my sweet and send a jolt to your heart to remind you ... I LOVE YOU! Can you hear it ? I screamed it across the sea for all the world to hear. Ahmad al Hallaq is loved ! and owned ! *possessive passionate kiss*",2018
normal,Tomarrow i want to got to court. At  &lt;DECIMAL&gt; . So you come to bus stand at 9.,2019
normal,Ok ok take care. I can understand.,2020
normal,do u think that any girl will propose u today by seing ur bloody funky shit fucking face...............asssssholeeee................,2018
normal,Oh did you charge camera,2019
normal,Good night my dear.. Sleepwell&amp;Take care,2020
normal,Yo theres no class tmrw right?,2019
normal,"I'll text carlos and let you know, hang on",2017
fraud,You have won a guaranteed 32000 award or maybe even £1000 cash to claim ur award call free on 0800 ..... (18+). Its a legitimat efreefone number wat do u think???,2018
normal,We walked from my moms. Right on stagwood pass right on winterstone left on victors hill. Address is &lt;#&gt;,2019
normal,For real when you getting on you? I only need 2 more tickets and one more jacket and I'm done. I already used all my multis.,2020
normal,Where r e meeting tmr?,2019
normal,Mmmm ... Fuck ... Not fair ! You know my weaknesses ! *grins* *pushes you to your knee's* *exposes my belly and pulls your head to it* Don't forget ... I know yours too *wicked smile*,2018
fraud,Please CALL 08712402578 immediately as there is an urgent message waiting for you,2020
fraud,Natalja (25/F) is inviting you to be her friend. Reply YES-440 or NO-440 See her: www.SMS.ac/u/nat27081980 STOP? Send STOP FRND to 62468,2018
fraud,No. 1 Nokia Tone 4 ur mob every week! Just txt NOK to 87021. 1st Tone FREE ! so get txtin now and tell ur friends. 150p/tone. 16 reply HL 4info,2019
normal,I dont know ask to my brother. Nothing problem some thing that. Just i told .,2017
normal,We not leaving yet. Ok lor then we go elsewhere n eat. U thk...,2017
normal,JADE ITS PAUL. Y DIDN’T U TXT ME? DO U REMEMBER ME FROM BARMED? I WANT 2 TALK 2 U! TXT ME,2017
fraud,to get free access of Microsoft Azure hit on given message box link.,2018
normal,It’s all right.,2018
normal,Waiting in e car 4 my mum lor. U leh? Reach home already?,2020
normal,Oh k :)why you got job then whats up?,2020
normal,But i dint slept in afternoon.,2017
fraud,"Customer service announcement. We recently tried to make a delivery to you but were unable to do so, please call 07099833605 to re-schedule. Ref:9280114",2020
fraud,Congratulations you are awarded 500 of CD vouchers or 125gift guaranteed & Free entry to 100 wkly draw txt MUSIC to 87066 TnCs www.Ldew.com1win150ppmx3age16,2020
fraud,you are cash-balance is currently 500 INR - to maximize ur cash-in now send CASH to 86688 only 150p/msg. CC: 08708800282 HG/Suite342/2Lands Row/W1J6HL,2018
normal,"I can't right this second, gotta hit people up first",2017
normal,I'm working technical support :)voice process.,2020
normal,Watching tv lor.,2016
fraud,"Hi, the SEXYCHAT girls are waiting for you to text them. Text now for a great night chatting. send STOP to stop this service",2020
normal,Your opinion about me? 1. Over 2. Jada 3. Kusruthi 4. Lovable 5. Silent 6. Spl character 7. Not matured 8. Stylish 9. Simple Pls reply..,2019
normal,Prakesh is there know.,2019
normal,Are you in castor? You need to see something,2019
normal,Let me know if you need anything else. Salad or desert or something... How many beers shall i get?,2018
normal,There you are. Smoking is very dangerous. It is the cause of your indigestion which your dirty tongue indicates. Rich food will do you no good unless you take exercise regularly.,2017
fraud,"hello sir, i am from mtnl customer care in 23 hours your sim will be closed. do u want to activate it.",2019
normal,I cant pick the phone right now. Pls send a message,2016
normal,Pathaya enketa maraikara pa',2016
normal,With my sis lor... We juz watched italian job.,2018
normal,This is the latest and the most popular book of 2020. You will find everything written in a simple and easy way.,2019
normal,I think chennai well settled?,2016
normal,Cab is available.they pick up and drop at door steps.,2016
normal,The guy did some bitching but I acted like i'd be interested in buying something else next week and he gave it to us for free,2016
normal,Hey tmr meet at bugis 930 ?,2020
normal,Uncle Abbey! Happy New Year. Abiola,2016
normal,My uncles in Atlanta. Wish you guys a great semester.,2016
normal,Congrats. That's great. I wanted to tell you not to tell me your score cos it might make me relax. But its motivating me so thanks for sharing,2016
fraud,Camera - You are awarded a SiPix Digital Camera! call 09061221066 fromm landline. Delivery within 28 days.,2019
normal,Yeah sure. You just need to create an ID on iCloud or you can use your existing Apple ID as well.,2019
fraud,"Welcome to Select, an O2 service with added benefits. You can now call our specially trained advisors FREE from your mobile by dialling 402.",2020
normal,Wot is u up 2 then bitch?,2016
normal,Fine i miss you very much.,2016
normal,Aiyah e rain like quite big leh. If drizzling i can at least run home.,2020
normal,No need to say anything to me. I know i am an outsider,2017
normal,Hey i've booked the pilates and yoga lesson already... Haha,2019
normal,Can we get an additional serving of onions and pickle?,2020
normal,Wat makes some people dearer is not just de happiness dat u feel when u meet them but de pain u feel when u miss dem!!!,2019
normal,Ok i msg u b4 i leave my house.,2018
normal,Well obviously not because all the people in my cool college life went home ;_;,2019
normal,No it was cancelled yeah baby! Well that sounds important so i understand my darlin give me a ring later on this fone love Kate x,2020
normal,It will stop on itself. I however suggest she stays with someone that will be able to give ors for every stool.,2016
normal,Good night....take...practice going on.,2017
normal,Dont talk to him ever ok its my word.,2017
normal,Its worse if if uses half way then stops. Its better for him to complete it.,2020
normal,"You are always putting your business out there. You put pictures of your ass on facebook. You are one of the most open people i've ever met. Why would i think a picture of your room would hurt you, make you feel violated.",2016
normal,Can ü all decide faster cos my sis going home liao..,2016
normal,What you doing?how are you?,2019
normal,Ok...,2020
normal,Is that on the telly? No its Brdget Jones!,2018
normal,I think steyn surely get one wicket:),2019
normal,"Night night, see you tomorrow",2017
normal,"Mmmmm ... I loved waking to your words this morning ! I miss you too, my Love. I hope your day goes well and you are happy. I wait for us to be together again",2016
normal,Where's mummy's boy ? Is he being good or bad ? Is he being positive or negative ? Why is mummy being made to wait? Hmmmm?,2020
fraud,You have won a guaranteed £200 award or even £1000 cashto claim UR award call free on 08000407165 (18+) 2 stop getstop on 88222 PHP,2019
normal,You're right I have now that I think about it,2019
normal,Was gr8 to see that message. So when r u leaving? Congrats dear. What school and wat r ur plans.,2016
normal,True lov n care wil nevr go unrecognized. though somone often makes mistakes when valuing it. but they will definitly undrstnd once when they start missing it.,2019
normal,Leaving to qatar tonite in search of an opportunity.all went fast.please add me in your prayers dear.Rakhesh,2018
normal,So dad let’s plan something for this summer.,2020
normal,Dear i am not denying your words please,2019
normal,K..give back my thanks.,2019
fraud,"you won a lucky draw for shopping on an flipkard, provide your bank details for deposit your amount towards logistics charge.",2019
normal,We confirm eating at esplanade?,2020
normal,S:)but he had some luck.2 catches put down:),2020
normal,I got to video tape pple type in message lor. U so free wan 2 help me? Hee... Cos i noe u wan 2 watch infernal affairs so ask u along. Asking shuhui oso.,2018
fraud,Hello. We need some posh birds and chaps to user trial prods for champneys. Can i put you down? I need your address and dob asap.,2019
normal,Ok... I din get ur msg...,2020
normal,"Tick, tick, tick ... Babe",2016
normal,There's someone here that has a year  &lt;#&gt;  toyota camry like mr olayiwola's own. Mileage is  &lt;#&gt; k.its clean but i need to know how much will it sell for. If i can raise the dough for it how soon after landing will it sell. Holla back.,2019
normal,No need for the drug anymore.,2017
normal,Hi. Hope you had a good day. Have a better night.,2020
fraud,Urgent Please call 09066612661 from landline. £5000 cash or a luxury 4* Canary Islands Holiday await collection. T&Cs SAE award. 20M12AQ. 150ppm. 16+ “,2019
normal,It certainly puts things into perspective when something like this happens,2018
normal,"If e timing can, then i go w u lor...",2019
normal,Cheers for the message Zogtorius. I’ve been staring at my phone for an age deciding whether to text or not.,2020
normal,Try neva mate!!,2017
normal,But mother we haven’t experienced it.,2017
normal,ok I'll be there before 4.,2017
fraud,URGENT! We are trying to contact U. Todays draw shows that you have won a £2000 prize GUARANTEED. Call 09066358361 from land line. Claim Y87. Valid 12hrs only,2020
normal,Good morning. At the repair shop--the ONLY reason i'm up at this hour.,2018
normal,Good night my dear.. Sleepwell&amp;Take care,2018
normal,Our Prasanth ettans mother passed away last night. Just pray for her and family.,2020
fraud,"This is the 2nd time we have tried 2 contact u. U have won the 750 Pound prize. 2 claim is easy, call 08718726970 NOW! Only 10p per min. BT-national-rate ",2019
normal,Is there any movie theatre i can go to and watch unlimited movies and just pay once?,2018
normal,Love it! Daddy will make you scream with pleasure! I am going to slap your ass with my dick!,2017
fraud,Call 09095350301 and send our girls into erotic ecstacy. Just 60p/min. To stop texts call 08712460324 (nat rate),2020
normal,"Yeah, probably here for a while",2017
normal,Ding me on ya break fassyole! Blacko from londn,2020
normal,"Hey chief, can you give me a bell when you get this. Need to talk to you about this royal visit on the 1st june. ",2017
normal,"Ok I understand that you cannot give exactly 512kbps speed, but it'll be somewhere close to it. And why are you talking about submarines and insulation and all ?",2018
normal,HI DARLIN I FINISH AT 3 DO U 1 2 PICK ME UP OR MEET ME? TEXT BACK ON THIS NUMBER LUV KATE XXX,2019
normal,Dude we should go sup again,2017
normal,They are doing it to lots of places. Only hospitals and medical places are safe.,2018
normal,I'm still pretty weak today .. Bad day ?,2016
fraud,"Hi babe its Chloe, how r u? I was smashed on saturday night, it was great! How was your weekend? U been missing me? SP visionsms.com Text stop to stop 150p/text",2018
normal,Fwiw the reason I'm only around when it's time to smoke is that because of gas I can only afford to be around when someone tells me to be and that apparently only happens when somebody wants to light up,2018
fraud,"accordingly. I repeat, just text the word ok on your mobile phone and send",2018
fraud,You have won a Nokia 7250i. This is what you get when you win our FREE auction. To take part send Nokia to 86021 now.,2020
normal,"Both, i shoot big loads so get ready!",2020
normal,It's justbeen overa week since we broke up and already our brains are going to mush!,2016
normal,No wonder... Cos i dun rem seeing a silver car... But i thk i saw a black one...,2016
normal,Teach me apps da. When you come to college.,2017
normal,"Haha good to hear, I'm officially paid and on the market for an 8th.",2017
normal,Also track down any lighters you can find,2019
fraud,"hello sir, Are you using bhim/upi , sir you have to upgrate your bhim/upi othr wise you account will be block.",2019
normal,"Short But Cute : "" Be a good person , but dont try to prove"" ..... Gud mrng...",2020
normal,Same as kallis dismissial in 2nd test:-).,2017
normal,Oh really? That’s great. What’s your plan? Can you share it with me?,2018
normal,Have a great trip to India. And bring the light to everyone not just with the project but with everyone that is lucky to see you smile. Bye. Abiola,2017
normal,What did you do today?,2016
normal,Ummmmmaah Many many happy returns of d day my dear sweet heart.. HAPPY BIRTHDAY dear,2017
normal,Crazy ar he's married. Ü like gd looking guys not me. My frens like say he's korean leona's fave but i dun thk he is. Aft some thinking mayb most prob i'll go.,2018
normal,K.k.how is your business now?,2018
normal,"I'm outside islands, head towards hard rock and you'll run into me",2017
fraud,You have an important customer service announcement from PREMIER. Call FREEPHONE 0800 542 0578 now!,2018
normal,Wait . I will msg after  &lt;#&gt;  min.,2018
normal,IM LATE TELLMISS IM ON MY WAY,2020
normal,Of ourse can learn i'm not so ba dao ok... 1 pm lor... why you never ask where we go ah... I said you would ask on fri but he said you will ask today...,2016
normal,Just got outta class gonna go gym.,2016
normal,"'An Amazing Quote'' - ""Sometimes in life its difficult to decide whats wrong!! a lie that brings a smile or the truth that brings a tear....""",2017
normal,Asking do u knw them or nt? May be ur frnds or classmates?,2018
normal,Good day to You too.Pray for me.Remove the teeth as its painful maintaining other stuff.,2018
normal,I am working as a Software Engineer.,2019
normal,Carlos says he'll be at mu in  &lt;#&gt;  minutes,2019
normal,"Storming msg: Wen u lift d phne, u say ""HELLO"" Do u knw wt is d real meaning of HELLO?? . . . It's d name of a girl..! . . . Yes.. And u knw who is dat girl?? ""Margaret Hello"" She is d girlfrnd f Grahmbell who invnted telphone... . . . . Moral:One can 4get d name of a person, bt not his girlfrnd... G o o d n i g h t . . .@",2019
normal,"Sorry my roommates took forever, it's ok if I come by now?",2016
normal,"The fact that you're cleaning shows you know why i'm upset. Your priority is constantly ""what i want to do,"" not ""what i need to do.""",2020
normal,"I have been so busy with my new job that I have not had the time to do much else but otherwise, me and the family are all fine.",2018
normal,Actually i deleted my old website..now i am blogging at magicalsongs.blogspot.com,2018
normal,Ü give me some time to walk there.,2020
normal,Left dessert. U wan me 2 go suntec look 4 u?,2016
normal,WE REGRET TO INFORM U THAT THE NHS HAS MADE A MISTAKE.U WERE NEVER ACTUALLY BORN.PLEASE REPORT 2 YOR LOCAL HOSPITAL 2B TERMINATED.WE R SORRY 4 THE INCONVENIENCE,2017
normal,"I'm in a meeting, call me later at",2020
normal,I decided to do it.,2020
normal,"Hiya, probably coming home * weekend after next",2019
normal,"Good! No, don‘t need any receipts—well done! (…) Yes, please tell . What‘s her number, i could ring her",2018
normal,No problem. How are you doing?,2018
normal,I wish! I don't think its gonna snow that much. But it will be more than those flurries we usually get that melt before they hit the ground. Eek! We haven't had snow since &lt;#&gt; before I was even born!,2018
normal,I'll let you know when it kicks in,2016
normal,Oh... Okie lor...We go on sat... ,2019
normal,Ok that's great thanks a lot.,2016
normal,First has she gained more than  &lt;#&gt; kg since she took in. Second has she done the blood sugar tests. If she has and its ok and her blood pressure is within normal limits then no worries,2017
normal,Just sleeping..and surfing.,2017
normal,I could ask carlos if we could get more if anybody else can chip in,2017
normal,R ü comin back for dinner?,2016
normal,Wat would u like 4 ur birthday?,2016
normal,You are a great role model. You are giving so much and i really wish each day for a miracle but God as a reason for everything and i must say i wish i knew why but i dont. I've looked up to you since i was young and i still do. Have a great day.,2019
fraud,"Hello sir , i am from paytm bank.",2018
normal,What to think no one saying clearly. Ok leave no need to ask her. I will go if she come or not,2016
normal,Gimme a few was  &lt;#&gt;  minutes ago,2020
normal,No just send to you. Bec you in temple na.,2017
normal,Hey you told your name to gautham ah?,2018
normal,"Well, i'm gonna finish my bath now. Have a good...fine night.",2019
normal,Yes but I study text books very carefully.,2020
fraud,Warner Village 83118 C Colin Farrell in SWAT this wkend @Warner Village & get 1 free med. Popcorn!Just show msg+ticket@kiosk.Valid 4-7/12. C t&c @kiosk. Reply SONY 4 mre film offers,2019
fraud,+123 Congratulations - in this week's competition draw u have won the £1450 prize to claim just call 09050002311 b4280703. T&Cs/stop SMS 08718727868. Over 18 only 150ppm,2019
normal,Nope i waiting in such for daddy... ,2018
normal,It was I who telephoned you yesterday.,2020
normal,Yes its possible but dint try. Pls dont tell to any one k,2020
normal,What time is ur flight tmr?,2018
fraud,FreeMsg: Fancy a flirt? Reply DATE now & join the UKs fastest growing mobile dating service. Msgs rcvd just 25p to optout txt stop to 83021. Reply DATE now!,2018
normal,It just seems like weird timing that the night that all you and g want is for me to come smoke is the same day as when a shitstorm is attributed to me always coming over and making everyone smoke,2017
normal,"We spend our days waiting for the ideal path to appear in front of us.. But what we forget is.. ""paths are made by walking.. not by waiting.."" Goodnight!",2020
normal,"When people see my msgs, They think Iam addicted to msging... They are wrong, Bcoz They don\'t know that Iam addicted to my sweet Friends..!! BSLVYL",2017
normal,K I'll call you when I'm close,2020
normal,&lt;#&gt;  w jetton ave if you forgot,2020
normal,Then wat r u doing now? Busy wif work?,2017
normal,I'm in office now . I will call you  &lt;#&gt;  min:),2019
normal,"Well done, blimey, exercise, yeah, i kinda remember would that is, hmm. ",2017
fraud,"For your chance to WIN a FREE Bluetooth Headset then simply reply back with ""ADP""",2019
normal,"Oh Hi Ankita, I am doing good. What about you?",2017
fraud,"Want to funk up ur fone with a weekly new tone reply TONES2U 2 this text. www.ringtones.co.uk, the original n best. Tones 3GBP network operator rates apply",2018
normal,Can you talk with me..,2019
normal,Just chill for another 6hrs. If you could sleep the pain is not a surgical emergency so see how it unfolds. Okay,2020
normal,Sorry that took so long.,2018
normal,"Nothing really, just making sure everybody's up to speed",2020
normal,C movie is juz last minute decision mah. Juz watch 2 lar but i tot ü not interested.,2018
normal,"Hmm well, night night ",2016
normal,Hurry home u big butt. Hang up on your last caller if u have to. Food is done and I'm starving. Don't ask what I cooked.,2020
normal,"Helloooo... Wake up..! ""Sweet"" ""morning"" ""welcomes"" ""You"" ""Enjoy"" ""This Day"" ""with full of joy"".. ""GUD MRNG"".",2016
fraud,"Mila, age23, blonde, new in UK. I look sex with UK guys. if u like fun with me. Text MTALK to 69866.18 . 30pp/txt 1st 5free. £1.50 increments. Help08718728876",2019
normal,Yup n her fren lor. I'm meeting my fren at 730.,2020
fraud,U have a secret admirer who is looking 2 make contact with U-find out who they R*reveal who thinks UR so special-call on 09058094599,2018
normal,Are you wet right now?,2016
normal,You dont know you jabo me abi.,2018
normal,"Hiya , have u been paying money into my account? If so, thanks. Got a pleasant surprise when i checked my balance -u c, i don't get statements 4 that acc",2018
normal,No rushing. I'm not working. I'm in school so if we rush we go hungry.,2017
normal,Why she wants to talk to me,2016
normal,"Hi elaine, is today's meeting confirmed?",2019
normal,Sir because you are technical person I had to explain to you all the details that will affect the speed of your connection.,2017
normal,"No dice, art class 6 thru 9 :( thanks though. Any idea what time I should come tomorrow?",2018
normal,Was the actual exam harder than NBME,2018
normal,Most of the lessons of the book are totally unknown and I do not understand about the system of book.,2019
normal,Went fast asleep dear.take care.,2016
normal,"Sad story of a Man - Last week was my b'day. My Wife did'nt wish me. My Parents forgot n so did my Kids . I went to work. Even my Colleagues did not wish. As I entered my cabin my PA said, '' Happy B'day Boss !!''. I felt special. She askd me 4 lunch. After lunch she invited me to her apartment. We went there. She said,'' do u mind if I go into the bedroom for a minute ? '' ''OK'', I sed in a sexy mood. She came out 5 minuts latr wid a cake...n My Wife, My Parents, My Kidz, My Friends n My Colleagues. All screaming.. SURPRISE !! and I was waiting on the sofa.. ... ..... ' NAKED...!",2020
normal,Go where n buy? Juz buy when we get there lar.,2017
normal,Mmmmmmm *snuggles into you* ...*deep contented sigh* ... *whispers* ... I fucking love you so much I can barely stand it ...,2016
normal,You may say so. Our managing committee keeps a watchful eye on our academic progress. Our teachers always try to identify the weakness in various subjects of our students and take necessary steps to overcome it.,2017
normal,Lol ok. I'll snatch her purse too.,2016
normal,they released another Italian one today and it has a cosign option,2018
normal,That sucks. I'll go over so u can do my hair. You'll do it free right?,2017
normal,Understand. his loss is my gain :) so do you work? School?,2018
normal,How i noe... Did ü specify da domain as nusstu... Ü still in sch...,2017
normal,What can i do? Might accidant tookplace between somewhere ghodbandar rd. Traffic moves slovely. So plz slip &amp; don't worry.,2020
normal,Do you work all this week ?,2017
fraud,"hello, you have won 10000 INR, do you want to deposit it in your bank account.",2019
normal,Great to hear that. I will surely help you out. Are these campus interviews or off-campus ones?,2017
normal,Dad went out oredi... ,2019
fraud,"Sir, I am speaking from ICICI Bank.  Do you want to open your new account?",2018
normal,Yes.i'm in office da:),2020
normal,Hey!!! I almost forgot ... Happy B-day babe ! I love ya!!,2017
normal,"Babe ! How goes that day ? What are you doing ? Where are you ? I sip my cappuccino and think of you, my love ... I send a kiss to you from across the sea",2020
normal,"Just sent you an email – to an address with incomm in it, is that right?",2017
normal,Ok lor but not too early. Me still having project meeting now.,2017
normal,"Playin space poker, u?",2019
normal,Actually I have done a deal with a trading company and they are going to bring the product for me.,2019
normal,"Sir, how has your college made such a glorious result this year?",2019
normal,Then its most likely called Mittelschmertz. Google it. If you dont have paracetamol dont worry it will go.,2016
normal,Yes:)here tv is always available in work place.,2016
normal,Your gonna have to pick up a $1 burger for yourself on your way home. I can't even move. Pain is killing me.,2018
fraud,Do you want a NEW video phone750 anytime any network mins 150 text for only five pounds per week call 08000776320 now or reply for delivery tomorrow,2018
normal,"Oh hey, I didn’t see you there. Did you already get a table?",2016
normal,Dear umma she called me now :-),2016
normal,I had askd u a question some hours before. Its answer,2019
normal,And what may be the matter with you? You are looking much pulled down.,2019
normal,Happy New Year Princess!,2017
normal,You busy or can I come by at some point and figure out what we're doing tomorrow,2016
normal,o turns out i had stereo love on mi phone under the unknown album.,2016
normal,O we cant see if we can join denis and mina? Or does denis want alone time,2018
normal,"I don't have anybody's number, I still haven't thought up a tactful way to ask alex",2017
normal,"Sorry, I'll call later",2017
normal,Are you available for soiree on June 3rd?,2018
normal,Nope... Juz off from work...,2016
normal,"Buzz! Hey, my Love ! I think of you and hope your day goes well. Did you sleep in ? I miss you babe. I long for the moment we are together again*loving smile*",2019
normal,So when you gonna get rimac access ,2019
normal,Yes sir. It’s time to get on board.,2016
normal,Any pain on urination any thing else?,2020
normal,What Today-sunday..sunday is holiday..so no work..,2020
normal,I will reach before ten morning,2016
normal,No. It's not pride. I'm almost  &lt;#&gt;  years old and shouldn't be takin money from my kid. You're not supposed to have to deal with this stuff. This is grownup stuff--why i don't tell you.,2020
normal,Nvm it's ok...,2020
normal,I dont know exactly could you ask chechi.,2020
normal,Ok i thk i got it. Then u wan me 2 come now or wat?,2017
normal,Aiyo a bit pai seh ü noe... Scared he dun rem who i am then die... Hee... But he become better lookin oredi leh...,2020
normal,LOL ... No just was busy,2016
fraud,"Someone has contacted our dating service and entered your phone becausethey fancy you! To find out who it is call from a landline 09058098002. PoBox1, W14RG 150p",2020
normal,Nan sonathaya soladha. Why boss?,2016
normal,Hasn't that been the pattern recently crap weekends?,2019
fraud,Natalie (20/F) is inviting you to be her friend. Reply YES-165 or NO-165 See her: www.SMS.ac/u/natalie2k9 STOP? Send STOP FRND to 62468,2020
normal,"Ok that would b lovely, if u r sure. Think about wot u want to do, drinkin, dancin, eatin, cinema, in, out, about... Up to u! Wot about ? ",2017
normal,Is xy going for lunch?,2019
normal,"Come to me right now, Ahmad",2017
normal,"Probably gonna be here for a while, see you later tonight &lt;)",2017
normal,Okay lor... Wah... like that def they wont let us go... Haha... What did they say in the terms and conditions?,2018
normal,Does she usually take fifteen fucking minutes to respond to a yes or no question,2017
normal,Noooooooo please. Last thing I need is stress. For once in your life be fair.,2016
normal,"Alright if you're sure, let me know when you're leaving",2018
normal,"Science tells that chocolate will melt under the sunlight. Please don't walk under the sunlight. BCoz,I don't want to loss a sweet friend.",2018
normal,Nothing just getting msgs by dis name wit different no's..,2020
normal,Kind of. Took it to garage. Centre part of exhaust needs replacing. Part ordered n taking it to be fixed tomo morning.,2020
normal,Hi mate its RV did you hav a nice hol just a message 3 say hello becose haven'’t sent you one in ages started driving so stay off roads!,2020
normal,"So many people seems to be special at first sight, But only very few will remain special to you till your last sight.. Maintain them till life ends.. Sh!jas",2020
normal,Really... I tot ur paper ended long ago... But wat u copied jus now got use? U happy lar... I still haf 2 study :-(,2020
normal,I got lousy sleep. I kept waking up every 2 hours to see if my cat wanted to come in. I worry about him when its cold :(,2017
normal,"Yes, I have created a resume. I hope it does the job.",2017
normal,"Gumby's has a special where a  &lt;#&gt; "" cheese pizza is $2 so I know what we're doin tonight",2017
fraud,"URGENT! Your mobile No 07xxxxxxxxx won a £2,000 bonus caller prize on 02/06/03! this is the 2nd attempt to reach YOU! call 09066362231 ASAP! BOX97N7QP, 150PPM",2020
normal,"said kiss, kiss, i can't do the sound effects! He is a gorgeous man isn't he! Kind of person who needs a smile to brighten his day! ",2020
normal,Ok im not sure what time i finish tomorrow but i wanna spend the evening with you cos that would be vewy vewy lubly! Love me xxx,2019
normal,Normally i use to drink more water daily:),2020
normal,Horrible you eat macs eat until u forgot about me already rite... U take so long 2 reply. I thk it's more toot than b4 so b prepared. Now wat shall i eat?,2018
normal,Omg it could snow here tonite!,2016
fraud,Well done ENGLAND! Get the official poly ringtone or colour flag on yer mobile! text TONE or FLAG to 84199 NOW! Opt-out txt ENG STOP. Box39822 W111WX £1.50,2018
normal,Ok which your another number,2020
normal,"Thats a bit weird, even ?- where is the do supposed to be happening? But good idea, sure they will be in pub!",2020
normal,Ok i'm coming home now.,2019
normal,How much is torch in 9ja.,2018
normal,Holy living christ what is taking you so long,2016
normal,"Sez, hows u & de arab boy? Hope u r all good give my love 2 evry1 love ya eshxxxxxxxxxxx",2016
normal,Mathews or tait or edwards or anderson,2017
normal,Delhi and chennai still silent.,2018
normal,I will pay with my debit card.,2017
normal,"Cool, text me when you head out",2020
fraud,As a valued network customer you have been selected to receive 9000 INR prize reward! To claim call 09061701461. Claim code KL341. Valid 12 hours only.,2018
normal,I will lick up every drop :) are you ready to use your mouth as well?,2017
normal,"Forgot you were working today! Wanna chat, but things are ok so drop me a text when you're free / bored etc and i'll ring. Hope all is well, nose essay and all xx",2020
normal,"Sir, I want to know about necessity of learning English.",2020
normal,THIS IS A LONG FUCKIN SHOWR,2016
normal,Where do you need to go to get it?,2019
normal,"Dear all, as we know  &lt;#&gt; th is the  &lt;#&gt; th birthday of our loving Gopalettan. We are planning to give a small gift on that day. Those who like to participate in that you are welcome. Please contact our admin team for more details",2016
normal,"Anything else, sir?",2019
normal,"Only just got this message, not ignoring you. Yes, i was. Shopping that is",2019
normal,But your brother transfered only  &lt;#&gt;  +  &lt;#&gt; . Pa.,2017
normal,I got your back! Do you have any dislikes in bed?,2020
normal,Ok i shall tell the company,2019
normal,"Sorry, I'll call later",2019
normal,Dont know you bring some food,2016
normal,My love ! How come it took you so long to leave for Zaher's? I got your words on ym and was happy to see them but was sad you had left. I miss you,2019
normal,Well welp is sort of a semiobscure internet thing,2018
normal,That sounds wonderful.,2019
normal,I plan to give on this month end.,2019
normal,Unni thank you dear for the recharge..Rakhesh,2018
normal,Well if I'm that desperate I'll just call armand again,2017
normal,at bruce b downs &amp; fletcher now,2018
normal,"Don't worry though, I understand how important it is that I be put in my place with a poorly thought out punishment in the face of the worst thing that has ever happened to me. Brb gonna go kill myself",2018
normal,How abt making some of the pics bigger?,2017
normal,Have a good evening! Title.,2017
normal,"Yeah, I see. How can I continue my study?",2017
normal,"It's fine, imma get a drink or something. Want me to come find you?",2016
normal,So how's scotland. Hope you are not over showing your JJC tendencies. Take care. Live the dream,2017
normal,Your account has been refilled successfully by INR  &lt;DECIMAL&gt; . Your KeralaCircle prepaid account balance is Rs  &lt;DECIMAL&gt; . Your Transaction ID is KR &lt;#&gt; .,2020
normal,"Storming msg: Wen u lift d phne, u say ""HELLO"" Do u knw wt is d real meaning of HELLO?? . . . It's d name of a girl..! . . . Yes.. And u knw who is dat girl?? ""Margaret Hello"" She is d girlfrnd f Grahmbell who invnted telphone... . . . . Moral:One can 4get d name of a person, bt not his girlfrnd... G o o d n i g h t . . .@",2019
fraud,"hello sir, i am from obi bank, sir i have call you for your bank account verification do you want verify your account. sir then tell me your aadhar card number and pan card and your debit/credit card number.",2018
normal,How much you got for cleaning,2018
normal,We left already we at orchard now.,2016
normal,Den wat will e schedule b lk on sun?,2017
normal,"I am the principal of your school. I have sent you a link, click on it. And pay fee.177. Will you go for a walk with me?",2018
normal,Also are you bringing galileo or dobby.,2017
normal,Okie but i scared u say i fat... Then u dun wan me already...,2016
normal,You call him and tell now infront of them. Call him now.,2018
normal,Would you mind telling me about it.,2020
normal,Did u download the fring app?,2018
normal,Hello handsome ! Are you finding that job ? Not being lazy ? Working towards getting back that net for mummy ? Where's my boytoy now ? Does he miss me ?,2019
normal,I am late. I will be there at,2018
normal,"Sir, it is INR 29,000. This is also with extended warranty",2017
normal,"It'll be tough, but I'll do what I have to",2016
normal,I love to give massages. I use lots of baby oil... What is your fave position?,2019
normal,Nobody names their penis a girls name this story doesn't add up at all,2017
normal,This pay is  &lt;DECIMAL&gt lakhs.,2019
normal,"Well, doctor, I have traveled a long distance to consult you. Would you please diagnose my disease?",2019
normal,If i not meeting ü all rite then i'll go home lor. If ü dun feel like comin it's ok.,2016
normal,I tagged MY friends that you seemed to count as YOUR friends.,2017
normal,It has issues right now. Ill fix for her by tomorrow.,2017
fraud,"Urgent UR awarded a complimentary trip to EuroDisinc Trav, Aco&Entry41 Or £1000. To claim txt DIS to 87121 18+6*£1.50(moreFrmMob. ShrAcomOrSglSuplt)10, LS1 3AJ",2018
normal,Near kalainar tv office.thenampet,2018
normal,Ah poop. Looks like ill prob have to send in my laptop to get fixed because it has a gpu problem,2019
normal,I hate when she does this. She turns what should be a fun shopping trip into an annoying day of how everything would look in her house.,2018
normal,Jason says it's cool if we pick some up from his place in like an hour,2019
normal,All my data will be deleted?,2016
normal,Wen did you get so spiritual and deep. That's great,2016
normal,Our ride equally uneventful - not too many of those pesky cyclists around at that time of night ;).,2020
normal,I see a cup of coffee animation.,2020
fraud,"Hello sir , i am from sbi bank.",2019
normal,Oh for fuck's sake she's in like tallahassee,2020
normal,"Thanks, I'll keep that in mind",2018
normal,S.i'm watching it in live..,2018
normal,"Gosh that , what a pain. Spose I better come then.",2017
normal,Bugis oso near wat... ,2017
normal,"U wake up already? What u doing? U picking us up later rite? I'm taking sq825, reaching ard 7 smth 8 like dat. U can check e arrival time. C ya soon...",2018
normal,Just sing HU. I think its also important to find someone female that know the place well preferably a citizen that is also smart to help you navigate through. Even things like choosing a phone plan require guidance. When in doubt ask especially girls.,2020
normal,NONE!NOWHERE IKNO DOESDISCOUNT!SHITINNIT,2019
normal,I've reached home finally...,2016
normal,I don't run away frm u... I walk slowly &amp; it kills me that u don't care enough to stop me...,2018
normal,I'm ok with it because i like to try new things. But i scared you done like me. because you said not too loud. ,2016
normal,"&lt;#&gt;  is fast approaching. So, Wish u a very Happy New Year Happy Sankranti Happy republic day Happy Valentines Day Happy Shivratri Happy Ugadi Happy Fools day Happy May Day Happy Independence Day, Happy Friendship,Mother,Father,Teachers,Childrens Day, &amp; HAPPY BIRTHDAY 4 U. Happy Ganesh festival Happy Dasara Happy Diwali Happy Christmas  &lt;#&gt;  Good Mornings Afternoons, Evenings Nights. RememberI AM the first to WISHING U ALL THESE...your's Raj",2016
normal,Ok lor.,2017
normal,Saw Guys and Dolls last night with Patrick Swayze it was great,2020
normal,Oh oh... Wasted... Den muz chiong on sat n sun liao...,2020
fraud,"You've won tkts to the EURO2004 CUP FINAL or £800 CASH, to collect CALL 09058099801 b4190604, POBOX 7876150ppm",2019
normal,Nah im goin 2 the wrks with j wot bout u?,2017
normal,"Hurry up, I've been weed-deficient for like three days",2016
fraud,"you won a lucky draw for shopping on an myntra, provide your bank details for deposit your amount towards logistics charge.",2019
normal,It will be done by next month.,2017
fraud,"URGENT! You have won a 1 week FREE membership in our £100,000 Prize Jackpot! Txt the word: CLAIM to No:",2019
normal,Yup... Hey then one day on fri we can ask miwa and jiayin take leave go karaoke ,2020
fraud,"FREE RING TONE just text ""POLYS"" to 87131. Then every week get a new tone. 0870737910216yrs only £1.50/wk.",2018
normal,Have you seen who's back at Holby?!,2020
normal,What about pollution from fireworks on Diwali?,2019
normal,Thanks for looking out for me. I really appreciate.,2016
fraud,URGENT This is our 2nd attempt to contact U. Your £900 prize from YESTERDAY is still awaiting collection. To claim CALL NOW 09061702893. ACL03530150PM,2020
normal,Yeah jay's sort of a fucking retard,2020
normal,Okay name your price as long as its legal! When can I pick them up?,2018
normal,Also where's the piece,2016
normal,"You have come into my life and brought the sun ..Shiny down on me, warming my heart. Putting a constant smile on my face ... Making me feel loved and cared for",2017
normal,Good morning princess! Happy New Year!,2019
fraud,Update_Now - 12Mths Half Price Orange line rental: 400mins...Call MobileUpd8 on 08000839402 or call2optout=J5Q,2019
normal,"Wen ur lovable bcums angry wid u, dnt take it seriously.. Coz being angry is d most childish n true way of showing deep affection, care n luv!.. kettoda manda... Have nice day da.",2019
normal,Can you call me plz. Your number shows out of coveragd area. I have urgnt call in vasai &amp; have to reach before 4'o clock so call me plz,2019
fraud,22 days to kick off! For Euro2004 you will be kept up to date with the latest news and results daily. To be removed send GET TXT STOP to 83222,2019
fraud,December only! Had your mobile 11mths+? You are entitled to update to the latest colour camera mobile for Free! Call The Mobile Update VCo FREE on 08002986906 ,2020
normal,"I'm in a meeting, call me later at",2016
normal,Check in your beloved dict,2019
normal,Pls send me your address sir.,2016
normal,Hi:)cts employee how are you?,2019
fraud,"You are being contacted by our Dating Service by someone you know! To find out who it is, call from your mobile or landline 09064017305 PoBox75LDNS7 ",2018
normal,"Very hurting n meaningful lines ever: ""I compromised everything for my love, But at d end my love compromised me for everything:-("".. Gud mornin:-)",2018
normal,"Hello, As per request from  &lt;#&gt;  Rs.5 has been transfered to you",2016
normal,"Sir, we are giving you a 1-year standard warranty, plus an additional 2 years from our side.",2016
normal,"She was supposed to be but couldn't make it, she's still in town though",2016
normal,Please attend the phone:),2016
normal,Ok.ok ok..then..whats ur todays plan,2016
normal,When did you get to the library,2016
normal,No problem. I will send to your email.,2016
normal,Was doing my test earlier. I appreciate you. Will call you tomorrow.,2017
normal,Well. You know what i mean. Texting,2018
normal,Ok then i will come to ur home after half an hour,2018
normal,Haiyoh... Maybe your hamster was jealous of million,2019
normal,Carry on not disturbing both of you,2020
normal,Ok i wont call or disturb any one. I know all are avoiding me. I am a burden for all,2016
normal,"Merry Christmas to you too babe, i love ya *kisses*.",2017
normal,I've sent my wife your text. After we buy them she'll tell you what to do. So just relax. We should go get them this wkend.,2017
normal,Is xy in ur car when u picking me up?,2019
normal,"Night has ended for another day, morning has come in a special way. May you smile like the sunny rays and leaves your worries at the blue blue bay.",2019
normal,"Aiyo... Her lesson so early... I'm still sleepin, haha... Okie, u go home liao den confirm w me lor...",2018
normal,We earn to live happily.,2019
normal,How are you with moneY...as in to you...money aint a thing....how are you sha!,2019
normal,"Ok, I think it’s not bad. Pack it up, please.",2018
fraud,WIN a year supply of CDs 4 a store of ur choice worth £500 & enter our £100 Weekly draw txt MUSIC to 87066 Ts&Cs www.Ldew.com.subs16+1win150ppmx3,2018
normal,And miss vday the parachute and double coins??? U must not know me very well...,2017
normal,"Sounds gd... Haha... Can... Wah, u yan jiu so fast liao...",2016
normal,So its to be poking man everyday that they teach you in canada abi! How are you. Just saying hi.,2016
normal,Friends that u can stay on fb chat with,2017
normal,It only does simple arithmetic not percentages.,2020
normal,I got a call from a landline number. . . I am asked to come to anna nagar . . . I will go in the afternoon,2019
normal,What's nannys address?,2020
normal,"Edison has rightly said, ""A fool can ask more questions than a wise man can answer"" Now you know why all of us are speechless during ViVa.",2019
normal,These won't do. Have to move on to morphine,2018
normal,Hmm. Shall i bring a bottle of wine to keep us amused? Just joking! I'll still bring a bottle. Red or white? See you tomorrow,2016
normal,I accidentally deleted the message. Resend please.,2017
normal,We will definitely pass on your message to your fans. Could you please tell me something about your upcoming movie?,2016
normal,"Hello, hello, hi lou sorry it took so long 2 reply- I left mobile at friends in Lancaster, just got it bak Neway im sorry I couldn’t make ur b’day 2 hun!",2017
normal,I cant pick the phone right now. Please and a message,2017
normal,"hii,",2019
normal,Where is that one day training:-),2020
normal,you always work. Just quit.,2018
normal,Watching tv lor. Nice one then i like lor.,2020
normal,Po de :-):):-):-):-). No need job aha.,2019
normal,I'm in class. Did you get my text.,2018
normal,I can't believe how attached I am to seeing you every day. I know you will do the best you can to get to me babe. I will go to teach my class at your midnight,2017
fraud,"Had your contract mobile 11 Mnths? Latest Motorola, Nokia etc. all FREE! Double Mins & Text on Orange tariffs. TEXT YES for callback, no to remove from records",2020
normal,Great. I was getting worried about you. Just know that a wonderful and caring person like you will have only the best in life. Know that u r wonderful and God's love is yours.,2018
fraud,Sunshine Quiz Weekly quize! Win a top Sony DVD call 789654123.,2019
fraud,you have a secret admirer. REVEAL who thinks you are So special. Call 09065174042. To opt out Reply REVEAL STOP. 1.50 per message record. Customer care 07821230901,2018
fraud,Send a logo 2 ur lover - 2 names joined by a heart. Txt LOVE NAME1 NAME2 MOBNO eg LOVE ADAM EVE 07123456789 to 87077 Yahoo! POBox36504W45WQ TxtNO 4 no ads 150p.,2019
normal,"Call me. I m unable to cal. Lets meet bhaskar, and deep",2016
normal,How many times i told in the stage all use to laugh. You not listen aha.,2020
normal,I REALLY NEED 2 KISS U I MISS U MY BABY FROM UR BABY 4EVA,2017
normal,I'm leaving my house now.,2016
fraud,Get the official ENGLAND poly ringtone or colour flag on yer mobile for tonights game! Text TONE or FLAG to 84199. Optout txt ENG STOP Box39822 W111WX £1.50,2018
normal,Customer place i will call you.,2016
normal,"Sorry man, my stash ran dry last night and I can't pick up more until sunday",2016
normal,And also I've sorta blown him off a couple times recently so id rather not text him out of the blue looking for weed,2019
normal,Ü comin to fetch us oredi...,2018
normal,SO IS TH GOWER MATE WHICH IS WHERE I AM!?! HOW R U MAN? ALL IS GOOD IN WALES ILL B BACK ‘MORROW. C U THIS WK? WHO WAS THE MSG 4? – RANDOM!,2016
normal,Soon. I have signed a movie.,2020
fraud,four months half price Orange line rental & latest camera phones 4 FREE. Had your phone 11mths ? Call MobilesDirect free on 08000938767 to update now.,2019
normal,Lol well don't do it without me. We could have a big sale together.,2016
normal,U having lunch alone? I now so bored...,2016
normal,Lol great now im getting hungry.,2017
normal,It vl bcum more difficult..,2017
normal,Nothing. It’s the smell of smoking.,2018
normal,Okay. I've seen it. So i should pick it on friday?,2016
fraud,to get free AWS cloud account hit on given message box link.,2020
normal,Erutupalam thandiyachu,2017
normal,I love your ass! Do you enjoy doggy style? :),2017
normal,K k pa Had your lunch aha.,2020
normal,"Haven't found a way to get another app for your phone, eh ? Will you go to the net cafe ? Did you take that job? Geeee I need you babe. I crave to see you ...",2018
normal,U coming 2 pick me?,2017
normal,She went to attend another two rounds today..but still did't reach home..,2019
fraud,Missed call alert. These numbers called but left no message. 07008009200,2020
normal,Those cocksuckers. If it makes you feel better ipads are worthless garbage novelty items and you should feel bad for even wanting one,2018
normal,I'm so in love with you. I'm excited each day i spend with you. You make me so happy.,2016
normal,"She said,'' do u mind if I go into the bedroom for a minute ? '' ''OK'', I sed in a sexy mood. She came out 5 minuts latr wid a cake...n My Wife,",2016
normal,Don't know..wait i will check it.,2020
normal,Hope this text meets you smiling. If not then let this text give you a reason to smile. Have a beautiful day.,2016
fraud,hello i am from income text department you have not registered your aadhar to your pan card. please tell me your aadhar number to coonect to your pan card.,2019
normal,All e best 4 ur exam later.,2018
normal,Thanks for understanding. I've been trying to tell sura that.,2020
normal,Sorry sent blank msg again. Yup but trying 2 do some serious studying now.,2017
normal,Awww dat is sweet! We can think of something to do he he! Have a nice time tonight ill probably txt u later cos im lonely :( xxx.,2018
normal,My phone,2018
normal,Your daily text from me – a favour this time,2016
normal,I cant pick the phone right now. Pls send a message,2017
normal,"Everything is good, sir. My final semester exams of MBA are complete and I want some tricks and tips to crack the job interviews.",2020
normal,Good morning princess! How are you?,2017
normal,"Some friends want me to drive em someplace, probably take a while",2017
normal,"Awesome, I remember the last time we got somebody high for the first time with diesel.",2017
normal,Haha i think i did too,2020
normal,Are we only supposed to discuss the problems with the solutions?,2016
normal,"When you miss someone, the person is definitely special for you. But if the person is so special, why to miss them, just Keep-in-touch good evening.",2016
normal,"Give her something to drink, if she takes it and doesn't vomit then you her temp might drop. If she unmits however let me know.",2016
normal,Was playng 9 doors game and gt racing on phone lol,2017
normal,I am not having her number sir,2018
normal,Printer is cool. I mean groovy. Wine is groovying,2020
normal,Joy's father is John. Then John is the ____ of Joy's father. If u ans ths you hav  &lt;#&gt;  IQ. Tis s IAS question try to answer.,2018
normal,"Yeah, where's your class at?",2017
normal,Do you think i can move  &lt;#&gt;  in a week,2018
normal,Thanks for loving me so. You rock,2020
fraud,Would you like to see my XXX pics they are so hot they were nearly banned in the uk!,2018
normal,WOT STUDENT DISCOUNT CAN U GET ON BOOKS?,2017
normal,Is it your yahoo boys that bring in the perf? Or legal.,2020
normal,It's ok i wun b angry. Msg u aft i come home tonight.,2018
normal,Lol I was gonna last month. I cashed some in but I left &lt;#&gt; just in case. I was collecting more during the week cause they announced it on the blog.,2020
normal,Gettin rdy to ship comp,2017
normal,No da. . Vijay going to talk in jaya tv,2016
normal,Hello my little party animal! I just thought I'd buzz you as you were with your friends ...*grins*... Reminding you were loved and send a naughty adoring kiss,2016
normal,Must come later.. I normally bathe him in da afternoon mah..,2018
normal,You didnt complete your gist oh.,2018
normal,"* Was really good to see you the other day dudette, been missing you!",2019
normal,"I'm back, lemme know when you're ready.",2018
normal,"Sorry that took so long, omw now",2016
normal,"The guy at the car shop who was flirting with me got my phone number from the paperwork and called and texted me. I'm nervous because of course now he may have my address. Should i call his boss and tell him, knowing this may get him fired?",2018
fraud,HI BABE I AM AT HOME NOW WANNA DO SOMETHING? XXX,2020
normal,Yup it's at paragon... I havent decided whether 2 cut yet... Hee...,2018
normal,"He has lots of used ones babe, but the model doesn't help. You have to bring it over and he'll match it up.",2020
normal,Good. do you think you could send me some pix? I would love to see your top and bottom...,2016
normal,"He is impossible to argue with and he always treats me like his sub, like he never released me ... Which he did and I will remind him of that if necessary",2020
normal,"Wen ur lovable bcums angry wid u, dnt take it seriously.. Coz being angry is d most childish n true way of showing deep affection, care n luv!.. kettoda manda... Have nice day da.",2016
normal,O. Guess they both got screwd,2017
normal,U repeat e instructions again. Wat's e road name of ur house?,2017
normal,Eh den sat u book e kb liao huh...,2019
normal,Your dad is back in ph?,2019
normal,"Hey sorry I didntgive ya a a bellearlier hunny,just been in bedbut mite go 2 thepub l8tr if uwana mt up?loads a luv Jenxxx.",2017
normal,Sos! Any amount i can get pls.,2019
normal,Sent me de webadres for geting salary slip,2016
fraud,3. You have received your mobile content. Enjoy,2020
normal,"It’s a false notion. People hate smokers. Besides, smoking the beginning of drug addiction.",2018
normal,You could have seen me..i did't recognise you Face.,2016
normal,S but mostly not like that.,2017
normal,Ok...,2019
fraud,FREE entry into our £250 weekly competition just text the word WIN to 80086 NOW. 18 T&C www.txttowin.co.uk,2018
normal,I attended but nothing is there.,2017
normal,Prepare to be pounded every night...,2020
normal,Easy ah?sen got selected means its good..,2016
fraud,"Hello sir, I am speaking from ICICI Bank.  Your ATM card date has expired.  Please share your Aadhaar number to run a new ATM card.",2020
normal,Thats cool! Sometimes slow and gentle. Sometimes rough and hard.,2019
normal,Yeah you should. I think you can use your gt atm now to register. Not sure but if there's anyway i can help let me know. But when you do be sure you are ready.,2017
normal,"Haha... Sounds crazy, dunno can tahan anot...",2019
normal,"The world is running and i am still.maybe all are feeling the same,so be it.or i have to admit,i am mad.then where is the correction? or let me call this is life.and keep running with the world,may be u r also running.lets run.",2016
normal,You please give us connection today itself before  &lt;DECIMAL&gt;  or refund the bill,2019
normal,:( but your not here....,2016
normal,"Now u sound like manky scouse boy steve,like! I is travelling on da bus home.wot has u inmind 4 recreation dis eve?",2018
normal,Probably earlier than that if the station's where I think it is,2020
normal,Sad story of a Man - Last week was my b'day. My Wife did'nt wish me. My Parents forgot n so did my Kids . I went to work. Even my Colleagues did not wish.,2017
normal,Aiyo u so poor thing... Then u dun wan 2 eat? U bathe already?,2017
fraud,Todays Vodafone numbers ending with 4882 are selected to a receive a £350 award. If your number matches call 09064019014 to receive your £350 award.,2018
normal,Yup i'm free...,2020
normal,Yup song bro. No creative. Neva test quality. He said check review online.,2016
normal,Sending you greetings of joy and happiness. Do have a gr8 evening,2020
normal,Yeah no probs - last night is obviously catching up with you... Speak soon ,2019
normal,You didn't have to tell me that...now i'm thinking. Plus he's going to stop all your runs,2017
fraud,Talk sexy!! Make new friends or fall in love in the worlds most discreet text dating service. Just text VIP to 83110 and see who you could meet.,2020
normal,There was Somebody That raised the mattee.,2017
normal,I'm going for lunch now with my family then after date i go str 2 orchard lor.,2018
normal,That’s fine. We’ll make it next time. ,2019
normal,One day a crab was running on the sea shore..The waves came n cleared the footprints of the crab.. Crab asked: being my frnd y r u clearing my beautiful footprints? Waves replied: A fox was following ur footprints to catch you! thats y i cleared it off:) frndsship never lets u dwn :-) GUD nyt..,2018
normal,This is BBB/Voice of America.,2017
normal,Yar but they say got some error.,2016
fraud,Camera - You are awarded a SiPix Digital Camera! call 09061221066 fromm landline. Delivery within 28 days.,2019
normal,I will check out what your plan is and get back to you.Put on hold.,2018
normal,S.i think he is waste for rr..,2017
normal,"Oh, yes, I've just been a little under the weather so i've kind of been coccooning at home",2017
normal,Eh ur laptop got no stock lei... He say mon muz come again to take a look c got a not...,2018
normal,the boy who is sitting in the corner reads in my class.,2020
normal,dont make ne plans for nxt wknd coz she wants us to come down then ok,2018
normal,What acts comes under cyber crimes?,2016
normal,"I started off well. I was in fact ahead of time as long as I was on grammar and letter writing, but this year’s reading comprehension passages were just too tough for me, and it completely derailed my time management.",2017
normal,I know that my friend already told that.,2017
normal,That would be great. We'll be at the Guild. Could meet on Bristol road or somewhere - will get in touch over weekend. Our plans take flight! Have a good week,2018
fraud,5p 4 alfie Moon's Children in need song on ur mob. Tell ur m8s. Txt Tone charity to 8007 for Nokias or Poly charity for polys: zed 08701417012 profit 2 charity.,2018
normal,Only if you promise your getting out as SOON as you can. And you'll text me in the morning to let me know you made it in ok.,2018
normal,I want to tel u one thing u should not mistake me k THIS IS THE MESSAGE THAT YOU SENT:),2020
fraud,"This is the 2nd time we have tried to contact u. U have won the £400 prize. 2 claim is easy, just call 087104711148 NOW! Only 10p per minute. BT-national-rate",2018
normal,"Aight yo, dats straight dogg",2019
normal,I'm done. C ü there.,2020
normal,How are you babes. Hope your doing ok. I had a shit nights sleep. I fell asleep at 5.I’m knackered and i’m dreading work tonight. What are thou upto tonight. X,2018
normal,"Hello my boytoy. Geeee I miss you already and I just woke up. I wish you were here in bed with me, cuddling me. I love you ...",2020
normal,WHEN THE FIRST STRIKE IS A RED ONE. THE BIRD + ANTELOPE BEGIN TOPLAY IN THE FIELDOF SELFINDEPENDENCE BELIEVE THIS + THE FLOWER OF CONTENTION WILL GROW.RANDOM!,2017
normal,Ok,2017
normal,Company is very good.environment is terrific and food is really nice:),2019
fraud,SplashMobile: Choose from 1000s of gr8 tones each wk! This is a subscrition service with weekly tones costing 300p. U have one credit - kick back and ENJOY,2019
normal,"Sorry man, accidentally left my phone on silent last night and didn't check it till I got up",2019
normal,Wishing you a beautiful day. Each moment revealing even more things to keep you smiling. Do enjoy it.,2020
normal,"Thank you so much. When we skyped with koz and sura, we didn't get the pleasure of your company. Hope you are good. We've given you ultimatum oh! We are countinue down to aburo. Enjoy! This is the message i sent days ago.",2019
fraud,"U can WIN £100 of Music Gift Vouchers every week starting NOW Txt the word DRAW to 87066 TsCs www.Idew.com SkillGame, 1Winaweek, age16. 150ppermessSubscription",2020
normal,Dunno lei ü all decide lor. How abt leona? Oops i tot ben is going n i msg him.,2018
normal,Not at all.,2019
normal,He used to smoke ten cigarettes daily.,2020
normal,Well that must be a pain to catch,2017
normal,you call me alter at 11 ok.,2016
normal,It looks like you have a big family.,2020
normal,....photoshop makes my computer shut down.,2017
normal,"Sir, the price on Amazon fluctuates every now and then. Also, we provide an extended warranty. You can bring the processor back here if you have any issues with it.344. That sounds nice. What is the total warranty you are giving with this product?",2017
normal,Whos this am in class:-),2018
normal,There bold 2  &lt;#&gt; . Is that yours,2016
normal,"Can you pls pls send me a mail on all you know about relatives coming to deliver here? All you know about costs, risks, benefits and anything else. Thanks.",2016
normal,Lol or I could just starve and lose a pound by the end of the day.,2017
normal,Yes definitely. But for that I have to factory reset your phone.,2016
normal,No I don't have cancer. Moms making a big deal out of a regular checkup aka pap smear,2016
normal,From 5 to 2 only my work timing.,2018
normal,"Haha awesome, be there in a minute",2016
normal,Sorry about that this is my mates phone and i didnt write it love Kate,2019
normal,Ü takin linear algebra today?,2020
normal,It looks too small for a family of four.,2018
fraud,From next month get upto 50% More Calls 4 Ur standard network charge 2 activate Call 9061100010 C Wire3.,2019
normal,She just broke down a list of reasons why nobody's in town and I can't tell if she's being sarcastic or just faggy,2020
normal,Yun buying... But school got offer 2000 plus only...,2020
normal,"Yes obviously, but you are the eggs-pert and the potato head… Speak soon! ",2019
fraud,what is your  bank account number?,2018
fraud,Sexy Singles are waiting for you! Text your AGE followed by your GENDER as wither M or F E.G.23F. For gay men text your AGE followed by a G. e.g.23G.,2018
normal,NEFT Transaction with reference number  &lt;#&gt;  for Rs. &lt;DECIMAL&gt;  has been credited to the beneficiary account on  &lt;#&gt;  at  &lt;TIME&gt; : &lt;#&gt;,2016
normal,"Ok. Not much to do here though. H&M Friday, cant wait. Dunno wot the hell im gonna do for another 3 weeks! Become a slob- oh wait, already done that! ",2017
normal,It's a valentine game. Send this message to all your friends. .. If 5 answers are the same then someone really loves you. Question- which colour suits me the best?reply me,2018
normal,Having lunch:)you are not in online?why?,2020
normal,The greatest test of courage on earth is to bear defeat without losing heart....gn tc,2018
normal,Tell me something. Thats okay.,2017
normal,Beauty sleep can help ur pimples too.,2017
fraud,Todays Vodafone numbers ending 7548 are selected to receive a $350 award. If you have a match please call 08712300220 quoting claim code 4041 standard rates app,2019
normal,Dear are you angry i was busy dear,2019
normal,Kallis is ready for bat in 2nd innings,2020
normal,"I keep seeing weird shit and bein all ""woah"" then realising it's actually reasonable and I'm all ""oh""",2020
normal,Am also doing in cbe only. But have to pay.,2020
normal,Usually the body takes care of it buy making sure it doesnt progress. Can we pls continue this talk on saturday.,2019
normal,U buy newspapers already?,2020
normal,"Oh, really. That’s a great company. What is your post there?",2018
normal,"Madam,regret disturbance.might receive a reference check from DLF Premarica.kindly be informed.Rgds,Rakhesh,Kerala.",2018
normal,"Depends on quality. If you want the type i sent boye, faded glory, then about 6. If you want ralphs maybe 2",2017
normal,aathi..where are you dear..,2018
normal,I want to lick your pussy now...,2017
normal,Great. Have a safe trip. Dont panic surrender all.,2017
normal,I had askd u a question some hours before. Its answer,2016
normal,Customer place i will call you,2016
normal,"Just got some gas money, any chance you and the gang want to go on a grand nature adventure?",2019
normal,"'Wnevr i wana fal in luv vth my books, My bed fals in luv vth me..!'' . Yen madodu, nav pretsorginta, nammanna pretsovru important alwa....!!:) Gud eveB-).",2018
normal,Ok I'm gonna head up to useful in like fifteen minutes.,2016
normal,"U need my presnts always bcz U cant mis love. ""jeevithathile irulinae neekunna prakasamanu sneham"" prakasam ennal prabha 'That mns prabha is'LOVE' Got it. Dont mis me....",2019
normal,Hurt me... Tease me... Make me cry... But in the end of my life when i die plz keep one rose on my grave and say STUPID I MISS U.. HAVE A NICE DAY BSLVYL,2016
normal,Hi Princess! Thank you for the pictures. You are very pretty. How are you?,2019
normal,Finish liao... U?,2017
normal,Lol. Well quality aint bad at all so i aint complaining,2020
normal,Okay same with me. Well thanks for the clarification,2018
normal,Can i get your opinion on something first?,2019
normal,"Okey doke. I'm at home, but not dressed cos laying around ill! Speak to you later bout times and stuff. ",2016
fraud,Hope you enjoyed your new content. text stop to 61610 to unsubscribe. help:08712400602450p Provided by tones2you.co.uk,2018
normal,"Just wondering, the others just took off",2017
normal,What r u cooking me for dinner?,2016
normal,Love you aathi..love you lot..,2016
normal,yes baby! I need to stretch open your pussy!,2018
normal,"Sorry, I'll call later",2016
normal,"True. It is passable. And if you get a high score and apply for phd, you get 5years of salary. So it makes life easier.",2019
normal,If i said anything wrong sorry de:-),2018
normal,"What do you think of gay marriage, Lucy?",2016
normal,Oh really?? Did you make it on air? What's your talent?,2017
normal,"You’re right. __________(1)__________ My mother, my father, my two older brothers, me, and my two younger sisters.",2018
normal,"When you get free, call me",2017
normal,"Hello Kavya, How are you? It’s been a long time we have met.",2020
normal,Ok... Sweet dreams...,2020
normal,Good night. Am going to sleep.,2016
normal,"Haha... Where got so fast lose weight, thk muz go 4 a month den got effect... Gee,later we go aust put bk e weight.",2020
normal,Oh oh... Den muz change plan liao... Go back have to yan jiu again...,2017
normal,NO GIFTS!! You trying to get me to throw myself off a cliff or something?,2016
normal,Not to worry. I'm sure you'll get it.,2018
fraud,"Your account has been credited with 500 FREE Text Messages. To activate, just txt the word: CREDIT to No: 80488 T&Cs www.80488.biz",2019
normal,I like the boy who helps the poor.,2020
normal,You got me right.,2020
normal,ok. I am a gentleman and will treat you with dignity and respect.,2020
normal,Pls dont forget to study,2017
fraud,URGENT! We are trying to contact U. Todays draw shows that you have won a £2000 prize GUARANTEED. Call 09058094507 from land line. Claim 3030. Valid 12hrs only,2020
normal,But you were together so you should be thinkin about him,2020
normal,R we going with the  &lt;#&gt;  bus?,2018
normal,"Oops I did have it,  &lt;#&gt; ?",2019
normal,"No shit, but I wasn't that surprised, so I went and spent the evening with that french guy I met in town here and we fooled around a bit but I didn't let him fuck me",2019
normal,"Watching cartoon, listening music &amp; at eve had to go temple &amp; church.. What about u?",2016
normal,Take some small dose tablet for fever,2019
normal,It is related to the trigonometry topic.,2020
normal,Haven't left yet so probably gonna be here til dinner,2017
normal,Sry da..jst nw only i came to home..,2016
normal,i can call in  &lt;#&gt;  min if thats ok,2018
fraud,Congratulations ur awarded either £500 of CD gift vouchers & Free entry 2 our £100 weekly draw txt MUSIC to 87066 TnCs www.Ldew.com 1 win150ppmx3age16,2020
normal,"To the wonderful Okors, have a great month. We cherish you guys and wish you well each day. MojiBiola",2019
normal,Lemme know when you're here,2016
fraud,"For ur chance to win a £250 wkly shopping spree TXT: SHOP to 80878. T's&C's www.txt-2-shop.com custcare 08715705022, 1x150p/wk",2018
normal,Lol they don't know about my awesome phone. I could click delete right now if I want.,2018
normal,Ok... Thanx... Gd nite 2 ü too...,2018
normal,Lol where do u come up with these ideas?,2018
normal,Hey tmr maybe can meet you at yck,2018
normal,"Lol, oh you got a friend for the dog ?",2019
normal,Keep my payasam there if rinu brings.,2020
normal,Not sure I have the stomach for it ...,2016
normal,"We have sent JD for Customer Service cum Accounts Executive to ur mail id, For details contact us",2017
normal,"I had been hoping i would not have to send you this message. My rent is due and i dont have enough for it. My reserves are completely gone. Its a loan i need and was hoping you could her. The balance is  &lt;#&gt; . Is there a way i could get that from you, till mid march when i hope to pay back.",2017
normal,Get ready for  &lt;#&gt;  inches of pleasure...,2019
normal,Oh k:)after that placement there ah?,2016
fraud,Someone has conacted our dating service and entered your phone because they fancy you!To find out who it is call from landline 09111030116. PoBox12n146tf15,2020
normal,"Haha, my legs and neck are killing me and my amigos are hoping to end the night with a burn, think I could swing by in like an hour?",2020
normal,In da car park ,2016
normal,Yesterday its with me only . Now am going home.,2020
normal,Shall call now dear having food,2017
normal,you can trust me.,2019
normal,Somebody set up a website where you can play hold em using eve online spacebucks,2019
normal,OK. Did you call me just now? ,2019
normal,New car and house for my parents.i have only new job in hand:),2019
normal,What i mean is do they come chase you out when its over or is it stated you can watch as many movies as you want.,2016
normal,Taka lor. Wat time u wan 2 come n look 4 us?,2016
normal,"Brainless Baby Doll..:-D;-), vehicle sariyag drive madoke barolla..",2020
normal,You’re right. Let’s get back to studies. Few more hard days to go.,2019
normal,In the end she might still vomit but its okay. Not everything will come out.,2018
fraud,Your 2004 account for 07XXXXXXXXX shows 786 unredeemed points. To claim call 08719181259 Identifier code: XXXXX Expires 26.03.05,2018
normal,How much is blackberry bold2 in nigeria.,2019
normal,Indeed and by the way it was either or - not both !,2019
normal,Nope. I just forgot. Will show next week,2020
normal,How do you plan to manage that,2020
normal,:-( that's not v romantic!,2016
normal,Wot u up 2 u weirdo?,2017
normal,You will go to walmart. I.ll stay.,2018
normal,Lol nice. I went from a fish to ..water.,2017
normal,Super da:)good replacement for murali,2018
normal,How are you holding up?,2016
normal,"No, its true..k,Do u knw dis no. &lt;#&gt; ?",2020
normal,I am an only child.,2017
normal,"Hi the way I was with you to day, is the normal way&this is the real me. you are unique&I hope I know you for the rest of mylife. Hope you find won't was lost.",2020
normal,Is this a perfect book for grammar?,2019
normal,Wait  &lt;#&gt;  min..,2016
normal,As per your request 'Melle Melle' has been set as your callertune for all Callers. Press *9 to copy your friends Callertune,2020
normal,Hey darlin.. i can pick u up at college if u tell me wen & where 2 mt.. love Pete xx,2020
normal,"Probably not, still going over some stuff here",2019
normal,"Yes, princess. Are you going to make me moan?",2016
fraud,For taking part in our mobile survey yesterday! You can now have 500 texts to use however you wish. to get txts just send TeXT to 80160 T&C www.txt43.com 1.50p,2018
normal,Might ax well im there.,2018
normal,What was she looking for?,2016
normal,This phone has the weirdest auto correct.,2019
fraud,Reply with your name and address and YOU WILL RECEIVE BY POST a weeks completely free accommodation at various global locations www.phb1.com ph:08700435505150p,2019
normal,But you dint in touch with me.,2018
normal,Thats cool. i am a gentleman and will treat you with dignity and respect.,2019
normal,I want to see your pretty pussy...,2019
normal,Can you plz tell me the ans. BSLVYL sent via fullonsms.com,2020
normal,I meant middle left or right?,2020
normal,Anything lor but toa payoh got place 2 walk meh...,2018
normal,"Rose needs water, season needs change, poet needs imagination..My phone needs ur sms and i need ur lovely frndship forever....",2020
normal,Nope. Meanwhile she talk say make i greet you.,2019
normal,I hope that you have understood properly it.,2016
normal,Could you please share that man’s rough look with us?,2017
normal,Hi Dear Call me its urgnt. I don't know whats your problem. You don't want to work or if you have any other problem at least tell me. Wating for your reply.,2016
normal,"Cool, I'll text you when I'm on the way",2020
normal,So i could kiss and feel you next to me...,2020
normal,Still work going on:)it is very small house.,2018
normal,I sent lanre fakeye's Eckankar details to the mail box,2019
normal,Ok. Very good. Its all about making that money.,2018
normal,"Ok, Let me see.",2017
normal,No no. I will check all rooms before activities.,2016
normal,Long beach lor. Expected... U having dinner now?,2018
normal,HMM yeah if your not too grooved out! And im looking forward to my pound special :),2016
normal,"Not too bad, overall. I’m worried about English and chemistry, though. How is yours going on?",2020
normal,The 2 oz guy is being kinda flaky but one friend is interested in picking up $ &lt;#&gt;  worth tonight if possible,2016
fraud,Call Germany for only 1 pence per minute! Call from a fixed line via access number 0844 861 85 85. No prepayment. Direct access! www.telediscount.co.uk,2018
normal,I havent add ü yet right.. ,2017
normal,why? WHERE you AT DOGBREATH? ITS JUST SOUNDING LIKE JAN C THAT’S AL!!!!!!!!!,2017
normal,Hello beautiful r u ok? I've kinda ad a row wiv and he walked out the pub?? I wanted a night wiv u Miss u ,2017
normal,"Sir I know you are technical person and there will be many problems here also. Because of pipelining, insulation, Bandwidth, server problems etc it is difficult to give the exact speed. Submarines in the ocean laying the lines and all we have many problems.",2017
normal,The monthly amount is not that terrible and you will not pay anything till 6months after finishing school.,2016
normal,Prepare to be pleasured :),2020
normal,"Nah, Wednesday. When should I bring the mini cheetos bag over?",2018
normal,Still at west coast... Haiz... Ü'll take forever to come back...,2016
normal,Aiyo cos i sms ü then ü neva reply so i wait 4 ü to reply lar. I tot ü havent finish ur lab wat.,2019
normal,"A Boy loved a gal. He propsd bt she didnt mind. He gv lv lttrs, Bt her frnds threw thm. Again d boy decided 2 aproach d gal , dt time a truck was speeding towards d gal. Wn it was about 2 hit d girl,d boy ran like hell n saved her. She asked 'hw cn u run so fast?' D boy replied ""Boost is d secret of my energy"" n instantly d girl shouted ""our energy"" n Thy lived happily 2gthr drinking boost evrydy Moral of d story:- I hv free msgs:D;): gud ni8",2020
normal,"Thanks da thangam, i feel very very happy dear. I also miss you da.",2017
fraud,"hello sir, i am from bsnl customer care in 23 hours your sim will be deactivate. do u want to activate it.",2020
normal,Were somewhere on Fredericksburg,2020
normal,Can not use foreign stamps in this country. Good lecture .,2016
normal,"Remember all those whom i hurt during days of satanic imposter in me.need to pay a price,so be it.may destiny keep me going and as u said pray that i get the mind to get over the same.",2017
normal,Hi Chachi tried calling u now unable to reach u .. Pl give me a missed cal once u c tiz msg  Kanagu,2016
normal,Purity of friendship between two is not about smiling after reading the forwarded message..Its about smiling just by seeing the name. Gud evng,2019
normal,Hahaha..use your brain dear.,2020
fraud,"Hello darling how are you today? I would love to have a chat, why dont you tell me what you look like and what you are in to sexy?",2020
fraud,You have WON a guaranteed £1000 cash or a £2000 prize.To claim yr prize call our customer service representative on,2018
normal,Today is ACCEPT DAY. Accept me as? Brother Sister Lover Dear1 Best1 Clos1 Lvblefrnd Jstfrnd Cutefrnd Lifpartnr Belovd Swtheart Bstfrnd No rply means enemy,2017
normal,Right it wasnt you who phoned it was someone with a number like yours!,2020
normal,I cant pick the phone right now. Pls send a message,2018
normal,4 o'clock at mine. Just to bash out a flat plan.,2017
normal,"TODAY is Sorry day.! If ever i was angry with you, if ever i misbehaved or hurt you? plz plz JUST SLAP URSELF Bcoz, Its ur fault, I'm basically GOOD",2020
normal,Gam gone after outstanding innings.,2016
normal,Ha... U jus ate honey ar? So sweet...,2018
normal,You look bit down. What’s the matter?,2020
normal,Do u noe how 2 send files between 2 computers?,2020
fraud,"HOT LIVE FANTASIES call now 08707500020 Just 20p per min NTT Ltd, PO Box 1327 Croydon CR9 5WB 0870 is a national rate call",2018
normal,I'll be late...,2020
normal,Please make it medium-spicy and less greasy.,2017
normal,K.i will send in  &lt;#&gt;  min:),2019
normal,Good morning dear hav a nice day.,2020
normal,"4 tacos + 1 rajas burrito, right?",2017
normal,It is high time you gave up smoking.,2017
normal,Nobody can decide where to eat and dad wants Chinese,2020
normal,Stop calling everyone saying I might have cancer. My throat hurts to talk. I can't be answering everyones calls. If I get one more call I'm not babysitting on Monday,2018
normal,Also remember to get dobby's bowl from your car,2016
normal,"I'm not goin, got somethin on, unless they meetin 4 dinner lor... Haha, i wonder who will go this time...",2018
normal,"Hello Jane, It's nice to see you too. I've been busy in preparing for my engineering entrance examinations.",2018
normal,Just ask if you wanna meet up?,2016
normal,Ok no prob... I'll come after lunch then...,2016
normal,Sac needs to carry on:),2016
normal,"Just got part Nottingham - 3 hrs 63miles. Good thing i love my man so much, but only doing 40mph. Hey ho",2020
normal,Do u ever get a song stuck in your head for no reason and it won't go away til u listen to it like 5 times?,2017
normal,I cant pick the phone right now. Pls send a message,2018
fraud,HMV BONUS SPECIAL 500 pounds of genuine HMV vouchers to be won. Just answer 4 easy questions. Play Now! Send HMV to 86688 More info:www.100percent-real.com,2020
normal,"ER, ENJOYIN INDIANS AT THE MO..yeP. SaLL gOoD HehE ;> hows bout u shexy? Pete Xx",2019
normal,Where is your old book?,2020
normal,Yes we are chatting too.,2020
normal,Lol now I'm after that hot air balloon!,2018
normal,"oK, wait chikku will send after  &lt;#&gt; mins",2017
normal,Sorry i'm not free...,2016
normal,I will surely do that. Any other advice?,2017
normal,I calls you later. Afternoon onwords mtnl service get problem in south mumbai. I can hear you but you cann't listen me.,2016
normal,I love you both too :-),2019
fraud,I don't know u and u don't know me. Send CHAT to 86688 now and let's find each other! Only 150p/Msg rcvd. ,2018
normal,Then any special there?,2020
normal,Hello darlin i have finished college now so text me when you finish if you can love Kate xxx.,2020
normal,I went to project centre,2020
normal,"I can't speak, bcaz mobile have problem. I can listen you but you cann't listen my voice. So i calls you later.",2020
fraud,"Goal! Arsenal 4 (Henry, 7 v Liverpool 2 Henry scores with a simple shot from 6 yards from a pass by Bergkamp to give Arsenal a 2 goal margin after 78 mins.",2020
normal,Onum ela pa. Normal than.,2018
normal,I will reach ur home in  &lt;#&gt;  minutes,2018
normal,Dont know supports ass and srt i thnk. I think ps3 can play through usb too,2020
normal,"Yo, call me when you get the chance, a friend of mine wanted me to ask you about a big order",2018
normal,Wish i were with you now!,2019
fraud,"Sir, I need AXIS BANK account number and bank address.",2018
normal,Just got to  &lt;#&gt;,2018
normal,"hello mother, what are you doing?",2017
fraud,"Congratulations - Thanks to a good friend U have WON the £2,000 Xmas prize. 2 claim is easy, just call 08712103738 NOW! Only 10p per minute. BT-national-rate",2019
normal,Tell rob to mack his girlfriend in the theater.,2018
normal,"My life Means a lot to me, Not because I love my life, But because I love the people in my life, The world calls them friends, I call them my World.",2016
normal,Hope you’re not having too much fun without me!! see u tomorrow love jess x,2016
normal,Please call me any mistake from my side sorry da. Please go to doctor.,2019
normal,Yar lor... Keep raining non stop... Or u wan 2 go elsewhere?,2018
normal,Hey pple...$700 or $900 for 5 nights...Excellent location wif breakfast hamper!!!,2020
normal,"I love you !!! You know? Can you feel it? Does it make your belly warm? I wish it does, my love ... I shall meet you in your dreams, Ahmad ... *adoring kiss*",2019
normal,K and you're sure I don't have to have consent forms to do it :V,2020
fraud,your ringtone service has changed! 25 Free credits! Go to club4mobiles.com to choose content now! Stop? ,2019
normal,Pls help me tell Ashley that i cant find her number oh,2020
normal,"Sorry I flaked last night, shit's seriously goin down with my roommate, what you up to tonight?",2018
normal,This is all just creepy and crazy to me.,2016
normal,Have you started in skye,2016
normal,Yup next stop.,2016
normal,Yup ok thanx...,2018
normal,"What's up bruv, hope you had a great break. Do have a rewarding semester.",2020
normal,"Open rebtel with firefox. When it loads just put plus sign in the user name place, and it will show you two numbers. The lower number is my number. Once you pick that number the pin will display okay!",2020
normal,Pls go ahead with watts. I just wanted to be sure. Do have a great weekend. ,2019
normal,I will come to ur home now,2017
fraud,"FREE MESSAGE Activate your 500 FREE Text Messages by replying to this message with the word FREE For terms & conditions, visit www.07781482378.com",2018
normal,All boys made fun of me today. Ok i have no problem. I just sent one message just for fun,2018
normal,You still at grand prefix?,2018
normal,Been running but only managed 5 minutes and then needed oxygen! Might have to resort to the roller option!,2019
normal,Hi neva worry bout da truth coz the truth will lead me 2 ur heart. It’s the least a unique person like u deserve. Sleep tight or morning,2016
normal,"Hello , how are  you??",2016
normal,What have you done about mathematics?,2017
normal,That seems unnecessarily affectionate,2019
normal,How much you are willing to pay?,2019
normal,I will be there with in  &lt;#&gt;  minutes. Got any space,2017
normal,"Honeybee Said: *I'm d Sweetest in d World* God Laughed &amp; Said: *Wait,U Havnt Met d Person Reading This Msg* MORAL: Even GOD Can Crack Jokes! GM+GN+GE+GN:)",2017
fraud,"Want to funk up ur fone with a weekly new tone reply TONES2U 2 this text. www.ringtones.co.uk, the original n best. Tones 3GBP network operator rates apply",2020
normal,Wat time r ü going to xin's hostel?,2017
normal,But I want a cheaper one. Don’t you have one?,2016
normal,Good Morning plz call me sir,2020
normal,Lol I would but despite these cramps I like being a girl.,2017
normal,Ü eatin later but i'm eatin wif my frens now lei... Ü going home first? ,2016
normal,Lol that's different. I don't go trying to find every real life photo you ever took.,2018
normal,Wow didn't think it was that common. I take it all back ur not a freak! Unless u chop it off:-),2018
normal,ok advance happy pongal.,2019
normal,"I'm done. I'm sorry. I hope your next space gives you everything you want. Remember all the furniture is yours. If i'm not around when you move it, just lock all the locks and leave the key with jenne.",2017
normal,Why not? Look at this side. These are Japanese.,2017
normal,I.ll get there tomorrow and send it to you,2016
normal,It so happens that there r 2waxsto do wat you want. She can come and ill get her medical insurance. And she'll be able to deliver and have basic care. I'm currently shopping for the right medical insurance for her. So just give me til friday morning. Thats when i.ll see the major person that can guide me to the right insurance.,2017
normal,Havent.,2016
normal,You said not now. No problem. When you can. Let me know.,2019
normal,CERI U REBEL! SWEET DREAMZ ME LITTLE BUDDY!! C YA 2MORO! WHO NEEDS BLOKES,2019
fraud,Everyone around should be responding well to your presence since you are so warm and outgoing. You are bringing in a real breath of sunshine.,2020
fraud,"hello sir, we are from your bank have you fill the application form for credit card. verify your document.",2020
normal,Do you always celebrate NY's with your family ?,2018
normal,Just got up. have to be out of the room very soon. …. i hadn't put the clocks back till at 8 i shouted at everyone to get up and then realised it was 7. wahay. another hour in bed.,2019
normal,Have a nice day my dear.,2016
normal,"Dont give a monkeys wot they think and i certainly don't mind. Any friend of mine&all that! Just don't sleep wiv , that wud be annoyin!",2019
normal,Nope i'm not drivin... I neva develop da photos lei...,2016
normal,Shopping lor. Them raining mah hard 2 leave orchard.,2020
normal,"Cool, text me when you're parked.",2016
normal,S.this will increase the chance of winning.,2016
fraud,"SIX chances to win CASH! From 100 to 20,000 pounds txt> CSH11 and send to 87575. Cost 150p/day, 6days, 16+ TsandCs apply Reply HL 4 info",2019
normal,Sen told that he is going to join his uncle finance in cbe,2018
normal,"Trust me. Even if isn't there, its there.",2016
fraud,Customer Loyalty Offer:The NEW Nokia6650 Mobile from ONLY £10 at TXTAUCTION! Txt word: START to No: 81151 & get yours Now! 4T&Ctxt TC 150p/MTmsg,2020
normal,"alright babe, justthought i’d sayhey! how u doin?nearly the endof me wk offdam nevamind!We will have 2Hook up sn if uwant m8? loveJen x.",2017
normal,Okie ü wan meet at bishan? Cos me at bishan now. I'm not driving today.,2018
normal,"Thank You for calling.Forgot to say Happy Onam to you Sirji.I am fine here and remembered you when i met an insurance person.Meet You in Qatar Insha Allah.Rakhesh, ex Tata AIG who joined TISSCO,Tayseer.",2016
normal,Is this the same route you cover daily?,2019
normal,"Can meh? Thgt some will clash... Really ah, i dun mind... I dun seen to have lost any weight... Gee...",2020
normal,"Love isn't a decision, it's a feeling. If we could decide who to love, then, life would be much simpler, but then less magical",2019
fraud,URGENT! We are trying to contact you. Last weekends draw shows that you have won a £900 prize GUARANTEED. Call 09061701851. Claim code K61. Valid 12hours only,2019
normal,How are you. Wish you a great semester,2017
normal,Where to get those?,2016
normal,My sister got placed in birla soft da:-),2016
normal,So can collect ur laptop?,2017
normal,you don't know how stubborn I am. I didn't even want to go to the hospital. I kept telling Mark I'm not a weak sucker. Hospitals are for weak suckers.,2018
normal,Uneasy lies the head that wears a crown.,2017
normal,"Hi , where are you? We're at  and they're not keen to go out i kind of am but feel i shouldn't so can we go out tomo, don't mind do you?",2016
normal,Sorry that was my uncle. I.ll keep in touch,2020
normal,"I'm not sure, I was just checking out what was happening around the area",2017
normal,The Xmas story is peace.. The Xmas msg is love.. The Xmas miracle is jesus.. Hav a blessed month ahead &amp; wish U Merry Xmas...,2016
normal,Goodnight....take care...practice going on.,2020
normal,"You need to pay attention to your clothing. Be formally dressed, even if a company says that it has a very flexible and free culture. It show a sense of professionalism from you.",2016
normal,"Hello, yeah i've just got out of the bath and need to do my hair so i'll come up when i'm done, yeah?",2019
normal,Ok k..sry i knw 2 siva..tats y i askd..,2020
normal,Shall i start from hear.,2019
normal,Hi! This is Roger from CL. How are you?,2019
normal,"Good evening Sir, hope you are having a nice day. I wanted to bring it to your notice that I have been late in paying rent for the past few months and have had to pay a $ &lt;#&gt;  charge. I felt it would be inconsiderate of me to nag about something you give at great cost to yourself and that's why i didnt speak up. I however am in a recession and wont be able to pay the charge this month hence my askin well ahead of month's end. Can you please help. Thank you for everything.",2018
normal,Hi good mornin.. Thanku wish u d same..,2018
normal,En chikku nange bakra msg kalstiya..then had tea/coffee.,2016
normal,A guy who gets used but is too dumb to realize it.,2016
normal,Have a safe trip to Nigeria. Wish you happiness and very soon company to share moments with,2018
normal,I miss you so much I'm so desparate I have recorded the message you left for me the other day and listen to it just to hear the sound of your voice. I love you,2020
normal,Thanks. It was only from tescos but quite nice. All gone now. Speak soon ,2016
normal,So what u doing today?,2017
normal,You have to avoid cramming and try to read anything with great care. Then you can think about the topic and try to express your feeling about that. I think now it will be easier for you,2020
fraud,Free Top ringtone -sub to weekly ringtone-get 1st week free-send SUBPOLY to 81618-?3 per week-stop sms-08718727870,2018
normal,"Yes, my reg is  Ciao!",2017
fraud,Filthy stories and GIRLS waiting for your,2020
normal,I dun believe u. I thk u told him.,2018
normal,Great. Hope you are using your connections from mode men also cos you can never know why old friends can lead you to today,2018
normal,Busy here. Trying to finish for new year. I am looking forward to finally meeting you.,2016
normal,Ok...,2020
normal,Dunno leh cant remember mayb lor. So wat time r we meeting tmr?,2018
normal,I surely dont forgot to come:)i will always be in touch in with you:-),2017
fraud,"SMS SERVICES. for your inclusive text credits, pls goto www.comuk.net login= 3qxj9 unsubscribe with STOP, no extra charge. help 08702840625.COMUK. 220-CM2 9AE",2018
normal,At 7 we will go ok na.,2017
normal,MAKE SURE ALEX KNOWS HIS BIRTHDAY IS OVER IN FIFTEEN MINUTES AS FAR AS YOU'RE CONCERNED,2016
normal,"The gas station is like a block away from my house, you'll drive right by it since armenia ends at swann and you have to take howard",2016
normal,"No, thank you.",2020
fraud,your cash-balance is currently 500 pounds - to maximize your cash-in now send GO to 86688 only 150p/msg. CC: 08718720201 PO BOX 114/14 TCR/W1,2020
normal,Yeah that'd pretty much be the best case scenario,2020
normal,"Ok thats cool. Its , just off either raglan rd or edward rd. Behind the cricket ground. Gimme ring when ur closeby see you tuesday.",2020
normal,WHORE YOU ARE UNBELIEVABLE.,2018
normal,Got smaller capacity one? Quite ex...,2019
normal,Rofl betta invest in some  anti aging products,2019
normal,Speaking of does he have any cash yet?,2017
normal,"I know where the  &lt;#&gt;  is, I'll be there around 5",2019
normal,I just really need shit before tomorrow and I know you won't be awake before like 6,2019
normal,I wont do anything de.,2018
fraud,Please CALL 08712402902 immediately as there is an urgent message waiting for you.,2018
normal,"Oh! Shit, I thought that was your trip! Loooooool ... That just makes SO much more sense now ... *grins* and the sofa reference was ... The ""sleep on a couch"" link you sent me ... Wasn't that how you went on your trip ? Oh ... And didn't your babe go with you for that celebration with your rents?",2020
normal,When/where do I pick you up,2016
normal,So li hai... Me bored now da lecturer repeating last weeks stuff waste time... ,2020
normal,Thanks for being there for me just to talk to on saturday. You are very dear to me. I cherish having you as a brother and role model.,2019
normal,At WHAT TIME should i come tomorrow,2019
normal,Yes I do. It is a  good profession. Could you tell me why you have chosen this profession?,2017
normal,X course it 2yrs. Just so her messages on messenger lik you r sending me,2018
normal,Hello- thanx for taking that call. I got a job! Starts on monday!,2018
normal,Should I have picked up a receipt or something earlier,2020
normal,But i'm surprised she still can guess right lor...,2018
normal,You know my old Dom I told you about yesterday ? His name is Roger? He got in touch with me last night and wants me to meet him today at 2 pm,2016
normal,"So. So. I wish I had timed myself better. In the end, I left questions worth 10 marks unattempted. How about you?",2016
normal,"Okay, I will pay 28,500. I feel that this is a good deal.",2016
normal,You'll never believe this but i have actually got off at taunton. Wow,2020
normal,Lol I know! Hey someone did a great inpersonation of flea on the forums. I love it!,2020
fraud,"Today's Offer! Claim your £150 worth of discount vouchers! Text YES to 85023 now! SavaMob, member offers mobile! T Cs 08717898035. £3.00 Sub. 16 . Unsub reply X",2018
normal,Y de asking like this.,2019
normal,"Good afternoon, my love. How goes your day ? What are you up to ? I woke early and am online waiting for you ... Hmmm ... Italian boy is online I see . *grins*",2016
normal,I'm okay. Chasing the dream. What's good. What are you doing next.,2016
normal,"Oh, then your phone phoned me but it disconnected",2016
normal,"One more clarification sir, Shall I ask you? ",2019
fraud,"hello sir, i am from bsnl customer care in 23 hours your sim will be closed. do u want to activate it.",2019
fraud,No. 1 Nokia Tone 4 ur mob every week! Just txt NOK to 87021. 1st Tone FREE ! so get txtin now and tell ur friends. 150p/tone. 16 reply HL 4info,2019
normal,"Aight, see you in a bit",2018
normal,are you married.?,2019
normal,"Didn't try, g and I decided not to head out",2017
normal,i want to grasp your pretty booty :),2016
normal,Thanks for this hope you had a good day today.,2020
normal,How are you getting on with your studies?,2020
normal,There is no problem but has a solution.,2019
normal,Good evening! How are you?,2019
normal,"I will certainly do that. In fact, I have signed up for some mock interview sessions with Pep Talk India to give my best shot!",2016
normal,I'll meet you in the lobby,2018
normal,Reverse is cheating. That is not mathematics.,2020
normal,Well. Balls. Time to make calls,2018
normal,"Bill, as in: Are there any letters for me. i’m expecting one from orange that isn’t a bill but may still say orange on it.",2016
normal,Carlos says we can pick up from him later so yeah we're set,2017
normal,His birthday real is in april .,2016
normal,I told her I had a Dr appt next week. She thinks I'm gonna die. I told her its just a check. Nothing to be worried about. But she didn't listen.,2018
normal,GRAN ONLYFOUND OUT AFEW DAYS AGO.CUSOON HONI,2017
normal,"Aldrine, rakhesh ex RTM here.pls call.urgent.",2019
normal,Going on nothing great.bye,2017
normal,Sorry me going home first... Daddy come fetch you later.,2019
normal,Will purchase  stuff today and mail to you. Do you have a po box number?,2017
normal,"Happy or sad , one thing about past is- ""Its no more"" GOOD MORNING :-):-).",2018
normal,"Dont worry, 1 day very big lambu ji vl come..til then enjoy batchlor party:-)",2017
normal,Oh ho. Is this the first time u use these type of words,2019
normal,"Ta-Daaaaa! I am home babe, are you still up ?",2019
normal,I absolutely LOVE South Park! I only recently started watching the office.,2019
normal,So u gonna get deus ex?,2018
normal,"Hi Chikku, send some nice msgs",2019
normal,1's reach home call me.,2016
normal,No..just change that only..,2019
fraud,Text BANNEDUK to 89555 to see! cost 150p textoperator g696ga 18+ XXX,2020
normal,Studying. But i.ll be free next weekend.,2016
normal,Are we doing the norm tomorrow? I finish just a 4.15 cos of st tests. Need to sort library stuff out at some point tomo - got letter from today - access til end march so i better get move on!,2019
normal,"The LAY MAN! Just to let you know you are missed and thought off. Do have a great day. And if you can send me bimbo and ugo's numbers, ill appreciate. Safe",2020
fraud,hello sir i am from jio customer care center we are doing verification of yours number that's why in your phone four digit opt will have send. tell me that otp.,2020
normal," came to look at the flat, seems ok, in his 50s? * Is away alot wiv work. Got woman coming at 6.30 too.",2020
normal,"I'm taking derek &amp; taylor to walmart, if I'm not back by the time you're done just leave the mouse on my desk and I'll text you when priscilla's ready",2019
normal,I didn't get the second half of that message,2020
normal,May I discuss with you about our personal matters?,2018
fraud,FreeMsg: Hey - I'm Buffy. 25 and love to satisfy men. Home alone feeling randy. Reply 2 C my PIX! QlynnBV Help08700621170150p a msg Send stop to stop txts,2019
normal,Mine here like all fr china then so noisy.,2019
normal,"Er yeah, i will b there at 15:26, sorry! Just tell me which pub/cafe to sit in and come wen u can",2016
normal,Actually I haven’t done that. Could you please guide me how to take back up the phone data?,2016
fraud,"Urgent! Please call 09066612661 from your landline, your complimentary 4* Lux Costa Del Sol holiday or £1000 CASH await collection. ppm 150 SAE T&Cs James 28, EH74RR",2018
normal,But i haf enuff space got like 4 mb...,2016
normal,"Mum, hope you are having a great day. Hoping this text meets you well and full of life. Have a great day. Abiola",2017
normal,Would you like something to start?,2018
fraud,"Hey Boys. Want hot XXX pics sent direct 2 ur phone? Txt PORN to 69855, 24Hrs free and then just 50p per day. To stop text STOPBCM SF WC1N3XX",2020
normal,"Hello, my love. What are you doing? Did you get to that interview today? Are you you happy? Are you being a good boy? Do you think of me?Are you missing me ?",2018
normal,Ok anyway no need to change with what you said,2016
normal,"Hi. Hope ur day * good! Back from walk, table booked for half eight. Let me know when ur coming over.",2020
normal,Sent me ur email id soon,2017
normal,"(And my man carlos is definitely coming by mu tonight, no excuses)",2020
normal,He is world famamus....,2018
normal,No he didn't. Spring is coming early yay!,2019
normal,Its too late:)but its k.wish you the same.,2018
normal,And whenever you and i see we can still hook up too.,2019
normal,Today is ACCEPT DAY..U Accept me as? Brother Sister Lover Dear1 Best1 Clos1 Lvblefrnd Jstfrnd Cutefrnd Lifpartnr Belovd Swtheart Bstfrnd No rply means enemy,2017
normal,No. Yes please. Been swimming?,2017
normal,Ok.. Ü finishing soon?,2017
normal,How have your little darlings been so far this week? Need a coffee run tomo?Can't believe it's that time of week already …,2020
normal,"Sorry, I'll call later In meeting.",2016
normal,"Sorry, I can't help you on this.",2019
fraud,We tried to contact you re your reply to our offer of a Video Phone 750 anytime any network mins Half Price Line Rental Camcorder Reply or call 08000930705,2020
normal,Beautiful truth : Expression of the face could Be seen by everyone... But the depression of heart Could be understood only By the Loved ones.. Gud Ni8;-),2016
normal,What is in your hand?,2017
normal,Ok cool. See ya then.,2016
normal,Check audrey's status right now.,2019
normal,Yes I know the cheesy songs from frosty the snowman :) ,2020
normal,"So you think i should actually talk to him? Not call his boss in the morning? I went to this place last year and he told me where i could go and get my car fixed cheaper. He kept telling me today how much he hoped i would come back in, how he always regretted not getting my number, etc.",2018
normal,Fine am simply sitting.,2018
normal,The world's most happiest frnds never have the same characters... Dey just have the best understanding of their differences...,2019
normal,Went to pay rent. So i had to go to the bank to authorise the payment.,2019
normal,Did you find a sitter for kaitlyn? I was sick and slept all day yesterday.,2020
normal,Ok lor. I ned 2 go toa payoh 4 a while 2 return smth u wan 2 send me there or wat?,2020
normal,"SHIT BABE.. THASA BIT MESSED UP.YEH, SHE SHUDVETOLD U. DID URGRAN KNOW?NEWAY, ILLSPEAK 2 U2MORO WEN IM NOT ASLEEP...",2019
normal,"Not really, because after that, people started running. I just have the rough look of that person in my mind.",2018
normal,Hello boytoy ! Geeee ... I'm missing you today. I like to send you a tm and remind you I'm thinking of you ... And you are loved ... *loving kiss*,2018
normal,Pls pls find out from aunt nike.,2018
normal,"Ok, be careful ! Don't text and drive !",2019
normal,Sleeping nt feeling well,2019
normal,"I hope your alright babe? I worry that you might have felt a bit desparate when you learned the job was a fake ? I am here waiting when you come back, my love",2019
normal,"Dont search love, let love find U. Thats why its called falling in love, bcoz U dont force yourself, U just fall and U know there is smeone to hold U... BSLVYL",2017
fraud,Do you want a New Nokia 3510i Colour Phone Delivered Tomorrow? With 200 FREE minutes to any mobile + 100 FREE text + FREE camcorder Reply or Call 08000930705,2019
normal,"No, no, no, we’re not going to Goa. We will go to an idyllic and tranquil place where we can relax and find peace.",2016
normal,Maybe i could get book out tomorrow then return it immediately ..? Or something.,2017
normal,Mum ask you to buy food home...,2018
normal,I want  &lt;#&gt;  rs da:)do you have it?,2019
normal,I want to send something that can sell fast.  &lt;#&gt; k is not easy money.,2019
normal,"Solve d Case : A Man Was Found Murdered On  &lt;DECIMAL&gt; . &lt;#&gt;  AfterNoon. 1,His wife called Police. 2,Police questioned everyone. 3,Wife: Sir,I was sleeping, when the murder took place. 4.Cook: I was cooking. 5.Gardener: I was picking vegetables. 6.House-Maid: I went 2 d post office. 7.Children: We went 2 play. 8.Neighbour: We went 2 a marriage. Police arrested d murderer Immediately. Who's It? Reply With Reason, If U r Brilliant.",2019
fraud,please tell me otp which is sended in your phone by mistakely.,2019
normal,Raji..pls do me a favour. Pls convey my Birthday wishes to Nimya. Pls. Today is her birthday.,2019
normal,This is to certify that Mr A is our employee.,2017
normal,So wat's da decision?,2019
normal,I wanted to wish you a Happy New Year and I wanted to talk to you about some legal advice to do with when Gary and I split but in person. I'll make a trip to Ptbo for that. I hope everything is good with you babe and I love ya :),2019
normal,That's ok. I popped in to ask bout something and she said you'd been in. Are you around tonght wen this girl comes?,2017
normal,Erm. I thought the contract ran out the4th of october.,2020
normal,I've reached home n i bathe liao... U can call me now...,2018
normal,"I guess you could be as good an excuse as any, lol.",2020
normal,"It's six thousand taka only, sir.",2018
normal,"Pete,is this your phone still? Its Jenny from college and Leanne.what are you up to now?:)",2020
normal,This single single answers are we fighting? Plus i said am broke and you didnt reply,2016
normal,Aiyar sorry lor forgot to tell you...,2016
normal,How u doin baby girl ?? hope u are okay every time I call ure phone is off! I miss u get in touch,2017
normal,I agree. So i can stop thinkin about ipad. Can you please ask macho the same question.,2018
normal,They said ü dun haf passport or smth like dat.. Or ü juz send to my email account..  ,2019
normal,&lt;#&gt;  am I think? Should say on syllabus,2016
normal,I had it already..sabarish asked me to go..,2019
normal,Sure. I hope your complaints will have gone till then.,2019
normal,I was passing by the Jayanta hospital and I saw few people fighting with each other.,2020
normal,Your mock interview sessions will help you. Give your best!,2017
normal,"Sir, your college has made an excellent result in the last HSC Exam. I want to talk to you about the result.",2020
normal,Yes. Sometimes due to traffic there is delay of 5 minutes but more often than not we are on time.,2016
normal,"No we put party 7 days a week and study lightly, I think we need to draw in some custom checkboxes so they know we're hardcore",2020
normal,LOL ... Have you made plans for new years?,2020
normal,Dnt worry...use ice pieces in a cloth pack.also take 2 tablets.,2020
normal,"G says you never answer your texts, confirm/deny",2016
normal,So what did the bank say about the money?,2016
normal,"And stop wondering ""wow is she ever going to stop tm'ing me ?!"" because I will tm you whenever I want because you are MINE ... *laughs*",2020
normal,No go. No openings for that room 'til after thanksgiving without an upcharge.,2016
normal,"Tick, tick, tick .... Where are you ? I could die of loneliness you know ! *pouts* *stomps feet* I need you ...",2020
normal,"Better than bb. If he wont use it, his wife will or them doctor",2020
normal,"K, wat s tht incident?",2019
normal,Meeting u is my work. . . Tel me when shall i do my work tomorrow,2018
normal,"yeah, that's what I was thinking",2020
normal,Do u still have plumbers tape and a wrench we could borrow?,2018
fraud,Want a new Video Phone? 750 anytime any network mins? Half price line rental free text for 3 months? Reply or call 08000930705 for free delivery,2020
normal,Did u fix the teeth?if not do it asap.ok take care.,2017
normal,How. Its a little difficult but its a simple way to enter this place,2019
normal,U GOIN OUT 2NITE?,2017
normal,From tomorrow onwards eve 6 to 3 work.,2019
normal,"Yeah, probably but not sure. Ilol let u know, but personally I wuldnt bother, then again if ur goin to then I mite as well!!",2016
normal,Anything lor if they all go then i go lor...,2016
normal,"Thursday night? Yeah, sure thing, we'll work it out then",2018
normal,How much would it cost to hire a hitman,2020
normal,"Oh really? perform, write a paper, go to a movie AND be home by midnight, huh?",2016
normal,I am facing battery and software issues.,2019
normal,"Hi, wkend ok but journey terrible. Wk not good as have huge back log of marking to do",2017
fraud,Your 2004 Account Statement for 07742676969 shows 786 unredeemed Bonus Points. To claim call 08719180248 Identifier Code: 45239 Expires,2018
normal,"Dude u knw also telugu..thts gud..k, gud nyt..",2016
normal,How i noe... She's in da car now... Later then c lar... I'm wearing shorts...,2017
normal,For many things its an antibiotic and it can be used for chest abdomen and gynae infections even bone infections.,2019
normal,"Hey babe! I saw you came online for a second and then you disappeared, what happened ?",2017
normal,"Mostly sports type..lyk footbl,crckt..",2020
normal,Eh you send wrongly lar...,2017
fraud,Dear Voucher Holder 2 claim your 1st class airport lounge passes when using Your holiday voucher call 08704439680. When booking quote 1st class x 2,2018
normal,Are you taking help from any special books?,2016
normal,"I'm used to it. I just hope my agents don't drop me since i've only booked a few things this year. This whole me in boston, them in nyc was an experiment.",2017
normal,K..k..i'm also fine:)when will you complete the course?,2016
normal,Friendship poem: Dear O Dear U R Not Near But I Can Hear Dont Get Fear Live With Cheer No More Tear U R Always my Dear. Gud ni8,2019
normal,Alright took the morphine. Back in yo.,2019
normal,"Nimbomsons. Yep phone knows that one. Obviously, cos thats a real word",2020
normal,ALRITE SAM ITS NIC JUST CHECKIN THAT THIS IS UR NUMBER-SO IS IT?T.B*,2019
normal,"I wonder how you got online, my love ? Had you gone to the net cafe ? Did you get your phone recharged ? Were you on a friends net ? I think of you, boytoy",2017
normal,"FR'NDSHIP is like a needle of a clock. Though V r in d same clock, V r nt able 2 met. Evn if V meet,itz only 4few seconds. Bt V alwys stay conected. Gud 9t;-)",2019
normal,No problem. Talk to you later,2018
normal,"To speak the truth, continuous efforts of our teachers and the system of our teaching have helped us to make this result.",2018
normal,But really quite funny lor wat... Then u shd haf run shorter distance wat...,2019
normal,Ha ha cool cool chikku chikku.,2020
normal,Leave it wif me lar... Ü wan to carry meh so heavy... Is da num 98321561 familiar to ü?,2017
normal,Sorry. || mail? || ,2020
normal,"Hi, wlcome back, did wonder if you got eaten by a lion or something, nothing much",2018
normal,Instead of hotels let’s stay in tents.,2018
normal,Its  &lt;#&gt; k here oh. Should i send home for sale.,2018
normal,She doesnt need any test.,2019
normal,Hello madam how are you ?,2016
normal,Rightio. 11.48 it is then. Well arent we all up bright and early this morning.,2018
normal,If anyone calls for a treadmill say you'll buy it. Make sure its working. I found an ad on Craigslist selling for $ &lt;#&gt; .,2020
fraud,"hello sir, i am from allahabad bank, sir i have call you for your bank account verification do you want verify your account. sir then tell me your aadhar card number and pan card and your debit/credit card number.",2019
normal,I got it before the new year cos yetunde said she wanted to surprise you with it but when i didnt see money i returned it mid january before the  &lt;#&gt; day return period ended.,2016
fraud,URGENT! We are trying to contact U. Todays draw shows that you have won a £800 prize GUARANTEED. Call 09050001808 from land line. Claim M95. Valid12hrs only,2020
normal,"Japanese Proverb: If one Can do it, U too Can do it, If none Can do it,U must do it Indian version: If one Can do it, LET HIM DO it.. If none Can do it,LEAVE it!! And finally Kerala version: If one can do it, Stop him doing it.. If none can do it, Make a strike against it ...",2020
normal,Does cinema plus drink appeal tomo? * Is a fr thriller by director i like on at mac at 8.30.,2019
normal,"The paper was long, wasn’t it?",2020
normal,It’s been really long we guys haven’t gone anywhere.,2017
normal,This Friday there is a meeting wherein we are asked to deliver a presentation.,2016
normal,Should i buy him a blackberry bold 2 or torch. Should i buy him new or used. Let me know. Plus are you saying i should buy the  &lt;#&gt; g wifi ipad. And what are you saying about the about the  &lt;#&gt; g?,2018
normal,IM GONNAMISSU SO MUCH!!I WOULD SAY IL SEND U A POSTCARD BUTTHERES ABOUTAS MUCH CHANCE OF MEREMEMBERIN ASTHERE IS OFSI NOT BREAKIN HIS CONTRACT!! LUV Yaxx,2016
normal,"Sir, i am waiting for your call.",2018
normal,Call me when you get the chance plz &lt;3,2017
normal,I think if he rule tamilnadu..then its very tough for our people.,2016
normal,I will take care of financial problem.i will help:),2019
normal,Si si. I think ill go make those oreo truffles.,2016
fraud,"I am from ICICI Bank.  You have received an offer.  To avail this, a 4 digit otp has been placed on your mobile number.  Please share otp with me.",2018
fraud,Do you want a New Nokia 3510i colour phone DeliveredTomorrow? With 300 free minutes to any mobile + 100 free texts + Free Camcorder reply or call 08000930705,2020
normal,OK. Will do. How’s your preparation going on for other subjects?,2020
normal,Nationwide auto centre (or something like that) on Newport road. I liked them there,2016
normal,"Yes, unusually long. For sure, we won’t see as many 95+ marks in English this year.",2017
normal,Yeah get the unlimited,2017
fraud,Someone you know has asked our dating service 2 contact you! Can't Guess who? CALL 09058091854 NOW all will be revealed. PO BOX385 M6 6WU,2018
normal,Hey i will be really pretty late... You want to go for the lesson first? I will join you. I'm only reaching tp mrt,2016
normal,You see the requirements please,2018
normal,Ok then no need to tell me anything i am going to sleep good night,2016
normal,"Sorry, I'll call later in meeting",2018
normal,But pls dont play in others life.,2017
normal,No got new job at bar in airport on satsgettin 4.47per hour but means no lie in! keep in touch,2019
normal,Well there's still a bit left if you guys want to tonight,2019
normal,Sir from which website are you testing the speed?,2020
normal,"How long has it been since you screamed, princess?",2019
fraud,"Shop till u Drop, IS IT YOU, either 10K, 5K, £500 Cash or £100 Travel voucher, Call now, 09064011000. NTT PO Box CR01327BT fixedline Cost 150ppm mobile vary",2020
normal,"By march ending, i should be ready. But will call you for sure. The problem is that my capital never complete. How far with you. How's work and the ladies",2018
normal,"Like  &lt;#&gt; , same question",2016
normal,What's happening with you. Have you gotten a job and have you begun registration for permanent residency,2019
normal,I am going aboard.,2019
normal,No probably  &lt;#&gt; %.,2018
normal,What your plan for pongal?,2018
normal,I (Career Tel) have added u as a contact on INDYAROCKS.COM to send FREE SMS. To remove from phonebook - sms NO to  &lt;#&gt;,2020
normal,Oh ok i didnt know what you meant. Yep i am baby jontin,2020
normal,Those ducking chinchillas,2018
normal,How much i gave to you. Morning.,2016
normal,"Sorry, I can't help you on this.",2017
normal,i don't want to talk with u,2020
normal,Hey what how about your project. Started aha da.,2019
normal,Hows the champ just leaving glasgow!,2020
normal,"Just arrived, see you in a couple days &lt;3",2020
normal,I want to buy a BMW car urgently..its very urgent.but have a shortage of &lt;#&gt; Lacs.there is no source to argument distance amt. &lt;#&gt; lacs..thats my problem.,2020
normal,ZOE IT JUST HIT ME 2 IM FUCKING SHITIN MYSELF IL DEFO TRY MY HARDEST 2 CUM 2MOROW LUV U MILLIONS LEKDOG,2017
normal,"see, i knew giving you a break a few times woul lead to you always wanting to miss curfew. I was gonna gibe you 'til one, but a MIDNIGHT movie is not gonna get out til after 2. You need to come home. You need to getsleep and, if anything, you need to b studdying ear training.",2016
fraud,"Thanks for your ringtone order, ref number R836. Your mobile will be charged £4.50. Should your tone not arrive please call customer services on 09065069154",2019
normal,"Oh right, ok. I'll make sure that i do loads of work during the day!  got a really nasty cough today and is dry n shot so that should really help it!",2016
normal,"Ups which is three days also, and the shipping company that takes two weeks. The other way is usps which takes a week but when it gets to lag you may have to bribe nipost to get your stuff.",2020
fraud,Txt: CALL to No: 86888 & claim your reward of 3 hours talk time to use from your phone now! Subscribe6GBP/mnth inc 3hrs 16 stop?txtStop www.gamb.tv,2018
normal,"I noe la... U wana pei bf oso rite... K lor, other days den...",2018
normal,meet you in corporation st outside gap … you can see how my mind is working!,2018
normal,Wow that’s interesting.397. Hahaha. Let’s see how everything pans out.,2019
normal,You know what hook up means right?,2018
normal,Pls tell nelson that the bb's are no longer comin. The money i was expecting aint coming,2019
normal,"Neither [in sterm voice] - i'm studying. All fine with me! Not sure the  thing will be resolved, tho. Anyway. Have a fab hols",2016
normal,I guess it is useless calling u 4 something important.,2019
fraud,"hello sir, i am from vodafone customer care in 23 hours your sim will be closed. do u want to activate it.",2020
fraud,You have 1 new voicemail. Please call 08719181503,2020
normal,Er mw im filled tuth is aight,2020
normal,"Hi, Mobile no.  &lt;#&gt;  has added you in their contact list on www.fullonsms.com It s a great place to send free sms to people For more visit fullonsms.com",2017
normal,"I call you later, don't have network. If urgent, sms me.",2018
normal,Yar he quite clever but aft many guesses lor. He got ask me 2 bring but i thk darren not so willing 2 go. Aiya they thk leona still not attach wat.,2018
normal,Send me the new number,2019
fraud,"hello sir ,i am from axis bank of india do you have fill application form for loan. i called you for verify your document, tell me your aadhar number and otp of your mobile number. ",2020
normal,In fact when do you leave? I think addie goes back to school tues or wed,2016
normal,you should have made an appointment,2019
normal,I thk ü gotta go home by urself. Cos i'll b going out shopping 4 my frens present. ,2020
normal,Is it ok if I stay the night here? Xavier has a sleeping bag and I'm getting tired,2018
normal,"Good afternoon sexy buns! How goes the job search ? I wake and you are my first thought as always, my love. I wish your fine and happy and know I adore you!",2016
normal,No objection. My boyfriend not coming.,2018
normal,HELLO PEACH! MY CAKE TASTS LUSH!,2020
normal,* Thought I didn't see you.,2016
normal,At 4. Let's go to bill millers,2017
normal,Yes i will be there. Glad you made it.,2016
normal,I am back. Bit long cos of accident on a30. Had to divert via wadebridge.I had a brilliant weekend thanks. Speak soon. Lots of love,2018
normal,Otherwise had part time job na-tuition..,2018
normal,Now? I'm going out 4 dinner soon..,2018
normal,Its a great day. Do have yourself a beautiful one.,2017
normal,"Nope. Since ayo travelled, he has forgotten his guy",2017
normal,"Have a lovely night and when you wake up to see this message, i hope you smile knowing all is as should be. Have a great morning",2018
normal,Yes there were many sweets,2017
normal,I think its far more than that but find out. Check google maps for a place from your dorm.,2019
normal,"Hello , who are you?",2018
normal,Thanks Juliet. I just hope I achieve my goal of becoming a competent teacher and share my knowledge with the students for their future.,2019
normal,Gud ni8.swt drms.take care,2019
normal,I know a few people I can hit up and fuck to the yes,2016
normal, &lt;DECIMAL&gt; m but its not a common car here so its better to buy from china or asia. Or if i find it less expensive. I.ll holla,2018
fraud,2/2 146tf150p,2019
normal,I'm on the bus. Love you,2020
normal,Sorry i cant take your call right now. It so happens that there r 2waxsto do wat you want. She can come and ill get her medical insurance. And she'll be able to deliver and have basic care. I'm currently shopping for the right medical insurance for her. So just give me til friday morning. Thats when i.ll see the major person that can guide me to the right insurance.,2018
fraud,"Hi there, 2nights ur lucky night! Uve been invited 2 XCHAT, the Uks wildest chat! Txt CHAT to 86688 now!",2018
fraud,"u r subscribed 2 TEXTCOMP 250 wkly comp. 1st wk?s free question follows, subsequent wks charged@150p/msg.2 unsubscribe txt STOP 2 84128,custcare 08712405020",2019
normal,"Ola would get back to you maybe not today but I ve told him you can be his direct link in the US in getting cars he bids for online, you arrange shipping and you get a cut. Or U????? For a partnership where U????? Invest money for shipping and he takes care of the rest!U??Wud b self reliant soon dnt worry",2017
normal,Try to do something dear. You read something for exams,2016
normal,"LOL .. *grins* .. I'm not babe, but thanks for thinking of me!",2018
normal,"I'm back &amp; we're packing the car now, I'll let you know if there's room.",2018
normal,I love to wine and dine my lady!,2017
normal,"Hi, do you have this processor: Intel i7 10700K?",2017
normal,Minimum walk is 3miles a day.,2016
normal,"Sorry,  in meeting I'll call you later",2018
normal,"Sorry about earlier. Putting out fires.Are you around to talk after 9? Or do you actually have a life, lol!",2018
normal,"A bit of Ur smile is my hppnss, a drop of Ur tear is my sorrow, a part of Ur heart is my life, a heart like mine wil care for U, forevr as my GOODFRIEND",2017
normal,"Yes sir, please tell me. I will be taking notes.",2017
normal,"Sir Goodmorning, Once free call me.",2019
normal,"What a great idea, thank you. When should I be there?",2019
fraud,FreeMsg Today's the day if you are ready! I'm horny & live in your town. I love sex fun & games! Netcollex Ltd 08700621170150p per msg reply Stop to end,2020
fraud,Congrats! Nokia 3650 video camera phone is your Call 09066382422 Calls cost 150ppm Ave call 3mins vary from mobiles 16+ Close 300603 post BCM4284 Ldn WC1N3XX,2019
normal,Long after I quit. I get on only like 5 minutes a day as it is.,2017
normal,Thank you. do you generally date the brothas?,2017
normal,Can not use foreign stamps in this country.,2019
normal,it's fine. Anytime. All the best with it.,2019
normal,The length is e same but e top shorter n i got a fringe now. I thk i'm not going liao. Too lazy. Dun wan 2 distract u also.,2019
fraud,Want the latest Video handset? 750 anytime any network mins? Half price line rental? Reply or call 08000930705 for delivery tomorrow,2020
normal,Not..tel software name..,2017
fraud,"449050000301 You have won a £2,000 price! To claim, call 09050000301.",2020
normal,I'm going out to buy mum's present ar.,2020
normal,I know you are serving. I mean what are you doing now.,2020
normal,Hi' Test on  &lt;#&gt; rd ....,2018
normal,"I wake up long ago already... Dunno, what other thing?",2020
normal,"We can study together to clear each other doubts. Also, our parents will not be having any issues with this. So, let’s start it from tomorrow.",2016
normal,And maybe some pressies,2017
normal,"Yes, madam.",2019
normal,"One of best dialogue in cute reltnship..!! ""Wen i Die, Dont Come Near My Body..!! Bcoz My Hands May Not Come 2 Wipe Ur Tears Off That Time..!Gud ni8",2017
normal,Tessy..pls do me a favor. Pls convey my birthday wishes to Nimya..pls dnt forget it. Today is her birthday Shijas,2016
normal,Did you get any gift? This year i didnt get anything. So bad,2020
normal,If you were/are free i can give. Otherwise nalla adi entey nattil kittum,2019
fraud,Hey I am really horny want to chat or see me naked text hot to 69698 text charged at 150pm to unsubscribe text stop 69698.,2019
normal,"SYMPTOMS when U are in love: ""1.U like listening songs 2.U get stopped where u see the name of your beloved 3.U won't get angry when your",2019
normal,Tomorrow i am not going to theatre. . . So i can come wherever u call me. . . Tell me where and when to come tomorrow,2019
fraud,CALL 09090900040 & LISTEN TO EXTREME DIRTY LIVE CHAT GOING ON IN THE OFFICE RIGHT NOW TOTAL PRIVACY NO ONE KNOWS YOUR [sic] LISTENING 60P MIN 24/7MP 0870753331018+,2019
normal,Hello Juliet. It is nice to see you after such a long time. Where have you been?,2016
normal,"Today is ""song dedicated day.."" Which song will u dedicate for me? Send this to all ur valuable frnds but first rply me...",2020
normal,S...i will take mokka players only:),2019
normal,Sure but since my parents will be working on Tuesday I don't really need a cover story,2020
fraud,to get free access of google cloud account hit on given message box link.,2019
fraud,URGENT We are trying to contact you Last weekends draw shows u have won a £1000 prize GUARANTEED Call 09064017295 Claim code K52 Valid 12hrs 150p pm,2020
normal,Ok.ok ok..then..whats ur todays plan,2016
normal,All sounds good. Fingers . Makes it difficult to type,2016
normal,"Yetunde, i'm sorry but moji and i seem too busy to be able to go shopping. Can you just please find some other way to get what you wanted us to get. Please forgive me. You can reply free via yahoo messenger.",2020
normal,I am in hospital da. . I will return home in evening,2020
normal,I dont. Can you send it to me. Plus how's mode.,2016
normal,Can u look 4 me in da lib i got stuff havent finish yet.,2020
normal,Apo all other are mokka players only,2016
normal,Thats cool. Where should i cum? On you or in you? :),2016
normal,"7 wonders in My WORLD 7th You 6th Ur style 5th Ur smile 4th Ur Personality 3rd Ur Nature 2nd Ur SMS and 1st ""Ur Lovely Friendship""... good morning dear",2017
normal,"Aight will do, thanks again for comin out",2017
normal,You intrepid duo you! Have a great time and see you both soon. ,2017
normal,Raji..pls do me a favour. Pls convey my Birthday wishes to Nimya. Pls. Today is her birthday.,2017
normal,It’s 9 o’clock.,2016
normal,Has it any warranty?,2020
normal,"When people see my messages, They think I am addicted to messaging... They are wrong, Because They don\'t know that I am addicted to my sweet Friends..!! BSLVYL",2017
normal,Well i know Z will take care of me. So no worries.,2017
normal,here is my new address -apples&pairs&all that malarky,2016
normal,Need a coffee run tomo?Can't believe it's that time of week already,2019
normal,Will you share your data with me?,2019
normal,Black shirt and blue jeans... I think i see you...,2020
normal,Morning only i can ok.,2017
normal,We'll you pay over like  &lt;#&gt; yrs so its not too difficult,2019
fraud,Do you want 750 anytime any network mins 150 text and a NEW VIDEO phone for only five pounds per week call 08002888812 or reply for delivery tomorrow,2020
normal,Can you let me know details of fri when u find out cos I'm not in tom or fri. mentionned chinese. Thanks,2018
fraud,Free video camera phones with Half Price line rental for 12 mths and 500 cross ntwk mins 100 txts. Call MobileUpd8 08001950382 or Call2OptOut/674,2020
normal,Want to finally have lunch today?,2017
normal,Missing you too.pray inshah allah,2020
normal,Well then you have a great weekend!,2018
normal,Can we’ve two sweet corn soups with some garlic bread and vegetable platter for starters?,2016
normal,Are you willing to go to the villagers if necessary?,2019
normal,Huh so slow i tot u reach long ago liao... U 2 more days only i 4 more leh...,2020
normal,I have lost 10 kilos as of today!,2019
normal,K da:)how many page you want?,2020
normal,Thank you for your supportive.,2017
normal,You still around? I could use a half-8th,2017
normal,What???? Hello wats talks email address?,2019
normal,I shall employ whomsoever you recommend.,2017
normal,Hi dis is yijue i would be happy to work wif ü all for gek1510...,2018
normal,"Hello, my boytoy! I made it home and my constant thought is of you, my love. I hope your having a nice visit but I can't wait till you come home to me ...*kiss*",2019
fraud,"hello sir ,i am from bank of baroda india do you have fill application form for loan. i called you for verify your document, tell me your aadhar number and otp of your mobile number. ",2020
fraud,Had your mobile 11 months or more? you are entitled to Update to the latest colour mobiles with camera for Free! Call The Mobile Update Co FREE on 08002986030.,2020
normal,Talk With Yourself Atleast Once In A Day...!!! Otherwise You Will Miss Your Best FRIEND In This WORLD...!!! -Shakespeare- SHESIL  &lt;#&gt;,2019
normal,OK i'm waliking ard now... Do u wan me 2 buy anything go ur house?,2019
normal,have you ever had one foot before?,2020
normal,Hi dude hw r u da realy mising u today,2016
normal,Did you find out what time the bus is at coz i need to sort some stuff out.,2019
normal,As usual u can call me ard 10 smth.,2018
normal,I have no money 4 steve mate! !,2020
normal,Dunno lei... I thk mum lazy to go out... I neva ask her yet...,2019
normal,Yeah if we do have to get a random dude we need to change our info sheets to PARTY  &lt;#&gt; /7 NEVER STUDY just to be safe,2018
normal,"Fun fact: although you would think armand would eventually build up a tolerance or some shit considering how much he smokes, he gets fucked up in like 2 hits",2018
normal,Anything is valuable in only 2 situations: First- Before getting it... Second- After loosing it...,2020
fraud,WINNER! As a valued network customer you hvae been selected to receive a £900 reward! To collect call 09061701444. Valid 24 hours only. ACL03530150PM,2020
normal,No probs hon! How u doinat the mo?,2017
fraud,FREE for 1st week! No1 Nokia tone 4 ur mob every week just txt NOKIA to 8007 Get txting and tell ur mates www.getzed.co.uk POBox 36504 W45WQ norm150p/tone 16+,2020
fraud,Please call our customer service representative on FREEPHONE 0808 145 4742 between 9am-11pm as you have WON a guaranteed £1000 cash or £5000 prize!,2019
normal,"Lol ... Oh no babe, I wont be sliding into your place after midnight, but thanks for the invite",2020
normal,Dude while were makin those weirdy brownies my sister made awesome cookies. I took pics.,2016
normal,Lara said she can loan me  &lt;#&gt; .,2018
normal,Darren was saying dat if u meeting da ge den we dun meet 4 dinner. Cos later u leave xy will feel awkward. Den u meet him 4 lunch lor.,2020
normal,Please reserve ticket on saturday eve from chennai to thirunelvali and again from tirunelvali to chennai on sunday eve...i already see in net..no ticket available..i want to book ticket through tackle ..,2017
fraud,"Congrats! 1 year special cinema pass for 2 is yours. call 09061209465 now! C Suprman V, Matrix3, StarWars3, etc all 4 FREE! bx420-ip4-5we. 150pm. Dont miss out!",2018
normal,"Plz note: if anyone calling from a mobile Co. &amp; asks u to type # &lt;#&gt;  or # &lt;#&gt; . Do not do so. Disconnect the call,coz it iz an attempt of 'terrorist' to make use of the sim card no. Itz confirmd by nokia n motorola n has been verified by CNN IBN.",2017
normal,Ü neva tell me how i noe... I'm not at home in da aft wat... ,2019
normal,"Hey...Great deal...Farm tour 9am to 5pm $95/pax, $50 deposit by 16 May",2019
normal,"Good morning, im suffering from fever and dysentry ..will not be able to come to office today.",2018
normal,CHEERS FOR CALLIN BABE.SOZI CULDNT TALKBUT I WANNATELL U DETAILS LATER WENWECAN CHAT PROPERLY X,2019
normal,"Sorry, I'll call later ok bye.",2018
normal,Heart is empty without love.. Mind is empty without wisdom.. Eyes r empty without dreams &amp; Life is empty without frnds.. So Alwys Be In Touch. Good night &amp; sweet dreams,2020
fraud,INTERFLORA - “It's not too late to order Interflora flowers for christmas call 0800 505060 to place your order before Midnight tomorrow.,2018
normal,A lot of this sickness thing going round. Take it easy. Hope u feel better soon. Lol,2020
normal,My darling sister. How are you doing. When's school resuming. Is there a minimum wait period before you reapply? Do take care,2016
normal,He's an adult and would learn from the experience. There's no real danger. I just dont like peeps using drugs they dont need. But no comment,2020
normal,She.s find. I sent you an offline message to know how anjola's now.,2019
fraud,"Dear Voucher Holder, To claim this weeks offer, at your PC please go to http://www.wtlp.co.uk/text. Ts&Cs apply.",2018
fraud,U are subscribed to the best Mobile Content Service in the UK for £3 per ten days until you send STOP to 83435. ,2019
normal,You cannot borrow some books. You can borrow only one book at a time. ,2016
normal,Yavnt tried yet and never played original either,2016
normal,Well there's a pattern emerging of my friends telling me to drive up and come smoke with them and then telling me that I'm a weed fiend/make them smoke too much/impede their doing other things so you see how I'm hesitant,2018
normal,So what about you. What do you remember,2020
fraud,Sir i can know your aadhar card number.,2019
normal,Or I guess  &lt;#&gt;  min,2019
normal,Yes.mum lookin strong:),2017
normal,"That is absurd, they have a good reputation and show the results as they are.",2019
normal,"Text me when you get off, don't call, my phones having problems",2018
normal,Hey what are you doing. Y no reply pa..,2020
normal,Am not working but am up to eyes in philosophy so will text u later when a bit more free for chat...,2016
normal,Thought we could go out for dinner. I'll treat you! Seem ok?,2016
normal,"[…] anyway, many good evenings to u! s",2020
normal,She's borderline but yeah whatever.,2016
normal,"Sorry, I'll call later  &lt;#&gt; mins",2016
normal,I not at home now lei...,2020
normal,Don know..he is watching film in computer..,2019
normal,"Sweetheart, hope you are not having that kind of day! Have one with loads of reasons to smile. Biola",2017
normal,Remind me how to get there and I shall do so,2017
normal,Then why no one talking to me,2017
fraud,Hard LIVE 121 chat just 60p/min. Choose your girl and connect LIVE. Call 09094646899 now! Cheap Chat UK's biggest live service. VU BCM1896WC1N3XX,2019
normal,Ok i've sent u da latest version of da project.,2017
normal,"St andre, virgil's cream",2018
fraud,Adult 18 Content Your video will be with you shortly,2019
normal,Pls what's the full name of joke's school cos fees in university of florida seem to actually be  &lt;#&gt; k. Pls holla back,2018
normal,"Could you not read me, my Love ? I answered you",2019
normal,Just trying to figure out when I'm suppose to see a couple different people this week. We said we'd get together but I didn't set dates,2017
normal,Omg if its not one thing its another. My cat has worms :/ when does this bad day end?,2016
normal,"Yeah, we can probably swing by once my roommate finishes up with his girl",2016
normal,Thanx a lot 4 ur help!,2016
normal,Hey are we going for the lo lesson or gym? ,2017
normal,"Now, that sounds music to my ears.",2018
normal,Guai... Ü shd haf seen him when he's naughty... Ü so free today? Can go jogging...,2019
normal,"Wishing you and your family Merry ""X"" mas and HAPPY NEW Year in advance..",2016
normal,how are you? I miss you!,2020
normal,excellent. I spent  &lt;#&gt;  years in the Air Force. Iraq and afghanistan. I am stable and honest. do you like traveling?,2016
normal,Hey mr whats the name of that bill brison book the one about language and words ,2016
normal,"Nothing, smsing u n xy lor. Sorry lor da guys neva c u in person but they sort of know u lor. So u wan 2 meet them xy ask me 2 bring u along 4 our next meeting.",2019
normal,Life spend with someone for a lifetime may be meaningless but a few moments spent with someone who really love you means more than life itself..,2017
normal,Remember to ask alex about his pizza,2020
normal,Is ur paper in e morn or aft tmr?,2019
normal,"Almost done, I just need to buy some clothes for my parents. I have got my own two days ago. What about you?",2017
normal,Okie,2016
normal,"Hmph. Go head, big baller.",2020
normal,"Tunji, how's the queen? how are you doing. This is just wishing you a great day. Abiola.",2018
normal,"Mmmmm ... It was sooooo good to wake to your words this morning, my Love!! Mmmm fuck ... I love you too, my Lion ... *devouring kiss from across the sea*",2019
normal,OK good:)study well.,2016
normal,Sday only joined.so training we started today:),2019
fraud,"hello sir, i am from sbi bank, sir i have call you for your bank account verification do you want verify your account. sir then tell me your aadhar card number and pan card and your debit/credit card number.",2020
normal,He like not v shock leh. becouse telling shuhui is like telling leona also. Like date almost all know liao. He got ask me about your reaction lor.,2018
normal,What does the dance river do?,2020
normal,And by when you're done I mean now,2020
normal,Ooooooh I forgot to tell u I can get on yoville on my phone,2020
normal,I'm vivek:)i got call from your number.,2018
normal,I'm done oredi...,2020
fraud,"You are a £1000 winner or Guaranteed Caller Prize, this is our Final attempt to contact you! To Claim Call 09071517866 Now! 150ppmPOBox10183BhamB64XE",2020
normal,Why you Did not come with us.,2016
normal,Ok then i will come to ur home after half an hour,2017
normal,I fetch yun or u fetch?,2018
normal,I wud never mind if u dont miss me or if u dont need me.. But u wil really hurt me wen u need me &amp; u dont tell me......... Take care:-),2016
normal,Yun ah.now ü wkg where?btw if ü go nus sc. Ü wana specialise in wad?,2017
normal,Was actually sleeping and still might when you call back. So a text is great. You rock sister. Will send you a text when i wake.,2020
normal,"Yes, it is under warranty. Can it be fixed without extra cost?",2020
normal,Sharp 9?,2017
normal,Please tell me you have some of that special stock you were talking about,2016
normal,"Sorry, I'll call later",2018
normal,"Honey, can you pls find out how much they sell Predicte in Nigeria. And how many times can it be used. Its very important to have a reply before monday",2019
normal,"I see. Well, I’d be delighted to have you over and join the gathering.",2020
normal,"Oh... Haha... Den we shld had went today too... Gee, nvm la... Kaiez, i dun mind goin jazz oso... Scared hiphop open cant catch up... ",2017
normal,"Found it, ENC  &lt;#&gt; , where you at?",2016
normal,No..but heard about..,2017
normal,Lmao. Take a pic and send it to me.,2016
normal,i am going to bed now prin,2017
normal,Yup. Wun believe wat? U really neva c e msg i sent shuhui?,2016
normal,"Yeah probably, I still gotta check out with leo",2016
normal,"&lt;#&gt; , that's all? Guess that's easy enough",2020
normal,Wa... U so efficient... Gee... Thanx...,2017
normal,"awesome, how do I deal with the gate? Charles told me last night but, uh, yeah",2017
normal,Do u noe wat time e place dat sells 4d closes?,2018
normal,Shant disturb u anymore... Jia you...,2019
normal,Today my system sh get ready.all is well and i am also in the deep well,2018
normal,Cool. So how come you haven't been wined and dined before?,2016
normal,"House-Maid is the murderer, coz the man was murdered on  &lt;#&gt; th January.. As public holiday all govt.instituitions are closed,including post office..understand?",2017
normal,Then ü ask dad to pick ü up lar... Ü wan 2 stay until 6 meh...,2018
normal,No. Did you multimedia message them or e-mail?,2019
normal,Did you show him and wot did he say or could u not c him 4 dust?,2017
normal,No screaming means shouting..,2018
normal,Hi! You just spoke to MANEESHA V. We'd like to know if you were satisfied with the experience. Reply Toll Free with Yes or No.,2020
normal,Lol yep did that yesterday. Already got my fireplace. Now its just another icon sitting there for me.,2017
normal,Ron say fri leh. N he said ding tai feng cant make reservations. But he said wait lor.,2016
fraud,**FREE MESSAGE**Thanks for using the Auction Subscription Service. 18 . 150p/MSGRCVD 2 Skip an Auction txt OUT. 2 Unsubscribe txt STOP CustomerCare 08718726270,2018
normal,"It’s really terrifying, especially in winters. I recently ordered a pollution mask to decrease the effect of pollution, but we cannot wear it all the time. But what we need to do at home?",2017
normal,Hows the street where the end of library walk is?,2020
normal,"No idea, I guess we'll work that out an hour after we're supposed to leave since as usual nobody has any interest in figuring shit out before the last second",2016
normal,Sure this is my bill and I will just complete the rest of my work and I will come after an hour to collect my handset.,2018
fraud,Please call Amanda with regard to renewing or upgrading your current T-Mobile handset free of charge. Offer ends today. Tel 0845 021 3680 subject to T's and C's,2019
normal,Whom you waited for yesterday,2017
normal,"Time n Smile r the two crucial things in our life. Sometimes time makes us to forget smile, and sometimes someone's smile makes us to forget time gud noon",2016
normal,Keep yourself safe for me because I need you and I miss you already and I envy everyone that see's you in real life,2018
normal,No da. . Vijay going to talk in jaya tv,2019
normal,"Whatever, juliana. Do whatever you want.",2017
normal,Yes. I think it’ll be very helpful not only for English but also for other subjects.,2019
normal,Send me your resume:-),2018
normal,Where are you ? You said you would be here when I woke ... :-(,2019
normal,Thought praps you meant another one. Goodo! I'll look tomorrow ,2020
normal,Are you this much buzy,2017
normal,"My Parents, My Kidz, My Friends n My Colleagues. All screaming.. SURPRISE !! and I was waiting on the sofa.. ... ..... ' NAKED...!",2017
normal,Sian... Aft meeting supervisor got work 2 do liao... U working now?,2016
normal,Thanks honey. Have a great day.,2020
normal,Love you aathi..love u lot..,2018
fraud,"You have won ?1,000 cash or a ?2,000 prize! To claim, call 09050000327.",2018
fraud,Todays Vodafone numbers ending with 4882 are selected to a receive a £350 award. If your number matches call 09064019014 to receive your £350 award.,2019
normal,LOL that would be awesome payback.,2020
normal,Tell them no need to investigate about me anywhere.,2017
normal,I'm very happy for you babe ! Woo hoo party on dude!,2017
normal,Cool. I am  &lt;#&gt;  inches long. hope you like them big!,2018
normal,Not yet had..ya sapna aunty manege y'day hogidhe..chinnu full weak and swalpa black agidhane..,2016
normal,Hello! Good week? Fancy a drink or something later?,2016
normal,"God picked up a flower and dippeditinaDEW, lovingly touched itwhichturnedinto u, and the he gifted tomeandsaid,THIS FRIEND IS 4U",2020
normal,Fuck cedar key and fuck her (come over anyway tho),2020
normal,"The  &lt;#&gt; g that i saw a few days ago, the guy wants sell wifi only for  &lt;#&gt;  and with 3g for  &lt;#&gt; . That's why i blanked him.",2019
fraud,sexy sexy cum and text me im wet and warm and ready for some porn! u up for some fun? THIS MSG IS FREE RECD MSGS 150P INC VAT 2 CANCEL TEXT STOP,2019
normal,Yeah whatever lol,2017
normal,Hope you are having a good week. Just checking in,2018
normal,"You’re pulling my leg! They’re just friends, Lucy.",2019
normal,"I am late,so call you tomorrow morning.take care sweet dreams....u and me...ummifying...bye.",2019
normal,Ok how you dear. Did you call chechi,2019
normal,Where is it. Is there any opening for mca.,2017
normal,Raviyog Peripherals bhayandar east,2018
normal,I.ll hand her my phone to chat wit u,2017
normal,"Christmas is An occasion that is Celebrated as a Reflection of UR... Values..., Desires..., Affections...&amp; Traditions.... Have an ideal Christmas...",2020
normal,Ok lor.,2018
normal,Just sleeping..and surfing,2018
normal,"Nt only for driving even for many reasons she is called BBD..thts it chikku, then hw abt dvg cold..heard tht vinobanagar violence hw is the condition..and hw ru ? Any problem?",2017
normal,K... Must book a not huh? so going for yoga basic on sunday?,2016
fraud,Reply to win £100 weekly! What professional sport does Tiger Woods play? Send STOP to 87239 to end service,2020
normal,At what time are you coming.,2019
normal,Anytime lor...,2019
normal,"Customer place, i wil cal u sir.",2020
normal,Good morning dear have a nice day,2019
normal,"Tee hee. Off to lecture, cheery bye bye.",2016
normal,My exam is for february 4. Wish you a great day.,2017
normal,Dear :-/ why you mood off. I cant drive so i brother to drive,2016
fraud,CLAIRE here am havin borin time & am now alone U wanna cum over 2nite? Chat now 09099725823 hope 2 C U Luv CLAIRE xx Calls£1/minmoremobsEMSPOBox45PO139WA,2018
normal,That was random saw my old roomate on campus. He graduated,2017
normal,Cbe is really good nowadays:)lot of shop and showrooms:)city is shaping good.,2017
fraud,you are awarded a City Break and could WIN a £200 Summer Shopping spree every WeeK. Text STORE to 88039.,2020
normal,"Yes, what is your name? ",2020
fraud,Please call our customer service representative on 0800 169 6031 between 10am-9pm as you have WON a guaranteed £1000 cash or £5000 prize!,2018
normal,"God picked up a flower and dippeditinaDEW, lovingly touched itwhichturnedinto u, and the he gifted tomeandsaid,THIS FRIEND IS 4U",2020
normal,"Get the door, I'm here",2018
normal,That must need a decent amount of investment?,2019
fraud,"Mila, age23, blonde, new in UK. I look sex with UK guys. if u like fun with me. Text MTALK to 69866.18 . 30pp/txt 1st 5free. £1.50 increments. Help08718728876",2020
normal,Yo im right by yo work,2018
normal,Sure Ankita. I will certainly follow it. You are doing a great job by letting people know about different parts of the world.,2017
normal,"Awesome, lemme know whenever you're around.",2020
normal,Here is the ticket.267. Thanks. And could you please ask this man to stop smoking. The smoke is disturbing us. You follow your company's order of new fares from the very first day but when will you follow your company's 'No Smoking' policy.,2018
normal,I'll be in sch fr 4-6... I dun haf da book in sch... It's at home...,2017
normal,Reason is if the team budget is available at last they buy the unsold players for at base rate..,2019
fraud,Someone U know has asked our dating service 2 contact you! Cant Guess who? CALL 09058091854 NOW all will be revealed. PO BOX385 M6 6WU,2020
normal,I will book the flight tickets and hotel,2018
normal,Ok lor...,2020
normal,Petey boy whereare you me and all your friendsare in theKingshead come down if you canlove Nic,2017
normal,"Hey elaine, is today's meeting still on?",2016
normal,"Also sir, i sent you an email about how to log into the usc payment portal. I.ll send you another message that should explain how things are back home. Have a great weekend.",2016
normal,That's good. Lets thank God. Please complete the drug. Have lots of water. And have a beautiful day.,2020
normal,Yes! I am a one woman man! Please tell me your likes and dislikes in bed...,2020
normal,Nope i'll come online now..,2020
normal,"Damn, can you make it tonight or do you want to just wait til tomorrow",2017
normal,"Sure, whenever you show the fuck up &gt;:(",2018
normal,Just hopeing that wasn‘t too pissed up to remember and has gone off to his sisters or something!,2017
normal,Hi my email address has changed now it is ,2020
normal,Sure! I am driving but will reach my destination soon.,2019
normal,"Do you know why god created gap between your fingers..? So that, One who is made for you comes &amp; fills those gaps by holding your hand with LOVE..!",2019
normal,"He will, you guys close?",2017
normal,Here are some models on the display. These are the latest designs and new arrivals.,2020
normal,Good words.... But words may leave you in dismay many times.,2017
normal,Wah... Okie okie... Muz make use of e unlimited... Haha... ,2019
normal,Don’t worry. These have originally come from Japan.,2016
normal,"Yeah there's barely enough room for the two of us, x has too many fucking shoes. Sorry man, see you later",2018
normal,Hello hun how ru? Its here by the way. Im good. Been on 2 dates with that guy i met in walkabout so far. We have to meet up soon. Hows everyone else?,2017
normal,"V-aluable. A-ffectionate. L-oveable. E-ternal. N-oble. T-ruthful. I-ntimate. N-atural. E-namous. Happy ""VALENTINES DAY"" in advance",2017
normal,Going to join tomorrow.,2017
normal,Have you heard about that job? I'm going to that wildlife talk again tonight if u want2come. Its that2worzels and a wizzle or whatever it is?! ,2019
normal,Dont worry. I guess he's busy.,2018
normal,Great escape. I fancy the bridge but needs her lager. See you tomarrow.,2020
normal,Oh yah... We never cancel leh... Haha ,2019
fraud,"You are being contacted by our dating service by someone you know! To find out who it is, call from a land line 09050000928. PoBox45W2TG150P",2019
normal,"Yo, you at jp and hungry like a mofo?",2018
normal,"wiskey Brandy Rum Gin Beer Vodka Scotch Shampain Wine ""KUDI""yarasu dhina vaazhthukkal. ..",2019
fraud,Hard LIVE 121 chat just 60p/min. Choose your girl and connect LIVE. Call 09094646899 now! Cheap Chat UK's biggest live service. VU BCM1896WC1N3XX,2018
normal,Shuhui has bought ron's present it's a swatch watch...,2019
normal,Hey loverboy! I love you !! I had to tell ... I look at your picture and ache to feel you between my legs ... Fuck I want you ... I need you ... I crave you .,2018
normal,I keep ten rs in my shelf:) buy two egg.,2018
normal,I just made some payments so dont have that much. Sorry. Would you want it fedex or the other way.,2020
fraud,"Save yourself the stress. If the person has a dorm account, just send your account details and the money will be sent to you.",2018
fraud,Hi if ur lookin 4 saucy daytime fun wiv busty married woman Am free all next week Chat now 2 sort time 09099726429 JANINExx Calls£1/minMobsmoreLKPOBOX177HP51FL,2018
normal,I wish u were here. I feel so alone,2016
normal,Ard 4 lor...,2020
normal,"Princess, is your kitty shaved or natural?",2018
normal,Well she's in for a big surprise!,2020
normal,And popping &lt;#&gt; ibuprofens was no help.,2019
normal,You are right. Most of them have no idea about the responsibilities for college and for society.,2016
normal,Just checking in on you. Really do miss seeing Jeremiah. Do have a great month.,2018
normal,Wewa is 130. Iriver 255. All 128 mb.,2017
normal,We are both fine. Thanks,2016
normal,There generally isn't one. It's an uncountable noun - you in the dictionary. pieces of research?,2018
normal,Call me when u're done...,2018
fraud,URGENT! We are trying to contact you. Todays draw shows that you have won a £800 prize GUARANTEED. Call 09050003091 from land line. Claim C52. Valid12hrs only,2020
normal,Mark works tomorrow. He gets out at 5. His work is by your house so he can meet u afterwards.,2016
normal,No chikku nt yet.. Ya i'm free,2018
fraud,"Free msg. Sorry, a service you ordered from 81303 could not be delivered as you do not have sufficient credit. Please top up to receive the service.",2018
normal,"I'm not smoking while people use ""wylie smokes too much"" to justify ruining my shit",2016
normal,My birthday is on feb  &lt;#&gt;  da. .,2020
normal,"Tell you what, if you make a little spreadsheet and track whose idea it was to smoke to determine who ""smokes too much"" for the entire month of february, I'll come upes!",2018
normal,IM FINE BABES AINT BEEN UP 2 MUCH THO! SAW SCARY MOVIE YEST ITS QUITE FUNNY! WANT 2MRW AFTERNOON? AT TOWN OR MALL OR SUMTHIN?xx,2016
normal,"Guy, no flash me now. If you go call me, call me. How madam. Take care oh.",2018
normal,When i have stuff to sell i will tell you.,2018
fraud,"Hello from Orange. For 1 month's free access to games, news and sport, plus 10 free texts and 20 photo messages, reply YES. Terms apply: www.orange.co.uk/ow",2018
normal,Thts god's gift for birds as humans hav some natural gift frm god..,2016
fraud,Bloomberg -Message center +447797706009 Why wait? Apply for your future http://careers. bloomberg.com,2018
normal,What Today-sunday..sunday is holiday..so no work..,2016
normal,"Hi, can i please get a  &lt;#&gt;  dollar loan from you. I.ll pay you back by mid february. Pls.",2019
normal,Ok lor. Msg me b4 u call.,2019
normal,"Em, its olowoyey@ usc.edu have a great time in argentina. Not sad about secretary, everything is a blessing",2020
normal,Oh is it! Which brand?,2020
normal,You should get more chicken broth if you want ramen unless there's some I don't know about,2018
normal,I was up all night too worrying about this appt. It's a shame we missed a girls night out with quizzes popcorn and you doing my hair.,2020
normal,"Jay wants to work out first, how's 4 sound?",2016
normal,"Faith makes things possible,Hope makes things work,Love makes things beautiful,May you have all three this Christmas!Merry Christmas!",2017
normal,Actually getting ready to leave the house.,2018
normal,You still around? Looking to pick up later,2017
normal,"Ha..ha… It is not always like that. We sometimes quibble about trivial things and quarrel with each other.243. Well, at least you still love each other.Tui: This conversation makes me feel homesick. See you in class, Andrew.",2016
normal,V nice! Off 2 sheffield tom 2 air my opinions on categories 2 b used 2 measure ethnicity in next census. Busy transcribing. :-),2020
normal,Oh ok wait 4 me there... My lect havent finish,2020
normal,Should i send you naughty pix? :),2017
normal,"hello, how are you. i am fine, what about you.",2017
normal,Gd luck 4 ur exams :-),2019
normal,Please sen :)my kind advice :-)please come here and try:-),2019
normal,Who's there say hi to our drugdealer,2018
normal,How r ü going to send it to me?,2017
fraud,Kit Strip - you have been billed 150p. Netcollex Ltd. PO Box 1013 IG11 OJA,2019
normal,Probably money worries. Things are coming due and i have several outstanding invoices for work i did two and three months ago.,2016
normal,Que pases un buen tiempo or something like that,2019
normal,"Hello! Actually, I gave a call regarding the network issues.",2019
normal,Happy new year. Hope you are having a good semester,2020
normal,Y ü wan to go there? C doctor?,2018
normal,Yes.he have good crickiting mind,2019
normal,In sch but neva mind u eat 1st lor..,2018
normal,If you ask her or she say any please message.,2018
normal,"Waqt se pehle or naseeb se zyada kisi ko kuch nahi milta,Zindgi wo nahi he jo hum sochte hai Zindgi wo hai jo ham jeetey hai..........",2018
fraud,"Hello yes brother, I am speaking Vimal, what are you doing? Hey, I wanted your ATM card, will you?",2018
normal,Love that holiday Monday feeling even if I have to go to the dentists in an hour,2016
normal,"I didnt get ur full msg..sometext is missing, send it again",2019
normal,He's just gonna worry for nothing. And he won't give you money its no use.,2018
fraud,Please CALL 08712402779 immediately as there is an urgent message waiting for you,2019
normal,because i want it to be your thing.,2016
normal,"It's not that you make me cry. It's just that when all our stuff happens on top of everything else, it pushes me over the edge. You don't underdtand how often i cry over my sorry, sorry life.",2019
normal,:-( sad puppy noise,2017
normal,I forgot 2 ask ü all smth.. There's a card on da present lei... How? Ü all want 2 write smth or sign on it?,2020
normal,Would you like plain water or bottled water?,2018
normal,Here these are! Any other book?,2016
normal,Smith waste da.i wanna gayle.,2016
normal,Just re read it and I have no shame but tell me how he takes it and if he runs I will blame u 4 ever!! Not really 4 ever just a long time ,2020
normal,All right i will get on facebook in a couple minutes,2016
normal,S...from the training manual it show there is no tech process:)its all about password reset and troubleshooting:),2020
normal,THING R GOOD THANX GOT EXAMS IN MARCH IVE DONE NO REVISION? IS FRAN STILL WITH BOYF? IVE GOTTA INTERVIW 4 EXETER BIT WORRIED!x,2019
normal,Lol u still feeling sick?,2020
normal,Hello! How's you and how did saturday go? I was just texting to see if you'd decided to do anything tomo. Not that i'm trying to invite myself or anything!,2017
normal,Thank god they are in bed!,2020
normal,I might go 2 sch. Yar at e salon now v boring.,2018
fraud,important information 4 orange user . today is your lucky day!2find out why log onto http://www.urawinner.com THERE'S A FANTASTIC SURPRISE AWAITING YOU!,2020
normal,Yes we were outside for like 2 hours. And I called my whole family to wake them up cause it started at 1 am,2020
normal,"I can make it up there, squeezed  &lt;#&gt;  bucks out of my dad",2018
normal,I can’t wait for cornwall. Hope tonight isn’t too bad as well but it’s rock night shite. Anyway i’m going for a kip now have a good night. Speak to you soon.,2017
normal,Yes..he is really great..bhaji told kallis best cricketer after sachin in world:).very tough to get out.,2018
normal,Ok lor... Or u wan me go look 4 u?,2020
normal,Glad to see your reply.,2017
normal,"My mobile number.pls sms ur mail id.convey regards to achan,amma.Rakhesh.Qatar",2017
normal,I want to borrow some books. ,2019
normal,"Erm... Woodland avenue somewhere. Do you get the parish magazine, his telephone number will be in there.",2016
normal,All right then.,2019
normal,somewhere out there beneath the pale moon light someone think in of u some where out there where dreams come true... goodnite &amp; sweet dreams,2017
normal,I have lost the book that you gave me.,2016
normal,On ma way to school. Can you please send me ashley's number,2020
normal,Ummmmmaah Many many happy returns of the day my dear sweet heart.. HAPPY BIRTHDAY dear,2020
fraud,"If you don't, your prize will go to another customer. T&C at www.t-c.biz 18+ 150p/min Polo Ltd Suite 373 London W1J 6HL Please call back if busy",2018
normal,you predict what time you will finish buying?,2020
fraud,"Congrats! 2 mobile 3G Videophones R yours. call 09061744553 now! videochat wid ur mates, play java games, Dload polyH music, noline rentl. bx420. ip4. 5we. 150pm",2019
normal,O was not into fps then.,2019
normal,When u love someone Dont make them to love u as much as u do. But Love them so much that they dont want to be loved by anyone except you... Gud nit.,2020
normal,And several to you sir.,2016
normal,"Sorry, I'll call later",2016
normal,Pass dis to all ur contacts n see wat u get! Red;i'm in luv wid u. Blue;u put a smile on my face. Purple;u r realy hot. Pink;u r so swt. Orange;i thnk i lyk u. Green;i realy wana go out wid u. Yelow;i wnt u bck. Black;i'm jealous of u. Brown;i miss you Nw plz giv me one color,2020
fraud,"Congrats 2 mobile 3G Videophones R yours. call 09063458130 now! videochat wid ur mates, play java games, Dload polypH music, noline rentl. bx420. ip4. 5we. 150p",2019
normal,Hello which the site to download songs its urgent pls,2018
normal,"Sir, I am waiting for your mail.",2017
normal,Ok. But i finish at 6.,2019
normal,K come to nordstrom when you're done,2020
normal,Mystery solved! Just opened my email and he's sent me another batch! Isn't he a sweetie,2018
fraud,You have been specially selected to receive a 2000 pound award! Call 08712402050 BEFORE the lines close. Cost 10ppm. 16+. T&Cs apply. AG Promo,2020
normal,You should change your fb.,2016
normal,That one week leave i put know that time. Why.,2020
normal,I'm in class. Will holla later,2016
normal,Lol for real. She told my dad I have cancer,2019
normal,Not yet chikku..wat abt u?,2016
normal,Waiting for your call.,2017
normal,No:-)i got rumour that you going to buy apartment in chennai:-),2018
normal,"Sorry, I'll call later",2019
normal,", ow u dey.i paid 60,400thousad.i told  u would call . ",2018
normal,So u wan 2 come for our dinner tonight a not?,2019
normal,Its a valentine game. . . send dis msg to all ur friends. . If 5 answers r d same then someone really loves u. . Ques- which colour suits me the best?,2016
normal,Am okay. Will soon be over. All the best,2017
normal,"Well, it sounds like fun, but actually I’ll be very busy on Saturday. ",2017
normal,Is avatar supposed to have subtoitles,2017
normal,Thanks love. But am i doing torch or bold.,2020
fraud,IMPORTANT MESSAGE. This is a final contact attempt. You have important messages waiting out our customer claims dept. Expires 13/4/04. Call 08717507382 NOW!,2020
normal,Ok. Not sure what time those as not sure if can get to library before class. Will try. See you at some point! Have good eve.,2016
normal,Oh wow thats gay. Will firmware update help,2019
normal,"life alle mone,eppolum oru pole allalo",2016
normal,"Sir, I would like to tell you that your issues will be resolved. Could I please know which handset you are using?",2017
normal,Okay... I booked all already... Including the one at bugis.,2020
normal,Great! So what attracts you to the brothas?,2019
normal,Wanna do some art?! :D,2017
normal,Nite...,2016
normal,"Sir, Waiting for your mail.",2018
normal,"Probably, want to pick up more?",2016
normal,1 in cbe. 2 in chennai.,2020
normal,We are pleased to inform that your application for Airtel Broadband is processed successfully. Your installation will happen within 3 days.,2020
normal,What he said is not the matter. My mind saying some other matter is there.,2017
normal,Just finished eating. Got u a plate. NOT leftovers this time.,2017
normal,I hope you know I'm still mad at you.,2017
normal,Captain vijaykanth is doing comedy in captain tv..he is drunken :),2018
normal,hi baby im cruisin with my girl friend what are you up to? give me a call in and hour at home if thats alright or fone me on this fone now love jenny xxx.,2018
normal,May i call You later Please.,2020
normal,"Sorry, I'll call later",2019
normal,Yes watching footie but worried we're going to blow it - Phil Neville?,2018
normal,"The world suffers a lot... Not because of the violence of bad people. But because of the silence of good people!, Gud night....",2020
normal,Okay then. There are certain points you should keep in mind before facing any job interview.,2020
normal,"Sorry,in meeting I'll call later",2018
normal,We r outside already.,2018
normal,"Uncle G, just checking up on you. Do have a rewarding month",2018
normal,Eek that's a lot of time especially since American Pie is like 8 minutes long. I can't stop singing it.,2018
normal,Ü still attending da talks?,2019
normal,"Good afternoon, my love ... How goes your day ? How did you sleep ? I hope your well, my boytoy ... I think of you ...",2016
normal,"Hello baby, did you get back to your mom's ? Are you setting up the computer now ? Filling your belly ? How goes it loverboy ? I miss you already ... *sighs*",2017
normal,Oh god i am happy to see your message after 3 days,2017
normal,Y bishan lei... I tot ü say lavender? ,2017
normal,I bought the test yesterday. Its something that lets you know the exact day u ovulate.when will get 2u in about 2 to 3wks. But pls pls dont fret. I know u r worried. Pls relax. Also is there anything in ur past history u need to tell me?,2020
normal,Y she dun believe leh? I tot i told her it's true already. I thk she muz c us tog then she believe.,2017
normal,Can I have a look at your phone?,2017
normal,If I die I want u to have all my stuffs.,2018
normal,Oh...i asked for fun. Haha...take care. ü,2018
normal,Take us out shopping and Mark will distract Isaiah.=D,2017
normal,Happy birthday... May u find ur prince charming soon n dun work too hard...,2018
normal,Love it! I want to flood that pretty pussy with cum...,2019
normal,You tell what happen don't behave like this to me. Ok no need to say,2018
normal,Sitting ard nothing to do lor. U leh busy w work?,2018
normal,"Hey babe, how's it going ? Did you ever figure out where your going for New Years ?",2017
fraud,"This is the 2nd attempt to contract U, you have won this weeks top prize of either £1000 cash or £200 prize. Just call 09066361921",2020
normal,Pls ask macho how much is budget for bb bold 2 is cos i saw a new one for  &lt;#&gt;  dollars.,2017
normal,Where can download clear movies. Dvd copies.,2017
fraud,You are now unsubscribed all services. Get tons of sexy babes or hunks straight to your phone! go to http://gotbabes.co.uk. No subscriptions.,2019
normal,If I get there before you after your ten billion calls and texts so help me god,2017
fraud,PRIVATE! Your 2003 Account Statement for shows 800 un-redeemed S.I.M. points. Call 08715203685 Identifier Code:4xx26 Expires 13/10/04,2018
normal,I love u 2 my little pocy bell I am sorry but I love u,2019
normal,Yep. I do like the pink furniture tho.,2018
fraud,Promotion Number: 8714714 - UR awarded a City Break and could WIN a £200 Summer Shopping spree every WK. Txt STORE to 88039 . SkilGme. TsCs087147403231Winawk!Age16 £1.50perWKsub,2020
normal,Hiya do u like the hlday pics looked horrible in them so took mo out! Hows the camp Amrca thing? Speak soon Serena:),2017
normal,Yeah right! I'll bring my tape measure fri!,2021
normal,"Sorry, I'll call later in meeting",2021
normal,"That day ü say ü cut ur hair at paragon, is it called hair sense? Do ü noe how much is a hair cut? ",2022
normal,R u still working now?,2022
normal,Ü called dad oredi...,2021
normal,"How is my boy? No sweet words left for me this morning ... *sighs* ... How goes you day, my love ? Did you start your studying?",2022
normal,Oh... Lk tt den we take e one tt ends at cine lor... Dun wan yogasana oso can... ,2021
fraud,IMPORTANT INFORMATION 4 ORANGE USER 0796XXXXXX. TODAY IS UR LUCKY DAY!2 FIND OUT WHY LOG ONTO http://www.urawinner.com THERE'S A FANTASTIC PRIZEAWAITING YOU!,2022
normal,"idc get over here, you are not weaseling your way out of this shit twice in a row",2023
normal,Ok...,2022
normal,Are you staying in town ?,2022
normal,Otherwise had part time job na-tuition..,2022
fraud,"In The Simpsons Movie released in July 2007 name the band that died at the start of the film? A-Green Day, B-Blue Day, C-Red Day. (Send A, B or C)",2021
normal,Sounds like something that someone testing me would sayy,2022
normal,Yes princess! I want to please you every night. Your wish is my command...,2022
fraud,"hello sir,i am from sbi bank,do you want a new credit card.give your aadhar and mobile number for issue a credit card.",2021
normal,Weightloss! No more girl friends. Make loads of money on ebay or something. And give thanks to God.,2023
normal,Thank You meet you monday,2022
normal,No let me do the math. Your not good at it.,2023
normal,I really want to thank all my fans for their support.,2023
normal,Where's my boytoy? I miss you ... What happened?,2022
normal,Dear got bus directly to calicut,2022
normal,on hen night. Going with a swing,2023
normal,Mm have some kanji dont eat anything heavy ok,2023
normal,I tot u reach liao. He said t-shirt.,2023
normal,Hi juan. Im coming home on fri hey. Of course i expect a welcome party and lots of presents. Ill phone u when i get back. Loads of love nicky x x x x x x x x x,2023
normal,Aww that's the first time u said u missed me without asking if I missed u first. You DO love me! :),2022
normal,1's finish meeting call me.,2021
normal,"I don't know, same thing that's wrong everyso often, he panicks starts goin on bout not bein good enough …",2022
normal,Ok lor. I'm in town now lei.,2022
normal,I said its okay. Sorry,2023
normal,"Sorry I missed you babe. I was up late and slept in. I hope you enjoy your driving lesson, boytoy. I miss you too ... *teasing kiss*",2021
fraud,"hello sir, you have won 10000 INR to get money please provide your bank account number",2022
normal,NEFT Transaction with reference number  &lt;#&gt;  for Rs. &lt;DECIMAL&gt;  has been credited to the beneficiary account on  &lt;#&gt;  at  &lt;TIME&gt; : &lt;#&gt;,2023
normal,Don't fret. I'll buy the ovulation test strips and send them to you. You wont get them til like march. Can you send me your postal address.u'll be alright.Okay.,2021
normal,Lol its ok I didn't remember til last nite,2021
fraud,Save money on wedding lingerie at www.bridal.petticoatdreams.co.uk Choose from a superb selection with national delivery. Brought to you by WeddingFriend,2024
normal,"Dad wanted to talk about the apartment so I got a late start, omw now",2022
normal,Yup i've finished c ü there...,2021
normal,Same to u...,2023
normal,"You’re too busy studying, you never have time to see them.",2021
normal,No problem baby. Is this is a good time to talk? I called and left a message.,2022
normal,They are just making it easy to pay back. I have  &lt;#&gt; yrs to say but i can pay back earlier. You get?,2022
normal,But we havent got da topic yet rite?,2023
normal,Hhahhaahahah rofl wtf nig was leonardo in your room or something,2021
normal,"Nice. Wait...should you be texting right now? I'm not gonna pay your ticket, ya know!",2021
fraud,"REMINDER FROM O2: To get 2.50 pounds free call credit and details of great offers pls reply 2 this text with your valid name, house no and postcode",2024
normal,"Sorry, I'll call later",2022
normal,K. I will sent it again,2021
normal,Going through a very different feeling. wavering decisions and coping up with the same is the same individual.time will heal everything i believe.,2023
normal,Thats cool. I want to please you...,2022
normal,I need you to be in my strong arms...,2023
normal,Then she dun believe wat?,2021
normal,"Dear friends, sorry for the late information. Today is the birthday of our loving Ar.Praveesh. for more details log on to face book and see. Its his number + &lt;#&gt; . Dont miss a delicious treat.",2021
normal,OK..you also don't message or reply to his message..,2022
normal,I hate you.,2021
fraud,"Free-message: Jamster!Get the crazy frog sound now! For poly text MAD1, for real text MAD2 to 88888. 6 crazy sounds for just 3 GBP/week! 16+only! T&C's apply",2024
normal,"Well, i'm glad you didn't find it totally disagreeable ... Lol",2021
normal,I sent them. Do you like?,2022
normal,Infact happy new year. How are you where are you when are we seeing,2023
normal,ARE YOU IN TOWN? THIS IS V. IMPORTANT,2022
fraud,"Hello sir , I am from icici bank.",2025
normal,Good evening! this is roger. How are you?,2021
normal,did u get that message,2023
normal,Sad story of a Man - Last week was my b'day. My Wife did'nt wish me. My Parents forgot n so did my Kids . I went to work. Even my Colleagues did not wish.,2022
normal,Missed your call cause I was yelling at scrappy. Miss you. Can't wait for you to come home. I'm so lonely today.,2021
normal,Exactly. Anyways how far. Is jide her to study or just visiting,2023
normal,We're finally ready fyi,2021
normal,Jordan got voted out last nite!,2021
normal,Lol ok your forgiven :),2022
normal,Mine is alright. I’m also finding chemistry to be bit challenging because of its vast syllabus and too much memorization in organic chemistry.,2022
normal,"I'm in solihull, | do you want anything?",2023
normal,U definitely need a module from e humanities dis sem izzit? U wan 2 take other modules 1st?,2021
normal,"My friend, she's studying at warwick, we've planned to go shopping and to concert tmw, but it may be canceled, havn't seen  for ages, yeah we should get together sometime!",2022
normal,I am going shopping today with my mom and sister. What have you bought for yourself?,2023
normal,Sorry da:)i was thought of calling you lot of times:)lil busy.i will call you at noon..,2021
normal,Dont flatter yourself... Tell that man of mine two pints of carlin in ten minutes please.... ,2022
normal,"Doing nothing, then u not having dinner w us?",2021
normal,Can ü send me a copy of da report?,2021
normal,Yeh. Indians was nice. Tho it did kane me off a bit he he. We shud go out 4 a drink sometime soon. Mite hav 2 go 2 da works 4 a laugh soon. Love Pete x x,2021
normal,My battery is low babe,2023
normal,Haha... Hope ü can hear the receipt sound... Gd luck!,2021
normal,Ya had just now.onion roast.,2021
normal,Just do what ever is easier for you,2023
normal,No message..no responce..what happend?,2021
fraud,"WELL DONE! Your 4* Costa Del Sol Holiday or £5000 await collection. Call 09050090044 Now toClaim. SAE, TCs, POBox334, Stockport, SK38xh, Cost£1.50/pm, Max10mins",2025
fraud,"hello sir, i am from hdfc bank, sir i have call you for your bank account verification do you want verify your account. sir then tell me your aadhar card number and pan card and your debit/credit card number.",2024
normal,Surly ill give it to you:-) while coming to review.,2022
fraud,U have a Secret Admirer who is looking 2 make contact with U-find out who they R*reveal who thinks UR so special-call on 09065171142-stopsms-08718727870150ppm,2023
fraud,How about getting in touch with folks waiting for company? Just text back your NAME and AGE to opt in! Enjoy the community (150p/SMS),2021
normal,Ok thanx...,2021
normal,To day class is there are no class.,2022
normal,Don't think so. It turns off like randomlly within 5min of opening,2022
normal,HI DARLIN IVE JUST GOT BACK AND I HAD A REALLY NICE NIGHT AND THANKS SO MUCH FOR THE LIFT SEE U TOMORROW XXX,2021
normal,&lt;#&gt;  great loxahatchee xmas tree burning update: you can totally see stars here,2023
normal,Otherwise had part time job na-tuition..,2023
normal,These are really fine. I was looking for such books. I would buy these two and also show me a good book on English Grammar.,2022
normal,Are these about animals?,2022
normal,Alrite jod hows the revision goin? Keris bin doin a smidgin. N e way u wanna cum over after college?xx,2021
normal,"Sure thing big man. i have hockey elections at 6, shouldn‘t go on longer than an hour though",2021
normal,"Received, understood n acted upon!",2023
normal,"No, I was trying it all weekend ;V",2023
normal,"Especially since i talk about boston all up in my personal statement, lol! I woulda changed that if i had realized it said nyc! It says boston now.",2021
normal,Hey you still want to go for yogasana? Coz if we end at cine then can go bathe and hav the steam bath,2021
normal,Hey do you want anything to buy:),2023
normal,Im just wondering what your doing right now?,2021
normal,Oh yeah clearly it's my fault,2023
normal,I think it's all still in my car,2023
normal,Package all your programs well,2021
normal,He neva grumble but i sad lor... Hee... Buy tmr lor aft lunch. But we still meetin 4 lunch tmr a not. Neva hear fr them lei. Ü got a lot of work ar?,2021
fraud,XMAS iscoming & ur awarded either £500 CD gift vouchers & free entry 2 r £100 weekly draw txt MUSIC to 87066 TnC www.Ldew.com1win150ppmx3age16subscription ,2024
normal,Huh means computational science... Y they like dat one push here n there...,2023
fraud,Our brand new mobile music service is now live. The free music player will arrive shortly. Just install on your phone to browse content from the top artists.,2023
normal,"K, jason says he's gonna be around so I'll be up there around  &lt;#&gt;",2022
normal,"Bottled water, please.",2023
normal,I jokin oni lar.. Ü busy then i wun disturb ü.,2021
normal,I have a great tension about our new book of Communicative English. ,2022
normal,Ok pa. Nothing problem:-),2021
normal,In e msg jus now. U said thanks for gift.,2022
normal,Yeah confirmed for you staying at  that weekend,2022
normal,It seems you have been looking for this opportunity for a coon’s age.,2021
normal,We can go 4 e normal pilates after our intro...  ,2021
fraud,hello sir i am from vodafone customer care center we are doing verification of yours number that's why in your phone four digit opt will have send. tell me that otp.,2022
normal,Dont think you need yellow card for uk travel. Ask someone that has gone before. If you do its just  &lt;#&gt; bucks,2021
fraud,"Sunshine Hols. To claim ur med holiday send a stamped self address envelope to Drinks on Us UK, PO Box 113, Bray, Wicklow, Eire. Quiz Starts Saturday! Unsub Stop",2022
normal,They don't put that stuff on the roads to keep it from getting slippery over there?,2021
normal,Anything...,2022
fraud,FREE for 1st week! No1 Nokia tone 4 ur mob every week just txt NOKIA to 87077 Get txting and tell ur mates. zed POBox 36504 W45WQ norm150p/tone 16+,2022
normal,I cant pick the phone right now. Pls send a message,2022
fraud,You have 1 new voicemail. Please call 08719181513.,2021
normal,"Well, I have to leave for my class babe ... You never came back to me ... :-( ... Hope you have a nice sleep, my love",2023
normal,G wants to know where the fuck you are,2022
normal,Don no da:)whats you plan?,2022
normal,Thanx a lot...,2021
normal,How will I creep on you now? ;_;,2023
normal,You are not bothering me but you have to trust my answers. Pls.,2021
normal,Jay is snickering and tells me that x is totally fucking up the chords as we speak,2021
normal,Discussed with your mother ah?,2022
fraud,Congratulations you are awarded 500 of CD vouchers or 125gift guaranteed & Free entry 2 100 wkly draw txt MUSIC to 87066 TnCs www.Ldew.com1win150ppmx3age16,2022
normal,Jokin only lar... :-) depends on which phone my father can get lor...,2021
normal,Yar i wanted 2 scold u yest but late already... I where got zhong se qing you? If u ask me b4 he ask me then i'll go out w u all lor. N u still can act so real.,2023
normal,Who u talking about?,2023
normal,Do u know dis no. &lt;#&gt; ?,2021
normal,Then ü come n pick me at 530 ar?,2023
normal,Your number is 98*****432?,2023
normal,Aiyar dun disturb u liao... Thk u have lots 2 do aft ur cupboard come...,2023
normal,I am glad to meet you. How are you?,2022
normal,How? Izzit still raining?,2023
normal,Thanx 4 sending me home...,2022
normal,"No sir, I have no bad habits except smoking. My life is quite easy and comfortable - I seldom take exercise. My diet is quite rich consisting of meat, eggs, and fats.",2023
normal,I am in tirupur.  call you da.,2022
normal,Eat jap done oso aft ur lect wat... Ü got lect at 12 rite... ,2022
normal,Oh really. May I know which problems they are? Maybe I could help you with this.,2023
normal,Thank you for calling. Have a great day ahead.,2021
normal,Pls call me da. What happen.,2022
normal,Enjoy urself tmr...,2022
normal,Come to medical college at 7pm ......forward it da,2023
normal,Hey leave it. not a big deal. take care.,2022
fraud,Wanna get laid 2nite? Want real Dogging locations sent direct to ur mobile? Join the UK's largest Dogging Network. Txt PARK to 69696 now! Nyt. ec2a. 3lp £1.50/msg,2025
normal,Ok... But they said i've got wisdom teeth hidden inside n mayb need 2 remove.,2022
fraud,todays vodafone numbers ending with 0089(my last four digits) are selected to received a £350 award. If your number matches please call 09063442151 to claim your £350 award,2021
normal,Ok i juz receive..,2022
normal,"I shall book chez jules for half eight, if that's ok with you?",2022
normal,Dude i have been seeing a lotta corvettes lately,2021
normal,Nope. Think i will go for it on monday. Sorry i replied so late.,2021
normal,I am going to sao mu today. Will be done only at 12 ,2023
normal,"Same here, but I consider walls and bunkers and shit important just because I never play on peaceful but I guess your place is high enough that it don't matter",2022
normal,No calls..messages..missed calls.,2022
normal,Just send a text. We'll skype later.,2023
fraud,"hello sir, i am from india bank, sir i have call you for your bank account verification do you want verify your account. sir then tell me your aadhar card number and pan card and your debit/credit card number.",2021
normal,That means get the door,2023
normal,I am in bus on the way to calicut,2021
normal,Which section of newspaper do you like most?,2023
normal,will you like to be spoiled? :),2022
normal,Wat ü doing now?,2023
normal,Lil fever:) now fine:),2023
normal,Nokia phone is lovly..,2022
normal,Gud ni8 dear..slp well..take care..swt dreams..Muah..,2022
normal,WHAT TIME U WRKIN?,2021
normal,K.:)do it at evening da:)urgent:),2023
fraud,Someone has contacted our dating service and entered your phone because they fancy you! To find out who it is call from a landline 09111032124 . PoBox12n146tf150p,2022
normal,I'm gonna say no. Sorry. I would but as normal am starting to panic about time. Sorry again! Are you seeing on Tuesday?,2023
normal,Aiyah sorry lor... I watch tv watch until i forgot 2 check my phone.,2023
normal,"A bit of Ur smile is my hppnss, a drop of Ur tear is my sorrow, a part of Ur heart is my life, a heart like mine wil care for U, forevr as my GOODFRIEND",2022
normal,Ok i shall talk to him,2022
normal,"Just gettin a bit arty with my collages at the mo, well tryin 2 ne way! Got a roast in a min lovely i shall enjoy that!",2023
normal,You will be in the place of that man,2021
normal,Will you be here for food,2023
normal,"I'm a guy, browsin is compulsory",2022
normal,"Ooh, 4got, i'm gonna start belly dancing in moseley weds 6.30 if u want 2 join me, they have a cafe too. ",2023
normal,", im .. On the snowboarding trip. I was wondering if your planning to get everyone together befor we go..a meet and greet kind of affair? Cheers, ",2021
fraud,"hello sir this is your allahabad bank manager. your kyc has been expired.so you have to kyc your self, but due to covid setuation we are doing kyc online, pleae tell me your account detail.",2023
normal,"I’m also fine, Jamia. We are in intermediate class. So we must choose our career now.",2021
normal,Is toshiba portege m100 gd?,2021
normal,"I'm there and I can see you, but you can't see me ? Maybe you should reboot ym ? I seen the buzz",2021
normal,Tiwary to rcb.battle between bang and kochi.,2021
normal,What u mean u almost done? Done wif sleeping? But i tot u going to take a nap.. Yup i send her liao so i'm picking her up at ard 4 smth lor..,2021
normal,He is a wondarfull actor.,2021
normal,"A boy was late 2 home. His father: ""POWER OF FRNDSHIP""",2022
normal,"said kiss, kiss, i can't do the sound effects! He is a gorgeous man isn't he! Kind of person who needs a smile to brighten his day! ",2022
normal,Oh is it? Send me the address,2022
normal,Happy new year to u too!,2023
normal,Why must we sit around and wait for summer days to celebrate. Such a magical sight when the worlds dressed in white. Oooooh let there be snow.,2023
normal,"Greetings me, ! Consider yourself excused.",2023
fraud,WOW! The Boys R Back. TAKE THAT 2007 UK Tour. Win VIP Tickets & pre-book with VIP Club. Txt CLUB to 81303. Trackmarque Ltd info@vipclub4u.,2024
normal,Still in the area of the restaurant. Ill try to come back soon,2023
normal,"Oh, No! There would be an open discussion post-presentation where you can discuss other things as well.",2023
normal,"If you want to serve in a post office, in a foreign office, in an airport and to study higher education, you must know English. ",2022
normal,I'm at work. Please call,2022
normal,"Hello, my love! How goes that day ? I wish your well and fine babe and hope that you find some job prospects. I miss you, boytoy ... *a teasing kiss*",2021
normal,You want to go? ,2022
normal,"Height of ""Oh shit....!!"" situation: A guy throws a luv letter on a gal but falls on her brothers head whos a gay,",2021
normal,"Actually fuck that, just do whatever, do find an excuse to be in tampa at some point before january though",2022
normal,"As usual..iam fine, happy &amp; doing well..:)",2021
normal,HIYA COMINg to BRISTOL FIRST WEEK IN APRIL. LES GOT OFF + RUDI ON NEW YRS EVE BUT I WAS SNORING.THEY WERE DRUNK! U BAK AT COLLEGE YET? MY WORK SENDS INK 2 BATH.,2021
normal,"Yes sir, I know that. The CV is a long version while the resume is a short one!",2023
normal,"Sorry da thangam, very very sorry i am held up with prasad.",2022
normal,HI DARLIN HOW WAS WORK DID U GET INTO TROUBLE? IJUST TALKED TO YOUR MUM ALL MORNING! I HAD A REALLY GOOD TIME LAST NIGHT IM GOIN OUT SOON BUT CALL ME IF U CAN,2021
normal,I know I'm lacking on most of this particular dramastorm's details but for the most part I'm not worried about that,2023
normal,"chile, please! It's only a  &lt;DECIMAL&gt;  hour drive for me. I come down all the time and will be subletting feb-april for audition season.",2021
normal,"Think i might have to give it a miss. Am teaching til twelve, then have lecture at two. Damn this working thing.",2022
normal,Arun can u transfr me d amt,2022
normal,R u over scratching it?,2021
fraud,"Hi, this is Mandy Sullivan calling from HOTMIX FM...you are chosen to receive £5000.00 in our Easter Prize draw.....Please telephone 09041940223 to claim before 29/03/05 or your prize will be transferred to someone else....",2024
normal,K still are you loving me.,2021
normal,Also remember the beads don't come off. Ever.,2022
normal,"sure, but make sure he knows we aim't smoking yet.",2022
normal,Yup... From what i remb... I think should be can book... ,2022
normal,Bye. See you later.,2021
normal,Wait sir I'll transfer to my senior.,2021
normal,They will pick up and drop in car.so no problem..,2021
normal,"I've always had a natural inclination towards a mechanical occupation, so I want to become an engineer. What are you going to do?",2021
normal,I have no idea where you are,2022
normal,I don't quite know what to do. I still can't get hold of anyone. I could pick you up bout 7.30pm and we can see if they're in the pub?.,2021
normal,hiya hows it going in sunny africa? hope u r avin a good time. give that big old silver back a big kiss from me.,2023
normal,Thanks for picking up the trash.,2021
normal,I've reached sch already...,2021
normal,Gain the rights of a wife.dont demand it.i am trying as husband too.Lets see,2022
normal,"How about clothes, jewelry, and trips?",2022
normal,Any one of the two girls can solve this puzzle.,2022
normal,Which sector do you want to go?,2021
normal,Aight well keep me informed,2021
normal,How is it possible to teach you. And where.,2023
fraud,"SMS. ac JSco: Energy is high, but u may not know where 2channel it. 2day ur leadership skills r strong. Psychic? Reply ANS w/question. End? Reply END JSCO",2022
normal,Send me yetty's number pls.,2022
normal,"Hello lover! How goes that new job? Are you there now? Are you happy? Do you think of me? I wake, my slave and send you a teasing kiss from across the sea",2023
normal,Why didn't u call on your lunch?,2022
normal,What time you think you'll have it? Need to know when I should be near campus,2022
normal,Been up to ne thing interesting. Did you have a good birthday? When are u wrking nxt? I started uni today.,2022
normal,Oh ok.. Wat's ur email?,2023
normal,Please pay Rs 45 for the ticket.,2023
normal,I am very ill. I often suffer from a headache. Sometimes I feel that my heart is sinking.,2023
normal,When you are big..| God will bring success.,2021
normal,"I can. But it will tell quite long, cos i haven't finish my film yet...",2023
normal,My trip was ok but quite tiring lor. Uni starts today but it's ok 4 me cos i'm not taking any modules but jus concentrating on my final yr project.,2021
normal,Omg Joanna is freaking me out. She's looked thru all my friends to find photos of me. And then she's asking about stuff on my MySpace which I haven't even logged on in like a year. :/,2022
normal,Wat time u finish ur lect today?,2023
normal,Ok... But bag again..,2022
normal,How are you doing. How's the queen. Are you going for the royal wedding,2021
normal,"Sad story of a Man - Last week was my b'day. My Wife did'nt wish me. My Parents forgot n so did my Kids . I went to work. Even my Colleagues did not wish. As I entered my cabin my PA said, '' Happy B'day Boss !!''. I felt special. She askd me 4 lunch. After lunch she invited me to her apartment. We went there. She said,'' do u mind if I go into the bedroom for a minute ? '' ''OK'', I sed in a sexy mood. She came out 5 minuts latr wid a cake...n My Wife, My Parents, My Kidz, My Friends n My Colleagues. All screaming.. SURPRISE !! and I was waiting on the sofa.. ... ..... ' NAKED...!",2023
normal,Much better now thanks lol,2022
normal,I can't pick the phone right now. Please send a message,2022
normal,"its cool but tyler had to take off so we're gonna buy for him and drop it off at his place later tonight. Our total order is a quarter, you got enough?",2022
normal,ALRITE,2023
normal,My tuition is at 330. Hm we go for the 1120 to 1205 one? Do you mind?,2022
fraud,"URGENT!! Your 4* Costa Del Sol Holiday or £5000 await collection. Call 09050090044 Now toClaim. SAE, TC s, POBox334, Stockport, SK38xh, Cost£1.50/pm, Max10mins",2022
fraud,Bought one ringtone and now getting texts costing 3 pound offering more tones etc,2024
normal,I will come with karnan car. Please wait till 6pm will directly goto doctor.,2021
normal,I anything lor.,2023
normal,Not directly behind... Abt 4 rows behind ü...,2021
normal,Can you get picture message to your phone?,2023
normal,"By the way, 'rencontre' is to meet again. Mountains dont....",2022
normal,I re-met alex nichols from middle school and it turns out he's dealing!,2021
normal,I wish things were different. I wonder when i will be able to show you how much i value you. Pls continue the brisk walks no drugs without askin me please and find things to laugh about. I love you dearly.,2023
normal,Yup. Thk of u oso boring wat.,2023
normal,Even if he my friend he is a priest call him now,2023
normal,Hmm...Bad news...Hype park plaza $700 studio taken...Only left 2 bedrm-$900...,2023
normal,Ok.,2023
normal,U r too much close to my heart. If u go away i will be shattered. Plz stay with me.,2023
normal,How much is this one?,2022
normal,U too...,2023
normal,No no:)this is kallis home ground.amla home town is durban:),2021
normal,"All right, I'll hit you up when I get some cash",2022
normal,I'm always on yahoo messenger now. Just send the message to me and i.ll get it you may have to send it in the mobile mode sha but i.ll get it. And will reply.,2021
normal,"swhrt how u dey,hope ur ok, tot about u 2day.love n miss.take care.",2021
normal,Don't hesitate. You know this is the second time she has had weakness like that. So keep i notebook of what she eat and did the day before or if anything changed the day before so that we can be sure its nothing,2022
normal,I am working as a Software Engineer.,2022
fraud,You have WON a guaranteed £1000 cash or a £2000 prize. To claim yr prize call our customer service representative on 08714712412 between 10am-7pm Cost 10p,2025
normal,I donno its in your genes or something,2021
normal,Wif my family booking tour package.,2021
normal,He says hi and to get your ass back to south tampa (preferably at a kegger),2021
normal,Oh just getting even with u.... u?,2021
normal,"Yeah, probably earlier than that",2021
normal,Great! I shoot big loads so get ready!,2021
fraud,A £400 XMAS REWARD IS WAITING FOR YOU! Our computer has randomly picked you from our loyal mobile customers to receive a £400 reward. Just call 09066380611,2022
fraud,"HOT LIVE FANTASIES call now 08707509020 Just 20p per min NTT Ltd, PO Box 1327 Croydon CR9 5WB 0870..k",2021
normal,"No i'm not. I can't give you everything you want and need. You actually could do better for yourself on yor own--you've got more money than i do. I can't get work, i can't get a man, i can't pay the rent, i can't even fill my fucking gas tank. yes, i'm stressed and depressed. I didn't even call home for thanksgiving cuz i'll have to tell them i,m up to nothing.",2023
normal,He kept himself away from the function.,2021
normal,"Useful I guess, might as well take one car.",2022
normal,What you wearing?,2021
normal,"Nothing much, chillin at home. Any super bowl plan?",2021
normal,No you'll just get a headache trying to figure it out. you can trust me to do the math. I promise.,2021
normal,"Mon okie lor... Haha, best is cheap n gd food la, ex oso okie... Depends on whether wana eat western or chinese food... Den which u prefer... ",2022
normal,Tell your friends what you plan to do on Valentines day @ &lt;URL&gt;,2021
normal,OK. I will sent it again,2023
fraud,"U've been selected to stay in 1 of 250 top British hotels - FOR NOTHING! Holiday valued at £350! Dial 08712300220 to claim - National Rate Call. Bx526, SW73SS",2023
normal,All done? All handed in? Celebrations in full swing yet?,2023
normal,Babe ? I lost you ... :-(,2021
normal,Don‘t give a flying monkeys wot they think and I certainly don‘t mind. Any friend of mine and all that!,2023
fraud,We have new local dates in your area - Lots of new people registered in YOUR AREA. ,2025
normal,Ok.,2023
normal,Great. So should i send you my account number.,2023
normal,U meet other fren dun wan meet me ah... Muz b a guy rite...,2023
normal,A pure hearted person can have a wonderful smile that makes even his/her enemies to feel guilty for being an enemy.. So catch the world with your smile..:) GOODMORNING &amp; HAVE A SMILEY SUNDAY..:),2022
normal,"No, I decided that only people who care about stuff vote and caring about stuff is for losers",2021
normal,Carlos'll be here in a minute if you still need to buy.,2023
normal,No need to ke qi... Ü too bored izzit y suddenly thk of this...,2022
normal,"It’s very good, sir. Most of the students of your college have obtained GPA-5 and your college has secured the 6th position in Rajshahi Board. Isn’t it exceptional?",2021
normal,I thk u dun haf 2 hint in e forum already lor... Cos i told ron n darren is going 2 tell shuhui.,2023
normal,I sent them. Do you like?,2023
normal,People should be able to do whatever they want. But I can’t imagine if my parents were both men or both women. ,2023
normal,"You can see ""Friends' Park"" and ""Happy Jungle"".",2023
normal,MAYBE IF YOU WOKE UP BEFORE FUCKING 3 THIS WOULDN'T BE A PROBLEM.,2022
normal,Hi kindly give us back our documents which we submitted for loan from STAPATI,2022
normal,Can't take any major roles in community outreach. You rock mel,2023
normal,Ic. There are a lotta childporn cars then.,2023
normal,"The affidavit says  &lt;#&gt;  E Twiggs St, division g, courtroom  &lt;#&gt; , &lt;TIME&gt;  AM. I'll double check and text you again tomorrow",2022
normal,Yes princess! I want to catch you with my big strong hands...,2022
normal,Wat so late still early mah. Or we juz go 4 dinner lor. Aiya i dunno...,2021
normal,I come n pick you up... Come out immediately after your lesson...,2021
normal,No. Its not specialisation. Can work but its slave labor. Will look for it this month sha cos no shakara 4 beggar.,2021
normal,"I've got ten bucks, jay is being noncomittal",2022
normal,"2 celebrate my b’day, y else?",2022
normal,HOW ARE U? I HAVE MISSED U! I HAVENT BEEN UP 2 MUCH A BIT BORED WITH THE HOLIDAY WANT 2 GO BAK 2 COLLEGE! SAD ISNT IT?xx,2023
normal,Hi this is yijue... It's regarding the 3230 textbook it's intro to algorithms second edition... I'm selling it for $50..,2022
normal,I know complain num only..bettr directly go to bsnl offc nd apply for it..,2021
normal,"Not sure yet, still trying to get a hold of him.",2023
normal,Cause I'm not freaky lol.,2023
fraud,Please call our customer service representative on FREEPHONE 0808 145 4742 between 9am-11pm as you have WON a guaranteed £1000 cash or £5000 prize!,2022
normal,Nope but i'm going home now then go pump petrol lor... Like going 2 rain soon...,2021
normal,K..k:)how about your training process?,2022
normal,Just come home. I don't want u to be miserable,2021
fraud,wamma get laid?want real doggin locations sent direct to your mobile? join the UKs largest dogging network. txt dogs to 69696 now!nyt. ec2a. 3lp £1.50/msg.,2023
normal,Wat makes some people dearer is not just de happiness dat u feel when u meet them but de pain u feel when u miss dem!!!,2021
fraud,"URGENT. Important information for 02 user. Today is your lucky day! 2 find out why , log onto http://www.urawinner.com there is a fantastic surprise awaiting you !",2021
fraud,"FreeMsg Hey U, i just got 1 of these video/pic fones, reply WILD to this txt & ill send U my pics, hurry up Im so bored at work xxx (18 150p/rcvd STOP2stop)",2025
fraud,"hello sir, i am from jio customer care in 23 hours your sim will be deactivate. do u want to activate it.",2023
normal,Dunno dat's wat he told me. Ok lor...,2021
fraud,Rock yr chik. Get 100's of filthy films &XXX pics on yr phone now. ,2022
fraud,Phony £350 award - Todays Voda numbers ending XXXX are selected to receive a £350 award. If you have a match please call 08712300220 quoting claim code 3100 standard rates app,2021
normal,Its normally hot mail. Com you see!,2023
fraud,Camera - You are awarded a SiPix Digital Camera! call 09061221066 fromm landline. Delivery within 28 days.,2023
normal,How would my ip address test that considering my computer isn't a minecraft server,2022
normal,"Sorry, I can't text &amp; drive coherently, see you in twenty",2022
normal,I will treasure every moment we spend together...,2022
normal,Ya very nice. . .be ready on thursday.,2023
normal,"Did you say bold, then torch later. Or one torch and 2bold?",2022
normal,"Certainly, sir. Please look here, this one side of the box.",2023
normal,I'm not coming home 4 dinner.,2023
normal,R u meeting da ge at nite tmr?,2022
normal,Still chance there. If you search hard you will get it..let have a try :),2022
normal,After the drug she will be able to eat.,2023
fraud,"Double mins and texts for six months FREE Bluetooth on Orange. Available on Sony, Nokia Motorola phones. Call MobileUpd8 on 08000839402 or call2optout/N9DX",2023
normal,They r giving a second chance to rahul dengra.,2023
normal,"Hey. What happened? U switch off ur cell d whole day. This isnt good. Now if u do care, give me a call tomorrow.",2022
normal,HAPPY NEW YEAR MY NO.1 MAN,2022
normal,Ok no problem... Yup i'm going to sch at 4 if i rem correctly...,2022
normal,What pa tell me.. I went to bath:-),2023
normal,Oops my phone died and I didn't even know. Yeah I like it better.,2023
normal,U attend ur driving lesson how many times a wk n which day?,2021
fraud,Check Out Choose Your Babe Videos @ sms.shsex.netUN fgkslpoPW fgkslpo,2024
normal,"A cute thought for friendship: ""Its not necessary to share every secret with ur close Frnd, but watever u shared should be true""....",2021
normal,Yar lor wait for my mum to finish such then have lunch lor... I whole morning stay at home clean my room now my room quite clean... Hee...,2023
normal,Ok... The theory test? when are ü going to book? I think it's on 21 may. Coz thought wanna go out with jiayin. But she isnt free,2021
normal,Thats cool! I am a gentleman and will treat you with dignity and respect.,2021
normal,"What have you been thinking, if you can share?",2021
normal,Thank you princess! You are so sexy...,2023
normal,He says hi and to get your ass back to south tampa (preferably at a kegger),2023
normal,Lol I have to take it. member how I said my aunt flow didn't visit for 6 months? It's cause I developed ovarian cysts. Bc is the only way to shrink them.,2021
normal,Yeah! the life is the name of change. You have also grown into a decent personality.,2021
normal,Haven't eaten all day. I'm sitting here staring at this juicy pizza and I can't eat it. These meds are ruining my life.,2022
normal,Oh yeah! And my diet just flew out the window,2023
normal,I don't know jack shit about anything or i'd say/ask something helpful but if you want you can pretend that I did and just text me whatever in response to the hypotheticalhuagauahahuagahyuhagga,2021
normal,You have registered Sinco as Payee. Log in at icicibank.com and enter URN  &lt;#&gt;  to confirm. Beware of frauds. Do NOT share or disclose URN to anyone.,2022
normal,Good. I want to build a computer that is capable of streaming. What would be the price for thisprocessor?,2022
normal,I walked an hour to see you! doesn'’t that show I care you would not you believe i am serious?,2023
normal,Ha... Then we must walk to everywhere... Cannot take tram. My cousin said can walk to vic market from our hotel ,2021
normal,"Evry Emotion dsn't hav Words.Evry Wish dsn't hav Prayrs.. If u Smile,D World is wit u.Othrwise even d Drop of Tear dsn't lik 2 Stay wit u.So b happy.. Good morning, keep smiling:-)",2023
normal,1. Tension face 2. Smiling face 3. Waste face 4. Innocent face 5.Terror face 6.Cruel face 7.Romantic face 8.Lovable face 9.decent face  &lt;#&gt; .joker face.,2022
normal,"Alright, I'll head out in a few minutes, text me where to meet you",2022
normal,Dunno da next show aft 6 is 850. Toa payoh got 650.,2021
normal,"Helloooo... Wake up..! ""Sweet"" ""morning"" ""welcomes"" ""You"" ""Enjoy"" ""This Day"" ""with full of joy"".. ""GUD MRNG"".",2023
normal,Feel Yourself That You Are Always Happy.. Slowly It Becomes Your Habit &amp; Finally It Becomes Part Of Your Life.. Follow It.. Happy Morning &amp; Have A Happy Day:),2022
normal,Yes see ya not on the dot.,2022
normal,"Two fundamentals of cool life: ""Walk, like you are the KING""...! OR ""Walk like you Dont care,whoever is the KING""!... Gud nyt",2022
normal,The Xmas story is peace.. The Xmas msg is love.. The Xmas miracle is jesus.. Hav a blessed month ahead &amp; wish U Merry Xmas...,2022
normal,"Hello! Just got here, st andrews-boy its a long way! Its cold. I will keep you posted.",2023
normal,Why are u up so early?,2021
normal,"Sorry light turned green, I meant another friend wanted  &lt;#&gt;  worth but he may not be around",2023
normal,Yup i'm elaborating on the safety aspects and some other issues..,2023
normal,Hahaha..use your brain dear,2023
normal,Can you just come in for a sec? There's somebody here I want you to see,2023
normal,He says he'll give me a call when his friend's got the money but that he's definitely buying before the end of the week.,2023
normal,Book which lesson? then you message me... I will call up after work or sth... I'm going to get specs. My membership is PX3748,2021
normal,Nt yet chikku..simple habba..hw abt u?,2023
normal,Hey you around? I've got enough for a half + the ten I owe you,2021
normal,Lol yes. Our friendship is hanging on a thread because you won't buy stuff.,2022
normal,"Carlos took a while (again), we leave in a minute",2021
normal,Hey cutie. How goes it? Here in WALES its kinda ok. There is like hills and shit but i still avent killed myself. ,2023
normal,Eh sorry leh... I din c ur msg. Not sad already lar. Me watching tv now. U still in office?,2022
fraud,Freemsg: 1-month unlimited free calls! Activate SmartCall Txt: CALL to No: 68866. Subscriptn3gbp/wk unlimited calls Help: 08448714184 Stop?txt stop landlineonly,2022
normal,Hai priya are you right. What doctor said pa. Where are you.,2023
normal,Your bill at 3 is £33.65 so thats not bad!,2023
normal,On the road so can't text,2021
normal,HI ITS KATE CAN U GIVE ME A RING ASAP XXX,2022
normal,Lol ... I really need to remember to eat when I'm drinking but I do appreciate you keeping me company that night babe *smiles*,2022
normal,"Thk shld b can... Ya, i wana go 4 lessons... Haha, can go for one whole stretch...",2022
normal,"Babe! How goes that day ? What are you up to ? I miss you already, my Love ... * loving kiss* ... I hope everything goes well.",2021
normal,Okey dokey swashbuckling stuff what oh.,2022
normal,We got a divorce. Lol. She.s here,2022
normal,Fffff. Can you text kadeem or are you too far gone,2021
normal,"Isn't frnd a necesity in life? imagine urself witout a frnd.. hw'd u feel at ur colleg? wat'll u do wth ur cell? wat abt functions? thnk abt events espe'll cared, missed &amp; irritated u? 4wrd it to all those dear-loving frnds wthout whom u cant live.. I jst did it.. Takecare..:) GOODMORNING",2022
normal,I‘ll have a look at the frying pan in case it‘s cheap or a book perhaps. No that‘s silly a frying pan isn‘t likely to be a book,2022
fraud,"Got what it takes 2 take part in the WRC Rally in Oz? U can with Lucozade Energy! Text RALLY LE to 61200 (25p), see packs or lucozade.co.uk/wrc & itcould be u!",2025
normal,Ok. She'll be ok. I guess.,2023
normal,"Got hella gas money, want to go on a grand nature adventure with galileo in a little bit?",2023
normal,"Sorry, I'll call later",2023
normal,"Just making dinner, you ?",2021
fraud,URGENT! Your Mobile number has been awarded with a £2000 prize GUARANTEED. Call 09061790121 from land line. Claim 3030. Valid 12hrs only 150ppm,2023
normal,is your hamster dead? Hey so tommaro i meet you at 1pm orchard mrt? ,2023
normal,Thank you baby! I can't wait to taste the real thing...,2021
normal,When should I come over?,2021
normal,"Hey... Thk we juz go accordin to wat we discussed yest lor, except no kb on sun... Cos there's nt much lesson to go if we attend kb on sat...",2021
normal,Kallis wont bat in 2nd innings.,2022
fraud,"TheMob>Hit the link to get a premium Pink Panther game, the new no. 1 from Sugababes, a crazy Zebra animation or a badass Hoody wallpaper-all 4 FREE!",2022
normal,I'll text now! All creepy like so he won't think that we forgot,2021
normal,Thanks. Fills me with complete calm and reassurance! ,2021
normal,"Yes, we do have that product in stock. May I know your requirement, sir?",2021
normal,"Tyler (getting an 8th) has to leave not long after 9, can you get here in like an hour?",2021
normal,Your opinion about me? 1. Over 2. Jada 3. Kusruthi 4. Lovable 5. Silent 6. Spl character 7. Not matured 8. Stylish 9. Simple Pls reply..,2023
normal,"I met you as a stranger and choose you as my friend. As long as the world stands, our friendship never ends. Lets be Friends forever!!! Good night...",2022
normal,Of course. I will not smoke further.,2023
normal,Its hard to believe things like this. All can say lie but think twice before saying anything to me.,2023
normal,I dont thnk its a wrong calling between us,2021
normal,I'm coming back on Thursday. Yay. Is it gonna be ok to get the money. Cheers. Oh yeah and how are you. Everything alright. Hows school. Or do you call it work now,2022
normal,Finish already... Yar they keep saying i mushy... I so embarrassed ok...,2022
fraud,Hi I'm sure. I am 20 years old and work as a lapdancer. I love sex. Text me live - I'm i my bedroom now. text SUE to 89555. By TextOperator G2 1DA 150ppmsg 18+,2023
normal,"Not really dude, have no friends i'm afraid.",2021
normal,3 pa but not selected.,2023
normal,"Sorry, my battery died, I can come by but I'm only getting a gram for now, where's your place?",2021
normal,University of southern california.,2022
normal,Does not operate after  &lt;#&gt;  or what,2022
normal,Its sarcasm.. .nt scarcasim,2021
fraud,Free Msg: Ringtone!From: http://tms. widelive.com/index. wml?id=1b6a5ecef91ff9*37819&first=true18:0430-JUL-05,2021
normal,"Aight I'll grab something to eat too, text me when you're back at mu",2023
normal,It will take at least an hour. Kindly show me your bill.,2023
normal,"Sorry, I'll call later in meeting.",2023
normal,Oh sorry please its over,2022
fraud,U’ve Bin Awarded £50 to Play 4 Instant Cash. Call 08715203028 To Claim. EVERY 9th Player Wins Min £50-£500. OptOut 08718727870,2025
normal,If You mean the website. Yes.,2023
normal,Then u better go sleep.. Dun disturb u liao.. U wake up then msg me lor..,2022
normal,I'm turning off my phone. My moms telling everyone I have cancer. And my sister won't stop calling. It hurts to talk. Can't put up with it. See u when u get home. Love u,2022
fraud,"Hello sir, I am from bank of baroda.",2024
normal,Please don't say like that. Hi hi hi,2023
normal,"Lol you forgot it eh ? Yes, I'll bring it in babe",2023
normal,Yes fine ,2023
fraud,"Hello sir, I am talking to the insurance company.  A new offer has come, would you like to take?",2025
normal,"Sweetheart, hope you are not having that kind of day! Have one with loads of reasons to smile. Biola",2022
normal,Dont kick coco when he's down,2022
normal,So are you guys asking that i get that slippers again or its gone with last year,2022
normal,I am getting threats from your sales executive Shifad as i raised complaint against him. Its an official message.,2021
normal,Yes I know. I just think it is their private life and they will tell me when they are ready,2023
fraud,Wanna have a laugh? Try CHIT-CHAT on your mobile now! Logon by txting the word: CHAT and send it to No: 8883 CM PO Box 4217 London W1A 6ZF 16+ 118p/msg rcvd,2024
normal,Goodmorning sleeping ram.,2023
normal,Going to take your babe out ?,2021
normal,"Wat time liao, where still got.",2023
normal,Ball is moving a lot.will spin in last :)so very difficult to bat:),2023
normal,If you're thinking of lifting me one then no.,2023
normal,Go fool dont cheat others ok,2023
normal,"I was thinking of going to the cinema with you. There’s a good movie to watch, but if you’re not available …",2021
normal,Ok... your typical reply...,2023
normal,Dunno i juz askin cos i got a card got 20% off 4 a salon called hair sense so i tot it's da one ü cut ur hair. ,2022
normal,Now got tv 2 watch meh? U no work today?,2023
fraud,"WIN: We have a winner! Mr. T. Foley won an iPod! More exciting prizes soon, so keep an eye on ur mobile or visit www.win-82050.co.uk",2024
normal,"Come to me, we're sorting out our narcotics situation.",2022
normal,I can ask around but there's not a lot in terms of mids up here,2023
normal,"Are you sure you don't mean ""get here, we made you hold all the weed""",2021
normal,"HELLOGORGEOUS, HOWS U? MY FONE WAS ON CHARGE LST NITW WEN U TEXD ME. HOPEU AD A NICE WKEND AS IM SURE U DID LOOKIN 4WARD 2 C-IN U 2MRW LUV JAZ",2021
normal,HEY DAS COOL... IKNOW ALL 2 WELLDA PERIL OF STUDENTFINANCIAL CRISIS!SPK 2 U L8R.,2021
normal,"Haha get used to driving to usefull man, I know a lot of stoners.",2023
normal,How many licks does it take to get to the center of a tootsie pop?,2023
normal,Ard 6 like dat lor.,2022
normal,There are some nice pubs near here or there is Frankie n Bennys near the warner cinema?,2022
normal,"Good morning, my Love ... I go to sleep now and wish you a great day full of feeling better and opportunity ... You are my last thought babe, I LOVE YOU *kiss*",2022
normal,Hi message me:)i'm in office..,2022
normal,Your fans have been eagerly waiting for your movie for quite some time long.,2022
normal,Great comedy..cant stop laughing da:),2023
fraud,I am hot n horny and willing I live local to you - text a reply to hear strt back from me 150p per msg Netcollex LtdHelpDesk: ,2022
normal,Sir send to group mail check it.,2022
normal,Hi where you. You in home or calicut?,2023
normal,BABE !!! I miiiiiiissssssssss you ! I need you !!! I crave you !!! :-( ... Geeee ... I'm so sad without you babe ... I love you ...,2021
normal,"So anyways, you can just go to your gym or whatever, my love *smiles* I hope your ok and having a good day babe ... I miss you so much already",2023
normal,Fuck babe ... What happened to you ? How come you never came back?,2022
normal,Are you willing to go for apps class.,2023
normal,So why did not you holla?,2023
normal,You do your studies alone without anyones help. If you cant no need to study.,2023
normal,"Babe, I need your advice",2023
fraud,1000's of girls many local to you who are virgins to this & are ready to for flil your every sexual need. Can you forefil theirs? text CUTE to 69911(£1.50p. m),2024
normal,Me and him so funny...,2023
normal,"Aiyo... you always see our example one... I don't about me, she haven reply... First time u reply so fast... Y so lucky not workin huh, got bao by ur sugardad ah...gee.. ",2021
normal,They released vday shirts and when u put it on it makes your bottom half naked instead of those white underwear.,2023
normal,A little. Meds say take once every 8 hours. It's only been 5 but pain is back. So I took another. Hope I don't die,2022
normal,She told to hr that he want posting in chennai:)because i'm working here:),2022
normal,"Why not asking Andrew to go with you? You live in the same apartment with him, don’t you?",2021
normal,Wife.how she knew the time of murder exactly,2021
normal,Hi missed your Call and my mumHas beendropping red wine all over theplace! what is your adress?,2022
normal,Dude just saw a parked car with its sunroof popped up. Sux,2021
fraud,What do you want for Xmas? How about 100 free text messages & a new video phone with half price line rental? Call free now on 0800 0721072 to find out more!,2024
normal,"Well am officially in a philosophical hole, so if you wanna call am at home ready to be saved!",2022
normal,Man this bus is so so so slow. I think you're gonna get there before me,2021
normal,Me sef dey laugh you. Meanwhile how's my darling anjie!,2021
normal,* Was thinking about chuckin ur red green n black trainners 2 save carryin them bac on train,2022
fraud,"YOUR CHANCE TO BE ON A REALITY FANTASY SHOW call now = 08707509020 Just 20p per min NTT Ltd, PO Box 1327 Croydon CR9 5WB 0870 is a national = rate call",2025
normal,I want snow. It's just freezing and windy.,2023
normal,Yes da. Any plam at your office,2022
normal,I sent your maga that money yesterday oh.,2022
normal,I'm in office now da:)where are you?,2023
normal,No da. I am happy that we sit together na,2021
normal,As per your request 'Maangalyam (Alaipayuthe)' has been set as your callertune for all Callers. Press *9 to copy your friends Callertune,2021
normal,We stopped to get ice cream and will go back after,2023
normal,What makes some people dearer is not just de happiness date you feel when you meet them but de pain you feel when you miss dem!!!,2021
normal,Why don't you wait 'til at least wednesday to see if you get your .,2021
normal,I'm now but have to wait till 2 for the bus to pick me.,2021
normal,Desires- u going to doctor 4 liver. And get a bit stylish. Get ur hair managed. Thats it.,2022
fraud,URGENT! Your Mobile number has been awarded with a £2000 Bonus Caller Prize. Call 09058095201 from land line. Valid 12hrs only,2022
normal,"After my work ah... Den 6 plus lor... U workin oso rite... Den go orchard lor, no other place to go liao...",2022
normal,"Nah, I'm a perpetual DD",2022
normal,Then ur sis how?,2022
fraud,"Gr8 Poly tones 4 ALL mobs direct 2u rply with POLY TITLE to 8007 eg POLY BREATHE1 Titles: CRAZYIN, SLEEPINGWITH, FINEST, YMCA :getzed.co.uk POBox365O4W45WQ 300p",2024
normal,"Awesome, plan to get here any time after like  &lt;#&gt; , I'll text you details in a wee bit",2022
normal,The whole car appreciated the last two! Dad and are having a map reading semi argument but apart from that things are going ok. P.,2023
normal,Never y lei... I v lazy... Got wat? Dat day ü send me da url cant work one...,2021
normal,Nothing much.,2022
normal,Yup i think so untill a shop closes lor.,2023
normal,Love has one law; Make happy the person you love. In the same way friendship has one law; Never make ur friend feel alone until you are alive.... Gud night,2022
normal,U free on sat rite? U wan 2 watch infernal affairs wif me n darren n mayb xy?,2021
normal,O. Well you have causes mutations. Sunscreen is like essential thesedays,2021
normal,Really do hope the work doesnt get stressful. Have a gr8 day.,2022
normal,That’s huge. So have you decided what product you are going to bring?,2023
normal,"Mah b, I'll pick it up tomorrow",2023
normal,"Rose for red,red for blood,blood for heart,heart for u. But u for me.... Send tis to all ur friends.. Including me.. If u like me.. If u get back, 1-u r poor in relation! 2-u need some 1 to support 3-u r frnd 2 many 4-some1 luvs u 5+- some1 is praying god to marry u.:-) try it....",2021
fraud,You have won a Nokia 7250i. This is what you get when you win our FREE auction. To take part send Nokia to 86021 now. HG/Suite342/2Lands Row/W1JHL 16+ ,2025
normal,HELLO U.CALL WEN U FINISH WRK.I FANCY MEETIN UP WIV U ALL TONITE AS I NEED A BREAK FROM DABOOKS. DID 4 HRS LAST NITE+2 TODAY OF WRK!,2021
normal,That means from february to april i'll be getting a place to stay down there so i don't have to hustle back and forth during audition season as i have since my sister moved away from harlem.,2023
normal,HI DARLIN ITS KATE ARE U UP FOR DOIN SOMETHIN TONIGHT? IM GOING TO A PUB CALLED THE SWAN OR SOMETHING WITH MY PARENTS FOR ONE DRINK SO PHONE ME IF U CAN,2023
normal,Not a lot has happened here. Feels very quiet. Beth is at her aunts and charlie is working lots. Just me and helen in at the mo. How have you been? ,2023
fraud,"hello sir, i am from airtel customer care in 23 hours your sim will be deactivate. do u want to activate it.",2023
fraud,"Congratulations! Thanks to a good friend U have WON the £2,000 Xmas prize. 2 claim is easy, just call 08718726971 NOW! Only 10p per minute. BT-national-rate.",2025
normal,Those were my exact intentions,2022
normal,"Sir, I have been late in paying rent for the past few months and had to pay a $ &lt;#&gt;  charge. I felt it would be inconsiderate of me to nag about something you give at great cost to yourself and that's why i didnt speak up. I however am in a recession and wont be able to pay the charge this month hence my askin well ahead of month's end. Can you please help. Thanks",2021
normal,"Sorry, I'll call later",2021
normal,Ok. I asked for money how far.,2022
normal,Men like shorter ladies. Gaze up into his eyes.,2021
normal,I dont have i shall buy one dear,2023
fraud,RECPT 1/3. You have ordered a Ringtone. Your order is being processed...,2024
fraud,"hello sir, i am from jio customer care in 23 hours your sim will be closed. do u want to activate it.",2024
normal,I know what you want to say.,2021
normal,"Haha awesome, omw back now then",2022
normal,"Dear Hero,i am leaving to qatar tonite for an apt opportunity.please do keep in touch at  &lt;EMAIL&gt; ,kerala",2021
normal,And is there a way you can send shade's stuff to her. And she has been wonderful too.,2021
normal,"Haha just kidding, papa needs drugs",2023
normal,Well boy am I glad G wasted all night at applebees for nothing,2022
normal,Thanx...,2023
normal,You call him now ok i said call him,2021
normal,I though we shd go out n have some fun so bar in town or something – sound ok?,2022
normal,PS U no ur a grown up now right?,2023
normal,I called and said all to him:)then he have to choose this future.,2023
normal,Thank you very much for you valuable advice.,2023
normal,Hey... are you going to quit soon? Xuhui and i working till end of the month ,2021
fraud,"Bears Pic Nick, and Tom, Pete and ... Dick. In fact, all types try gay chat with photo upload call 08718730666 (10p/min). 2 stop texts call 08712460324",2022
normal,Boy; I love u Grl: Hogolo Boy: gold chain kodstini Grl: Agalla Boy: necklace madstini Grl: agalla Boy: Hogli 1 mutai eerulli kodthini! Grl: I love U kano;-),2021
normal,In which place do you want da.,2022
normal,From someone not to smoke when every time I've smoked in the last two weeks is because of you calling or texting me that you wanted to smoke,2023
normal,Da is good good player.why he is unsold.,2023
normal,Yo come over carlos will be here soon,2021
normal,"Sir, would you like to know about the new offers?",2023
normal,"It's cool, we can last a little while. Getting more any time soon?",2021
normal,Lmao ok I wont be needing u to do my hair anymore.,2023
normal,Are you this much buzy.,2021
normal,Will you marry me.?,2021
normal,U haven’t lost me ill always b here 4u.i didn’t intend 2 hurt u but I never knew how u felt about me when Iwas+marine&that’s what itried2tell urmom.i careabout u,2023
normal,Oh that was a forwarded message. I thought you send that to me.,2021
normal,"Hey babe, sorry i didn't get sooner. Gary can come and fix it cause he thinks he knows what it is but he doesn't go as far a Ptbo and he says it will cost  &lt;#&gt;  bucks. I don't know if it might be cheaper to find someone there ? We don't have any second hand machines at all right now, let me know what you want to do babe",2021
normal,soon you will have the real thing princess! Do i make you wet? :),2023
normal,Becoz its  &lt;#&gt;  jan whn al the post ofice is in holiday so she cn go fr the post ofice...got it duffer,2023
normal,I meant as an apology from me for texting you to get me drugs at  &lt;#&gt; at night,2023
normal,Ü no home work to do meh... ,2022
fraud,Sorry I missed your call let's talk when you have the time. I'm on 07090201529,2024
fraud,1st wk FREE! Gr8 tones str8 2 u each wk. Txt NOKIA ON to 8007 for Classic Nokia tones or HIT ON to 8007 for Polys. Nokia/150p Poly/200p 16+,2022
fraud,Sir i can know your atm card number.,2021
normal,Is there coming friday is leave for pongal?do you get any news from your work place.,2021
fraud,You won't believe it but it's true. It's Incredible Txts! Reply G now to learn truly amazing things that will blow your mind. From O2FWD only 18p/txt,2021
normal,Will do. Was exhausted on train this morning. Too much wine and pie. You sleep well too,2021
normal,Cold. Dont be sad dear,2023
normal,Ok not a problem will get them a taxi. C ing  tomorrow and tuesday. On tuesday think we r all going to the cinema. ,2021
normal,Serious? What like proper tongued her,2023
fraud,"SMS SERVICES. for your inclusive text credits, pls goto www.comuk.net login= 3qxj9 unsubscribe with STOP, no extra charge. help 08702840625.COMUK. 220-CM2 9AE",2022
normal,"Okay, but the price on Amazon seemed to be a little lower. It was 28,500 the last time I checked.",2021
normal,Lol please do. Actually send a pic of yourself right now. I wanna see. Pose with a comb and hair dryer or something.,2021
normal,This weekend is fine (an excuse not to do too much decorating),2023
normal,"No Sir, you can take the back up for all your data. And if you have already done that then there is no need to fret.",2022
normal,No current and food here. I am alone also,2022
normal,Your gonna be the death if me. I'm gonna leave a note that says its all robs fault. Avenge me.,2023
normal,"Chinatown got porridge, claypot rice, yam cake, fishhead beehoon... Either we eat cheap den go cafe n tok or go nydc or somethin...",2023
normal,How come guoyang go n tell her? Then u told her?,2023
normal,So wats ur opinion abt him and how abt is character?,2022
normal,"Probably not, I'm almost out of gas and I get some cash tomorrow",2022
normal,Ok... Let u noe when i leave my house.,2022
normal,"I got like $ &lt;#&gt; , I can get some more later though. Get whatever you feel like",2021
normal,K then 2marrow are you coming to class.,2021
normal,How did you do?,2023
fraud,No 1 POLYPHONIC tone 4 ur mob every week! Just txt PT2 to 87575. 1st Tone FREE ! so get txtin now and tell ur friends. 150p/tone. 16 reply HL 4info,2021
normal,I cant pick the phone right now. Pls send a message,2022
normal,"Not much, just some textin'. How bout you?",2022
normal,"Coffee cake, i guess.",2022
normal,hi baby im sat on the bloody bus at the mo and i wont be home until about 7:30 wanna do somethin later? call me later ortxt back jess xx,2023
normal,Whatsup there. Dont u want to sleep,2021
normal,R u here yet? I'm wearing blue shirt n black pants.,2022
normal,Ugh its been a long day. I'm exhausted. Just want to cuddle up and take a nap,2023
normal,"That's what I love to hear :V see you sundayish, then",2021
normal,Sure sir just collect your token number from the counter.,2023
normal,I will see in half an hour,2023
fraud,hello sir i am from bsnl customer care center we are doing verification of yours number that's why in your phone four digit opt will have send. tell me that otp.,2021
normal,Umma. Did she say anything.,2021
normal,"Sorry, I'll call later",2021
normal,Im on gloucesterroad what are uup to later?,2022
normal,Just finish bathing...,2021
normal,Convey my regards to him,2022
fraud,"Welcome to UK-mobile-date this msg is FREE giving you free calling to 08719839835. Future mgs billed at 150p daily. To cancel send ""go stop"" to 89123",2023
normal,Alright take the book. ,2023
normal,I will join the Airforce.,2023
fraud,YES! The only place in town to meet exciting adult singles is now in the UK. Txt CHAT to 86688 now! 150p/Msg.,2025
normal,ok....take care.umma to you too...,2022
normal,I told your number to gautham..,2023
normal,Ok lor ü reaching then message me.,2022
normal,Send to someone else :-),2021
normal,Dai what this da.. Can i send my resume to this id.,2023
normal,It seems you don't watch TV. The prices of diesel rose Rs 8.00 per liter. That's why the company has raised the fare to Rs 5 per every 5 Km.,2021
normal,Speak only when you feel your words are better than the silence... Gud mrng:-),2023
fraud,This message is free. Welcome to the new & improved Sex & Dogging club! To unsubscribe from this service reply STOP. msgs@150p 18 only,2024
normal,"Hey sweet, I was wondering when you had a moment if you might come to me ? I want to send a file to someone but it won't go over yahoo for them because their connection sucks, remember when you set up that page for me to go to and download the format disc ? Could you tell me how to do that ? Or do you know some other way to download big files ? Because they can download stuff directly from the internet. Any help would be great, my prey ... *teasing kiss*",2021
normal,Just taste fish curry :-P,2021
normal,Dunno lei shd b driving lor cos i go sch 1 hr oni.,2022
normal,Send me your id and password,2021
normal,"Aight, I'll ask a few of my roommates",2022
normal,Hey you can pay. With salary de. Only  &lt;#&gt; .,2023
normal,"Sir, i am waiting for your call, once free please call me.",2021
normal,What you need. You have a person to give na.,2022
normal,Thank you!,2022
normal,Ok but knackered. Just came home and went to sleep! Not good at this full time work lark.,2022
normal,So do you have samus shoulders yet,2021
normal,I recognised the student to be him.,2022
normal,U know we watchin at lido?,2022
normal,Do you want bold 2 or bb torch,2022
normal,"Well, English has never been my forte, and I found even parts of grammar to be challenging, besides the usual culprit – reading comprehension.",2023
normal,Already am squatting is the new way of walking,2021
normal,It means u could not keep ur words.,2022
normal,It  is the place where he was murdered.,2023
normal,Omg I want to scream. I weighed myself and I lost more weight! Woohoo!,2022
fraud,"hello sir, i am from bank of baroda, sir i have call you for your bank account verification do you want verify your account. sir then tell me your aadhar card number and pan card and your debit/credit card number.",2025
normal,Dude sux for snake. He got old and raiden got buff,2021
normal,i am seeking a lady in the street and a freak in the sheets. Is that you?,2022
normal,I'll talk to the others and probably just come early tomorrow then,2022
normal,"Well, fortunately, I really like that topic. I think we can study together with the whole concept mentioned as per syllabus. You may come to my house after school to study.  I can even give you some tips to remember the formulas based on this topic.",2023
normal,"Its good, we'll find a way",2021
normal,Not able to do anything.,2022
normal,"We're all getting worried over here, derek and taylor have already assumed the worst",2023
normal,I will be gentle princess! We will make sweet gentle love...,2022
normal,One of the joys in lifeis waking up each daywith thoughts that somewhereSomeone cares enough tosend a warm morning greeting.. -,2022
normal,Are you angry with me. What happen dear,2022
normal,"So many people seems to be special at first sight, But only very few will remain special to you till your last sight.. Maintain them till life ends.. take cr da",2022
normal,"Yar lor he want to go see horse racing today mah, so eat earlier lor. I ate chicken rice.",2021
normal,Sounds like you have many talents! would you like to go on a dinner date next week?,2023
normal,"Well i am definitely need to restock before thanksgiving, I'll let you know when I'm out",2021
normal, gonna let me know cos comes bak from holiday that day.  is coming. Don't4get2text me  number. ,2021
normal,"Yes, because we need to buy a lot more things for the celebration. I loved the shopping and I am sure you will love too.",2022
normal,I like to talk pa but am not able to. I dont know y.,2023
normal,Yes. I come to nyc for audiitions and am trying to relocate.,2023
normal,What happen dear tell me,2022
normal,I gotta collect da car at 6 lei.,2021
normal,Only saturday and sunday holiday so its very difficult:),2022
normal,Its just the effect of irritation. Just ignore it,2023
normal,"Ugh y can't u just apologize, admit u were wrong and ask me to take u back?",2022
normal,Then you drive lor.,2023
normal,"Hey sexy buns ! Have I told you ? I adore you, loverboy. I hope you remember to thank your sister in law for those meatballs *grins* ... i love you, babe",2021
normal,"Yes but i dont care! I need you bad, princess!",2023
normal,Lol I know! They're so dramatic. Schools already closed for tomorrow. Apparently we can't drive in the inch of snow were supposed to get.,2021
normal,ten min later ok.,2021
fraud,You will be receiving this week's Triple Echo ringtone shortly. Enjoy it!,2021
normal,HEY GIRL. HOW ARE YOU? HOPE YOU ARE WELL ME AND RAM ARE BACK! AGAIN LONG TIME NO SEE! GIVE ME A CALL SUM TIME FROM LUCY,2021
normal,Getting tickets 4 walsall tue 6 th march. My mate is getting me them on sat. ill pay my treat. Want 2 go. Txt bak .Terry,2021
normal,Full heat pa:-) i have applyed oil pa.,2022
normal,Can do lor...,2022
normal,Now am free call me pa.,2022
fraud,"Hottest pics straight to your phone!! See me getting Wet and Wanting, just for you xx Text PICS to 89555 now! txt costs 150p textoperator g696ga 18 XxX",2022
normal,Hows that watch resizing,2023
normal,Oh ya ya. I remember da. .,2021
normal,Where are you ? What do you do ? How can you stand to be away from me ? Doesn't your heart ache without me ? Don't you wonder of me ? Don't you crave me ?,2023
normal,Prof: you have passed in all the papers in this sem congrats . . . . Student: Enna kalaachutaarama..!! Prof:???? Gud mrng!,2023
fraud,U 447801259231 have a secret admirer who is looking 2 make contact with U-find out who they R*reveal who thinks UR so special-call on 09058094597,2024
normal,Will be office around 4 pm. Now i am going hospital.,2022
normal,"Hello. Sort of out in town already. That . So dont rush home, I am eating nachos. Will let you know eta.",2021
normal,"I prefer my free days... Tues, wed, fri oso can... Ü ask those workin lor...",2022
normal,Oh k.i think most of wi and nz players unsold.,2023
normal,Your Internet Explorer browser and computer may be compromised by security threats. Call 844-335-2291 now for IMMEDIATE assistance.,2021
normal,would u fuckin believe it they didnt know i had thurs pre booked off so they re cancelled me AGAIN! that needs to b sacked,2022
normal,The evo. I just had to download flash. Jealous?,2022
normal,"PLEASE TELL ME, YOU WANT DONE SPORTSx",2021
normal,That's necessarily respectful,2021
normal,Do ü all wan 2 meet up n combine all the parts? How's da rest of da project going?,2023
normal,He dint tell anything. He is angry on me that why you told to abi.,2021
normal,It's ok i know you are busy but i'm really too bored so i messsge you. I  do you know what colour she choose for me one.,2022
normal,Hi darlin did youPhone me? Im atHome if youwanna chat.,2022
normal,I'm home. Ard wat time will u reach?,2021
normal,Wat r u doing?,2023
fraud,Free video camera phones with Half Price line rental for 12 mths and 500 cross ntwk mins 100 txts. Call MobileUpd8 08001950382 or Call2OptOut/674&,2021
normal,Ok . . now i am in bus. . If i come soon i will come otherwise tomorrow,2023
normal,"I don't think i'll quit yet... Hmmm, can go jazz ? Yogasana oso can... We can go meet em after our lessons den... ",2021
normal,Today i'm not workin but not free oso... Gee... Thgt u workin at ur fren's shop ? ,2021
normal,I don't wanna get out of bed. It's so warm.,2021
fraud,"Think your smart? Win £200 this week in our weekly quiz, text PLAY to 85222 now!T&Cs WinnersClub PO BOX 84, M26 3UZ. 16+. GBP1.50/week",2025
normal,Wat r u doing now?,2021
normal,"Dear relieved of westonzoyland, all going to plan this end too!",2023
normal,Also fuck you and your family for going to rhode island or wherever the fuck and leaving me all alone the week I have a new bong &gt;:(,2022
normal,Old Orchard near univ. How about you?,2023
normal,I could not able of the opportunity I got last year.,2022
normal,I do not they close oredi not... you have ma fan...,2022
normal,She's good. How are you. Where r u working now,2021
normal,"Multiply the numbers independently and count decimal points then, for the division, push the decimal places like i showed you.",2021
fraud,"hello sir this is your icici bank manager. your kyc has been expired.so you shave to kyc your self, but due to covid setuation we are doing kyc online, pleae tell me your account detail.",2021
normal,"How are you, my Love ? Are you with your brother ? Time to talk english with him ? *grins* Say : Hey Muhommad, Penny says hello from across the sea",2022
normal,That depends. How would you like to be treated? :),2021
normal,"That‘s the thing with apes, u can fight to the death to keep something, but the minute they have it when u let go, thats it!",2022
normal,Will ü b going to esplanade fr home?,2022
normal,Pansy! You've been living in a jungle for two years! Its my driving you should be more worried about!,2023
normal,"Easy mate, * guess the quick drink was bit ambitious.",2021
normal,Happy birthday... May all ur dreams come true...,2023
normal,Then mum's repent how?,2023
normal,Shall I bring us a bottle of wine to keep us amused? Only joking! I‘ll bring one anyway,2022
normal,Hi! I have no information as such.,2022
normal,"Sorry, I'll call later",2021
normal,Great! I have to run now so ttyl!,2022
normal,Are you not around or just still asleep? ,2021
fraud,You have WON a guaranteed £1000 cash or a £2000 prize. To claim yr prize call our customer service representative on 08714712379 between 10am-7pm Cost 10p,2024
normal,Spending new years with my brother and his family. Lets plan to meet next week. Are you ready to be spoiled? :),2022
normal,Update your face book status frequently :),2023
normal,I.ll give her once i have it. Plus she said grinule greet you whenever we speak,2023
normal,I think it’s too much!,2022
normal,Hmmm:)how many players selected?,2021
fraud,Free msg: Single? Find a partner in your area! 1000s of real people are waiting to chat now!Send CHAT to 62220Cncl send STOPCS 08717890890£1.50 per msg,2025
normal,"Piggy, are you awake? I bet you are still sleeping. I'm going for lunch now.",2023
normal,Noice. Text me when you're here,2023
normal,Heart is empty without love.. Mind is empty without wisdom.. Eyes r empty without dreams &amp; Life is empty without frnds.. So Alwys Be In Touch. Good night &amp; sweet dreams,2021
normal,Dear how is chechi. Did you talk to her.,2021
normal,"That's the trouble with classes that go well - you're due a dodgey one … Expecting mine tomo! See you for recovery, same time, same place ",2021
fraud,Santa Calling! Would your little ones like a call from Santa Xmas eve? Call 09058094583 to book your time.,2021
normal,No. I.ll meet you in the library,2023
normal,What's up there. Don't you want to sleep.,2022
normal,"Don't worry, * is easy once have ingredients!",2021
fraud,"hello sir, i am from bank please tell me your card cvv number for your bank verification.",2021
normal,Dude im no longer a pisces. Im an aquarius now.,2022
normal,Oh thanks a lot..i already bought 2 eggs ..,2022
fraud,"Congratulations! Thanks to a good friend U have WON the £2,000 Xmas prize. 2 claim is easy, just call 08718726978 NOW! Only 10p per minute. BT-national-rate",2023
normal,Oh great. I.ll disturb him more so that we can talk.,2022
normal,Babes I think I got ur brolly I left it in English wil bring it in 2mrw 4 u luv Franxx,2022
normal,I notice you like looking in the shit mirror youre turning into a right freak,2021
normal,Did you see who fired the bullet?,2021
normal,Do u konw waht is rael FRIENDSHIP Im gving yuo an exmpel: Jsut ese tihs msg.. Evrey splleing of tihs msg is wrnog.. Bt sitll yuo can raed it wihtuot ayn mitsake.. GOODNIGHT &amp; HAVE A NICE SLEEP..SWEET DREAMS..,2022
normal,Yes i have. So that's why u texted. Pshew...missing you so much,2022
normal,Dad says hurry the hell up,2022
normal,My sister cleared two round in birla soft yesterday.,2022
normal,you say untill like dat i done buy ericsson oso cannot oredi lar...,2021
normal,Badrith is only for chennai:)i will surely pick for us:)no competition for him.,2021
normal,"Will do, you gonna be at blake's all night? I might be able to get out of here a little early",2022
normal,Lmao you know me so well...,2021
normal,Staff of placement training in Amrita college.,2022
normal,"No, but you told me you were going, before you got drunk!",2023
fraud,Valentines Day Special! Win over £1000 in our quiz and take your partner on the trip of a lifetime! Send GO to 83600 now. 150p/msg received. CustCare:08718720201.,2024
normal,2marrow only. Wed at  &lt;#&gt;  to 2 aha.,2023
normal,"Jolly good! By the way,  will give u tickets for sat eve 7.30. Speak before then x",2022
normal,Mm feeling sleepy. today itself i shall get that dear,2022
fraud,The current leading bid is 151. To pause this auction send OUT. Customer Care: 08718726270,2021
normal,Do you know when the result.,2021
normal,"I got arrested for possession at, I shit you not,  &lt;TIME&gt;  pm",2022
fraud,"HOT LIVE FANTASIES call now 08707509020 Just 20p per min NTT Ltd, PO Box 1327 Croydon CR9 5WB 0870..k",2024
normal,So are you excited about the upcoming holiday?,2021
fraud,Customer service annoncement. You have a New Years delivery waiting for you. Please call 07046744435 now to arrange delivery,2025
normal,"Goodmorning,my grandfather expired..so am on leave today.",2022
normal,"I'll see if I can swing by in a bit, got some things to take care of here firsg",2022
normal,Happy birthday to you....dear.with lots of love.rakhesh NRI,2022
normal,U in town alone?,2021
normal,"If you want to mapquest it or something look up ""usf dogwood drive"", that's the tiny street where the parking lot is",2021
normal,Stupid.its not possible,2021
normal,Yup bathe liao...,2022
fraud,"you won a lucky draw for shopping on an amazon, provide your bank details for deposit your amount towards logistics charge.",2025
normal,Bbq this sat at mine from 6ish. Ur welcome 2 come,2023
fraud,Congratulations ur awarded 500 of CD vouchers or 125gift guaranteed & Free entry 2 100 wkly draw txt MUSIC to 87066,2023
normal,"Sorry, I'll call later",2021
normal,"Well, does the set have all the multimedia features?",2021
normal,Got see... I lazy to type... I forgot you in lecture... I saw a pouch but like not very nice...,2021
normal,Prabha..i'm soryda..realy..from heart i'm sory.,2021
fraud,We tried to call you re your reply to our sms for a video mobile 750 mins UNLIMITED TEXT + free camcorder Reply of call 08000930705 Now,2024
normal,What happen dear. Why you silent. I am tensed,2023
normal,It will get released in December.,2021
normal,"SMSSERVICES. for your inclusive text credits, please goto www.comuk.net login= 3qxj9 unsubscribe with STOP, no extra charge.",2022
normal,Midnight at the earliest,2022
normal,"Its Ur luck to Love someone. Its Ur fortune to Love the one who Loves U. But, its a miracle to Love a person who can't Love anyone except U... Gud nyt...",2023
fraud,"Hello sir, you are ending ATM card validity today.  Please turn it on.",2023
normal,Sad story of a Man - Last week was my b'day. My Wife did'nt wish me. My Parents forgot n so did my Kids . I went to work. Even my Colleagues did not wish.,2021
normal,How long does it take to get it.,2021
fraud,"YOU 07801543489 are guaranteed the latests Nokia Phone, a 40GB iPod MP3 player or a £500 prize! Txt word:COLLECT to No:83355! TC-LLC NY-USA 150p/Mt msgrcvd18+",2021
normal,I;m reaching in another 2 stops.,2022
fraud,"Dear 7977XXXX34, WIN 1st Prize of Rs. 2 Lakhs! Create your team for IND vs ENG 1st ODI on Paytm First Games & Win Up to Rs. 10 Cr. Click m.paytm.me/fnpt T&C.",2021
normal,you still going to the mall?,2021
normal,No shoot me. I'm in the docs waiting room. :/,2021
normal,And how's your husband.,2023
normal,Have you not finished work yet or something?,2022
normal,"Dear, will call Tomorrow. please accomodate.",2021
normal,I'm not. She lip synced with shangela.,2021
fraud,"Xmas Offer! Latest Motorola, SonyEricsson & Nokia & FREE Bluetooth or DVD! Double Mins & 1000 Txt on Orange.",2022
normal,"Thank you sir, for your advices.",2023
normal,Bull. Your plan was to go floating off to IKEA with me without a care in the world. So i have to live with your mess another day.,2022
normal,Shall i ask one thing if you dont mistake me.,2023
normal,U come n search tat vid..not finishd..,2022
fraud,"I want some cock! My hubby's away, I need a real man 2 satisfy me. Txt WIFE to 89938 for no strings action. (Txt STOP 2 end, txt rec £1.50ea. OTBox 731 LA1 7WS. )",2024
normal,"Funny fact Nobody teaches volcanoes 2 erupt, tsunamis 2 arise, hurricanes 2 sway aroundn no 1 teaches hw 2 choose a wife Natural disasters just happens",2022
fraud,Dear Voucher holder Have your next meal on us. Use the following link on your pc 2 enjoy a 2 4 1 dining experiencehttp://www.vouch4me.com/etlp/dining.asp,2022
fraud,"You are guaranteed the latest Nokia Phone, a 40GB iPod MP3 player or a £500 prize! Txt word: COLLECT to No: 83355! IBHltd LdnW15H 150p/Mtmsgrcvd18",2025
normal,I dunno until when... Lets go learn pilates...,2022
normal,"Hi, Mobile no.  &lt;#&gt;  has added you in their contact list on www.fullonsms.com It s a great place to send free sms to people For more visit fullonsms.com",2021
normal,Done. How long will it take to fix all the bugs?,2021
normal,K..k..i'm also fine:)when will you complete the course?,2021
normal,When're you guys getting back? G said you were thinking about not staying for mcr.normla,2021
normal,Tell them the drug dealer's getting impatient,2022
normal,"Same, I'm at my great aunts anniversary party in tarpon springs",2022
normal,God created gap btwn ur fingers so dat sum1 vry special will fill those gaps by holding ur hands.. Now plz dont ask y he created so much gap between legs !!!,2021
normal,They did't play one day last year know even though they have very good team.. Like india.,2021
fraud,You have won a Nokia 7250i. This is what you get when you win our FREE auction. To take part send Nokia to 86021 now. HG/Suite342/2Lands Row/W1JHL 16+,2023
normal,I'm going 2 orchard now laready me reaching soon. U reaching?,2021
normal,Will this bus cover the route of Dwarka?,2021
normal,Is ur changes 2 da report big? Cos i've already made changes 2 da previous report.,2022
normal,Me too. Mark is taking forever to pick up my prescription and the pain is coming back.,2023
fraud,"hello sir this is your uniun bank manager. your kyc has been expired.so you have to kyc your self, but due to covid setuation we are doing kyc online, pleae tell me your account detail.",2022
normal,Mom wants to know where you at,2022
normal,I'm e person who's doing e sms survey...,2021
normal,Yes :)it completely in out of form:)clark also utter waste.,2023
fraud,"hello, i am from indian army. by mistakely i have given your mobile number in amozon during online shopping, that why you have got an otp, please tell me that otp.",2023
normal,"Gal n boy walking in d park. gal-can i hold ur hand? boy-y? do u think i would run away? gal-no, jst wana c how it feels walking in heaven with an prince..GN:-)",2021
normal,Why did I wake up on my own &gt;:(,2021
normal,Am on my way,2021
normal,Tell your friends what you plan to do on Valentines day @ &lt;URL&gt;,2021
normal,"Say this slowly.? GOD,I LOVE YOU &amp; I NEED YOU,CLEAN MY HEART WITH YOUR BLOOD.Send this to Ten special people &amp; u c miracle tomorrow, do it,pls,pls do it...",2022
normal,Where did you go? My phone is gonna die you have to stay in here.,2021
normal,That's the way you should stay oh.,2022
normal,Its posible dnt live in  &lt;#&gt; century cm frwd n thnk different,2021
normal,"My painful personal thought- ""I always try to keep everybody happy all the time. But nobody recognises me when i am alone""",2023
normal,So how's the weather over there?,2021
normal,I asked sen to come chennai and search for job.,2021
normal,Dear we are going to our rubber place.,2023
normal,Good afternoon my boytoy. How goes that walking here and there day ? Did you get that police abstract? Are you still out and about? I wake and miss you babe,2021
normal,"Solve d Case : A Man Was Found Murdered On  &lt;DECIMAL&gt; . &lt;#&gt;  AfterNoon. 1,His wife called Police. 2,Police questioned everyone. 3,Wife: Sir,I was sleeping, when the murder took place. 4.Cook: I was cooking. 5.Gardener: I was picking vegetables. 6.House-Maid: I went 2 d post office. 7.Children: We went 2 play. 8.Neighbour: We went 2 a marriage. Police arrested d murderer Immediately. Who's It? Reply With Reason, If U r Brilliant.",2023
fraud,Text PASS to 69669 to collect your polyphonic ringtones. Normal gprs charges apply only. Enjoy your tones,2021
normal,"Best line said in Love: . ""I will wait till the day I can forget u Or The day u realize that u cannot forget me.""... Gn",2023
fraud,"pdate_Now - Double mins and 1000 txts on Orange tariffs. Latest Motorola, SonyEricsson & Nokia & Bluetooth FREE! Call MobileUpd8 on 08000839402 or call2optout/!YHL",2024
normal,And smile for me right now as you go and the world will wonder what you are smiling about and think your crazy and keep away from you ... *grins*,2023
fraud,You won't believe it but it's true. It's Incredible Txts! Reply G now to learn truly amazing things that will blow your mind. From O2FWD only 18p/txt,2022
normal,I am not one of those who cannot keep his promise.,2023
normal,Pls go there today  &lt;#&gt; . I dont want any excuses,2023
fraud,Urgent! Please call 09061743811 from landline. Your ABTA complimentary 4* Tenerife Holiday or £5000 cash await collection SAE T&Cs Box 326 CW25WX 150ppm,2023
normal,"You at mu? You should try to figure out how much money everyone has for gas and alcohol, jay and I are trying to figure out our weed budget",2022
normal,there was not any that could be followed.,2022
normal,Are you still playing with gautham?,2023
normal,Check wid corect speling i.e. Sarcasm,2023
normal,Hi.what you think about match?,2023
normal,"Just looked it up and addie goes back Monday, sucks to be her",2022
normal,Then we gotta do it after that,2023
fraud,For the most sparkling shopping breaks from 45 per person; call 0121 2025050 or visit www.shortbreaks.org.uk,2024
normal,Will you do me a favor?,2022
normal,"We made it! Eta at taunton is 12:30 as planned, hope that‘s still okday?! Good to see you! :-xx",2021
normal,Can a not?,2022
normal,"Sorry, it's a lot of friend-of-a-friend stuff, I'm just now about to talk to the actual guy who wants to buy",2023
normal,Me fine..absolutly fine,2021
normal,"OH YEAH,AND HAV A GREAT TIME IN NEWQUAY-SEND ME A POSTCARD !1 LOOK AFTER ALL THE GIRLS WHILE IM GONE(U KNOW THE 1IM TALKIN BOUT!)xx",2021
fraud,Sunshine Quiz Wkly Q! Win a top Sony DVD player if u know which country the Algarve is in? Txt ansr to 82277. £1.50 SP:Tyrone,2025
normal,Ok. Every night take a warm bath drink a cup of milk and you'll see a work of magic. You still need to loose weight. Just so that you know,2021
fraud,We tried to contact you re your reply to our offer of a Video Handset? 750 anytime any networks mins? UNLIMITED TEXT? Camcorder? Reply or call 08000930705 NOW,2024
normal,"Arms fine, how's Cardiff and uni? ",2021
normal,Give me a second to think about it.,2023
normal,Ay wana meet on sat?ü wkg on sat?,2021
normal,"Huh... Hyde park not in mel ah, opps, got confused... Anyway, if tt's e best choice den we juz have to take it...",2023
normal,"THAT’S ALRITE GIRL, U KNOW GAIL IS NEVA WRONG!!TAKE CARE SWEET AND DON’T WORRY.C U L8TR HUN!LOVE Yaxxx",2021
normal,Still in customer place,2023
normal,The basket's gettin full so I might be by tonight,2022
normal,No da if you run that it activate the full version da.,2022
normal,"Ya ok, then had dinner?",2023
normal,"No my blankets are sufficient, thanks",2023
normal,"I wonder if your phone battery went dead ? I had to tell you, I love you babe",2021
normal,Okie,2021
normal,Yup i think cine is better cos no need to go down to plaza.,2023
normal,Ok lor then we go tog lor...,2023
normal,Hey morning what you come to ask:-) pa...,2023
normal,"1) Go to write msg 2) Put on Dictionary mode 3)Cover the screen with hand, 4)Press  &lt;#&gt; . 5)Gently remove Ur hand.. Its interesting..:)",2021
normal,About  &lt;#&gt; bucks. The banks fees are fixed. Better to call the bank and find out.,2023
normal,Ya:)going for restaurant..,2022
normal,Great! How is the office today?,2023
normal,"Come around  &lt;DECIMAL&gt; pm vikky..i'm otside nw, il come by tht time",2022
normal,Yup he msg me: is tat yijue? Then i tot it's my group mate cos we meeting today mah... I'm askin if ü leaving earlier or wat mah cos mayb ü haf to walk v far...,2023
normal,What time should I tell my friend to be around?,2023
normal,Im done. Just studyn in library,2023
normal,"I'm reading the text i just sent you, It's meant to be a joke. So read it in that light.",2022
fraud,You have 1 new message. Please call 08718738034.,2021
normal,I like cheap! But i‘m happy to splash out on the wine if it makes you feel better..,2023
fraud,YOU ARE CHOSEN TO RECEIVE A £350 AWARD! Pls call claim number 09066364311 to collect your award which you are selected to receive as a valued mobile customer.,2025
normal,"Call me, i am waiting for your call.",2021
normal,Hey sexy buns! What of that day? No word from you this morning on YM ... :-( ... I think of you,2023
normal,*deep sigh* ... I miss you :-( ... I am really surprised you haven't gone to the net cafe yet to get to me ... Don't you miss me?,2022
normal,How's ur paper?,2023
fraud,"hello sir ,i am from unoin bank of india do you have fill application form for loan. i called you for verify your document, tell me your aadhar number and otp of your mobile number. ",2025
normal,"I get out of class in bsn in like  &lt;#&gt;  minutes, you know where advising is?",2022
normal,Boy you best get yo ass out here quick,2023
normal,"Yes..but they said its IT.,",2021
normal,Father let’s go to Goa?,2021
normal,Does uncle timi help in clearing cars,2022
normal,Hey now am free you can call me.,2021
normal,They just talking thats it de. They would not any other.,2022
fraud,URGENT! Your Mobile number has been awarded with a £2000 prize GUARANTEED. Call 09058094454 from land line. Claim 3030. Valid 12hrs only,2025
normal,The battery is for mr adewale my uncle. Aka Egbon,2023
normal,Sorry i din lock my keypad.,2023
normal,Yes. They replied my mail. I'm going to the management office later. Plus will in to bank later also.or on wednesday.,2022
normal,Meanwhile in the shit suite: xavier decided to give us  &lt;#&gt;  seconds of warning that samantha was coming over and is playing jay's guitar to impress her or some shit. Also I don't think doug realizes I don't live here anymore,2021
normal,Well thats nice. Too bad i cant eat it,2022
normal,Just haven't decided where yet eh ?,2023
normal,Ok.,2022
normal,"Machan you go to gym tomorrow,  i wil come late goodnight.",2021
normal,Haf u eaten? Wat time u wan me 2 come?,2023
normal,"Haha, that was the first person I was gonna ask",2023
fraud,Your B4U voucher w/c 27/03 is MARSMS. Log onto www.B4Utele.com for discount credit. To opt out reply stop. Customer care call 08717168528,2022
fraud,"Sir, can I know your account number?",2021
normal,What's up. Do you want me to come online?,2023
normal,Ew are you one of them?,2021
normal,Good morning dear have a nice day,2023
fraud,We know someone who you know that fancies you. Call 09058097218 to find out who.,2023
normal,Ü thk of wat to eat tonight.,2021
normal,I did. One slice and one breadstick. Lol,2021
normal,For me the love should start with attraction.i should feel that I need her every time around me.she should be the first thing which comes in my thoughts.I would start the day and end it with her.she should be there every time I dream.love will be then when my every breath has her name.my life should happen around her.my life will be named to her.I would cry for her.will give all my happiness and take all her sorrows.I will be ready to fight with anyone for her.I will be in love when I will be doing the craziest things for her.love will be when I don't have to proove anyone that my girl is the most beautiful lady on the whole planet.I will always be singing praises for her.love will be when I start up making chicken curry and end up makiing sambar.life will be the most beautiful then.will get every morning and thank god for the day because she is with me.I would like to say a lot..will tell later..,2022
normal,Wife.how she knew the time of murder exactly,2022
normal,So when are we going to see you on the big screen next.,2021
normal,have * good weekend.,2022
normal,Yeah that's the impression I got,2022
normal,"Hmm, sir this is still a loss for us, but we will agree on this price. Customer satisfaction is our motto.",2023
normal,One small prestige problem now.,2022
normal,Kay... Since we are out already ,2021
normal,"Theoretically yeah, he could be able to come",2022
normal,"I promise to take good care of you, princess. I have to run now. Please send pics when you get a chance. Title!",2022
normal,Die... Now i have e toot fringe again...,2023
normal,I might come to kerala for 2 days.so you can be prepared to take a leave once i finalise .dont plan any travel during my visit.need to finish urgent works.,2021
normal,Of course ! Don't tease me ... You know I simply must see ! *grins* ... Do keep me posted my prey ... *loving smile* *devouring kiss*,2022
normal,Shall i come to get pickle,2021
fraud,"Hello sir, I am speaking from SBI Bank.  ? 5000 has been deducted from your account.  Please share your account number to withdraw it.",2025
normal,"see you then, we're all christmassy here!",2023
normal,I am in escape theatre now. . Going to watch KAVALAN in a few minutes,2021
normal,Am on a train back from northampton so i'm afraid not! I'm staying skyving off today ho ho! Will be around wednesday though. Do you fancy the comedy club this week by the way?,2023
normal,X2  &lt;#&gt; . Are you going to get that,2022
normal,"House-Maid is the murderer, coz the man was murdered on  &lt;#&gt; th January.. As public holiday all govt.instituitions are closed,including post office..understand?",2023
normal,"Got ur mail Dileep.thank you so muchand look forward to lots of support...very less contacts here,remember one venugopal you mentioned.tomorrow if not late,i shall try to come up till there.goodnight dear.",2022
normal,Hey i'm bored... So i'm thinking of u... So wat r u doing?,2022
normal,"Do you know why god created gap between your fingers..? So that, One who is made for you comes &amp; fills those gaps by holding your hand with LOVE..!",2022
normal,No..its ful of song lyrics..,2022
normal,Pls speak with me. I wont ask anything other then you friendship.,2022
normal,Come to mahal bus stop.. &lt;DECIMAL&gt;,2021
normal,She ran off with a younger man. we will make pretty babies together :),2022
normal,Well keep in mind I've only got enough gas for one more round trip barring a sudden influx of cash,2021
fraud,Mobile Club: Choose any of the top quality items for your mobile. 7cfca1a,2023
normal,From here after The performance award is calculated every two month.not for current one month period..,2021
normal,Or u ask they all if next sat can a not. If all of them can make it then i'm ok lor.,2022
normal,O ic lol. Should play 9 doors sometime yo,2023
normal,you wait for me in such i finish ard..,2021
normal,Now i'm going for lunch.,2021
normal,I'm thinking that chennai forgot to come for auction..,2023
normal,My uncles in Atlanta. Wish you guys a great semester.,2023
normal,I'm sorry. I've joined the league of people that dont keep in touch. You mean a great deal to me. You have been a friend at all times even at great personal cost. Do have a great week.,2022
normal,Wat makes u thk i'll fall down. But actually i thk i'm quite prone 2 falls. Lucky my dad at home i ask him come n fetch me already.,2023
normal,Stop knowing me so well!,2023
fraud,"Hello sir, I am speaking from Paytm.  Have you ever had KYC, if not done, please get it done.",2025
normal,You best watch what you say cause I get drunk as a motherfucker,2022
normal,"Sorry, left phone upstairs. OK, might be hectic but would be all my birds with one fell swoop. It's a date.",2021
normal,Thnx dude. u guys out 2nite?,2021
normal,"Geeeee ... Your internet is really bad today, eh ?",2022
normal,It indeed is. Air conditioning and the trip duration is also really short.,2023
normal,Hi! You just spoke to MANEESHA V. We'd like to know if you were satisfied with the experience. Reply Toll Free with Yes or No.,2022
normal,Correct. So how was work today,2022
normal,"We do follow all policies, sir. I have already asked two passengers to stop smoking. They are the people who belong to villages or they are illiterate and hence cannot read the signs saying 'No smoking'",2021
normal,"Aight, lemme know what's up",2021
normal,staff.science.nus.edu.sg/~phyhcmk/teaching/pc1323,2023
normal,Thank you for your curiosity. We know that English is an international language and communication defends on the language.,2022
normal,"Good afternoon, my love ! Any job prospects ? Are you missing me ? What do you do ? Are you being lazy and bleak, hmmm ? Or happy and filled with my love ?",2023
normal,He remains a bro amongst bros,2023
normal,"He said that he had a right giggle when he saw u again! You would possibly be the first person2die from NVQ, but think how much you could for! ",2022
normal,What should i eat fo lunch senor,2023
normal,Yo! Howz u? girls never rang after india. L,2021
normal,"Haha, just what I was thinkin",2022
fraud,Get a brand new mobile phone by being an agent of The Mob! Plus loads more goodies! For more info just text MAT to 87021.,2024
fraud,"You have won ?1,000 cash or a ?2,000 prize! To claim, call 09050000327.",2025
fraud,we tried to contact you re your response to our offer of a new nokia fone and camcorder hit reply or call 08000930705 for delivery,2023
normal,Sorry completely forgot * will pop em round this week if your still here?,2021
normal,Umma my life and vava umma love you lot dear,2023
fraud,"You are being contacted by our dating service by someone you know! To find out who it is, call from a land line 09050000878. PoBox45W2TG150P",2024
normal,"She is our sister.. She belongs 2 our family.. She is d hope of tomorrow.. Pray 4 her,who was fated 4 d Shoranur train incident. Lets hold our hands together &amp; fuelled by love &amp; concern prior 2 her grief &amp; pain. Pls join in dis chain &amp; pass it. STOP VIOLENCE AGAINST WOMEN.",2023
normal,Hurry home. Soup is DONE!,2023
normal,CHEERS U TEX MECAUSE U WEREBORED! YEAH OKDEN HUNNY R UIN WK SAT?SOUND’S LIKEYOUR HAVIN GR8FUN J! KEEP UPDAT COUNTINLOTS OF LOVEME XXXXX.,2023
normal,Suresh will have been teaching in this college for four years by the year 2008.,2021
normal,WHITE FUDGE OREOS ARE IN STORES,2023
normal,But I paid Rs 40 to another Bus the day before yesterday for the same distance and route.,2021
normal,Me too watching surya movie only. . .after six pm vijay movie POKKIRI,2023
normal,Ü collecting ur laptop then going to configure da settings izzit?,2021
normal,Hi its in durban are you still on this number,2023
normal,Lol alright i was thinkin that too haha,2023
normal,Gokila is talking with you aha:),2022
normal,Boo I'm on my way to my moms. She's making tortilla soup. Yummmm,2021
normal,I'm going for bath will message you next  &lt;#&gt;  min..,2022
normal,Waaaat?? Lololo ok next time then!,2021
normal,"TODAY is Sorry day.! If ever i was angry with you, if ever i misbehaved or hurt you? please please JUST SLAP youself Because, Its your fault, I'm basically GOOD.",2023
normal,Doesn't g have class early tomorrow and thus shouldn't be trying to smoke at  &lt;#&gt;,2021
normal,Nothing will ever be easy. But don't be looking for a reason not to take a risk on life and love,2021
normal,Oh god..taken the teeth?is it paining,2023
normal,when you and derek done with class?,2021
normal,God's love has no limit. God's grace has no measure. God's power has no boundaries. May u have God's endless blessings always in ur life...!! Gud ni8,2021
normal,My supervisor find 4 me one lor i thk his students. I havent ask her yet. Tell u aft i ask her.,2021
normal,The search 4 happiness is 1 of d main sources of unhappiness! Accept life the way it comes! U will find happiness in every moment u live.,2021
normal,"Aight, sounds good. When do you want me to come down?",2023
normal,I love you. You set my soul on fire. It is not just a spark. But it is a flame. A big rawring flame. XoXo,2021
normal,Its going good...no problem..but still need little experience to understand american customer voice...,2021
normal,Miles and smiles r made frm same letters but do u know d difference..? smile on ur face keeps me happy even though I am miles away from u.. :-)keep smiling.. Good nyt,2022
normal,I have 2 docs appointments next week.:/ I'm tired of them shoving stuff up me. Ugh why couldn't I have had a normal body?,2022
normal,Its a part of checking IQ.,2022
normal,Can you plz tell me the ans. BSLVYL sent via fullonsms.com,2022
normal,Also andros ice etc etc,2021
normal,Being able to communicate clearly and properly. Most companies want the candidate to be fluent in English speaking so that he or she can go on in the future to assume leadership roles. You are an investment for the company so they want the best candidate possible. Make sure your speaking skills are on point!   ,2023
normal,I wont. So wat's wit the guys,2023
normal,Ok both our days. So what are you making for dinner tonite? Am I invited?,2022
normal,Yeah just open chat and click friend lists. Then make the list. Easy as pie,2023
normal,Today iZ Yellow rose day. If u love my frndship give me 1 misscall &amp; send this to ur frndZ &amp; See how many miss calls u get. If u get 6missed U marry ur Lover.,2023
fraud,Hello Sir Do you want to make your license from home?,2021
normal,Misplaced your number and was sending texts to your old number. Wondering why i've not heard from you this year. All the best in your mcat. Got this number from my atlanta friends,2022
normal,Dear how you. Are you ok?,2023
normal,Okie...,2022
normal,"K, makes sense, btw carlos is being difficult so you guys are gonna smoke while I go pick up the second batch and get gas",2021
normal,K.k..how is your sister kids?,2021
normal,"Dont pack what you can buy at any store.like cereals. If you must pack food, pack gari or something 9ja that you will miss.",2023
normal,Well done and ! luv ya all ,2022
normal,hmm thats better now i got a roast down me! i’d be better if i had a few drinks down me 2! Good indian?,2021
normal,I'm on da bus going home...,2022
normal,So ü'll be submitting da project tmr rite?,2021
normal,I'm meeting Darren...,2023
normal,Lol boo I was hoping for a laugh,2022
normal,"Ask g or iouri, I've told the story like ten times already.",2023
normal,"Ya, told..she was asking whats matter?",2021
normal,i dnt wnt to tlk wid u,2021
normal,You should know now. So how's anthony. Are you bringing money. I've school fees to pay and rent and stuff like that. Thats why i need your help. A friend in need....|,2023
normal,HI ITS JESS I DONT KNOW IF YOU ARE AT WORK BUT CALL ME WHEN U CAN IM AT HOME ALL EVE. XXX,2021
normal,"Whenevr ur sad, Whenevr ur gray, Remembr im here 2 listn 2 watevr u wanna say, Jus walk wid me a little while,&amp; I promise I'll bring back ur smile.:-)",2023
normal,I not busy juz dun wan 2 go so early.. Hee.. ,2022
normal,No one interested. May be some business plan.,2023
normal,I can do that! I want to please you both inside and outside the bedroom...,2022
normal,No i am not having not any movies in my laptop,2022
normal,He's really into skateboarding now despite the fact that he gets thrown off of it and winds up with bandages and shit all over his arms every five minutes,2021
normal,Did either of you have any idea's? Do you know of anyplaces doing something?,2023
normal,Ee msg na poortiyagi odalebeku: Hanumanji 7 name 1-Hanuman 2-Bajarangabali 3-Maruti 4-Pavanaputra 5-Sankatmochan 6-Ramaduth 7-Mahaveer ee 7 name  &lt;#&gt;  janarige ivatte kalisidare next saturday olage ondu good news keluviri...! Maretare inde 1 dodda problum nalli siguviri idu matra  &lt;#&gt; % true.. Don't neglet.,2022
normal,Hey mate. Spoke to the mag people. We‘re on.  the is deliver by the end of the month. Deliver on the 24th sept. Talk later. ,2022
normal,Dont show yourself. How far. Put new pictures up on facebook.,2021
normal,Senthil group company Apnt 5pm.,2022
normal,If you hear a loud scream in about &lt;#&gt; minutes its cause my Gyno will be shoving things up me that don't belong :/,2023
normal,Why de. You looking good only:-)..,2021
fraud,"500 New Mobiles from 2004, MUST GO! Txt: NOKIA to No: 89545 & collect yours today!From ONLY £1 www.4-tc.biz 2optout 087187262701.50gbp/mtmsg18 TXTAUCTION",2023
normal,"Sorry, I'll call later in meeting any thing related to trade please call Arul. &lt;#&gt; ",2021
fraud,"Hello sir, I am speaking from SBI Bank.  You want to open a new account.  So please share your Aadhaar number with us.",2021
normal,You can never do NOTHING,2022
normal,Shhhhh nobody is supposed to know!,2023
normal,Are there TA jobs available? Let me know please cos i really need to start working,2021
normal,Just finished. Missing you plenty,2023
normal,"Babe, have you got enough money to pick up bread and milk ? And I'll give you it back when you get home ?",2022
normal,Ha! I wouldn't say that I just didn't read anything into way u seemed. I don't like 2 be judgemental....i save that for fridays in the pub!,2021
normal,say thanks2. ,2022
normal,"Ah, well that confuses things, doesn‘t it?",2023
normal,You stayin out of trouble stranger!!saw Dave the other day he’s sorted now!still with me bloke when u gona get a girl MR!ur mum still Thinks we will get 2GETHA! ,2023
normal,hope things went well at 'doctors' ;) reminds me i still need 2go.did u c d little thing i left in the lounge?,2021
normal,Is fujitsu s series lifebook good?,2022
normal,Happy new years melody!,2021
normal,happened here while you were adventuring,2021
normal,I to am looking forward to all the sex cuddling.. Only two more sleeps ,2023
normal,Really dun bluff me leh... U sleep early too. Nite...,2022
normal,"Ok, i'm watching here.",2021
normal,"Yes, indeed. Sometimes, I become nervous when I don’t know the answer. I will have to work upon that.  ",2022
normal,"And that is the problem. You walk around in ""julianaland"" oblivious to what is going on around you. I say the same things constantly and they go in one ear and out the other while you go off doing whatever you want to do. It's not that you don't know why I'm upset--it's that you don't listen when i tell you WHAT is going to upset me. Then you want to be surprised when I'm mad.",2022
normal,I am in a marriage function,2022
normal,Slept? I thinkThis time ( &lt;#&gt;  pm) is not dangerous,2021
normal,Welp apparently he retired,2023
normal,yay! finally lol. i missed our cinema trip last week :-(,2021
normal,"K, fyi I'm back in my parents' place in south tampa so I might need to do the deal somewhere else",2022
normal,Now thats going to ruin your thesis!,2022
normal,Ah you see. You have to be in the lingo. I will let you know wot on earth it is when has finished making it!,2021
normal,Ok try to do week end course in coimbatore.,2023
normal,Except theres a chick with huge boobs.,2023
normal,Tmr then ü brin lar... Aiya later i come n c lar... Mayb ü neva set properly ü got da help sheet wif ü...,2021
normal,Oh thats late! Well have a good night and i will give u a call tomorrow. Iam now going to go to sleep night night,2022
normal,It took Mr owl three licks.,2022
normal,"So many people seems to be special at first sight, But only very few will remain special to you till your last sight.. Maintain them till life ends.. Sh!jas",2023
normal,"Ha ha nan yalrigu heltini..Iyo kothi chikku, u shared many things wit me..so far i didn't told any body and even uttered a word abt u.. If ur trusting me so much how can i tell these to others.. Plz nxt time dont use those words to me..ok, chikku:-);-)B-)",2021
normal,"When you just put in the + sign, choose my number and the pin will show. Right?",2022
normal,Sorry for the delay. Yes masters,2022
normal,Hmm ill have to think about it... ok you're forgiven! =D,2021
normal,"Ok, yes you will be very busy.",2022
normal,"sir, you will receive the account no another 1hr time. Sorry for the delay.",2022
normal,"Beautiful tomorrow never comes.. When it comes, it's already TODAY.. In the hunt of beautiful tomorrow don't waste your wonderful TODAY.. GOODMORNING:)",2022
normal,Hi. Happy New Year. I dont mean to intrude but can you pls let me know how much tuition you paid last semester and how much this semester is. Thanks,2023
normal,Gr8. So how do you handle the victoria island traffic. Plus when's the album due,2021
normal,Hey. For me there is no leave on friday. Wait i will ask my superior and tell you..,2022
normal,"K, want us to come by now?",2022
normal,"Total disappointment, when I texted you was the craziest shit got :(",2021
normal,Hi..i got the money da:),2022
normal,get ready to moan and scream :),2022
normal,"Friendship is not a game to play, It is not a word to say, It doesn\'t start on March and ends on May, It is tomorrow, yesterday, today and e",2021
normal,could you tell people i am gonna be a bit late because to buses have gone past because they were full & im still waitin 4 1. Pete x.,2021
normal,Lucky you. My cousins live in a different city so I rarely meet them.,2021
normal,How much it will cost approx . Per month.,2022
normal,Yeah. I got a list with only u and Joanna if I'm feeling really anti social,2022
normal,Ambrith..madurai..met u in arun dha marrge..remembr?,2023
normal,You suggest no medicine then?,2021
normal,Where are you lover? I need you.,2022
normal,"Hey, a guy I know is breathing down my neck to get him some bud, anyway you'd be able to get a half track to usf tonight?",2022
normal,Am i that much dirty fellow?,2021
normal,V skint too but fancied few bevies.waz gona go meet &othrs in spoon but jst bin watchng planet earth&sofa is v comfey; If i dont make it hav gd night,2023
normal,"Up to you, you want come then come lor... But i did not see any stripes skirt...",2021
normal,No messages on her phone. I'm holding it now,2022
normal,God bless.get good sleep my dear...i will pray!,2023
normal,"No! But we found a diff farm shop to buy some cheese. On way back now, can i call in?",2022
fraud,Free Top ringtone -sub to weekly ringtone-get 1st week free-send SUBPOLY to 81618-?3 per week-stop sms-08718727870,2021
normal,"It's cool, let me know before it kicks off around  &lt;#&gt; , I'll be out and about all day",2022
normal,"They’re a couple, Patrick. You can ask Ted yourself if you don’t trust me.",2023
normal,What time do u get out?,2023
normal,Done it but internet connection v slow and can‘t send it. Will try again later or first thing tomo.,2022
normal,Yup but it's not giving me problems now so mayb i'll jus leave it...,2022
normal,I pocked you up there before,2021
normal,Let's pool our money together and buy a bunch of lotto tickets. If we win I get &lt;#&gt; % u get &lt;#&gt; %. Deal?,2021
normal,I am late. I will be there at,2022
normal,Sounds great! Are you home now?,2021
normal,This is hoping you enjoyed your game yesterday. Sorry i've not been in touch but please know that you are fondly being those off. Have a great week. Abiola,2022
normal,I'm already back home so no probably not,2023
normal,"I call you later, don't have network. If urgnt, sms me.",2021
normal,these are chairman's instruction that must be followed.,2021
normal,Oh all have to come ah?,2021
fraud,You have an important customer service announcement. Call FREEPHONE 0800 542 0825 now!,2023
normal,No..he joined today itself.,2022
normal,That's y we haf to combine n c how lor...,2021
normal,Watching telugu movie. what about you?,2023
normal,Good. Good job. I like entrepreneurs,2023
normal,Oh that was a forwarded message. I thought you send that to me.,2021
normal,Hey are you angry with me. Reply me dr.,2022
normal,What class of  &lt;#&gt;  reunion?,2023
normal,Me and him so funny...,2022
normal,"I just got home babe, are you still awake ?",2021
normal,Jesus christ bitch I'm trying to give you drugs answer your fucking phone,2021
normal,I like to think there's always the possibility of being in a pub later.,2023
normal,Messages are not time pass.They silently say that I am thinking of you right now and also making you think of me at least for a moment. Gd nt.swt drms @Shesil,2021
normal,YO YO YO BYATCH WHASSUP?,2023
normal,"New Theory: Argument wins d SITUATION, but loses the PERSON. So dont argue with your friends just. kick them &amp; say, I'm always correct.!",2021
normal,U R THE MOST BEAUTIFUL GIRL IVE EVER SEEN. U R MY BABY COME AND C ME IN THE COMMON ROOM,2023
normal,"Sorry chikku, my cell got some problem thts y i was nt able to reply u or msg u..",2023
normal,"I am from Delhi itself. I put up in East Delhi, near Anand Vihar. I stay with my family.",2021
normal,I emailed yifeng my part oredi.. Can ü get it fr him..,2021
normal,Bring it if you got it,2021
normal,Ok going to sleep. Hope i can meet her.,2022
normal,Cos darren say ü considering mah so i ask ü...,2022
normal,"A Boy loved a gal. He propsd bt she didnt mind. He gv lv lttrs, Bt her frnds threw thm. Again d boy decided 2 aproach d gal , dt time a truck was speeding towards d gal. Wn it was about 2 hit d girl,d boy ran like hell n saved her. She asked 'hw cn u run so fast?' D boy replied ""Boost is d secret of my energy"" n instantly d girl shouted ""our energy"" n Thy lived happily 2gthr drinking boost evrydy Moral of d story:- I hv free msgs:D;): gud ni8",2021
normal,But thanks a lot for asking me. Maybe next time.,2023
normal,I'm in inside office..still filling forms.don know when they leave me.,2021
normal,"Beautiful Truth against Gravity.. Read carefully: ""Our heart feels light when someone is in it.. But it feels very heavy when someone leaves it.."" GOOD NIGHT",2023
fraud,Sir i'm speaking through phonepe  You have received a cashback of ? 5000.  Why haven't you received yet? for receive it tell us about your bank account number.,2023
normal,Rats. Hey did u ever vote for the next themes?,2023
normal,"Its ok., i just asked did u know that no?",2021
normal,"Sounds good, keep me posted",2022
normal,You've always been the brainy one.,2023
normal,Idk. I'm sitting here in a stop and shop parking lot right now bawling my eyes out because i feel like i'm a failure in everything. Nobody wants me and now i feel like i'm failing you.,2023
normal,"1) Go to write msg 2) Put on Dictionary mode 3)Cover the screen with hand, 4)Press  &lt;#&gt; . 5)Gently remove Ur hand.. Its interesting..:)",2022
normal,I don know account details..i will ask my mom and send you.my mom is out of reach now.,2021
fraud,"LookAtMe!: Thanks for your purchase of a video clip from LookAtMe!, you've been charged 35p. Think you can do better? Why not send a video in a MMSto 32323.",2021
normal,When is the releasing date of that movie?,2023
normal,The two friends quarrelled with each other.,2023
normal,No but the bluray player can,2022
normal,Love you aathi..love u lot..,2023
normal,Should I head straight there or what,2021
normal,Ü bot notes oredi... Cos i juz rem i got...,2022
normal,Sir are you connected through wifi?,2023
normal,"Sure, I'll see if I can come by in a bit",2022
normal,"Yeah, I'll leave in a couple minutes &amp; let you know when I get to mu",2022
normal,Oh ho. Is this the first time u use these type of words,2021
normal,Networking job is there.,2022
normal,"Sorry, I'll call later.",2022
fraud,"hello sir, i am from covid-19 center, for vaccination you have to pay money ,please pay your money on this upi myupi@axis",2022
normal,I have to pick up my grandparents at the airport in the morning then help my parents prepare for the gathering in the afternoon. ,2021
normal,"Aight, I should be there by 8 at the latest, probably closer to 7. Are jay and tyler down or should we just do two trips?",2022
normal,What's ur pin?,2022
normal,"Den only weekdays got special price... Haiz... Cant eat liao... Cut nails oso muz wait until i finish drivin wat, lunch still muz eat wat... ",2023
normal,"wow. You're right! I didn't mean to do that. I guess once i gave up on boston men and changed my search location to nice, something changed. Cuz on my signin page it still says boston.",2022
normal,I'll be at mu in like  &lt;#&gt;  seconds,2022
normal,I think u have the wrong number.,2022
normal,Dont let studying stress you out. L8r.,2023
normal,Omg you can make a wedding chapel in frontierville? Why do they get all the good stuff?,2023
normal,K.:)you are the only girl waiting in reception ah?,2022
normal,Oi when you gonna ring,2023
normal,"Hiya, sorry didn't hav signal. I haven't seen or heard from and neither has, which is unusual in itself! I'll put on the case and get him to sort it out! Hugs and snogs.",2021
normal,It's é only $140 ard...É rest all ard $180 at least...Which is é price 4 é 2 bedrm ($900),2022
normal,I'm doing da intro covers energy trends n pros n cons... Brief description of nuclear fusion n oso brief history of iter n jet got abt 7 n half pages..,2021
normal,"Its so common hearin How r u? Wat r u doing? How was ur day? So let me ask u something different. Did u smile today? If not, do it now.... Gud evng.",2022
normal,it’s going pretty well. But I am facing little difficulties in solving some Maths problems.,2023
normal,Lol I would but my mom would have a fit and tell the whole family how crazy and terrible I am.,2021
normal,OK. But please make sure that this person sitting beside does not smoke.,2022
normal,Just glad to be talking to you.,2021
normal,"Send ur birthdate with month and year, I will tel u ur LIFE PARTNER'S name. and the method of calculation. Reply must.",2021
fraud,"Thanks for your Ringtone Order, Reference T91. You will be charged GBP 4 per week. You can unsubscribe at anytime by calling customer services on 09057039994.",2025
normal,Tell me pa. How is pain de.,2021
normal,And stop being an old man. You get to build snowman snow angels and snowball fights.,2021
normal,"Aight, let me know when you're gonna be around usf",2023
normal,I will come tomorrow di,2021
normal,Oooh bed ridden eye? What are YOU thinking of?,2022
normal,I've told you everything will stop. Just dont let her get dehydrated.,2022
fraud,"hello sir ,i am from sbi bank of india do you have fill application form for loan. i called you for verify your document, tell me your aadhar number and otp of your mobile number. ",2021
normal,"Dear,Me at cherthala.in case you are coming cochin please call before you start.i shall also reach accordingly.or tell me which day you are coming.tommorow i am engaged ans its holiday.",2022
normal,Oh and by the way you do have more food in your fridge! Want to go out for a meal tonight? ,2021
normal,"is you put this seat in your notebook ,you can refer to it.",2022
normal,You have registered Sinco as Payee. Log in at icicibank.com and enter URN  &lt;#&gt;  to confirm. Beware of frauds. Do NOT share or disclose URN to anyone.,2021
normal,"Night has ended for another day, morning has come in a special way. May you smile like the sunny rays and leaves your worries at the blue blue bay. Gud mrng",2023
normal,I have a rather prominent bite mark on my right cheek,2021
normal,"Aight I've been set free, think you could text me blake's address? It occurs to me I'm not quite as sure what I'm doing as I thought I was",2023
normal,Yup i'm still having coffee wif my frens... My fren drove she'll give me a lift...,2021
fraud,"Someone U know has asked our dating service 2 contact you! Cant guess who? CALL 09058095107 NOW all will be revealed. POBox 7, S3XY 150p ",2025
normal,"That is a very nice thought, Jane. There are many responsibilities that a teacher has to shoulder. It is a difficult job, although it's a very noble profession.",2022
normal,Hi. I'm always online on yahoo and would like to chat with you someday,2022
normal,Dude how do you like the buff wind.,2021
normal,He didn't see his shadow. We get an early spring yay,2023
normal,I'm done...,2022
normal,Yeah sure! That man was wearing a red shirt with a black cap.,2022
normal,K go and sleep well. Take rest:-).,2023
fraud,Your unique user ID is 1172. For removal send STOP to 87239 customer services 08708034412,2025
normal,Do ü noe if ben is going?,2023
normal,I called but no one pick up e phone. I ask both of them already they said ok.,2021
normal,"Fuck babe ... I miss you already, you know ? Can't you let me send you some money towards your net ? I need you ... I want you ... I crave you ...",2022
normal,Hanging out with my brother and his family,2023
normal,Ü still got lessons?  Ü in sch?,2022
normal,i thought we were doing a king of the hill thing there.,2023
normal,"I sent you the prices and do you mean the  &lt;#&gt; g,",2023
normal,"Once a fishrman woke early in d mrng. It was very dark. He waited a while &amp; found a sack ful of stones. He strtd throwin thm in2 d sea 2 pass time. Atlast he had jus 1stone, sun rose up &amp; he found out tht those r nt stones, those were diamonds. Moral:""Dont wake up early in d mrng'' GOOD night",2022
normal,U guys never invite me anywhere :(,2021
normal,"Alright omw, gotta change my order to a half8th",2021
normal,Excellent! Wish we were together right now!,2022
normal,That is wondar full flim.,2021
fraud,Cashbin.co.uk (Get lots of cash this weekend!) www.cashbin.co.uk Dear Welcome to the weekend We have got our biggest and best EVER cash give away!! These..,2021
normal,I wan but too early lei... Me outside now wun b home so early... Neva mind then...,2022
normal,Hi Harish's rent has been transfred to ur Acnt.,2023
normal,Just sent it. So what type of food do you like?,2021
normal,That sounds good. But what is the final price for this?,2021
fraud,This message is brought to you by GMW Ltd. and is not connected to the,2022
fraud,"Orange brings you ringtones from all time Chart Heroes, with a free hit each week! Go to Ringtones & Pics on wap. To stop receiving these tips reply STOP.",2025
normal,"I miss you already, you know ? Your all I can think about. Fuck, I can't wait till next year when we will be together ... *loving kiss*",2022
normal,I'm at bruce &amp; fowler now but I'm in my mom's car so I can't park (long story),2021
normal,Good Morning my Dear........... Have a great &amp; successful day.,2021
normal,"Yeah, that's fine! It's £6 to get in, is that ok? ",2023
normal,Huh? 6 also cannot? Then only how many mistakes?,2021
fraud,Get a FREE mobile video player FREE movie. To collect text GO to 89105. Its free! Extra films can be ordered t's and c's apply. 18 yrs only,2021
normal,We'll join the  &lt;#&gt;  bus,2021
normal,If india win or level series means this is record:),2022
normal,Okay lor... Will they still let us go a not ah? Coz they will not know until later. We drop our cards into the box right?,2022
fraud,Babe: U want me dont u baby! Im nasty and have a thing 4 filthyguys. Fancy a rude time with a sexy bitch. How about we go slo n hard! Txt XXX SLO(4msgs),2023
normal,Wat r u doing?,2023
normal,My friends use to call the same.,2021
normal,"I av a new number,  . Wil u only use this one,ta.",2021
normal,We must choose our career properly. May I know your choice of career?,2023
normal,What Today-sunday..sunday is holiday..so no work..,2021
fraud,Your Mobile No. was awarded 2000 INR Bonus Caller Prize on 5/9/0021 This is our final try to contact U! download xyz application to get it.,2025
normal,Actually I decided I was too hungry so I haven't left yet :V,2021
normal,2 laptop... I noe infra but too slow lar... I wan fast one,2021
normal,Then u going ikea str aft dat?,2022
normal,Not from this campus. Are you in the library?,2021
normal,What not under standing.,2022
normal,Hey so whats the plan this sat? ,2023
normal,"If you're still up, maybe leave the credit card so I can get gas when I get back like he told me to",2022
normal,"Thanx. Yup we coming back on sun. Finish dinner going back 2 hotel now. Time flies, we're tog 4 exactly a mth today. Hope we'll haf many more mths to come...",2021
fraud,A link to your picture has been sent. You can also use http://alto18.co.uk/wave/wave.asp?o=44345,2024
normal,Thanks for your message. I really appreciate your sacrifice. I'm not sure of the process of direct pay but will find out on my way back from the test tomorrow. I'm in class now. Do have a wonderful day.,2021
normal,Ok good then i later come find ü... C lucky i told ü to go earlier... Later pple take finish ü no more again...,2022
normal,"Hey, can you tell me blake's address? Carlos wanted me to meet him there but I got lost and he's not answering his phone",2022
normal,"Sorry, I'll call later",2022
normal,I have had two more letters from . I will copy them for you cos one has a message for you. Speak soon,2021
normal,"Cant believe i said so many things to you this morning when all i really wanted to say was good morning, i love you! Have a beautiful morning. See you in the library later.",2023
normal,Kinda. First one gets in at twelve! Aah. Speak tomo,2022
normal,K. I will sent it again,2021
normal,Hope you are having a great day.,2023
normal,i felt so...not any conveying reason.. Ese he... What about me?,2022
fraud,Free entry in 2 a weekly comp for a chance to win an ipod. Txt POD to 80182 to get entry (std txt rate) T&C's apply 08452810073 for details 18+,2025
normal,"Good good, billy mates all gone. Just been jogging, again! Did enjoy concert?",2021
normal,Cps is causing the outages to conserve energy.,2022
normal,"Ya tel, wats ur problem..",2022
normal,K...k...yesterday i was in cbe .,2023
normal,"Love isn't a decision, it's a feeling. If we could decide who to love, then, life would be much simpler, but then less magical",2023
normal,"I can understand that. I get nervous before interviews, too.",2021
normal,Yes. Rent is very expensive so its the way we save.,2021
normal,When you came to hostel.,2023
normal,The new deus ex game comin early next yr,2023
normal,Do you like shaking your booty on the dance floor?,2022
normal,"Good evening Sir, Al Salam Wahleykkum.sharing a happy news.By the grace of God, i got an offer from Tayseer,TISSCO and i joined.Hope you are fine.Inshah Allah,meet you sometime.Rakhesh,visitor from India.",2023
normal,Get down in gandhipuram and walk to cross cut road. Right side &lt;#&gt; street road and turn at first right.,2023
normal,"Yo, you around? Just got my car back",2022
normal,Really good:)dhanush rocks once again:),2022
fraud,(Bank of Granite issues Strong-Buy) EXPLOSIVE PICK FOR OUR MEMBERS *****UP OVER 300% *********** Nasdaq Symbol CDGT That is a $5.00 per..,2025
normal,You are right. Meanwhile how's project twins comin up,2022
normal,I am in office:)whats the matter..msg me now.i will call you at break:).,2022
normal,Haha... Really oh no... How? Then will they deduct your lesson tmr?,2021
normal,I told that am coming on wednesday.,2023
normal,Dunno why you ask me.,2023
normal,I asked you to call him now ok.,2023
normal,"Well, I don’t think it is polite to ask people about their sexual orientation.",2023
normal,Raji..pls do me a favour. Pls convey my Birthday wishes to Nimya. Pls. Today is her birthday.,2023
normal,Aiyah then i wait lor. Then u entertain me. Hee...,2023
normal,How to Make a girl Happy? It's not at all difficult to make girls happy. U only need to be... 1. A friend 2. Companion 3. Lover 4. Chef . . .  &lt;#&gt; . Good listener  &lt;#&gt; . Organizer  &lt;#&gt; . Good boyfriend  &lt;#&gt; . Very clean  &lt;#&gt; . Sympathetic  &lt;#&gt; . Athletic  &lt;#&gt; . Warm . . .  &lt;#&gt; . Courageous  &lt;#&gt; . Determined  &lt;#&gt; . True  &lt;#&gt; . Dependable  &lt;#&gt; . Intelligent . . .  &lt;#&gt; . Psychologist  &lt;#&gt; . Pest exterminator  &lt;#&gt; . Psychiatrist  &lt;#&gt; . Healer . .  &lt;#&gt; . Stylist  &lt;#&gt; . Driver . . Aaniye pudunga venaam..,2022
normal,NOT ENUFCREDEIT TOCALL.SHALL ILEAVE UNI AT 6 +GET A BUS TO YOR HOUSE?,2023
normal,Jus finish watching tv... U?,2022
normal,And pls pls drink plenty plenty water,2023
normal,"Hmmm ... I thought we said 2 hours slave, not 3 ... You are late ... How should I punish you ?",2021
normal,I am on the way to tirupur.,2023
normal,"Aight, text me tonight and we'll see what's up",2023
normal,Hey gorgeous man. My work mobile number is. Have a good one babe. Squishy Mwahs.,2021
normal,"It's ok, at least armand's still around",2021
normal,I've got it down to a tea. not sure which flavour,2023
fraud,Hello friend I am speaking Vimal.i wanted your bank account number.  There was some work.,2024
normal,So your telling me I coulda been your real Valentine and I wasn't? U never pick me for NOTHING!!,2023
normal,"Yeah, I think so. So have you done your shopping for the Pooja?",2023
normal,Let me feel your pulse and see your tongue. I find nothing wrong with you. Only your tongue is a bit dirty.,2021
normal,The dog whose colour is white has become mad.,2021
normal,"I'm not coming over, do whatever you want",2023
normal,Are you happy baby ? Are you alright ? Did you take that job ? I hope your fine. I send you a kiss to make you smile from across the sea ... *kiss* *kiss*,2023
normal,"Aight, I'm chillin in a friend's room so text me when you're on the way",2022
fraud,Send a logo your lover - two names joined by a heart. Text LOVE NAME1 NAME2 MOBNO eg LOVE ADAM EVE 07123456789 to 87077 Yahoo! POBox36504W45WQ TxtNO 4 no ads 150p,2024
normal,Pick you up bout 7.30ish? What time are  and that going?,2021
normal,I lost 4 pounds since my doc visit last week woot woot! Now I'm gonna celebrate by stuffing my face!,2022
normal,"My planning usually stops at ""find hella weed, smoke hella weed""",2022
normal,Yes! Of course sir. I will make it in no time.,2022
normal,Ok i also wan 2 watch e 9 pm show...,2023
normal,"Yeah I should be able to, I'll text you when I'm ready to meet up",2022
normal,Lol ok ill try to send. Be warned Sprint is dead slow. You'll prolly get it tomorrow,2022
normal,Then ur physics get a-?,2022
normal,Hi ....My engagement has been fixd on  &lt;#&gt; th of next month. I know its really shocking bt....hmm njan vilikkam....t ws al of a sudn;-(.,2022
normal,Yup... How you noe leh...,2022
normal,Hey i will be late... i'm at amk. Need to drink tea or coffee,2021
normal,Sat right? Okay thanks... ,2023
normal,If u dun drive then how i go 2 sch.,2023
normal,"Why is that, princess? I bet the brothas are all chasing you!",2023
fraud,Do you want a New Nokia 3510i colour phone DeliveredTomorrow? With 300 free minutes to any mobile + 100 free texts + Free Camcorder reply or call 08000930705.,2023
fraud,Thanks 4 your continued support Your question this week will enter u in2 our draw 4 £100 cash. Name the NEW US President? txt ans to 80082,2025
normal,THANX 4 PUTTIN DA FONE DOWN ON ME!!,2021
fraud,"Shop till you Drop, IS IT YOU, either 10K, 5K, £500 Cash or £100 Travel voucher, Call now, 09064011000. NTT PO Box CR01327BT fixedline Cost 150ppm mobile vary",2025
normal,"Yes, metro is the best option for students.",2022
normal,I had askd u a question some hours before. Its answer,2022
normal,Yeah I don't see why not,2022
normal,Never blame a day in ur life. Good days give u happiness. Bad days give u experience. Both are essential in life! All are Gods blessings! good morning.:,2022
fraud,Don't b floppy... b snappy & happy! Only gay chat service with photo upload call 08718730666 (10p/min). 2 stop our texts call 08712460324,2023
normal,What you doing?how are you?,2023
normal,Sorry. You never hear unless you book it. One was kinda a joke--thet were really looking for skinny white girls. The other was one line--you can only do so much on camera with that. Something like that they're casting on the look.,2021
normal,We are supposed to meet to discuss abt our trip... Thought xuhui told you? In the afternoon. Thought we can go for lesson after that,2023
normal,"I agree, and speaking personally, people like Ted and Jack sure have the right to be happy.",2023
normal,You in your room? I need a few,2022
fraud,FREE for 1st week! No1 Nokia tone for your mobile every week just text NOKIA to 8007 Get txting and tell your mates www.getzed.co.uk POBox 36504 W45WQ norm150p/tone 16+,2021
fraud,lyricalladie(21/F) is inviting you to be her friend. Reply YES-910 or NO-910. See her: www.SMS.ac/u/hmmross STOP? Send STOP FRND to 62468,2025
normal,So what do you guys do.,2023
normal,"K, I'll work something out",2021
normal,Ok thanx...,2021
normal,Hey u still at the gym?,2022
normal,Lol no ouch but wish i'd stayed out a bit longer,2022
normal,"Carlos is down but I have to pick it up from him, so I'll swing by usf in a little bit",2023
normal,She is growing more and more like his father.,2021
normal,Huh so early.. Then you having dinner outside izzit?,2021
normal,This is the house that I told you about.,2021
normal,"What i mean was i left too early to check, cos i'm working a 9-6.",2023
normal,"We have sent JD for Customer Service cum Accounts Executive to ur mail id, For details contact us",2022
normal,Mum say we wan to go then go... Then she can shun bian watch da glass exhibition... ,2021
normal,Me too! Have a lovely night xxx,2022
normal,I think just yourself …Thanks and see you tomo,2023
normal,Ya even those cookies have jelly on them,2022
normal,I WILL CAL YOU SIR. In meeting,2021
normal,"Good afternoon sunshine! How dawns that day ? Are we refreshed and happy to be alive? Do we breathe in the air and smile ? I think of you, my love ... As always",2021
fraud,"URGENT! Your Mobile No 07808726822 was awarded a £2,000 Bonus Caller Prize on 02/09/03! This is our 2nd attempt to contact YOU! Call 0871-872-9758 BOX95QU",2023
normal,You are quite right. Success in life depends on the right choice of career.,2022
normal,These fruits are delicious to eat.,2021
normal,"(I should add that I don't really care and if you can't I can at least get this dude to fuck off but hey, your money if you want it)",2023
normal,Whens your radio show?,2021
normal,Some of them told accenture is not confirm. Is it true.,2022
normal,Where are you?.,2021
normal,make that 3! 4 fucks sake?! x,2023
normal,I can make lasagna for you... vodka...,2022
normal,"No, not this one. Can we get a table by the window, please?",2022
normal,Nice.nice.how is it working?,2022
normal,Are you driving or training?,2021
normal,K.i did't see you.:)k:)where are you now?,2022
normal,Its ok my arm is feeling weak cuz i got a shot so we can go another time,2021
normal,"Haha better late than ever, any way I could swing by?",2023
normal,Auntie huai juan never pick up her phone,2023
normal,You'd like that wouldn't you? Jerk!,2022
normal,"Do 1 thing! Change that sentence into: ""Because i want 2 concentrate in my educational career im leaving here..""",2021
normal,Come aftr  &lt;DECIMAL&gt; ..now i m cleaning the house,2021
normal,Aiyo please ü got time meh.,2023
normal,"Feb  &lt;#&gt;  is ""I LOVE U"" day. Send dis to all ur ""VALUED FRNDS"" evn me. If 3 comes back u'll gt married d person u luv! If u ignore dis u will lose ur luv 4 Evr",2023
normal,Then anything special?,2022
normal,Hiya. How was last night? I've been naughty and bought myself clothes and very little ... Ready for more shopping tho! What kind of time do you wanna meet?,2023
normal,You all ready for * big day tomorrow?,2022
normal,I uploaded mine to Facebook,2023
normal,So how are you really. What are you up to. How's the masters. And so on.,2023
fraud,Dear 0776xxxxxxx U've been invited to XCHAT. This is our final attempt to contact u! Txt CHAT to 86688 150p/MsgrcvdHG/Suite342/2Lands/Row/W1J6HL LDN 18yrs ,2021
normal,Going for dinner. msg you after.,2021
normal,Wat happened to the cruise thing,2021
normal,Ok no prob...,2022
normal,"Good afternoon on this glorious anniversary day, my sweet J !! I hope this finds you happy and content, my Prey. I think of you and send a teasing kiss from across the sea coaxing images of fond souveniers ... You Cougar-Pen",2023
normal,Lovely smell on this bus and it ain't tobacco... ,2023
normal,I think the other two still need to get cash but we can def be ready by 9,2022
normal,"Yes, it is available. ",2023
normal,I dont know what to do to come out of this so only am ask questions like this dont mistake me.,2022
normal,This girl does not stay in bed. This girl doesn't need recovery time. I would rather pass out while having fun then be cooped up in bed,2023
normal,Sounds like a plan! Cardiff is still here and still cold! I'm sitting on the radiator!,2021
normal,Ha... Both of us doing e same thing. But i got tv 2 watch. U can thk of where 2 go tonight or u already haf smth in mind...,2021
fraud,URGENT! We are trying to contact U. Todays draw shows that you have won a £800 prize GUARANTEED. Call 09050003091 from land line. Claim C52. Valid 12hrs only,2023
normal,As per your request 'Maangalyam (Alaipayuthe)' has been set as your callertune for all Callers. Press *9 to copy your friends Callertune,2021
normal,I need to come home and give you some good lovin...,2021
normal,If he started searching he will get job in few days.he have great potential and talent.,2023
normal,"7 wonders in My WORLD 7th You 6th Ur style 5th Ur smile 4th Ur Personality 3rd Ur Nature 2nd Ur SMS and 1st ""Ur Lovely Friendship""... good morning dear",2022
normal,"Almost there, see you in a second.",2021
fraud,You are awarded a SiPix Digital Camera! call 09061221061 from landline. Delivery within 28days. T Cs Box177. M221BP. 2yr warranty. 150ppm. 16 . p p£3.99,2021
normal, what number do u live at? Is it 11?,2023
normal,In other news after hassling me to get him weed for a week andres has no money. HAUGHAIGHGTUJHYGUJ,2021
normal,"Y cant u try new invention to fly..i'm not joking.,",2022
normal,How are you. Just checking up on you,2023
normal,No problem. We will be spending a lot of quality time together...,2023
normal,Is ur lecture over?,2022
normal,Yes:)here tv is always available in work place..,2021
normal,Me too baby! I promise to treat you well! I bet you will take good care of me...,2022
normal,Happy New year my dear brother. I really do miss you. Just got your number and decided to send you this text wishing you only happiness. Abiola,2022
normal,At the funeral home with Audrey and dad,2023
normal,Hi here. have birth at on the  to  at 8lb 7oz. Mother and baby doing brilliantly.,2023
normal,Ü go home liao? Ask dad to pick me up at 6...,2022
normal,Yup ok...,2021
normal,Get ready to put on your excellent sub face :),2021
normal,"U so lousy, run already come back then half dead... Hee...",2023
normal,Yo we are watching a movie on netflix,2022
normal,"Yep, at derek's house now, see you Sunday &lt;3",2022
normal,I will see in half an hour,2022
normal,U sleeping now.. Or you going to take? Haha.. I got spys wat.. Me online checking n replying mails lor..,2022
normal,You need to get up. Now.,2021
normal,"Imagine you finally get to sink into that bath after I have put you through your paces, maybe even having you eat me for a while before I left ... But also imagine the feel of that cage on your cock surrounded by the bath water, reminding you always who owns you ... Enjoy, my cuck",2023
normal,Yes sure.,2022
normal,Or maybe my fate fingers just press all these buttons and it doesn't know what to do.,2023
normal,Oh k. . I will come tomorrow,2023
normal,Mm i had my food da from out,2021
fraud,"URGENT! Your Mobile No was awarded a £2,000 Bonus Caller Prize on 1/08/03! This is our 2nd attempt to contact YOU! Call 0871-4719-523 BOX95QU BT National Rate",2023
normal,I AM AT THE GAS STATION. GO THERE.,2021
normal,So is there anything specific I should be doing with regards to jaklin or what because idk what the fuck,2023
normal,how tall are you princess?,2022
normal,What are YOU thinking of?,2022
normal,It's ok lar. U sleep early too... Nite...,2023
normal,HCL chennai requires FRESHERS for voice process.Excellent english needed.Salary upto  &lt;#&gt; .Call Ms.Suman  &lt;#&gt;  for Telephonic interview -via Indyarocks.com,2021
normal,You call times job today ok umma and ask them to speed up,2023
normal,"FRAN I DECIDED 2 GO N E WAY IM COMPLETELY BROKE AN KNACKERED I GOT UP BOUT 3 C U 2MRW LOVE JANX P.S THIS IS MY DADS FONE, -NO CREDIT",2023
normal,Match started.india  &lt;#&gt;  for 2,2021
normal,No problem. I will send to your email.,2021
normal,Yes. that will be fine. Love you. Be safe.,2021
fraud,You have 1 new message. Please call 08712400200.,2025
normal,Okie...,2022
normal,"Do one thing! Change that sentence into: ""Because i want to concentrate in my educational career i am leaving here..""",2023
normal,Oh :-)only 4 outside players allowed to play know,2021
normal,I knew it... U slept v late yest? Wake up so late...,2022
normal,Appt is at &lt;TIME&gt; am. Not my fault you don't listen. I told you twice,2023
fraud,to continue cloud service please provide credit card number.,2023
normal,"Im in inperialmusic listening2the weirdest track ever by”leafcutter john”-sounds like insects being molested&someone plumbing,remixed by evil men on acid!",2021
normal,"Rose for red,red for blood,blood for heart,heart for u. But u for me.... Send tis to all ur friends.. Including me.. If u like me.. If u get back, 1-u r poor in relation! 2-u need some 1 to support 3-u r frnd 2 many 4-some1 luvs u 5+- some1 is praying god to marry u.:-) try it....",2022
normal,How do you guys go to see movies on your side.,2021
normal,Tmr timin still da same wat cos i got lesson until 6...,2022
normal,Wrong phone! This phone! I answer this one but assume the other is people i don't well,2021
fraud,URGENT This is our 2nd attempt to contact U. Your £900 prize from YESTERDAY is still awaiting collection. To claim CALL NOW 09061702893,2025
normal,K...k:)why cant you come here and search job:),2023
normal,Ok . . now i am in bus. . If i come soon i will come otherwise tomorrow,2023
fraud,Valentines Day Special! Win over £1000 in our quiz and take your partner on the trip of a lifetime! Send GO to 83600 now. 150p/msg rcvd. CustCare:08718720201,2021
normal,Can i meet ü at 5.. As 4 where depends on where ü wan 2 in lor..,2022
normal,Were trying to find a Chinese food place around here,2023
normal,K:)k..its good:)when are you going?,2021
normal,Honestly i've just made a lovely cup of tea and promptly dropped my keys in it and then burnt my fingers getting them out!,2021
normal,Yunny... I'm goin to be late,2022
normal,Have a good trip. Watch out for . Remember when you get back we must decide about easter.,2022
normal,Sorry da. I gone mad so many pending works what to do.,2022
normal,"Just so that you know, ram hasn't sent money yet. I just sent her a text not to bother sending. So its over, you dont have to involve yourself in anything. I shouldn't have imposed anything on you in the first place so for that, i apologise.",2021
normal,And you! Will expect you whenever you text! Hope all goes well tomo ,2022
fraud,"Urgent! call 09066350750 from your landline. Your complimentary 4* Ibiza Holiday or 10,000 cash await collection SAE T&Cs PO BOX 434 SK3 8WP 150 ppm 18+",2024
normal,I have no magazine to read.,2023
normal,Beerage?,2022
normal,My sis is catching e show in e afternoon so i'm not watching w her. So c u wan 2 watch today or tmr lor.,2021
normal,"Aight that'll work, thanks",2021
normal,"Friendship is not a game to play, It is not a word to say, It doesn\'t start on March and ends on May, It is tomorrow, yesterday, today",2022
normal,"Short But Cute: ""Be a good person, but dont try to prove it.."" .Gud noon....",2022
normal,All was well untill slightly disastrous class this pm with my favorite darlings! Hope day off ok. Coffee would be good as can't stay late tomorrow. Same time + place as always?,2021
normal,"K I'll head out in a few mins, see you there",2021
normal,Doc prescribed me morphine cause the other pain meds aren't enough. Waiting for my mom to bring it. That med should kick in fast so I'm gonna try to be on later,2021
normal,I'm putting it on now. It should be ready for  &lt;TIME&gt; ,2021
normal,Ok i vl..do u know i got adsense approved..,2023
normal,"Well i am definitely need to restock before thanksgiving, I'll let you know when I'm out",2021
normal,"Yup, leaving right now, be back soon",2023
normal,Hi did u decide wot 2 get 4 his bday if not ill prob jus get him a voucher frm virgin or sumfing ,2023
normal,Dunno lei... I might b eatin wif my frens... If ü wan to eat then i wait 4 ü lar,2023
normal,You do got a shitload of diamonds though,2021
fraud,FREE MSG:We billed your mobile number by mistake from shortcode 83332.Please call 08081263000 to have charges refunded.This call will be free from a BT landline,2025
normal,Just woke up. Yeesh its late. But I didn't fall asleep til &lt;#&gt; am :/,2023
normal,All day working day:)except saturday and sunday..,2021
fraud,Bloomberg -Message center +447797706009 Why wait? Apply for your future http://careers. bloomberg.com,2024
normal,Talk to g and x about that,2021
normal,We don call like  &lt;#&gt;  times oh. No give us hypertension oh.,2023
normal,"Aight, call me once you're close",2023
normal,Hey anyway i have to :-),2023
normal,Lucy and Patrick talk about same sex marriage.,2021
normal,Shall i get my pouch?,2023
normal,Jus ans me lar. U'll noe later.,2022
normal,I showed him which button to press.,2023
normal,Hey whats up? U sleeping all morning?,2023
fraud,Moby Pub Quiz.Win a £100 High Street prize if u know who the new Duchess of Cornwall will be? Txt her first name to 82277.unsub STOP £1.50 008704050406 SP Arrow,2025
normal,"And very importantly, all we discuss is between u and i only.",2023
normal,Lol you won't feel bad when I use her money to take you out to a steak dinner.,2023
normal,"There are many types of frauds, blackmailing and threats being done through the phones and internet.",2023
fraud,"Do you ever notice that when you're driving, anyone going slower than you is an idiot and everyone driving faster than you is a maniac?",2023
normal,it's really getting me down just hanging around.,2022
normal,seven at esplanade.. Do ü mind giving me a lift cos i got no car today..,2022
normal,ARR birthday today:) i wish him to get more oscar.,2022
normal,Okay. Show me those black ones.,2023
normal,Hey what's up charles sorry about the late reply.,2023
normal,Anything lor is she coming?,2023
normal,Huh but i cant go 2 ur house empty handed right?,2023
normal,Leave it de. Start Prepare for next.,2023
normal,Yes I started to send requests to make it but pain came back so I'm back in bed. Double coins at the factory too. I gotta cash in all my nitros.,2021
fraud,You available now? I'm like right around hillsborough &amp;  &lt;#&gt; th,2022
normal,I got a call from a landline number. . . I am asked to come to anna nagar . . . I will go in the afternoon,2023
normal,Dwarka sector 6.,2023
normal,You are a big chic. Common. Declare,2022
normal,Mm you ask him to come its enough :-),2023
normal,I agree. I have got a special tailored suit for the same. I need to feel comfortable while speaking! Uncomfortable clothing makes me fidgety and nervous.,2022
normal,And he's apparently bffs with carly quick now,2023
normal,"The last thing i ever wanted to do was hurt you. And i didn't think it would have. You'd laugh, be embarassed, delete the tag and keep going. But as far as i knew, it wasn't even up. The fact that you even felt like i would do it to hurt you shows you really don't know me at all. It was messy wednesday, but it wasn't bad. The problem i have with it is you HAVE the time to clean it, but you choose not to. You skype, you take pictures, you sleep, you want to go out. I don't mind a few things here and there, but when you don't make the bed, when you throw laundry on top of it, when i can't have a friend in the house because i'm embarassed that there's underwear and bras strewn on the bed, pillows on the floor, that's something else. You used to be good about at least making the bed.",2021
normal,Hey. You got any mail?,2021
fraud,"Download as many ringtones as u like no restrictions, 1000s 2 choose. U can even send 2 yr buddys. Txt Sir to 80082 £3 ",2022
normal,I am in escape theatre now. . Going to watch KAVALAN in a few minutes,2022
fraud,No 1 POLYPHONIC tone 4 ur mob every week! Just txt PT2 to 87575. 1st Tone FREE ! so get txtin now and tell ur friends. 150p/tone. 16 reply HL 4info,2022
normal,I'm at home. Please call,2022
normal,No management puzzeles.,2023
normal,I'm reaching home in 5 min.,2022
normal,you don't need to pick your girlfriend?,2021
normal,"Actually, my mobile is full of msg. And i m doing a work online, where i need to send them  &lt;#&gt;  sent msg i wil explain u later.",2021
normal,"Oh yes, why is it like torture watching england?",2022
normal,Go chase after her and run her over while she's crossing the street,2022
normal,I wait 4 ü inside da car park...,2021
normal,Every soldier and every sailor was in his place.,2021
normal,"My life Means a lot to me, Not because I love my life, But because I love the people in my life, The world calls them friends, I call them my World:-).. Ge:-)..",2021
normal,Goin to workout lor... Muz lose e fats... ,2022
normal,"Oh … I have a family gathering in the evening. Why, what did you have in mind?",2023
normal,Oh k.k..where did you take test?,2021
normal,"Yo my trip got postponed, you still stocked up?",2023
normal,"Hmm... Dunno leh, mayb a bag 4 goigng out dat is not too small. Or jus anything except perfume, smth dat i can keep.",2023
normal,"Sure sir, I will guide you for that. Go to your settings, select network, and select 3G if you’ve chosen 4G because your sim is not supporting 4G. That’s why you are facing problems while calling.",2021
fraud,"Dear Matthew please call 09063440451 from a landline, your complimentary 4*Lux Tenerife holiday or £1000 CASH await collection.",2022
fraud,This is the 2nd time we have tried to contact u. U have won the £1450 prize to claim just call 09053750005 b4 310303. T&Cs/stop SMS 08718725756. 140ppm,2025
normal,LOOK AT THE FUCKIN TIME. WHAT THE FUCK YOU THINK IS UP,2022
normal,Stupid auto correct on my phone,2022
normal,I take it the post has come then! You must have 1000s of texts now! Happy reading. My one from wiv hello caroline at the end is my favourite. Bless him,2023
normal,At the same time newspapers contains articles related to our study. They are very helpful.,2023
normal,"Omw back to tampa from west palm, you hear what happened?",2023
fraud,Show ur colours! Euro 2004 2-4-1 Offer! Get an England Flag & 3Lions tone on ur phone! Click on the following service message for info!,2025
normal,Have you always been saying welp?,2022
normal,So lets make it saturday or monday as per convenience.,2021
fraud,"Hello, I am from Maharashtra Police.  Your account number has been hacked.  Please share your account number with me",2021
normal,Sure sir. You can also get your monthly pass made for just Rs. 200 through which you can travel free for a month.,2022
normal,Hello. Damn this christmas thing. I think i have decided to keep this mp3 that doesnt work.,2021
normal,"Sorry, I'll call later",2022
normal,"Mum, i've sent you many many messages since i got here. I just want to know that you are actually getting them. Do enjoy the rest of your day.",2022
normal,Cuz ibored. And don wanna study,2021
normal,Then cant get da laptop? My matric card wif ü lei... ,2022
normal,No no. I will check all rooms befor activities,2021
normal,I'm wif him now buying tix lar...,2021
normal,"Edison has rightly said, ""A fool can ask more questions than a wise man can answer"" Now you know why all of us are speechless during ViVa.. GM,GN,GE,GNT:-)",2021
normal,"Yes, here I am. Give me a ticket, please.",2021
normal,I'm glad. You are following your dreams.,2021
normal,I reach home safe n sound liao...,2022
fraud,"URGENT! Your mobile No *********** WON a £2,000 Bonus Caller Prize on 02/06/03! This is the 2nd attempt to reach YOU! Call 09066362220.",2024
normal,Ultimately tor motive tui achieve korli.,2021
normal,Yup ok...,2021
normal,"K I'm leaving soon, be there a little after 9",2022
normal,Super msg da:)nalla timing.,2022
normal,"Alright we'll bring it to you, see you in like  &lt;#&gt;  mins",2022
normal,Hello. They are going to the village pub at 8 so either come here or there accordingly. Ok?,2021
normal,We have pizza if u want,2022
normal,Can you do a mag meeting this avo at some point?,2023
normal,I am going to sleep. I am tired of travel.,2022
normal,Its a part of checking IQ,2021
normal,"Honey ? Sweetheart ? Darling ? Sexy buns ? Sugar plum ? Loverboy ? I miss you, boytoy ... *smacks your ass* Did you go to the gym too ?",2022
normal,Sary just need Tim in the bollox &it hurt him a lot so he tol me!,2021
normal,That is the lady that I told you about.,2021
normal,"There'll be a minor shindig at my place later tonight, you interested?",2023
normal,He telling not to tell any one. If so treat for me hi hi hi,2023
normal,Could you please confirm me your mobile number?,2022
normal,I am joining today formally.Pls keep praying.will talk later.,2021
normal,"Say this slowly.? GOD,I LOVE YOU &amp; I NEED YOU,CLEAN MY HEART WITH YOUR BLOOD.Send this to Ten special people &amp; u c miracle tomorrow, do it,pls,pls do it...",2021
fraud,PRIVATE! Your 2004 Account Statement for 07742676969 shows 786 unredeemed Bonus Points. To claim call 08719180248 Identifier Code: 45239 Expires,2021
normal,"sorry, no, have got few things to do. may be in public later.",2023
normal,What precisely do we need to present?,2021
normal,Yar lor... How u noe? U used dat route too?,2022
normal,No i am not having not any movies in my laptop,2021
fraud,Great News! Call FREEFONE 08006344447 to claim your guaranteed £1000 CASH or £2000 gift. Speak to a live operator NOW!,2022
normal,Buzzzz! *grins* Did I buzz your ass? Buzz your chest ? Buzz your cock ? Where do you keep your phone ? Is the vibrator on ? Did you feel it shake ?,2021
normal,Jus finish blowing my hair. U finish dinner already?,2022
normal,Ard 530 like dat lor. We juz meet in mrt station then ü dun haf to come out.,2022
fraud,Camera - You are awarded a SiPix Digital Camera! call 09061221066 fromm landline. Delivery within 28 days,2024
normal,If you sending her home first it's ok lor. I'm not ready yet.,2022
normal,"I know dat feelin had it with Pete! Wuld get with em , nuther place nuther time mayb?",2022
normal,I'm fine. Hope you are also,2021
fraud,"Hello sir , i am from corporation bank.",2022
normal,"Sure, if I get an acknowledgement from you that it's astoundingly tactless and generally faggy to demand a blood oath fo",2021
normal,"Night sweet, sleep well! I've just been to see The Exorcism of Emily Rose and may never sleep again! Hugs and snogs! ",2023
normal,All will come alive.better correct any good looking figure there itself..,2022
normal,Thanks. Here is your payment.,2021
normal,So that means you still think of teju,2021
normal,Can come my room but cannot come my house cos my house still messy... Haha...,2023
normal,Honey boo I'm missing u.,2021
normal,They who don’t read newspaper remain frogs of the well. Because they don’t know the current affairs of the country and world.,2022
normal,come when you are free.,2021
normal,So there's a ring that comes with the guys costumes. It's there so they can gift their future yowifes. Hint hint,2021
normal,So when do you wanna gym?,2021
normal,"fyi I'm at usf now, swing by the room whenever",2022
normal,Dear good morning how you feeling dear,2023
normal,Can't. I feel nauseous. I'm so pissed. I didn't eat any sweets all week cause today I was planning to pig out. I was dieting all week. And now I'm not hungry :/,2022
normal,Does that cause prob for you?,2022
normal,No need lar i go engin? Cos my sis at arts today...,2023
normal,Ill be at yours in about 3 mins but look out for me,2021
normal,Can help u swoop by picking u up from wherever ur other birds r meeting if u want.,2023
normal,I went to project centre,2021
normal,I wanted to ask ü to wait 4 me to finish lect. because my lecture finishes in an hour anyway.,2023
normal,I ain't answerin no phone at what is actually a pretty reasonable hour but I'm sleepy,2021
normal,I am on the way to ur home,2021
normal,Would me smoking you out help us work through this difficult time,2022
normal,I don't think he has spatula hands!,2022
normal,"Watching cartoon, listening music &amp; at eve had to go temple &amp; church.. What about u?",2023
normal,Nvm take ur time.,2023
normal,U coming back 4 dinner rite? Dad ask me so i re confirm wif u...,2023
normal,"Response is one of d powerful weapon 2 occupy a place in others 'HEART'... So, always give response 2 who cares 4 U""... Gud night..swt dreams..take care",2022
normal,Got it. Seventeen pounds for seven hundred ml – hope ok.,2021
normal,He remains a bro amongst bros,2022
normal,Nothing. Can...,2021
normal,Ok lor wat time ü finish?,2023
normal,HI DARLIN IM MISSIN U HOPE YOU ARE HAVING A GOOD TIME. WHEN ARE U BACK AND WHAT TIME IF U CAN GIVE ME A CALL AT HOME. JESS XX,2023
normal,What's up my own oga. Left my phone at home and just saw ur messages. Hope you are good. Have a great weekend.,2021
normal,"I think I‘m waiting for the same bus! Inform me when you get there, if you ever get there.",2023
normal,Tell me again what your address is,2022
normal,Take care and sleep well.you need to learn to change in life.you only need to get CONVINCED on that.i will wait but no more conversations between us.GET CONVINCED by that time.Your family is over for you in many senses.respect them but not overemphasise.or u have no role in my life.,2021
normal,"Sir, the MRP is INR 33,000. But we have a special discount and we are selling this for INR 29,000.",2021
normal,"Not yet chikku..going to room nw, i'm in bus..",2021
normal,twenty past five he said will this train have been to durham already or not coz i am in a reserved seat,2021
normal,For my family happiness..,2021
normal,So u workin overtime nigpun?,2022
normal,R u sure they'll understand that! Wine * good idea just had a slurp!,2022
normal,Where are you call me.,2023
normal,"Since when, which side, any fever, any vomitin.",2022
normal,Jus came back fr lunch wif my sis only. U leh?,2021
normal,every man and every woman has his own  fascination.,2021
normal,I'm awake oh. What's up.,2021
normal,either way works for me. I am  &lt;#&gt;  years old. Hope that doesnt bother you.,2023
normal,Dont put your phone on silent mode ok,2021
normal,Once free call me sir. I am waiting for you.,2022
normal,"Yes, did the ticket come out?",2021
normal,May b approve panalam...but it should have more posts..,2023
normal,"Haha figures, well I found the piece and priscilla's bowl",2023
normal,Thx. All will be well in a few months,2021
normal,"Plz note: if anyone calling from a mobile Co. &amp; asks u to type # &lt;#&gt;  or # &lt;#&gt; . Do not do so. Disconnect the call,coz it iz an attempt of 'terrorist' to make use of the sim card no. Itz confirmd by nokia n motorola n has been verified by CNN IBN.",2021
normal,Ya but it cant display internal subs so i gotta extract them,2021
normal,Ya that one is slow as poo,2022
normal,Are you still getting the goods.,2022
normal,"I will call you tommarow at ninish, with my address that icky American freek won't stop callin me to bad Jen k eh?",2021
normal,Here got lots of hair dresser fr china.,2022
normal,We are okay. Going to sleep now. Later,2022
normal,Daddy will take good care of you :),2023
fraud,"our mobile number has won £5000, to claim calls us back or ring the claims hot line on 09050005321.",2021
normal,"Any fraudulent act or deception on social media, internet, mobile phones etc all are cybercrimes.",2023
normal,I was just callin to say hi. Take care bruv!,2022
normal,"… we r stayin here an extra week, back next wed. How did we do in the rugby this weekend? Hi to and and , c u soon """,2022
normal,"Sorry, I guess whenever I can get a hold of my connections, maybe an hour or two? I'll text you",2022
normal,Stupid.its not possible,2022
normal,Why? What’s happened?,2022
fraud,Double your mins & txts on Orange or 1/2 price linerental - Motorola and SonyEricsson with B/Tooth FREE-Nokia FREE Call MobileUpd8 on 08000839402 or2optout/HV9D,2022
normal,"OK, text me when you're on the way",2022
normal,Lol! Nah wasn't too bad thanks. Its good to b home but its been quite a reality check. Hows ur day been? Did u do anything with website?,2023
normal,Could you please guide me?,2023
normal,"Don’t forget to learn about the company as much as possible. If you have a basic idea of what the company does, what its core domain is, and what its structure is like, then it will create a very positive impression on the interviewer. Do solid research.",2021
normal,No. I dont want to hear anything,2022
normal,Hows the pain dear?y r u smiling?,2023
normal,Wherre's my boytoy ? :-(,2022
normal,It is easy to find faults with others.,2022
normal,"You aren't coming home between class, right? I need to work out and shower!",2023
normal,Hey happy birthday...,2021
normal,I have many dependents,2021
normal,I dont have that much image in class.,2023
normal,Hi. || Do u want | to join me with sts later? || Meeting them at five. || Call u after class.,2022
normal,Thanks a lot for your wishes on my birthday. Thanks you for making my birthday truly memorable.,2022
normal,Imagine Life WITHOUT ME... see.. How fast u are searching me?Don't worry.. l'm always there To disturb U.. Goodnoon..:),2022
normal,No message..no responce..what happend?,2021
normal,Anything lor. Juz both of us lor.,2021
normal,I will be outside office take all from there,2021
normal,Oi. Ami parchi na re. Kicchu kaaj korte iccha korche na. Phone ta tul na. Plz. Plz.,2022
normal,Oh Howda gud gud.. Mathe en samachara chikku:-),2023
normal,You lifted my hopes with the offer of money. I am in need. Especially when the end of the month approaches and it hurts my studying. Anyways have a great weekend,2022
normal,"I do know what u mean,  is the king of not havin credit! I'm goin2bed now. Night night sweet! Only1more sleep! ",2023
normal,Forgot to tell ü smth.. Can ü like number the sections so that it's clearer..,2021
normal,"Wishing you and your family Merry ""X"" mas and HAPPY NEW Year in advance..",2022
normal,What you did in  leave.,2023
normal,"Wait, do you know if wesleys in town? I bet she does hella drugs!",2021
normal,Ü mean it's confirmed... I tot they juz say oni... Ok then... ,2021
normal,"Shit that is really shocking and scary, can not imagine for a second. Define up for night out. Do you think there is somewhere i could crash for night, save on taxi?",2021
normal,;-) ok. I feel like john lennon.,2021
normal,Good morning princess! Have a great day!,2021
normal,I am not having her number sir,2021
normal,"Hmm, too many of them unfortunately... Pics obviously arent hot cakes. Its kinda fun tho",2023
normal,Rofl. Its true to its name,2023
normal,"Did he say how fantastic I am by any chance, or anything need a bigger life lift as losing the will 2 live, do you think I would be the first person 2 die from N V Q? ",2023
normal,Am surfing online store. For offers do you want to buy any thing.,2023
normal,"YEH I AM DEF UP4 SOMETHING SAT,JUST GOT PAYED2DAY & I HAVBEEN GIVEN A£50 PAY RISE 4MY WORK & HAVEBEEN MADE PRESCHOOLCO-ORDINATOR 2I AM FEELINGOOD LUV",2021
normal,Did you try making another butt.,2023
normal,Do you mind if I ask what happened? You don't have to say if it is uncomfortable.,2022
normal,Really? I crashed out cuddled on my sofa.,2023
normal,Ok lor... Sony ericsson salesman... I ask shuhui then she say quite gd 2 use so i considering...,2022
normal,"Kind of. Just missed train cos of asthma attack, nxt one in half hr so driving in. not sure where to park.",2021
fraud,Do you want a New Nokia 3510i Colour Phone Delivered Tomorrow? With 200 FREE minutes to any mobile + 100 FREE text + FREE camcorder Reply or Call 8000930705,2021
normal,"Superb Thought- ""Be grateful that you dont have everything you want. That means you still have an opportunity to be happier tomorrow than you are today."":-)",2021
normal,"Solve d Case : A Man Was Found Murdered On  &lt;DECIMAL&gt; . &lt;#&gt;  AfterNoon. 1,His wife called Police. 2,Police questioned everyone. 3,Wife: Sir,I was sleeping, when the murder took place. 4.Cook: I was cooking. 5.Gardener: I was picking vegetables. 6.House-Maid: I went 2 d post office. 7.Children: We went 2 play. 8.Neighbour: We went 2 a marriage. Police arrested d murderer Immediately. Who's It? Reply With Reason, If U r Brilliant.",2021
normal,Here got ur favorite oyster... N got my favorite sashimi... Ok lar i dun say already... Wait ur stomach start rumbling...,2021
normal,"Yeah work is fine, started last week, all the same stuff as before, dull but easy and guys are fun!",2023
normal,"I got another job! The one at the hospital doing data analysis or something, starts on monday! Not sure when my thesis will got finished",2021
normal,I've sent ü my part..,2022
normal,Finally the match heading towards draw as your prediction.,2023
normal,U should make a fb list,2022
fraud,Had your mobile 11mths ? Update for FREE to Oranges latest colour camera mobiles & unlimited weekend calls. Call Mobile 08000839402,2023
normal,Meet after lunch la...,2023
normal,Please leave this topic..sorry for telling that..,2021
normal,Hello! Actually my phone is acting up since yesterday morning.,2021
normal,I'm not driving... Raining! Then i'll get caught at e mrt station lor.,2021
fraud,"Hi babe its Jordan, how r u? Im home from abroad and lonely, text me back if u wanna chat xxSP visionsms.com Text stop to stopCost 150p 08712400603",2022
fraud,"Double mins and txts 4 6months FREE Bluetooth on Orange. Available on Sony, Nokia Motorola phones. Call MobileUpd8 on 08000839402 or call2optout/N9DX",2023
fraud,"1000's flirting NOW! Txt GIRL or BLOKE & ur NAME & AGE, eg GIRL ZOE 18 to 8007 to join and get chatting!",2024
normal,if you aren't here in the next  &lt;#&gt;  hours imma flip my shit,2021
normal,It is uncertain that she will come.,2022
fraud,December only! Had your mobile 11mths+? You are entitled to update to the latest colour camera mobile for Free! Call The Mobile Update Co FREE on 08002986906,2021
normal,Mm yes dear look how i am hugging you both. :-P,2022
normal,"Living is very simple.. Loving is also simple.. Laughing is too simple.. Winning is tooo simple.. But, Being 'SIMPLE' is very difficult...;-) :-)",2021
normal,Then she buying today? Ü no need to c meh...,2021
normal,Miserable. They don't tell u that the side effects of birth control are massive gut wrenching cramps for the first 2 months. I didn't sleep at all last night.,2023
normal,MY NEW YEARS EVE WAS OK. I WENT TO A PARTY WITH MY BOYFRIEND. WHO IS THIS SI THEN HEY,2021
normal,"You may take it without any worry. Even if any problem, please contact us. Here is our visiting card.",2021
normal,Pls come quick cant bare this.,2022
fraud,PRIVATE! Your 2003 Account Statement for 07808247860 shows 800 un-redeemed S. I. M. points. Call 08719899229 Identifier Code: 40411 Expires 06/11/04,2021
normal,Don't look back at the building because you have no coat and i don't want you to get more sick. Just hurry home and wear a coat to the gym!!!,2022
normal,Yup,2021
normal,Ummma.will call after check in.our life will begin from qatar so please pray very hard.,2021
normal,You still coming tonight?,2022
fraud,18 days to Euro2004 kickoff! you will be kept informed of all the latest news and results daily. Unsubscribe send GET EURO STOP to 83222.,2021
normal,"Whats that coming over the hill..... Is it a monster! Hope you have a great day. Things r going fine here, busy though! ",2022
normal,She's fine. Good to hear from you. How are you my dear? Happy new year oh.,2022
normal,"I hail from Chandigarh, where my family lives.",2021
normal,Then i buy.,2023
normal,Hi dear we saw dear. We both are happy. Where you my battery is low,2022
normal,"I need an 8th but I'm off campus atm, could I pick up in an hour or two?",2021
normal,… and don‘t worry we‘ll have finished by march … ish!,2021
normal,No other Valentines huh? The proof is on your fb page. Ugh I'm so glad I really DIDN'T watch your rupaul show you TOOL!,2021
normal,Finished class where are you.,2021
normal,I ask if u meeting da ge tmr nite...,2021
normal,How are you doing? Hope you've settled in for the new school year. Just wishin you a gr8 day,2023
normal,I've told him that i've returned it. That should i re order it.,2022
normal,Ranjith cal drpd Deeraj and deepak five min hold.,2021
normal,Ü come lt 25 n pass to me lar,2021
normal,Just normal only here :),2023
normal,I have no any personal problem. I am thinking about the academic and social responsibilities of students.,2023
normal,I just cooked a rather nice salmon a la you,2022
normal,It's 4 KM from here. We will be there in just 7 to 10 minutes.,2021
normal,"I wasn't well babe, i have swollen glands at my throat ... What did you end up doing ?",2023
fraud,important information 4 orange user 0789xxxxxxx. today is your lucky day!2find out why log onto http://www.urawinner.com THERE'S A FANTASTIC SURPRISE AWAITING YOU!,2024
normal,"K, my roommate also wants a dubsack and another friend may also want some so plan on bringing extra, I'll tell you when they know for sure",2023
normal,Could you please tell me the problems you are facing currently.,2022
fraud,December only! Had your mobile 11mths+? You are entitled to update to the latest colour camera mobile for Free! Call The Mobile Update Co FREE on 08002986906 ,2024
normal,Me i'm not workin. Once i get job...,2021
normal,Ok. No wahala. Just remember that a friend in need ...,2023
normal,"Oh... I was thkin of goin yogasana at 10 den no nd to go at 3 den can rush to parco 4 nb... Okie lor, u call me when ready...",2022
normal,"Yes sir, tell me what issues you are facing?307. I am facing network issues. Every time I give a call, there is a call drop after connection. Sometimes it also takes more than 2 minutes to connect a call.",2021
normal,cThen i thk shd b enuff.. Still got conclusion n contents pg n references.. I'll b doing da contents pg n cover pg..,2022
normal,* Will be september by then!,2023
normal,Wat u doing there?,2021
normal,"If you can make it any time tonight or whenever you can it's cool, just text me whenever you're around",2023
normal,Nope... C ü then...,2022
normal,Two teams waiting for some players,2021
normal,Still i have not checked it da. . .,2021
normal,I dunno lei... Like dun haf...,2023
normal,May i call You later Pls,2023
normal,We live in the next  &lt;#&gt; mins,2023
normal,I'm always looking for an excuse to be in the city.,2022
normal,Yes... I trust u to buy new stuff ASAP so I can try it out,2021
normal,Ho ho - big belly laugh! See ya tomorrow.,2021
normal,I‘m parked next to a MINI!!!! When are you coming in today do you think?,2022
normal,No break time one... How... I come out n get my stuff fr ü?,2023
normal,When did i use soc... I use it only at home... Ü dunno how 2 type it in word ar...,2023
normal,"Babe! I fucking love you too !! You know? Fuck it was so good to hear your voice. I so need that. I crave it. I can't get enough. I adore you, Ahmad *kisses*",2022
normal,Ok i found dis pierre cardin one which looks normal costs 20 its on sale.,2022
normal,I like dis sweater fr mango but no more my size already so irritating.,2021
normal,"Pity, * was in mood for that. So...any other suggestions?",2021
normal,Purity of friendship between two is not about smiling after reading the forwarded message..Its about smiling just by seeing the name. Gud evng,2022
normal,Lol yeah at this point I guess not,2021
normal,If you don't respond imma assume you're still asleep and imma start calling n shit,2021
fraud,"URGENT!: Your Mobile Number was awarded a £2,000 Bonus Caller Prize on 02/09/03! This is our second attempt to contact YOU! Call 0871-872-9755 BOX95QU",2023
normal,K.then any other special?,2023
normal,Thank you. I will. You too have a good day.362. I am also fine. Can we please proceed to the interview?,2021
normal,Ok. I only ask abt e movie. U wan ktv oso?,2021
normal,"Ya they are well and fine., BBD(pooja) full pimples..even she become quite black..and ur rite here its too cold, wearing sweatter..",2023
normal,"ok, how much does it cost?",2021
normal,"And how you will do that, princess? :)",2021
normal,"Miss ya, need ya, want ya, love ya.",2022
fraud,"HOT LIVE FANTASIES call now 08707509020 Just 20p per min NTT Ltd, PO Box 1327 Croydon CR9 5WB 0870 is a national rate call",2025
normal,I went back to school.,2021
normal,He also knows about lunch menu only da. . I know,2021
normal,Bishan lar nearer... No need buy so early cos if buy now i gotta park my car...,2021
normal,That's cause your old. I live to be high.,2022
fraud,FREE UNLIMITED HARDCORE PORN direct 2 your mobile Txt PORN to 69200 & get FREE access for 24 hrs then chrgd@50p per day txt Stop 2exit. This msg is free,2022
fraud,Do you want a new video handset? 750 anytime any network mins? Half Price Line Rental? Camcorder? Reply or call 08000930705 for delivery tomorrow,2024
normal,Just wait till end of march when el nino gets himself. Oh.,2021
normal,I take it we didn't have the phone callon Friday. Can we assume we won't have it this year now?,2022
normal,Did you got that persons story,2021
normal,No de.am seeing in online shop so that i asked.,2022
normal,Please ask mummy to call father,2023
fraud,Please call our customer service representative on FREEPHONE 0808 145 4742 between 9am-11pm as you have WON a guaranteed 1000 rupees cash or £5000 prize!,2024
normal,"They said if its gonna snow, it will start around 8 or 9 pm tonite! They are predicting an inch of accumulation.",2022
normal,Tessy..pls do me a favor. Pls convey my birthday wishes to Nimya..pls dnt forget it. Today is her birthday Shijas,2022
normal,In which place i can get rooms cheap:-),2021
fraud,"Urgent! call 09066350750 from your landline. Your complimentary 4* Ibiza Holiday or 10,000 cash await collection SAE T&Cs PO BOX 434 SK3 8WP 150 ppm 18+ ",2022
fraud,"SPJanuary Male Sale! Hot Gay chat now cheaper, call 08709222922. National rate from 1.5p/min cheap to 7.8p/min peak! To stop texts call 08712460324 (10p/min)",2025
normal,Howz pain.it will come down today.do as i said ystrday.ice and medicine.,2023
normal,I actually did for the first time in a while. I went to bed not too long after i spoke with you. Woke up at 7. How was your night?,2023
normal,Hi :)finally i completed the course:),2023
normal,Thats cool. i liked your photos. You are very sexy!,2022
normal,How much u trying to get?,2021
normal,K sure am in my relatives home. Sms me de. Pls:-),2021
normal,"Thank you for your purchase, sir. Please do come back if you need any other components or software. Have a good day.",2023
normal,That is the best that you can do.,2023
normal,Thank you so much. I need 10 to 15 minutes to do that.,2023
fraud,PRIVATE! Your 2004 Account Statement for 078498****7 shows 786 unredeemed Bonus Points. To claim call 08719180219 Identifier Code: 45239 Expires 06.05.05,2024
fraud,Todays Vodafone numbers ending with 4882 are selected to a receive a £350 award. If your number matches call 09064019014 to receive your £350 award.,2021
fraud,LORD OF THE RINGS:RETURN OF THE KING in store NOW!REPLY LOTR by 2 June 4 Chance 2 WIN LOTR soundtrack CDs StdTxtRate. Reply STOP to end txts,2021
normal,ok.are you in college?,2023
normal,Sounds better than my evening im just doing my costume. Im not sure what time i finish tomorrow but i will txt you at the end.,2023
normal,1 I don't have her number and 2 its gonna be a massive pain in the ass and i'd rather not get involved if that's possible,2021
fraud,"Thanks for your ringtone order, reference number X49. Your mobile will be charged 4.50. Should your tone not arrive please call customer services 09065989182. From: [colour=red]text[/colour]TXTstar",2022
normal,Hey we can go jazz power yoga hip hop kb and yogasana ,2021
normal,Nothing but we jus tot u would ask cos u ba gua... But we went mt faber yest... Yest jus went out already mah so today not going out... Jus call lor...,2022
normal,"By the way, i've put a skip right outside the front of the house so you can see which house it is. Just pull up before it.",2023
normal,"As usual..iam fine, happy &amp; doing well..:)",2021
normal,Oh gei. That happend to me in tron. Maybe ill dl it in 3d when its out,2023
normal,Sure. Where will you go?,2022
normal,Don know. I did't msg him recently.,2022
normal,7 lor... Change 2 suntec... Wat time u coming?,2022
normal,No. She's currently in scotland for that.,2022
normal,"For you information, IKEA is spelled with all caps. That is not yelling. when you thought i had left you, you were sitting on the bed among the mess when i came in. i said we were going after you got home from class. please don't try and bullshit me. It makes me want to listen to you less.",2022
normal,Anything lar then ü not going home 4 dinner?,2023
normal,I'll probably be around mu a lot,2023
normal,Dip's cell dead. So i m coming with him. U better respond else we shall come back.,2023
fraud,"complimentary 4 STAR Ibiza Holiday or £10,000 cash needs your URGENT collection. 09066364349 NOW from Landline not to lose out! Box434SK38WP150PPM18+",2021
normal,"Thanx 4 the time we’ve spent 2geva, its bin mint! Ur my Baby and all I want is u!xxxx",2021
normal,Dhoni have luck to win some big title.so we will win:),2021
fraud,"Free entry to the gr8prizes wkly comp 4 a chance to win the latest Nokia 8800, PSP or £250 cash every wk.TXT GREAT to 80878 http//www.gr8prizes.com 08715705022",2021
normal,You only hate me. You can call any but you didnt accept even a single call of mine. Or even you messaged,2021
normal,Fine. Do you remember me.,2023
normal,Watching tv now. I got new job :),2022
normal,Macha dont feel upset.i can assume your mindset.believe me one evening with me and i have some wonderful plans for both of us.LET LIFE BEGIN AGAIN.call me anytime,2022
normal,You also didnt get na hi hi hi hi hi,2023
normal,"HEY KATE, HOPE UR OK... WILL GIVE U A BUZ WEDLUNCH. GO OUTSOMEWHERE 4 ADRINK IN TOWN..CUD GO 2WATERSHD 4 A BIT? PPL FROMWRK WILL BTHERE. LOVE PETEXXX.",2021
normal,I am waiting for your call sir.,2021
normal,I'm at home n ready...,2023
fraud,Ur TONEXS subscription has been renewed and you have been charged £4.50. You can choose 10 more polys this month. www.clubzed.co.uk *BILLING MSG*,2023
normal,Company is very good.environment is terrific and food is really nice:),2023
normal,Smile in Pleasure Smile in Pain Smile when trouble pours like Rain Smile when sum1 Hurts U Smile becoz SOMEONE still Loves to see u Smiling!!,2022
normal,Just sleeping..and surfing,2021
normal,Pls speak to that customer machan.,2022
fraud,"WIN: We have a winner! Mr. T. Foley won an iPod! More exciting prizes soon, so keep an eye on ur mobile or visit www.win-82050.co.uk",2025
normal,Dun b sad.. It's over.. Dun thk abt it already. Concentrate on ur other papers k.,2023
normal,Want to send me a virtual hug?... I need one,2023
normal,"I jus hope its true that  missin me cos i'm really missin him! You haven't done anything to feel guilty about, yet.",2022
normal,Yeah I imagine he would be really gentle. Unlike the other docs who treat their patients like turkeys.,2022
normal,K..then come wenever u lik to come and also tel vikky to come by getting free time..:-),2023
normal,IM GONNA MISS U SO MUCH,2023
normal,Thanks chikku..:-) gud nyt:-*,2021
normal,Hmm thinking lor...,2023
normal,Well i will watch shrek in 3D!!B),2023
normal,You are most welcome.,2021
normal,We just only have science and fiction books and languages books.287. Rs 430 Sir. I have given you 5% discount.,2022
normal,"My fri ah... Okie lor,goin 4 my drivin den go shoppin after tt...",2023
normal,"Perhaps * is much easy give your account identification, so i will tomorrow at UNI",2023
normal,I want to tell you how bad I feel that basically the only times I text you lately are when I need drugs,2021
normal,Squeeeeeze!! This is christmas hug.. If u lik my frndshp den hug me back.. If u get 3 u r cute:) 6 u r luvd:* 9 u r so lucky;) None? People hate u:,2021
normal,Watching ajith film ah?,2023
normal,"Call me, i am senthil from hsbc.",2021
normal,DO U WANT 2 MEET UP 2MORRO,2021
normal,Ok...,2023
normal,"Good afternoon, my boytoy ... How are you feeling today ? Better I hope? Are you being my good boy? Are you my obedient, slave? Do you please your Queen?",2021
normal,"Well, can’t do much now. Let’s hope for the best and get ready for the next one, chemistry.",2023
normal,He will go to Delhi on next Monday.,2023
normal,Btw regarding that we should really try to see if anyone else can be our 4th guy before we commit to a random dude,2022
fraud,How come it takes so little time for a child who is afraid of the dark to become a teenager who wants to stay out all night?,2023
normal,Wat's my dear doing? Sleeping ah?,2021
normal,"Sir, we gain just a small margin with the current MRP. But for that price, we would be selling it for a loss.",2023
normal,Sitting in mu waiting for everyone to get out of my suite so I can take a shower,2023
normal,"Haha yeah I see that now, be there in a second",2021
normal,SORRY IM STIL FUCKED AFTER LAST NITE WENT TOBED AT 430 GOT UP 4 WORK AT 630,2023
normal,In life when you face choices Just toss a coin not becoz its settle the question But while the coin in the air U will know what your heart is hoping for. Gudni8,2022
normal,Is this the same mobile number on which you are facing network issues?,2021
normal,Yes. I went to the local police station. They wrote the FIR (First Information Report).,2023
normal,Can. Dunno wat to get 4 her...,2021
fraud,Your weekly Cool-Mob tones are ready to download !This weeks new Tones include: 1) Crazy Frog-AXEL F>>> 2) Akon-Lonely>>> 3) Black Eyed-Dont P >>>More info in n,2024
normal,TaKe CaRE and gET WeLL sOOn ,2022
normal,I am fine too. So where are you working right now?,2023
normal,Hey i booked the cab on saturday already... what other lessons are we going for ah? Keep your sat night free we need to meet and confirm our lodging ,2022
normal,"Let’s go to some adventure place. Where we can do paragliding, sky diving and lot more.",2023
normal,watever reLation u built up in dis world only thing which remains atlast iz lonlines with lotz n lot memories! feeling..,2022
normal,Did you got that persons story.,2023
normal,Watch lor. I saw a few swatch one i thk quite ok. Ard 116 but i need 2nd opinion leh...,2022
normal,Sorry i now then see you message Yar lor so poor thing... But only for one night... Tomarrow you'll have a brand new room to sleep in...,2023
normal,"Cool, want me to go to kappa or should I meet you outside mu",2022
normal,But i am going to college pa. What to do. are else ill come there it self. Pa.,2023
normal,How is pain?hope you are fine..,2021
normal,Have your lunch and come quickly and open the door:),2021
normal,Congrats kano..whr s the treat maga?,2022
normal,I realise you are a busy guy and i'm trying not to be a bother. I have to get some exams outta the way and then try the cars. Do have a gr8 day,2022
normal,Hmmm.but you should give it on one day..,2021
normal,Wait till you hear this! Ted just got engaged to Jack!,2022
normal,Either of the Three Students is responsible for the loss.,2023
normal,The students will have left the school before the principal comes.,2021
normal,Yoyyooo you know how to change permissions for a drive in mac. My usb flash drive,2021
normal,O shore are you takin the bus,2023
normal,"Just checked out, heading out to drop off my stuff now",2021
normal,Have you bookedthe hut? And also your time off? How are you by the way?,2022
normal,Ok lor...,2023
normal,When are you guys leaving?,2021
normal,Are you unique enough? Find out from 30th August. www.areyouunique.co.uk,2022
normal,I am thinking of going down to reg for pract lessons.. Flung my advance.. Haha wat time u going?,2021
normal,Hey hun-onbus goin 2 meet him. He wants 2go out 4a meal but I donyt feel like it cuz have 2 get last bus home!But hes sweet latelyxxxL,2023
normal,K k :-):-) then watch some films.,2023
normal,Do u hav any frnd by name ashwini in ur college?,2023
normal,That's a shame! Maybe cld meet for few hrs tomo?,2022
normal,I am back. Good journey! Let me know if you need any of the receipts. Shall i tell you like the pendent?,2021
normal,The hair cream has not been shipped.,2022
fraud,"If you don't, your prize will go to another customer. T&C at www.t-c.biz 18+ 150p/min Polo Ltd Suite 373 London W1J 6HL Please call back if busy ",2022
normal,2 and half years i missed your friendship:-),2023
normal,"What is this nonsense ? How can my laptop cause such a reduction in the speed ? I am a computer science engineer, and you can't tell such silly reasons to me. What is this ?",2023
normal,Yunny i'm walking in citylink now ü faster come down... Me very hungry...,2022
fraud,Todays Voda numbers ending 1225 are selected to receive a £50award. If you have a match please call 08712300220 quoting claim code 3100 standard rates app ,2025
normal,Or just do that 6times,2021
normal,I wnt to buy a BMW car urgently..its vry urgent.but hv a shortage of  &lt;#&gt; Lacs.there is no source to arng dis amt. &lt;#&gt; lacs..thats my prob,2022
normal,Thanx 4 2day! U r a goodmate I THINK UR RITE SARY! ASUSUAL!1 U CHEERED ME UP! LOVE U FRANYxxxxx,2021
fraud,"hello sir, i am from covid-19 center, you have filled the form for vaccination, we are for vefication of your document.",2023
normal,Free any day but i finish at 6 on mon n thurs...,2023
normal,Are you comingdown later?,2023
normal,We took hooch for a walk toaday and i fell over! Splat! Grazed my knees and everything! Should have stayed at home! See you tomorrow! ,2021
fraud,You will recieve your tone within the next 24hrs. For Terms and conditions please see Channel you Teletext Pg 750.,2023
normal,Yup having my lunch buffet now.you eat already?,2021
normal,My computer just fried the only essential part we don't keep spares of because my fucking idiot roommates looovvve leaving the thing running on full  &lt;#&gt; /7,2023
normal,Ok c ü then.,2022
normal,That sucks. So what do you got planned for your yo valentine? I am your yo valentine aren't I?,2022
normal,Am i that much bad to avoid like this?,2021
normal,Are you this much buzy,2022
normal,Am not interested to do like that.,2023
normal,Hey... What time is your driving on friday? We go for evaluation on friday?,2021
normal,Kaiez... Enjoy ur tuition... Gee... Thk e second option sounds beta... I'll go yan jiu den msg u...,2022
normal,Uhhhhrmm isnt having tb test bad when youre sick,2023
normal,"Ok da, i already planned. I wil pick you.",2021
fraud,U have a secret admirer. REVEAL who thinks U R So special. Call 09065174042. To opt out Reply REVEAL STOP. 1.50 per msg recd. Cust care 07821230901,2024
fraud,FreeMsg Hi baby wow just got a new cam moby. Wanna C a hot pic? or Fancy a chat?,2024
normal,"Well the weather in cali's great. But its complexities are great. You need a car to move freely, its taxes are outrageous. But all in all its a great place. The sad part is i missing home.",2023
normal,Give one miss from that number please,2022
fraud,FREE>Ringtone! Reply REAL or POLY eg REAL1 1. PushButton 2. DontCha 3. BabyGoodbye 4. GoldDigger 5. WeBeBurnin 1st tone FREE and 6 more when u join for £3/wk,2025
normal,oK..i deleted my contact that why?,2022
normal,What makes you most happy?,2022
normal,Hey they r not watching movie tonight so i'll prob b home early...,2021
normal,"What ? No, they do it from a local server in India.",2023
normal,"K.. I yan jiu liao... Sat we can go 4 bugis vill one frm 10 to 3 den hop to parco 4 nb. Sun can go cine frm 1030 to 2, den hop to orc mrt 4 hip hop at 4...",2022
fraud,Bored housewives! Chat n date now! 0871750.77.11! BT-national rate 10p/min only from landlines!,2023
normal,Lmao but its so fun...,2023
normal,Okay but i thought you were the expert,2022
normal,Ok.ok ok..then..what is your todays plan,2021
normal,There r many model..sony ericson also der.. &lt;#&gt; ..it luks good bt i forgot modl no,2021
normal,Still chance there. If you search hard you will get it..let have a try :,2022
normal,"Organic chemistry has been a problem for me too. Can we study chemistry together, at least the organic part?",2023
normal,You know there is. I shall speak to you in  &lt;#&gt;  minutes then,2021
normal,I am on the way to ur home,2021
fraud,hello sir i am from idea customer care center we are doing verification of yours number that's why in your phone four digit opt will have send. tell me that otp.,2024
normal,ME 2 BABE I FEEL THE SAME LETS JUST 4GET ABOUT IT+BOTH TRY +CHEER UP+NOT FIT SOO MUCHXXLOVE U LOCAXX,2022
normal,AH POOR BABY!HOPE URFEELING BETTERSN LUV! PROBTHAT OVERDOSE OF WORK HEY GO CAREFUL SPeaK to you LOTS OF LOVEJEN XXX.,2023
normal,Hi. I'm sorry i missed your call. Can you pls call back.,2021
normal,Sure thing! Thanks a heap.,2022
normal,Any way where are you and what doing.,2021
normal,Hey gals.. Anyone of u going down to e driving centre tmr?,2023
normal,A bloo bloo bloo I'll miss the first bowl,2023
normal,But tell me about your preparation in different subjects.,2023
normal,I'll probably be by tomorrow (or even later tonight if something's going on),2021
normal,Where are you? when wil you reach here?,2021
normal,I am in your office na.,2021
normal,hi my darlin im on my way to London and we have just been smashed into by another driver! and have a big dent! im really missing u what have u been up to? xxx,2023
normal,"Watching cartoon, listening music &amp; at eve had to go temple &amp; church.. What about you?",2021
normal,"Si.como no?!listened2the plaid album-quite gd&the new air1 which is hilarious-also bought”braindance”a comp.ofstuff on aphex’s ;abel,u hav2hear it!c u sn xxxx",2021
normal,I want to go to perumbavoor,2022
normal,I hope you know that there is a difference between a CV and resume?,2022
normal,"Aight, you close by or still down around alex's place?",2022
normal,Hi Petey!noi’m ok just wanted 2 chat coz avent spoken 2 u 4 a long time-hope ur doin alrite.have good nit at js love ya am.x,2022
fraud,"Dear Voucher Holder, To claim this weeks offer, at you PC please go to http://www.e-tlp.co.uk/reward. Ts&Cs apply.",2022
normal,Thk some of em find wtc too far... Weiyi not goin... E rest i dunno yet... R ur goin 4 dinner den i might b able to join...,2022
normal,All right. Here is your money.,2021
normal,Oh ok..,2021
normal,Guess who spent all last night phasing in and out of the fourth dimension,2023
normal,"Okay, good, no problem, and thanx!",2023
normal,I went to ur hon lab but no one is there.,2023
normal,I consider that it is pity to waste time.,2023
normal,Hi! You just spoke to MANEESHA . We'd like to know if you were satisfied with the experience. Reply Toll Free with Yes or No.,2022
normal,"Single line with a big meaning::::: ""Miss anything 4 ur ""Best Life"" but, don't miss ur best life for anything... Gud nyt...",2023
normal,"alright, I'll make sure the car is back tonight",2023
normal,There was none that didn't support the cause.,2022
normal,"Dude. What's up. How Teresa. Hope you have been okay. When i didnt hear from these people, i called them and they had received the package since dec  &lt;#&gt; . Just thot you'ld like to know. Do have a fantastic year and all the best with your reading. Plus if you can really really Bam first aid for Usmle, then your work is done.",2021
fraud,"Fantasy Football is back on your TV. Go to Sky Gamestar on Sky Active and play £250k Dream Team. Scoring starts on Saturday, so register now!SKY OPT OUT to 88088",2023
normal,In that case I guess I'll see you at campus lodge,2022
normal,When can you come out?,2021
normal,"Sounds great, thank you so much!",2023
fraud,Want explicit SEX in 30 secs? Ring 02073162414 now! Costs 20p/min,2021
normal,Did you stitch his trouser,2023
fraud,This message is free call. Welcome to the new & improved Sex & Dogging club! To unsubscribe from this service reply STOP. msgs@150p 18+only,2022
normal,I'm good. Have you registered to vote?,2023
normal,TELL HER I SAID EAT SHIT.,2022
normal,Ok u can take me shopping when u get paid =D,2022
normal,Hi its me you are probably having too much fun to get this message but i thought id txt u cos im bored! and james has been farting at me all night,2022
normal,Good Morning plz call me sir,2022
normal,Did you see that film:),2023
normal,Thankyou so much for the call. I appreciate your care.,2021
normal,My stomach has been thru so much trauma I swear I just can't eat. I better lose weight.,2021
normal,"I would like to tell you, sir, that you need to change certain settings of your phone because there is no issue from our end.",2022
normal,I know! Grumpy old people. My mom was like you better not be lying. Then again I am always the one to play jokes...,2023
normal,jay says he'll put in  &lt;#&gt;,2021
normal,"Forgot it takes me 3 years to shower, sorry. Where you at/your phone dead yet?",2022
normal,What u talking bout early morning? It's almost noon where your at!,2022
fraud,PRIVATE! Your 2003 Account Statement for <fone no> shows 800 un-redeemed S. I. M. points. Call 08715203656 Identifier Code: 42049 Expires 26/10/04,2023
normal,I was slept that time.you there?,2022
normal,Oops I was in the shower when u called. Hey a parking garage collapsed at university hospital. See I'm not crazy. Stuff like that DOES happen.,2021
normal,"Sorry,in meeting I'll call later",2023
normal,I'm at work. Please call,2023
fraud,Great NEW Offer - DOUBLE Mins & DOUBLE Txt on best Orange tariffs AND get latest camera phones 4 FREE! Call MobileUpd8 free on 08000839402 NOW! or 2stoptxt T&Cs,2023
fraud,Please CALL 08712402972 immediately as there is an urgent message waiting for you,2022
normal,Lol no. Just trying to make your day a little more interesting,2021
normal,Sorry da..today i wont come to play..i have driving clas..,2023
normal,Hey... Very inconvenient for your sis a not huh?,2023
normal,"I sent my scores to sophas and i had to do secondary application for a few schools. I think if you are thinking of applying, do a research on cost also. Contact joke ogunrinde, her school is one me the less expensive ones",2021
