label,message
fraud,"hello,i,m,bank,manager,of,sbi,ur,debit,card,is,about,to,expire,would,u,want,to,issue,new,card"
fraud,"todays,vodafone,numbers,ending,with,4882,are,selected,to,a,receive,a,350,award,if,your,number,matches,call,09064019014,to,receive,your,350,award"
fraud,"you,have,won,1000,cash,or,a,2000,prize,to,claim,call,09050000327"
fraud,"hello,sir,i,am,from,jio,customer,care,in,23,hours,your,sim,will,be,closed,do,u,want,to,activate,it"
fraud,"hello,sir,i,am,from,airtel,customer,care,in,23,hours,your,sim,will,be,closed,do,u,want,to,activate,it"
fraud,"hello,sir,i,am,from,idea,customer,care,in,23,hours,your,sim,will,be,closed,do,u,want,to,activate,it"
fraud,"hello,sir,i,am,from,vodafone,customer,care,in,23,hours,your,sim,will,be,closed,do,u,want,to,activate,it"
fraud,"hello,sir,i,am,from,bsnl,customer,care,in,23,hours,your,sim,will,be,closed,do,u,want,to,activate,it"
fraud,"hello,sir,i,am,from,mtnl,customer,care,in,23,hours,your,sim,will,be,closed,do,u,want,to,activate,it"
fraud,"hello,sir,i,am,from,jio,customer,care,in,23,hours,your,sim,will,be,deactivate,do,u,want,to,activate,it"
fraud,"hello,sir,i,am,from,airtel,customer,care,in,23,hours,your,sim,will,be,deactivate,do,u,want,to,activate,it"
fraud,"hello,sir,i,am,from,idea,customer,care,in,23,hours,your,sim,will,be,deactivate,do,u,want,to,activate,it"
fraud,"hello,sir,i,am,from,vodafone,customer,care,in,23,hours,your,sim,will,be,deactivate,do,u,want,to,activate,it"
fraud,"hello,sir,i,am,from,bsnl,customer,care,in,23,hours,your,sim,will,be,deactivate,do,u,want,to,activate,it"
fraud,"hello,sir,i,am,from,jio,customer,care,center,we,are,doing,verification,of,yours,number,that's,why,in,your,phone,four,digit,opt,will,have,send,tell,me,that,otp"
fraud,"hello,sir,i,am,from,airtel,customer,care,center,we,are,doing,verification,of,yours,number,that's,why,in,your,phone,four,digit,opt,will,have,send,tell,me,that,otp"
fraud,"hello,sir,i,am,from,idea,customer,care,center,we,are,doing,verification,of,yours,number,that's,why,in,your,phone,four,digit,opt,will,have,send,tell,me,that,otp"
fraud,"hello,sir,i,am,from,vodafone,customer,care,center,we,are,doing,verification,of,yours,number,that's,why,in,your,phone,four,digit,opt,will,have,send,tell,me,that,otp"
fraud,"hello,sir,i,am,from,bsnl,customer,care,center,we,are,doing,verification,of,yours,number,that's,why,in,your,phone,four,digit,opt,will,have,send,tell,me,that,otp"
fraud,"hello,sir,this,is,your,hdfc,bank,manager,your,kyc,has,been,expiredso,you,have,to,kyc,your,self,but,due,to,covid,setuation,we,are,doing,kyc,online,pleae,tell,me,your,account,detail"
fraud,"hello,sir,this,is,your,icici,bank,manager,your,kyc,has,been,expiredso,you,shave,to,kyc,your,self,but,due,to,covid,setuation,we,are,doing,kyc,online,pleae,tell,me,your,account,detail"
fraud,"hello,sir,this,is,your,axis,bank,manager,your,kyc,has,been,expiredso,you,have,to,kyc,your,self,but,due,to,covid,setuation,we,are,doing,kyc,online,pleae,tell,me,your,account,detail"
fraud,"hello,sir,this,is,your,uniun,bank,manager,your,kyc,has,been,expiredso,you,have,to,kyc,your,self,but,due,to,covid,setuation,we,are,doing,kyc,online,pleae,tell,me,your,account,detail"
fraud,"hello,sir,this,is,your,sbi,bank,manager,your,kyc,has,been,expiredso,you,have,to,kyc,your,self,but,due,to,covid,setuation,we,are,doing,kyc,online,pleae,tell,me,your,account,detail"
fraud,"hello,sir,this,is,your,allahabad,bank,manager,your,kyc,has,been,expiredso,you,have,to,kyc,your,self,but,due,to,covid,setuation,we,are,doing,kyc,online,pleae,tell,me,your,account,detail"
fraud,"hello,sir,are,you,using,bhimupi,sir,you,have,to,upgrate,your,bhimupi,othr,wise,you,account,will,be,block"
fraud,"hello,sir,tell,me,your,creditdebit,card,mobile,number,and,aadhar,card"
fraud,"hello,i,am,from,income,text,department,you,have,not,registered,your,aadhar,to,your,pan,card,please,tell,me,your,aadhar,number,to,coonect,to,your,pan,card"
fraud,"hello,sir,i,am,from,bank,please,tell,me,your,card,cvv,number,for,your,bank,verification"
fraud,"hello,sir,i,am,from,union,bank,sir,i,have,call,you,for,your,bank,account,verification,do,you,want,verify,your,account,sir,then,tell,me,your,aadhar,card,number,and,pan,card,and,your,debitcredit,card,number"
fraud,"hello,sir,i,am,from,sbi,bank,sir,i,have,call,you,for,your,bank,account,verification,do,you,want,verify,your,account,sir,then,tell,me,your,aadhar,card,number,and,pan,card,and,your,debitcredit,card,number"
fraud,"hello,sir,i,am,from,hdfc,bank,sir,i,have,call,you,for,your,bank,account,verification,do,you,want,verify,your,account,sir,then,tell,me,your,aadhar,card,number,and,pan,card,and,your,debitcredit,card,number"
fraud,"hello,sir,i,am,from,india,bank,sir,i,have,call,you,for,your,bank,account,verification,do,you,want,verify,your,account,sir,then,tell,me,your,aadhar,card,number,and,pan,card,and,your,debitcredit,card,number"
fraud,"hello,sir,i,am,from,obi,bank,sir,i,have,call,you,for,your,bank,account,verification,do,you,want,verify,your,account,sir,then,tell,me,your,aadhar,card,number,and,pan,card,and,your,debitcredit,card,number"
fraud,"hello,sir,i,am,from,allahabad,bank,sir,i,have,call,you,for,your,bank,account,verification,do,you,want,verify,your,account,sir,then,tell,me,your,aadhar,card,number,and,pan,card,and,your,debitcredit,card,number"
fraud,"hello,sir,i,am,from,bank,of,baroda,sir,i,have,call,you,for,your,bank,account,verification,do,you,want,verify,your,account,sir,then,tell,me,your,aadhar,card,number,and,pan,card,and,your,debitcredit,card,number"
fraud,"hello,sir,i,am,from,unoin,bank,of,india,do,you,have,fill,application,form,for,loan,i,called,you,for,verify,your,document,tell,me,your,aadhar,number,and,otp,of,your,mobile,number"
fraud,"hello,sir,i,am,from,sbi,bank,of,india,do,you,have,fill,application,form,for,loan,i,called,you,for,verify,your,document,tell,me,your,aadhar,number,and,otp,of,your,mobile,number"
fraud,"hello,sir,i,am,from,axis,bank,of,india,do,you,have,fill,application,form,for,loan,i,called,you,for,verify,your,document,tell,me,your,aadhar,number,and,otp,of,your,mobile,number"
fraud,"hello,sir,i,am,from,hdfc,bank,of,india,do,you,have,fill,application,form,for,loan,i,called,you,for,verify,your,document,tell,me,your,aadhar,number,and,otp,of,your,mobile,number"
fraud,"hello,sir,i,am,from,bank,of,baroda,india,do,you,have,fill,application,form,for,loan,i,called,you,for,verify,your,document,tell,me,your,aadhar,number,and,otp,of,your,mobile,number"
fraud,"hello,sir,i,am,from,paytm,there,are,offer,in,paytm,upgrade,your,account,so,you,can,enjoy,better,cashback,offrs"
fraud,"you,won,a,lucky,draw,for,shopping,on,an,amazon,provide,your,bank,details,for,deposit,your,amount,towards,logistics,charge"
fraud,"you,won,a,lucky,draw,for,shopping,on,an,flipkard,provide,your,bank,details,for,deposit,your,amount,towards,logistics,charge"
fraud,"you,won,a,lucky,draw,for,shopping,on,an,myntra,provide,your,bank,details,for,deposit,your,amount,towards,logistics,charge"
fraud,"hello,sir,we,are,from,covid19,health,care,center,for,vaccination,call,7845963214"
fraud,"hello,sir,i,am,from,covid19,center,you,have,filled,the,form,for,vaccination,we,are,for,vefication,of,your,document"
fraud,"hello,sir,i,am,from,covid19,center,those,who,are,vaccinated,they,will,get,money,by,indian,goverment,please,tell,me,account,detail,to,deposit,money,in,your,account"
fraud,"hello,sir,i,am,from,covid19,center,for,vaccination,you,have,to,pay,money,please,pay,your,money,on,this,upi,myupiaxis"
fraud,"hello,you,have,won,10000,inr,do,you,want,to,deposit,it,in,your,bank,account"
fraud,"give,me,your,bank,account,number,and,debit,card,number,for,deposit,money,in,your,bank,account"
fraud,"hello,siri,am,from,sbi,bankdo,you,want,a,new,credit,cardgive,your,aadhar,and,mobile,number,for,issue,a,credit,card"
fraud,"hello,sir,to,get,a,500,inr,voucher,for,play,rummy,go,to,this,link,httpxyzabc"
fraud,"hello,i,am,from,indian,army,by,mistakely,i,have,given,your,mobile,number,in,amozon,during,online,shopping,that,why,you,have,got,an,otp,please,tell,me,that,otp"
fraud,"as,a,valued,network,customer,you,have,been,selected,to,receive,9000,inr,prize,reward,to,claim,call,09061701461,claim,code,kl341,valid,12,hours,only"
fraud,"had,your,mobile,11,months,or,more,you,are,entitled,to,update,to,the,latest,colour,mobiles,with,camera,for,free,call,the,mobile,update,co,free,on,08002986030"
fraud,"congrats,1,year,special,cinema,pass,for,2,is,yours,dont,miss,out"
fraud,"hi,babe,i,am,at,home,now,wanna,do,something,xxx"
fraud,"your,2004,account,statement,for,07742676969,shows,786,unredeemed,bonus,points,to,claim,call,08719180248,identifier,code,45239,expires"
fraud,"your,mobile,no,was,awarded,2000,inr,bonus,caller,prize,on,590021,this,is,our,final,try,to,contact,u,download,xyz,application,to,get,it"
fraud,"todays,vodafone,numbers,ending,7548,are,selected,to,receive,a,350,award,if,you,have,a,match,please,call,08712300220,quoting,claim,code,4041,standard,rates,app"
fraud,"sunshine,quiz,weekly,quize,win,a,top,sony,dvd,call,789654123"
fraud,"customer,service,annoncement,you,have,a,new,years,delivery,waiting,for,you,please,call,07046744435,now,to,arrange,delivery"
fraud,"you,are,a,winner,you,have,been,specially,selected,to,receive,1000,cash,or,a,4,holiday,flights,inc,speak,to,a,live,operator,to,claim,0871277810810"
fraud,"sir,i,need,axis,bank,account,number,and,bank,address"
fraud,"please,call,our,customer,service,representative,on,freephone,0808,145,4742,between,9am11pm,as,you,have,won,a,guaranteed,1000,rupees,cash,or,5000,prize"
fraud,"congratulations,you,are,awarded,500,of,cd,vouchers,or,125gift,guaranteed,free,entry,to,100,wkly,draw,txt,music,to,87066,tncs,wwwldewcom1win150ppmx3age16"
fraud,"we,tried,to,contact,you,are,your,reply,to,our,offer,of,a,video,handset,750,anytime,networks,mins,unlimited,text,camcorder"
fraud,"hey,i,am,really,horny,want,to,chat,or,see,me,naked,text,hot,to,69698,text,charged,at,150pm,to,unsubscribe,text,stop,69698"
fraud,"your,ringtone,service,has,changed,25,free,credits,go,to,club4mobilescom,to,choose,content,now,stop"
fraud,"ringtone,club,get,the,uk,singles,chart,on,your,mobile,each,week,and,choose,any,top,quality,ringtone,this,message,is,free,of,charge"
fraud,"themob,check,out,our,newest,selection,of,content,games,tones,gossip,babes,and,sport,keep,your,mobile,fit,and,funky,text,wap,to,82468"
fraud,"think,your,smart,win,200,this,week,in,our,weekly,quiz,text,play,to,85222,nowtcs,winnersclub,po,box,84,m26,3uz,16,gbp150week"
fraud,"valentines,day,special,win,over,1000,in,our,quiz,and,take,your,partner,on,the,trip,of,a,lifetime,send,go,to,83600,now,150pmsg,received,custcare08718720201"
fraud,"congratulations,you,are,awarded,500,of,cd,vouchers,or,125gift,guaranteed,free,entry,2,100,wkly,draw,txt,music,to,87066,tncs,wwwldewcom1win150ppmx3age16"
fraud,"you,are,cashbalance,is,currently,500,inr,to,maximize,ur,cashin,now,send,cash,to,86688,only,150pmsg,cc,08708800282,hgsuite3422lands,roww1j6hl"
fraud,"thanks,for,your,ringtone,order,reference,t91,you,will,be,charged,gbp,4,per,week,you,can,unsubscribe,at,anytime,by,calling,customer,services,on,09057039994"
fraud,"double,mins,and,texts,for,six,months,free,bluetooth,on,orange,available,on,sony,nokia,motorola,phones,call,mobileupd8,on,08000839402,or,call2optoutn9dx"
fraud,"four,months,half,price,orange,line,rental,latest,camera,phones,4,free,had,your,phone,11mths,call,mobilesdirect,free,on,08000938767,to,update,now"
fraud,"free,entry,into,our,250,weekly,competition,just,text,the,word,win,to,80086,now,18,tc,wwwtxttowincouk"
fraud,"send,a,logo,your,lover,two,names,joined,by,a,heart,text,love,name1,name2,mobno,eg,love,adam,eve,07123456789,to,87077,yahoo,pobox36504w45wq,txtno,4,no,ads,150p"
fraud,"someone,has,contacted,our,dating,service,and,entered,your,phone,because,they,fancy,you,to,find,out,who,it,is,call,from,a,landline,09111032124,pobox12n146tf150p"
fraud,"booked,ticket,for,pongal"
fraud,"you,available,now,i'm,like,right,around,hillsborough,amp,ltgt,th"
fraud,"ok,mail,dear,dave,this,is,your,final,notice,to,collect,your,4,tenerife,holiday,or,5000,cash,award,call,09061743806,from,landline"
fraud,"free,message,activate,your,500,free,text,messages,by,replying,to,this,message,with,the,word,free,for,terms,conditions,visit,www07781482378com"
fraud,"urgent,your,mobile,number,was,awarded,a,2000,bonus,caller,prize,on,020903,this,is,our,second,attempt,to,contact,you,call,08718729755,box95qu"
fraud,"today's,offer,claim,your,150,worth,of,discount,vouchers,text,yes,to,85023,now,savamob,member,offers,mobile,t,cs,08717898035,300,sub,16,unsub,reply,x"
fraud,"you,will,recieve,your,tone,within,the,next,24hrs,for,terms,and,conditions,please,see,channel,you,teletext,pg,750"
fraud,"you,have,won,1000,cash,or,a,2000,prize,to,claim,call,09050000327"
fraud,"our,mobile,number,has,won,5000,to,claim,calls,us,back,or,ring,the,claims,hot,line,on,09050005321"
fraud,"we,tried,to,contact,you,are,your,reply,to,our,offer,of,750,mins,150,textand,a,new,video,phone,call,08002988890,now,or,reply,for,free,delivery,tomorrow"
fraud,"for,your,chance,to,win,a,250,wkly,shopping,spree,text,shop,to,80878,t'sc's,wwwtxt2shopcom,custcare,08715705022,1x150pwk"
fraud,"you,have,been,specially,selected,to,receive,a,2000,pound,award,call,08712402050,before,the,lines,close,cost,10ppm,16,tcs,apply,ag,promo"
fraud,"you,have,an,important,customer,service,announcement,call,freephone,0800,542,0825,now"
fraud,"speaking,of,does,he,have,any,cash,yet"
fraud,"22,days,to,kick,off,for,euro2004,you,will,be,kept,up,to,date,with,the,latest,news,and,results,daily,to,be,removed,send,get,txt,stop,to,83222"
fraud,"todays,vodafone,numbers,ending,with,4882,are,selected,to,a,receive,a,350,award,if,your,number,matches,call,09064019014,to,receive,your,350,award"
fraud,"you,have,won,1000,cash,or,a,2000,prize,to,claim,call,09050000327"
fraud,"hi,i'm,sure,i,am,20,years,old,and,work,as,a,lapdancer,i,love,sex,text,me,live,i'm,i,my,bedroom,now,text,sue,to,89555,by,textoperator,g2,1da,150ppmsg,18"
fraud,"save,yourself,the,stress,if,the,person,has,a,dorm,account,just,send,your,account,details,and,the,money,will,be,sent,to,you"
fraud,"you,have,won,a,guaranteed,1000,cash,or,a,2000,prize,to,claim,yr,prize,call,our,customer,service,representative,on,08714712394,between,10am7pm"
fraud,"you,are,awarded,a,city,break,and,could,win,a,200,summer,shopping,spree,every,week,text,store,to,88039"
fraud,"you,have,an,important,customer,service,announcement,from,premier,call,freephone,0800,542,0578,now"
fraud,"congratulations,your,awarded,either,500,of,cd,gift,vouchers,free,entry,to,our,100,weekly,draw,text,music,to,87066"
fraud,"you,have,a,secret,admirer,reveal,who,thinks,you,are,so,special,call,09065174042,to,opt,out,reply,reveal,stop,150,per,message,record,customer,care,07821230901"
fraud,"dear,voucher,holder,to,claim,this,weeks,offer,at,you,pc,please,go,to,httpwwwetlpcoukexpressoffer,tscs,apply,to,stop,texts,txt,stop,to,80062"
fraud,"do,you,want,750,anytime,any,network,mins,150,text,and,a,new,video,phone,for,only,five,pounds,per,week,call,08002888812,or,reply,for,delivery,tomorrow"
fraud,"urgent,call,09066350750,from,your,landline,your,complimentary,4,ibiza,holiday,or,10000,cash,await,collection,sae,tcs,po,box,434,sk3,8wp,150,ppm,18"
fraud,"talk,sexy,make,new,friends,or,fall,in,love,in,the,worlds,most,discreet,text,dating,service,just,text,vip,to,83110,and,see,who,you,could,meet"
fraud,"private,your,2003,account,statement,for,07808,xxxxxx,shows,800,unredeemed,s,i,m,points,call,08719899217,identifier,code,41685,expires,071104"
fraud,"hello,we,need,some,posh,birds,and,chaps,to,user,trial,prods,for,champneys,can,i,put,you,down,i,need,your,address,and,dob,asap"
fraud,"what,do,you,want,for,xmas,how,about,100,free,text,messages,a,new,video,phone,with,half,price,line,rental,call,free,now,on,0800,0721072,to,find,out,more"
fraud,"shop,till,you,drop,is,it,you,either,10k,5k,500,cash,or,100,travel,voucher,call,now,09064011000,ntt,po,box,cr01327bt,fixedline,cost,150ppm,mobile,vary"
fraud,"sunshine,quiz,wkly,q,win,a,top,sony,dvd,player,if,u,know,which,country,liverpool,played,in,mid,week,txt,ansr,to,82277,150,sptyrone"
fraud,"reminder,you,have,not,downloaded,the,content,you,have,already,paid,for,goto,httpdoit,mymoby,tv,to,collect,your,content"
fraud,"your,free,ringtone,is,waiting,to,be,collected,simply,text,the,password,mix,to,85069,to,verify,get,usher,and,britney"
fraud,"dear,matthew,please,call,09063440451,from,a,landline,your,complimentary,4lux,tenerife,holiday,or,1000,cash,await,collection"
fraud,"how,about,getting,in,touch,with,folks,waiting,for,company,just,text,back,your,name,and,age,to,opt,in,enjoy,the,community,150psms"
fraud,"your,cashbalance,is,currently,500,pounds,to,maximize,your,cashin,now,send,go,to,86688,only,150pmsg,cc,08718720201,po,box,11414,tcrw1"
fraud,"filthy,stories,and,girls,waiting,for,your"
fraud,"urgent,we,are,trying,to,contact,you,todays,draw,shows,that,you,have,won,a,800,prize,guaranteed,call,09050001808,from,land,line,claim,m95,valid12hrs,only"
fraud,"what,is,your,bank,account,number"
fraud,"please,call,our,customer,service,representative,on,freephone,0808,145,4742,between,9am11pm,as,you,have,won,a,guaranteed,1000,cash,or,5000,prize"
fraud,"panasonic,bluetoothhdset,free,nokia,free,motorola,free,doublemins,doubletxt,on,orange,contract"
fraud,"free,for,1st,week,no1,nokia,tone,for,your,mobile,every,week,just,text,nokia,to,8007,get,txting,and,tell,your,mates,wwwgetzedcouk,pobox,36504,w45wq,norm150ptone,16"
fraud,"we,know,someone,who,you,know,that,fancies,you,call,09058097218,to,find,out,who"
fraud,"1000's,flirting,now,txt,girl,or,bloke,ur,name,age,eg,girl,zoe,18,to,8007,to,join,and,get,chatting"
fraud,"18,days,to,euro2004,kickoff,you,will,be,kept,informed,of,all,the,latest,news,and,results,daily,unsubscribe,send,get,euro,stop,to,83222"
fraud,"we,have,new,local,dates,in,your,area,lots,of,new,people,registered,in,your,area"
fraud,"someone,you,know,has,asked,our,dating,service,2,contact,you,can't,guess,who,call,09058091854,now,all,will,be,revealed,po,box385,m6,6wu"
fraud,"urgent,we,are,trying,to,contact,you,todays,draw,shows,that,you,have,won,a,800,prize,guaranteed,call,09050003091,from,land,line,claim,c52,valid12hrs,only"
fraud,"dear,you,have,been,invited,to,xchat,this,is,our,final,attempt,to,contact,you,text,chat,to,86688"
fraud,"dear,subscriber,your,draw,for,100,gift,voucher,will,be,entered,on,receipt,of,a,correct,ans,when,was,elvis,presleys,birthday,txt,answer,to,80062"
fraud,"449050000301,you,have,won,a,2000,price,to,claim,call,09050000301"
fraud,"do,you,want,750,anytime,any,network,mins,150,text,and,a,new,video,phone,for,only,five,pounds,per,week,call,08000776320,now,or,reply,for,delivery,tomorrow"
fraud,"for,taking,part,in,our,mobile,survey,yesterday,you,can,now,have,500,texts,to,use,however,you,wish,to,get,txts,just,send,text,to,80160,tc,wwwtxt43com,150p"
fraud,"thank,you,winner,notified,by,sms,good,luck,no,future,marketing,reply,stop,to,84122,customer,services,08450542832"
fraud,"1000's,of,girls,many,local,to,you,who,are,virgins,to,this,are,ready,to,for,flil,your,every,sexual,need,can,you,forefil,theirs,text,cute,to,69911150p,m"
fraud,"sex,up,ur,mobile,with,a,free,sexy,pic,of,jordan,just,text,babe,to,88600,then,every,wk,get,a,sexy,celeb,pocketbabecouk,4,more,pics,16,3wk,087016248"
fraud,"you,have,1,new,voicemail,please,call,08719181503"
fraud,"win,a,year,supply,of,cds,4,a,store,of,ur,choice,worth,500,enter,our,100,weekly,draw,txt,music,to,87066,tscs,wwwldewcomsubs161win150ppmx3"
fraud,"as,a,sim,subscriber,you,are,selected,to,receive,a,bonus,get,it,delivered,to,your,door,txt,the,word,ok,to,no,88600,to,claim,150pmsg,exp,30apr"
fraud,"you,have,1,new,voicemail,please,call,08719181513"
fraud,"no,1,nokia,tone,4,ur,mob,every,week,just,txt,nok,to,87021,1st,tone,free,so,get,txtin,now,and,tell,ur,friends,150ptone,16,reply,hl,4info"
fraud,"you,are,a,winner,u,have,been,specially,selected,2,receive,1000,cash,or,a,4,holiday,flights,inc,speak,to,a,live,operator,2,claim,0871277810810"
fraud,"reply,with,your,name,and,address,and,you,will,receive,by,post,a,weeks,completely,free,accommodation,at,various,global,locations,wwwphb1com,ph08700435505150p"
fraud,"free,entry,into,our,250,weekly,comp,just,send,the,word,enter,to,84128,now,18,tc,wwwtextcompcom,cust,care,08712405020"
fraud,"please,call,08712402779,immediately,as,there,is,an,urgent,message,waiting,for,you"
fraud,"hot,live,fantasies,call,now,08707509020,just,20p,per,min,ntt,ltd,po,box,1327,croydon,cr9,5wb,0870k"
fraud,"bears,pic,nick,and,tom,pete,and,dick,in,fact,all,types,try,gay,chat,with,photo,upload,call,08718730666,10pmin,2,stop,texts,call,08712460324"
fraud,"500,new,mobiles,from,2004,must,go,txt,nokia,to,no,89545,collect,yours,todayfrom,only,1,www4tcbiz,2optout,08718726270150gbpmtmsg18,txtauction"
fraud,"double,mins,double,txt,12,price,linerental,on,latest,orange,bluetooth,mobiles,call,mobileupd8,for,the,very,latest,offers,08000839402,or,call2optoutlf56"
fraud,"no,1,nokia,tone,4,ur,mob,every,week,just,txt,nok,to,87021,1st,tone,free,so,get,txtin,now,and,tell,ur,friends,150ptone,16,reply,hl,4info"
fraud,"congratulations,ur,awarded,either,500,of,cd,gift,vouchers,free,entry,2,our,100,weekly,draw,txt,music,to,87066,tncs,wwwldewcom,1,win150ppmx3age16"
fraud,"as,a,registered,optin,subscriber,ur,draw,4,100,gift,voucher,will,be,entered,on,receipt,of,a,correct,ans,to,80062,whats,no1,in,the,bbc,charts"
fraud,"claire,here,am,havin,borin,time,am,now,alone,u,wanna,cum,over,2nite,chat,now,09099725823,hope,2,c,u,luv,claire,xx,calls1minmoremobsemspobox45po139wa"
fraud,"bought,one,ringtone,and,now,getting,texts,costing,3,pound,offering,more,tones,etc"
fraud,"09066362231,urgent,your,mobile,no,07xxxxxxxxx,won,a,2000,bonus,caller,prize,on,020603,this,is,the,2nd,attempt,to,reach,you,call,09066362231,asap"
fraud,"you,07801543489,are,guaranteed,the,latests,nokia,phone,a,40gb,ipod,mp3,player,or,a,500,prize,txt,wordcollect,to,no83355,tcllc,nyusa,150pmt,msgrcvd18"
fraud,"hi,its,lucy,hubby,at,meetins,all,day,fri,i,will,b,alone,at,hotel,u,fancy,cumin,over,pls,leave,msg,2day,09099726395,lucy,x,calls1minmobsmorelkpobox177hp51fl"
fraud,"your,account,has,been,credited,with,500,free,text,messages,to,activate,just,txt,the,word,credit,to,no,80488,tcs,www80488biz"
fraud,"sms,ac,jsco,energy,is,high,but,u,may,not,know,where,2channel,it,2day,ur,leadership,skills,r,strong,psychic,reply,ans,wquestion,end,reply,end,jsco"
fraud,"hot,live,fantasies,call,now,08707509020,just,20p,per,min,ntt,ltd,po,box,1327,croydon,cr9,5wb,0870,is,a,national,rate,call"
fraud,"thanks,for,the,vote,now,sing,along,with,the,stars,with,karaoke,on,your,mobile,for,a,free,link,just,reply,with,sing,now"
fraud,"our,brand,new,mobile,music,service,is,now,live,the,free,music,player,will,arrive,shortly,just,install,on,your,phone,to,browse,content,from,the,top,artists"
fraud,"urgent,your,mobile,no,was,awarded,a,2000,bonus,caller,prize,on,10803,this,is,our,2nd,attempt,to,contact,you,call,08714719523,box95qu,bt,national,rate"
fraud,"you,have,won,a,nokia,7250i,this,is,what,you,get,when,you,win,our,free,auction,to,take,part,send,nokia,to,86021,now"
fraud,"hello,from,orange,for,1,month's,free,access,to,games,news,and,sport,plus,10,free,texts,and,20,photo,messages,reply,yes,terms,apply,wwworangecoukow"
fraud,"urgent,your,mobile,number,has,been,awarded,with,a,2000,prize,guaranteed,call,09061790121,from,land,line,claim,3030,valid,12hrs,only,150ppm"
fraud,"you,have,been,selected,to,stay,in,1,of,250,top,british,hotels,for,nothing,holiday,worth,350,to,claim"
fraud,"hi,if,ur,lookin,4,saucy,daytime,fun,wiv,busty,married,woman,am,free,all,next,week,chat,now,2,sort,time,09099726429,janinexx,calls1minmobsmorelkpobox177hp51fl"
fraud,"todays,vodafone,numbers,ending,with,0089my,last,four,digits,are,selected,to,received,a,350,award,if,your,number,matches,please,call,09063442151,to,claim,your,350,award"
fraud,"free,top,ringtone,sub,to,weekly,ringtoneget,1st,week,freesend,subpoly,to,816183,per,weekstop,sms08718727870"
fraud,"sunshine,quiz,wkly,q,win,a,top,sony,dvd,player,if,u,know,which,country,the,algarve,is,in,txt,ansr,to,82277,150,sptyrone"
fraud,"free,msg,sorry,a,service,you,ordered,from,81303,could,not,be,delivered,as,you,do,not,have,sufficient,credit,please,top,up,to,receive,the,service"
fraud,"hard,live,121,chat,just,60pmin,choose,your,girl,and,connect,live,call,09094646899,now,cheap,chat,uk's,biggest,live,service,vu,bcm1896wc1n3xx"
fraud,"wow,the,boys,r,back,take,that,2007,uk,tour,win,vip,tickets,prebook,with,vip,club,txt,club,to,81303,trackmarque,ltd,infovipclub4u"
fraud,"hi,this,is,mandy,sullivan,calling,from,hotmix,fmyou,are,chosen,to,receive,500000,in,our,easter,prize,drawplease,telephone,09041940223,to,claim,before,290305,or,your,prize,will,be,transferred,to,someone,else"
fraud,"someone,has,conacted,our,dating,service,and,entered,your,phone,because,they,fancy,youto,find,out,who,it,is,call,from,landline,09111030116,pobox12n146tf15"
fraud,"win,we,have,a,winner,mr,t,foley,won,an,ipod,more,exciting,prizes,soon,so,keep,an,eye,on,ur,mobile,or,visit,wwwwin82050couk"
fraud,"todays,voda,numbers,ending,1225,are,selected,to,receive,a,50award,if,you,have,a,match,please,call,08712300220,quoting,claim,code,3100,standard,rates,app"
fraud,"hottest,pics,straight,to,your,phone,see,me,getting,wet,and,wanting,just,for,you,xx,text,pics,to,89555,now,txt,costs,150p,textoperator,g696ga,18,xxx"
fraud,"free,nokia,or,motorola,with,upto,12mths,12price,linerental,500,free,xnet,mins100txtmth,free,b'tooth,call,mobileupd8,on,08001950382,or,call,2optoutd3wv"
fraud,"this,is,the,2nd,time,we,have,tried,2,contact,u,u,have,won,the,750,pound,prize,2,claim,is,easy,call,08718726970,now,only,10p,per,min,btnationalrate"
fraud,"you,have,won,a,guaranteed,1000,cash,or,a,2000,prizeto,claim,yr,prize,call,our,customer,service,representative,on"
fraud,"would,you,like,to,see,my,xxx,pics,they,are,so,hot,they,were,nearly,banned,in,the,uk"
fraud,"u,have,a,secret,admirer,who,is,looking,2,make,contact,with,ufind,out,who,they,rreveal,who,thinks,ur,so,specialcall,on,09058094594"
fraud,"dear,0776xxxxxxx,u've,been,invited,to,xchat,this,is,our,final,attempt,to,contact,u,txt,chat,to,86688,150pmsgrcvdhgsuite3422landsroww1j6hl,ldn,18yrs"
fraud,"urgent,please,call,09061743811,from,landline,your,abta,complimentary,4,tenerife,holiday,or,5000,cash,await,collection,sae,tcs,box,326,cw25wx,150ppm"
fraud,"call,09090900040,listen,to,extreme,dirty,live,chat,going,on,in,the,office,right,now,total,privacy,no,one,knows,your,sic,listening,60p,min,247mp,0870753331018"
fraud,"freemsg,hey,u,i,just,got,1,of,these,videopic,fones,reply,wild,to,this,txt,ill,send,u,my,pics,hurry,up,im,so,bored,at,work,xxx,18,150prcvd,stop2stop"
fraud,"free,entry,in,2,a,weekly,comp,for,a,chance,to,win,an,ipod,txt,pod,to,80182,to,get,entry,std,txt,rate,tc's,apply,08452810073,for,details,18"
fraud,"more,people,are,dogging,in,your,area,now,call,09090204448,and,join,like,minded,guys,why,not,arrange,1,yourself,there's,1,this,evening,a150,minapn,ls278bb"
fraud,"you,have,won,a,guaranteed,200,award,or,even,1000,cashto,claim,ur,award,call,free,on,08000407165,18,2,stop,getstop,on,88222,php"
fraud,"urgent,your,mobile,no,won,a,2000,bonus,caller,prize,on,020603,this,is,the,2nd,attempt,to,reach,you,call,09066362220"
fraud,"sexy,singles,are,waiting,for,you,text,your,age,followed,by,your,gender,as,wither,m,or,f,eg23f,for,gay,men,text,your,age,followed,by,a,g,eg23g"
fraud,"freemsg,claim,ur,250,sms,messagestext,ok,to,84025,nowuse,web2mobile,2,ur,mates,etc,join,txt250com,for,150pwk"
fraud,"well,done,england,get,the,official,poly,ringtone,or,colour,flag,on,yer,mobile,text,tone,or,flag,to,84199,now,optout,txt,eng,stop,box39822,w111wx,150"
fraud,"final,chance,claim,ur,150,worth,of,discount,vouchers,today,text,yes,to,85023,now,savamob,member,offers,mobile,t,cs,savamob,pobox84,m263uz,300,subs,16"
fraud,"private,your,2004,account,statement,for,07742676969,shows,786,unredeemed,bonus,points,to,claim,call,08719180248,identifier,code,45239,expires"
fraud,"sms,services,for,your,inclusive,text,credits,pls,goto,wwwcomuknet,login,unsubscribe,with,stop,no,extra,charge"
fraud,"free2day,sexy,st,george's,day,pic,of,jordantxt,pic,to,89080,dont,miss,out,then,every,wk,a,saucy,celeb4,more,pics,c,pocketbabecouk,0870241182716,3wk"
fraud,"you,are,a,winner,you,have,been,specially,selected,to,receive,1000,cash,or,a,2000,award,speak,to,a,live,operator,to,claim,call,087123002209am7pm,cost,10p"
fraud,"sunshine,hols,to,claim,ur,med,holiday,send,a,stamped,self,address,envelope,to,drinks,on,us,uk,po,box,113,bray,wicklow,eire,quiz,starts,saturday,unsub,stop"
fraud,"u,can,win,100,of,music,gift,vouchers,every,week,starting,now,txt,the,word,draw,to,87066,tscs,wwwidewcom,skillgame,1winaweek,age16,150p,per,messsubscription"
fraud,"123,congratulations,in,this,week's,competition,draw,u,have,won,the,1450,prize,to,claim,just,call,09050002311,b4280703,tcsstop,sms,08718727868,over,18,only,150ppm"
fraud,"your,b4u,voucher,wc,2703,is,marsms,log,onto,wwwb4utelecom,for,discount,credit,to,opt,out,reply,stop,customer,care,call,08717168528"
fraud,"freemsg,hey,i'm,buffy,25,and,love,to,satisfy,men,home,alone,feeling,randy,reply,2,c,my,pix,qlynnbv,help08700621170150p,a,msg,send,stop,to,stop,txts"
fraud,"sunshine,hols,to,claim,ur,med,holiday,send,a,stamped,self,address,envelope,to,drinks,on,us,uk,po,box,113,bray,wicklow,eire,quiz,starts,saturday,unsub,stop"
fraud,"free,for,1st,week,no1,nokia,tone,4,ur,mob,every,week,just,txt,nokia,to,87077,get,txting,and,tell,ur,mates,zed,pobox,36504,w45wq,norm150ptone,16"
fraud,"shop,till,u,drop,is,it,you,either,10k,5k,500,cash,or,100,travel,voucher,call,now,09064011000,ntt,po,box,cr01327bt,fixedline,cost,150ppm,mobile,vary"
fraud,"free,camera,phones,with,linerental,from,449month,with,750,cross,ntwk,mins,12,price,txt,bundle,deals,also,avble,call,08001950382"
fraud,"urgent,your,mobile,no,07xxxxxxxxx,won,a,2000,bonus,caller,prize,on,020603,this,is,the,2nd,attempt,to,reach,you,call,09066362231,asap,box97n7qp,150ppm"
fraud,"urgent,your,4,costa,del,sol,holiday,or,5000,await,collection,call,09050090044,now,toclaim,sae,tc,s,pobox334,stockport,sk38xh,cost150pm,max10mins"
fraud,"you,have,won,a,guaranteed,1000,cash,or,a,2000,prize,to,claim,yr,prize,call,our,customer,service,representative,on,08714712379,between,10am7pm,cost,10p"
fraud,"thanks,for,your,ringtone,order,ref,number,k718,your,mobile,will,be,charged,450,should,your,tone,not,arrive,please,call,customer,services,on,09065069120"
fraud,"thanks,for,your,ringtone,order,ref,number,r836,your,mobile,will,be,charged,450,should,your,tone,not,arrive,please,call,customer,services,on,09065069154"
fraud,"splashmobile,choose,from,1000s,of,gr8,tones,each,wk,this,is,a,subscrition,service,with,weekly,tones,costing,300p,u,have,one,credit,kick,back,and,enjoy"
fraud,"forwarded,from,88877free,entry,into,our,250,weekly,comp,just,send,the,word,enter,to,88877,now,18,tc,wwwtextcompcom"
fraud,"had,your,mobile,11mths,update,for,free,to,oranges,latest,colour,camera,mobiles,unlimited,weekend,calls,call,mobile,08000839402"
fraud,"you,have,1,new,message,please,call,08718738034"
fraud,"forwarded,from,21870000hi,this,is,your,mailbox,messaging,sms,alert,you,have,4,messages,you,have,21,matches,please,call,back,on,09056242159,to,retrieve,your,messages,and,matches"
fraud,"congrats,1,year,special,cinema,pass,for,2,is,yours,call,09061209465,now,c,suprman,v,matrix3,starwars3,etc,all,4,free,bx420ip45we,150pm,dont,miss,out"
fraud,"win,a,year,supply,of,cds,4,a,store,of,ur,choice,worth,500,enter,our,100,weekly,draw,txt,music,to,87066,tscs,wwwldewcomsubs161win150ppmx3"
fraud,"moby,pub,quizwin,a,100,high,street,prize,if,u,know,who,the,new,duchess,of,cornwall,will,be,txt,her,first,name,to,82277unsub,stop,150,008704050406,sp,arrow"
fraud,"you,have,won,a,nokia,7250i,this,is,what,you,get,when,you,win,our,free,auction,to,take,part,send,nokia,to,86021,now,hgsuite3422lands,roww1jhl,16"
fraud,"congratulations,thanks,to,a,good,friend,u,have,won,the,2000,xmas,prize,2,claim,is,easy,just,call,08718726971,now,only,10p,per,minute,btnationalrate"
fraud,"urgent,your,mobile,number,won,a,2000,bonus,caller,prize,on,100603,this,is,the,2nd,attempt,to,reach,you,call,09066368753,asap,box,97n7qp,150ppm"
fraud,"double,your,mins,txts,on,orange,or,12,price,linerental,motorola,and,sonyericsson,with,btooth,freenokia,free,call,mobileupd8,on,08000839402,or2optouthv9d"
fraud,"download,as,many,ringtones,as,u,like,no,restrictions,1000s,2,choose,u,can,even,send,2,yr,buddys,txt,sir,to,80082,3"
fraud,"please,call,08712402902,immediately,as,there,is,an,urgent,message,waiting,for,you"
fraud,"spook,up,your,mob,with,a,halloween,collection,of,a,logo,pic,message,plus,a,free,eerie,tone,txt,card,spook,to,8007,zed,08701417012150p,per,logopic"
fraud,"fantasy,football,is,back,on,your,tv,go,to,sky,gamestar,on,sky,active,and,play,250k,dream,team,scoring,starts,on,saturday,so,register,nowsky,opt,out,to,88088"
fraud,"someone,has,contacted,our,dating,service,and,entered,your,phone,becausethey,fancy,you,to,find,out,who,it,is,call,from,a,landline,09058098002,pobox1,w14rg,150p"
fraud,"babe,u,want,me,dont,u,baby,im,nasty,and,have,a,thing,4,filthyguys,fancy,a,rude,time,with,a,sexy,bitch,how,about,we,go,slo,n,hard,txt,xxx,slo4msgs"
fraud,"valentines,day,special,win,over,1000,in,our,quiz,and,take,your,partner,on,the,trip,of,a,lifetime,send,go,to,83600,now,150pmsg,rcvd,custcare08718720201"
fraud,"winner,as,a,valued,network,customer,you,hvae,been,selected,to,receive,a,900,reward,to,collect,call,09061701444,valid,24,hours,only,acl03530150pm"
fraud,"hello,sir,i,am,from,paytm,your,kyc,is,finished,with,paytm,will,you,get,kyc,done"
fraud,"hello,sir,i,am,speaking,from,paytm,have,you,ever,had,kyc,if,not,done,please,get,it,done"
fraud,"sir,i'm,speaking,through,phonepe,you,have,received,a,cashback,of,5000,why,haven't,you,received,yet,for,receive,it,tell,us,about,your,bank,account,number"
fraud,"sir,give,me,your,atm,number"
fraud,"hello,sir,you,are,ending,atm,card,validity,today,please,turn,it,on"
fraud,"hello,sir,i,am,speaking,from,sbi,bank,you,want,to,open,a,new,account,so,please,share,your,aadhaar,number,with,us"
fraud,"hello,sir,i,am,speaking,from,sbi,bank,5000,has,been,deducted,from,your,account,please,share,your,account,number,to,withdraw,it"
fraud,"sir,i,am,speaking,from,icici,bank,do,you,want,to,open,your,new,account"
fraud,"hello,sir,i,am,speaking,from,icici,bank,your,atm,card,date,has,expired,please,share,your,aadhaar,number,to,run,a,new,atm,card"
fraud,"sir,i,can,know,your,aadhar,card,number"
fraud,"sir,can,i,know,your,account,number"
fraud,"sir,i,can,know,your,cvv,pin"
fraud,"sir,i,can,know,your,atm,card,number"
fraud,"hello,sir,i,am,talking,to,the,insurance,company,a,new,offer,has,come,would,you,like,to,take"
fraud,"hello,sir,i,am,talking,to,lic,a,new,policy,has,come,would,you,like,to,have,it"
fraud,"brother,how,are,you,i,am,speaking,raju,will,you,give,me,your,atm,card"
fraud,"hello,yes,brother,i,am,speaking,vimal,what,are,you,doing,hey,i,wanted,your,atm,card,will,you"
fraud,"hello,friend,i,am,speaking,vimali,wanted,your,bank,account,number,there,was,some,work"
fraud,"hello,i,am,a,military,man,i,need,some,help,from,you,will,help,me"
fraud,"hello,i,am,from,maharashtra,police,your,account,number,has,been,hacked,please,share,your,account,number,with,me"
fraud,"hello,i,am,from,mumbai,police,your,mobile,number,is,used,in,crime,please,share,the,data"
fraud,"i,am,from,icici,bank,you,have,received,an,offer,to,avail,this,a,4,digit,otp,has,been,placed,on,your,mobile,number,please,share,otp,with,me"
fraud,"hello,sir,i,am,from,hdfc,bank"
fraud,"hello,sir,i,am,from,kotak,mahindra,bank,bank"
fraud,"hello,sir,i,am,from,sbi,bank"
fraud,"hello,sir,i,am,from,bank,of,baroda"
fraud,"hello,sir,i,am,from,corporation,bank"
fraud,"hello,sir,i,am,from,panjab,national,bank"
fraud,"hello,sir,i,am,from,paytm,bank"
fraud,"hello,sir,i,am,from,icici,bank"
fraud,"hello,sir,do,you,want,to,make,your,license,from,home"
fraud,"dear,7977xxxx34,win,1st,prize,of,rs,2,lakhs,create,your,team,for,ind,vs,eng,1st,odi,on,paytm,first,games,win,up,to,rs,10,cr,click,mpaytmmefnpt,tc"
fraud,"freemsg,you,have,been,awarded,a,free,mini,digital,camera,just,reply,snap,to,collect,your,prize,quizclub,opt,out,stop,80122300pwk,sprwm,ph08704050406"
fraud,"this,message,is,brought,to,you,by,gmw,ltd,and,is,not,connected,to,the"
fraud,"congrats,2,mobile,3g,videophones,r,yours,call,09063458130,now,videochat,wid,ur,mates,play,java,games,dload,polyph,music,noline,rentl,bx420,ip4,5we,150p"
fraud,"your,next,amazing,xxx,picsfree1,video,will,be,sent,to,you,enjoy,if,one,vid,is,not,enough,for,2day,text,back,the,keyword,picsfree1,to,get,the,next,video"
fraud,"u,are,subscribed,to,the,best,mobile,content,service,in,the,uk,for,3,per,ten,days,until,you,send,stop,to,83435"
fraud,"3,free,tarot,texts,find,out,about,your,love,life,now,try,3,for,free,text,chance,to,85555,16,only"
fraud,"sunshine,quiz,wkly,q,win,a,top,sony,dvd,player,if,u,know,which,country,liverpool,played,in,mid,week,txt,ansr,to,82277,150,sptyrone"
fraud,"knock,knock,txt,whose,there,to,80082,to,enter,r,weekly,draw,4,a,250,gift,voucher,4,a,store,of,yr,choice,tcs,wwwtklscom,age16,to,stoptxtstop150week"
fraud,"free,ring,tone,just,text,polys,to,87131,then,every,week,get,a,new,tone,0870737910216yrs,only,150wk"
fraud,"you,are,guaranteed,the,latest,nokia,phone,a,40gb,ipod,mp3,player,or,a,500,prize,txt,word,collect,to,no,83355,ibhltd,ldnw15h,150pmtmsgrcvd18"
fraud,"hello,darling,how,are,you,today,i,would,love,to,have,a,chat,why,dont,you,tell,me,what,you,look,like,and,what,you,are,in,to,sexy"
fraud,"8007,free,for,1st,week,no1,nokia,tone,4,ur,mob,every,week,just,txt,nokia,to,8007,get,txting,and,tell,ur,mates,wwwgetzedcouk,pobox,36504,w4,5wq,norm,150ptone,16"
fraud,"wanna,get,laid,2nite,want,real,dogging,locations,sent,direct,to,ur,mobile,join,the,uk's,largest,dogging,network,txt,park,to,69696,now,nyt,ec2a,3lp,150msg"
fraud,"we,tried,to,contact,you,re,your,response,to,our,offer,of,a,new,nokia,fone,and,camcorder,hit,reply,or,call,08000930705,for,delivery"
fraud,"new,tones,this,week,include,1mcflyall,ab,2,sara,jorgeshock,3,will,smithswitch,to,order,follow,instructions,on,next,message"
fraud,"urgent,we,are,trying,to,contact,u,todays,draw,shows,that,you,have,won,a,800,prize,guaranteed,call,09050003091,from,land,line,claim,c52,valid,12hrs,only"
fraud,"urgent,urgent,we,have,800,free,flights,to,europe,to,give,away,call,b4,10th,sept,take,a,friend,4,free,call,now,to,claim,on,09050000555,ba128nnfwfly150ppm"
fraud,"from,88066,lost,12,help"
fraud,"freemsg,fancy,a,flirt,reply,date,now,join,the,uks,fastest,growing,mobile,dating,service,msgs,rcvd,just,25p,to,optout,txt,stop,to,83021,reply,date,now"
fraud,"great,new,offer,double,mins,double,txt,on,best,orange,tariffs,and,get,latest,camera,phones,4,free,call,mobileupd8,free,on,08000839402,now,or,2stoptxt,tcs"
fraud,"hope,you,enjoyed,your,new,content,text,stop,to,61610,to,unsubscribe,help08712400602450p,provided,by,tones2youcouk"
fraud,"urgent,please,call,09066612661,from,landline,5000,cash,or,a,luxury,4,canary,islands,holiday,await,collection,tcs,sae,award,20m12aq,150ppm,16"
fraud,"urgent,please,call,09066612661,from,your,landline,your,complimentary,4,lux,costa,del,sol,holiday,or,1000,cash,await,collection,ppm,150,sae,tcs,james,28,eh74rr"
fraud,"i,don't,know,u,and,u,don't,know,me,send,chat,to,86688,now,and,let's,find,each,other,only,150pmsg,rcvd"
fraud,"married,local,women,looking,for,discreet,action,now,5,real,matches,instantly,to,your,phone"
fraud,"burger,king,wanna,play,footy,at,a,top,stadium,get,2,burger,king,before,1st,sept,and,go,large,or,super,with,cocacola,and,walk,out,a,winner"
fraud,"how,come,it,takes,so,little,time,for,a,child,who,is,afraid,of,the,dark,to,become,a,teenager,who,wants,to,stay,out,all,night"
fraud,"for,ur,chance,to,win,a,250,cash,every,wk,txt,action,to,80608,t'sc's,wwwmovietriviatv,custcare,08712405022,1x150pwk"
fraud,"uve,bin,awarded,50,to,play,4,instant,cash,call,08715203028,to,claim,every,9th,player,wins,min,50500,optout,08718727870"
fraud,"freemsgfav,xmas,tonesreply,real"
fraud,"december,only,had,your,mobile,11mths,you,are,entitled,to,update,to,the,latest,colour,camera,mobile,for,free,call,the,mobile,update,co,free,on,08002986906"
fraud,"gr8,poly,tones,4,all,mobs,direct,2u,rply,with,poly,title,to,8007,eg,poly,breathe1,titles,crazyin,sleepingwith,finest,ymca,getzedcouk,pobox365o4w45wq,300p"
fraud,"interflora,it's,not,too,late,to,order,interflora,flowers,for,christmas,call,0800,505060,to,place,your,order,before,midnight,tomorrow"
fraud,"everyone,around,should,be,responding,well,to,your,presence,since,you,are,so,warm,and,outgoing,you,are,bringing,in,a,real,breath,of,sunshine"
fraud,"congratulations,thanks,to,a,good,friend,u,have,won,the,2000,xmas,prize,2,claim,is,easy,just,call,08712103738,now,only,10p,per,minute,btnationalrate"
fraud,"send,a,logo,2,ur,lover,2,names,joined,by,a,heart,txt,love,name1,name2,mobno,eg,love,adam,eve,07123456789,to,87077,yahoo,pobox36504w45wq,txtno,4,no,ads,150p"
fraud,"you've,won,tkts,to,the,euro2004,cup,final,or,800,cash,to,collect,call,09058099801,b4190604,pobox,7876150ppm"
fraud,"freemessage,jamsterget,the,crazy,frog,sound,now,for,poly,text,mad1,for,real,text,mad2,to,88888,6,crazy,sounds,for,just,3,gbpweek,16only,tc's,apply"
fraud,"your,chance,to,be,on,a,reality,fantasy,show,call,now,08707509020,just,20p,per,min,ntt,ltd,po,box,1327,croydon,cr9,5wb,0870,is,a,national,rate,call"
fraud,"adult,18,content,your,video,will,be,with,you,shortly"
fraud,"your,chance,to,be,on,a,reality,fantasy,show,call,now,08707509020,just,20p,per,min,ntt,ltd,po,box,1327,croydon,cr9,5wb,0870,is,a,national,rate,call"
fraud,"hey,boys,want,hot,xxx,pics,sent,direct,2,ur,phone,txt,porn,to,69855,24hrs,free,and,then,just,50p,per,day,to,stop,text,stopbcm,sf,wc1n3xx"
fraud,"last,chance,claim,ur,150,worth,of,discount,vouchers,today,text,shop,to,85023,now,savamob,offers,mobile,t,cs,savamob,pobox84,m263uz,300,sub,16"
fraud,"pdatenow,double,mins,and,1000,txts,on,orange,tariffs,latest,motorola,sonyericsson,nokia,bluetooth,free,call,mobileupd8,on,08000839402,or,call2optoutyhl"
fraud,"ur,cashbalance,is,currently,500,pounds,to,maximize,ur,cashin,now,send,cash,to,86688,only,150pmsg,cc,08718720201,po,box,11414,tcrw1"
fraud,"urgent,your,mobile,number,has,been,awarded,with,a,2000,prize,guaranteed,call,09058094454,from,land,line,claim,3030,valid,12hrs,only"
fraud,"sorry,u,can,not,unsubscribe,yet,the,mob,offer,package,has,a,min,term,of,54,weeks,pls,resubmit,request,after,expiry,reply,themob,help,4,more,info"
fraud,"you,have,1,new,message,please,call,08712400200"
fraud,"we,currently,have,a,message,awaiting,your,collection,to,collect,your,message,just,call,08718723815"
fraud,"urgent,your,mobile,was,awarded,a,1500,bonus,caller,prize,on,27603,our,final,attempt,2,contact,u,call,08714714011"
fraud,"u,have,a,secret,admirer,reveal,who,thinks,u,r,so,special,call,09065174042,to,opt,out,reply,reveal,stop,150,per,msg,recd,cust,care,07821230901"
fraud,"do,you,ever,notice,that,when,you're,driving,anyone,going,slower,than,you,is,an,idiot,and,everyone,driving,faster,than,you,is,a,maniac"
fraud,"xmas,offer,latest,motorola,sonyericsson,nokia,free,bluetooth,or,dvd,double,mins,1000,txt,on,orange"
fraud,"reply,to,win,100,weekly,what,professional,sport,does,tiger,woods,play,send,stop,to,87239,to,end,service"
fraud,"no,1,polyphonic,tone,4,ur,mob,every,week,just,txt,pt2,to,87575,1st,tone,free,so,get,txtin,now,and,tell,ur,friends,150ptone,16,reply,hl,4info"
fraud,"hot,live,fantasies,call,now,08707509020,just,20p,per,min,ntt,ltd,po,box,1327,croydon,cr9,5wb,0870,is,a,national,rate,call"
fraud,"this,message,is,free,call,welcome,to,the,new,improved,sex,dogging,club,to,unsubscribe,from,this,service,reply,stop,msgs150p,18only"
fraud,"you've,won,tkts,to,the,euro2004,cup,final,or,800,cash,to,collect,call,09058099801,b4190604,pobox,7876150ppm"
fraud,"loan,for,any,purpose,500,75000,homeowners,tenants,welcome,have,you,been,previously,refused,we,can,still,help,call,free,0800,1956669,or,text,back,help"
fraud,"updatenow,12mths,half,price,orange,line,rental,400minscall,mobileupd8,on,08000839402,or,call2optoutj5q"
fraud,"free,unlimited,hardcore,porn,direct,2,your,mobile,txt,porn,to,69200,get,free,access,for,24,hrs,then,chrgd50p,per,day,txt,stop,2exit,this,msg,is,free"
fraud,"you,are,now,unsubscribed,all,services,get,tons,of,sexy,babes,or,hunks,straight,to,your,phone,go,to,httpgotbabescouk,no,subscriptions"
fraud,"hi,babe,its,jordan,how,r,u,im,home,from,abroad,and,lonely,text,me,back,if,u,wanna,chat,xxsp,visionsmscom,text,stop,to,stopcost,150p,08712400603"
fraud,"get,a,brand,new,mobile,phone,by,being,an,agent,of,the,mob,plus,loads,more,goodies,for,more,info,just,text,mat,to,87021"
fraud,"lord,of,the,ringsreturn,of,the,king,in,store,nowreply,lotr,by,2,june,4,chance,2,win,lotr,soundtrack,cds,stdtxtrate,reply,stop,to,end,txts"
fraud,"good,luck,draw,takes,place,28th,feb,06,good,luck,for,removal,send,stop,to,87239,customer,services,08708034412"
fraud,"free,entry,in,2,a,weekly,comp,for,a,chance,to,win,an,ipod,txt,pod,to,80182,to,get,entry,std,txt,rate,tc's,apply,08452810073,for,details,18"
fraud,"1st,wk,free,gr8,tones,str8,2,u,each,wk,txt,nokia,on,to,8007,for,classic,nokia,tones,or,hit,on,to,8007,for,polys,nokia150p,poly200p,16"
fraud,"lookatme,thanks,for,your,purchase,of,a,video,clip,from,lookatme,you've,been,charged,35p,think,you,can,do,better,why,not,send,a,video,in,a,mmsto,32323"
fraud,"sexy,sexy,cum,and,text,me,im,wet,and,warm,and,ready,for,some,porn,u,up,for,some,fun,this,msg,is,free,recd,msgs,150p,inc,vat,2,cancel,text,stop"
fraud,"hard,live,121,chat,just,60pmin,choose,your,girl,and,connect,live,call,09094646899,now,cheap,chat,uk's,biggest,live,service,vu,bcm1896wc1n3xx"
fraud,"not,heard,from,u4,a,while,call,4,rude,chat,private,line,01223585334,to,cum,wan,2c,pics,of,me,gettin,shagged,then,text,pix,to,8552,2end,send,stop,8552,sam,xxx"
fraud,"this,is,the,2nd,time,we,have,tried,to,contact,u,u,have,won,the,1450,prize,to,claim,just,call,09053750005,b4,310303,tcsstop,sms,08718725756,140ppm"
fraud,"hot,live,fantasies,call,now,08707509020,just,20p,per,min,ntt,ltd,po,box,1327,croydon,cr9,5wb,0870k"
fraud,"dear,voucher,holder,to,claim,this,weeks,offer,at,you,pc,please,go,to,httpwwwetlpcoukreward,tscs,apply"
fraud,"ur,going,2,bahamas,callfreefone,08081560665,and,speak,to,a,live,operator,to,claim,either,bahamas,cruise,of2000,cash,18only,to,opt,out,txt,x,to,07786200117"
fraud,"this,is,the,2nd,time,we,have,tried,2,contact,u,u,have,won,the,750,pound,prize,2,claim,is,easy,call,08712101358,now,only,10p,per,min,btnationalrate"
fraud,"ur,awarded,a,city,break,and,could,win,a,200,summer,shopping,spree,every,wk,txt,store,to,88039skilgmetscs087147403231winawkage16150perwksub"
fraud,"urgent,we,are,trying,to,contact,u,todays,draw,shows,that,you,have,won,a,2000,prize,guaranteed,call,09066358361,from,land,line,claim,y87,valid,12hrs,only"
fraud,"thanks,for,your,ringtone,order,reference,number,x29,your,mobile,will,be,charged,450,should,your,tone,not,arrive,please,call,customer,services,09065989180"
fraud,"six,chances,to,win,cash,from,100,to,20000,pounds,txt,csh11,and,send,to,87575,cost,150pday,6days,16,tsandcs,apply,reply,hl,4,info"
fraud,"ur,cashbalance,is,currently,500,pounds,to,maximize,ur,cashin,now,send,collect,to,83600,only,150pmsg,cc,08718720201,po,box,11414,tcrw1"
fraud,"congratulations,thanks,to,a,good,friend,u,have,won,the,2000,xmas,prize,2,claim,is,easy,just,call,08718726978,now,only,10p,per,minute,btnationalrate"
fraud,"44,7732584351,do,you,want,a,new,nokia,3510i,colour,phone,deliveredtomorrow,with,300,free,minutes,to,any,mobile,100,free,texts,free,camcorder,reply,or,call,08000930705"
fraud,"you,have,1,new,voicemail,please,call,08719181513"
fraud,"someone,u,know,has,asked,our,dating,service,2,contact,you,cant,guess,who,call,09058097189,now,all,will,be,revealed,pobox,6,ls15hb,150p"
fraud,"camera,you,are,awarded,a,sipix,digital,camera,call,09061221066,fromm,landline,delivery,within,28,days"
fraud,"todays,voda,numbers,ending,5226,are,selected,to,receive,a,350,award,if,you,hava,a,match,please,call,08712300220,quoting,claim,code,1131,standard,rates,app"
fraud,"this,message,is,free,welcome,to,the,new,improved,sex,dogging,club,to,unsubscribe,from,this,service,reply,stop,msgs150p,18,only"
fraud,"free,message,activate,your,500,free,text,messages,by,replying,to,this,message,with,the,word,free,for,terms,conditions,visit,www07781482378com"
fraud,"you,are,being,contacted,by,our,dating,service,by,someone,you,know,to,find,out,who,it,is,call,from,a,land,line,09050000928,pobox45w2tg150p"
fraud,"sorry,i,missed,your,call,let's,talk,when,you,have,the,time,i'm,on,07090201529"
fraud,"complimentary,4,star,ibiza,holiday,or,10000,cash,needs,your,urgent,collection,09066364349,now,from,landline,not,to,lose,out,box434sk38wp150ppm18"
fraud,"free,msgwe,billed,your,mobile,number,by,mistake,from,shortcode,83332please,call,08081263000,to,have,charges,refundedthis,call,will,be,free,from,a,bt,landline"
fraud,"please,call,08712402972,immediately,as,there,is,an,urgent,message,waiting,for,you"
fraud,"urgent,your,mobile,number,has,been,awarded,with,a,2000,bonus,caller,prize,call,09058095201,from,land,line,valid,12hrs,only"
fraud,"as,a,valued,customer,i,am,pleased,to,advise,you,that,following,recent,review,of,your,mob,no,you,are,awarded,with,a,1500,bonus,prize,call,09066364589"
fraud,"do,you,want,a,new,nokia,3510i,colour,phone,deliveredtomorrow,with,300,free,minutes,to,any,mobile,100,free,texts,free,camcorder,reply,or,call,08000930705"
fraud,"life,has,never,been,this,much,fun,and,great,until,you,came,in,you,made,it,truly,special,for,me,i,won't,forget,you,enjoy,one,gbpsms"
fraud,"do,you,want,a,new,video,phone,600,anytime,any,network,mins,400,inclusive,video,calls,and,downloads,5,per,week,free,deltomorrow,call,08002888812,or,reply,now"
fraud,"as,a,valued,customer,i,am,pleased,to,advise,you,that,following,recent,review,of,your,mob,no,you,are,awarded,with,a,1500,bonus,prize,call,09066368470"
fraud,"welcome,please,reply,with,your,age,and,gender,to,begin,eg,24m"
fraud,"freemsg,1month,unlimited,free,calls,activate,smartcall,txt,call,to,no,68866,subscriptn3gbpwk,unlimited,calls,help,08448714184,stoptxt,stop,landlineonly"
fraud,"had,your,mobile,10,mths,update,to,latest,orange,cameravideo,phones,for,free,save,s,with,free,textsweekend,calls,text,yes,for,a,callback,orno,to,opt,out"
fraud,"am,new,2,club,dont,fink,we,met,yet,will,b,gr8,2,c,u,please,leave,msg,2day,wiv,ur,area,09099726553,reply,promised,carlie,x,calls1minmobsmore,lkpobox177hp51fl"
fraud,"camera,you,are,awarded,a,sipix,digital,camera,call,09061221066,fromm,landline,delivery,within,28,days"
fraud,"get,a,free,mobile,video,player,free,movie,to,collect,text,go,to,89105,its,free,extra,films,can,be,ordered,t's,and,c's,apply,18,yrs,only"
fraud,"save,money,on,wedding,lingerie,at,wwwbridalpetticoatdreamscouk,choose,from,a,superb,selection,with,national,delivery,brought,to,you,by,weddingfriend"
fraud,"not,heard,from,u4,a,while,call,me,now,am,here,all,night,with,just,my,knickers,on,make,me,beg,for,it,like,u,did,last,time,01223585236,xx,luv,nikiyu4net"
fraud,"bloomberg,message,center,447797706009,why,wait,apply,for,your,future,httpcareers,bloombergcom"
fraud,"urgent,we,are,trying,to,contact,u,todays,draw,shows,that,you,have,won,a,800,prize,guaranteed,call,09050001808,from,land,line,claim,m95,valid12hrs,only"
fraud,"do,you,want,a,new,video,phone750,anytime,any,network,mins,150,text,for,only,five,pounds,per,week,call,08000776320,now,or,reply,for,delivery,tomorrow"
fraud,"you,are,being,contacted,by,our,dating,service,by,someone,you,know,to,find,out,who,it,is,call,from,a,land,line,09050000878,pobox45w2tg150p"
fraud,"wan2,win,a,meetgreet,with,westlife,4,u,or,a,m8,they,are,currently,on,what,tour,1unbreakable,2untamed,3unkempt,text,12,or,3,to,83049,cost,50p,std,text"
fraud,"you,are,a,1000,winner,or,guaranteed,caller,prize,this,is,our,final,attempt,to,contact,you,to,claim,call,09071517866,now,150ppmpobox10183bhamb64xe"
fraud,"xmas,new,years,eve,tickets,are,now,on,sale,from,the,club,during,the,day,from,10am,till,8pm,and,on,thurs,fri,sat,night,this,week,they're,selling,fast"
fraud,"rock,yr,chik,get,100's,of,filthy,films,xxx,pics,on,yr,phone,now"
fraud,"from,next,month,get,upto,50,more,calls,4,ur,standard,network,charge,2,activate,call,9061100010,c,wire3"
fraud,"urgent,we,are,trying,to,contact,u,todays,draw,shows,that,you,have,won,a,800,prize,guaranteed"
fraud,"text,banneduk,to,89555,to,see,cost,150p,textoperator,g696ga,18,xxx"
fraud,"collect,your,valentine's,weekend,to,paris,inc,flight,hotel,200,prize,guaranteed,text,paris,to,no,69101,wwwrtfsphostingcom"
fraud,"customer,loyalty,offerthe,new,nokia6650,mobile,from,only,10,at,txtauction,txt,word,start,to,no,81151,get,yours,now,4tctxt,tc,150pmtmsg"
fraud,"you,won't,believe,it,but,it's,true,it's,incredible,txts,reply,g,now,to,learn,truly,amazing,things,that,will,blow,your,mind,from,o2fwd,only,18ptxt"
fraud,"i,am,hot,n,horny,and,willing,i,live,local,to,you,text,a,reply,to,hear,strt,back,from,me,150p,per,msg,netcollex,ltdhelpdesk"
fraud,"do,you,want,a,new,nokia,3510i,colour,phone,delivered,tomorrow,with,200,free,minutes,to,any,mobile,100,free,text,free,camcorder,reply,or,call,08000930705"
fraud,"congratulations,you've,won,you're,a,winner,in,our,august,1000,prize,draw"
fraud,"get,the,official,england,poly,ringtone,or,colour,flag,on,yer,mobile,for,tonights,game,text,tone,or,flag,to,84199,optout,txt,eng,stop,box39822,w111wx,150"
fraud,"customer,service,announcement,we,recently,tried,to,make,a,delivery,to,you,but,were,unable,to,do,so,please,call,07090298926,to,reschedule,ref9307622"
fraud,"you,can,stop,further,club,tones,by,replying,stop,mix,see,mytonecomenjoy,html,for,terms,club,tones,cost,gbp450week,mfl,po,box,1146,mk45,2wt,23"
fraud,"wamma,get,laidwant,real,doggin,locations,sent,direct,to,your,mobile,join,the,uks,largest,dogging,network,txt,dogs,to,69696,nownyt,ec2a,3lp,150msg"
fraud,"you,have,won,a,nokia,7250i,this,is,what,you,get,when,you,win,our,free,auction,to,take,part,send,nokia,to,86021,now,hgsuite3422lands,roww1jhl,16"
fraud,"promotion,number,8714714,ur,awarded,a,city,break,and,could,win,a,200,summer,shopping,spree,every,wk,txt,store,to,88039,skilgme,tscs087147403231winawkage16,150perwksub"
fraud,"you,are,a,winner,you,have,been,specially,selected,to,receive,1000,cash,or,a,2000,award,speak,to,a,live,operator,to,claim,call,087147123779am7pm,cost,10p"
fraud,"free,top,ringtone,sub,to,weekly,ringtoneget,1st,week,freesend,subpoly,to,816183,per,weekstop,sms08718727870"
fraud,"thanks,for,your,ringtone,order,reference,number,x49,your,mobile,will,be,charged,450,should,your,tone,not,arrive,please,call,customer,services,09065989182,from,colourredtextcolourtxtstar"
fraud,"hi,there,2nights,ur,lucky,night,uve,been,invited,2,xchat,the,uks,wildest,chat,txt,chat,to,86688,now"
fraud,"22,146tf150p"
fraud,"dear,voucher,holder,2,claim,your,1st,class,airport,lounge,passes,when,using,your,holiday,voucher,call,08704439680,when,booking,quote,1st,class,x,2"
fraud,"bloomberg,message,center,447797706009,why,wait,apply,for,your,future,httpcareers,bloombergcom"
fraud,"yes,the,only,place,in,town,to,meet,exciting,adult,singles,is,now,in,the,uk,txt,chat,to,86688,now,150pmsg"
fraud,"free,for,1st,week,no1,nokia,tone,4,ur,mob,every,week,just,txt,nokia,to,8007,get,txting,and,tell,ur,mates,wwwgetzedcouk,pobox,36504,w45wq,norm150ptone,16"
fraud,"someone,u,know,has,asked,our,dating,service,2,contact,you,cant,guess,who,call,09058095107,now,all,will,be,revealed,pobox,7,s3xy,150p"
fraud,"mila,age23,blonde,new,in,uk,i,look,sex,with,uk,guys,if,u,like,fun,with,me,text,mtalk,to,6986618,30pptxt,1st,5free,150,increments,help08718728876"
fraud,"claim,a,200,shopping,spree,just,call,08717895698,now,have,you,won,mobstorequiz10ppm"
fraud,"want,to,funk,up,ur,fone,with,a,weekly,new,tone,reply,tones2u,2,this,text,wwwringtonescouk,the,original,n,best,tones,3gbp,network,operator,rates,apply"
fraud,"we,tried,to,contact,you,re,your,reply,to,our,offer,of,a,video,handset,750,anytime,any,networks,mins,unlimited,text,camcorder,reply,or,call,08000930705,now"
fraud,"urgent,we,are,trying,to,contact,you,last,weekends,draw,shows,that,you,have,won,a,900,prize,guaranteed,call,09061701851,claim,code,k61,valid,12hours,only"
fraud,"74355,xmas,iscoming,ur,awarded,either,500,cd,gift,vouchers,free,entry,2,r,100,weekly,draw,txt,music,to,87066,tnc"
fraud,"congratulations,u,can,claim,2,vip,row,a,tickets,2,c,blu,in,concert,in,november,or,blu,gift,guaranteed,call,09061104276,to,claim,tscs,wwwsmsconet,cost375max"
fraud,"fantasy,football,is,back,on,your,tv,go,to,sky,gamestar,on,sky,active,and,play,250k,dream,team,scoring,starts,on,saturday,so,register,nowsky,opt,out,to,88088"
fraud,"free,msg,single,find,a,partner,in,your,area,1000s,of,real,people,are,waiting,to,chat,nowsend,chat,to,62220cncl,send,stopcs,08717890890150,per,msg"
fraud,"win,the,newest,harry,potter,and,the,order,of,the,phoenix,book,5,reply,harry,answer,5,questions,chance,to,be,the,first,among,readers"
fraud,"free,msg,ringtonefrom,httptms,widelivecomindex,wmlid1b6a5ecef91ff937819firsttrue180430jul05"
fraud,"oh,my,god,i've,found,your,number,again,i'm,so,glad,text,me,back,xafter,this,msgs,cst,std,ntwk,chg,150"
fraud,"a,link,to,your,picture,has,been,sent,you,can,also,use,httpalto18coukwavewaveaspo44345"
fraud,"double,mins,1000,txts,on,orange,tariffs,latest,motorola,sonyericsson,nokia,with,bluetooth,free,call,mobileupd8,on,08000839402,or,call2optouthf8"
fraud,"urgent,this,is,our,2nd,attempt,to,contact,u,your,900,prize,from,yesterday,is,still,awaiting,collection,to,claim,call,now,09061702893,acl03530150pm"
fraud,"dear,dave,this,is,your,final,notice,to,collect,your,4,tenerife,holiday,or,5000,cash,award,call,09061743806,from,landline,tcs,sae,box326,cw25wx,150ppm"
fraud,"tells,u,2,call,09066358152,to,claim,5000,prize,u,have,2,enter,all,ur,mobile,personal,details,the,prompts,careful"
fraud,"your,2004,account,for,07xxxxxxxxx,shows,786,unredeemed,points,to,claim,call,08719181259,identifier,code,xxxxx,expires,260305"
fraud,"do,you,want,a,new,video,handset,750,anytime,any,network,mins,half,price,line,rental,camcorder,reply,or,call,08000930705,for,delivery,tomorrow"
fraud,"you,have,an,important,customer,service,announcement,call,freephone,0800,542,0825,now"
fraud,"freeringtone,reply,real,or,poly,eg,real1,1,pushbutton,2,dontcha,3,babygoodbye,4,golddigger,5,webeburnin,1st,tone,free,and,6,more,when,u,join,for,3wk"
fraud,"you,have,been,specially,selected,to,receive,a,3000,award,call,08712402050,before,the,lines,close,cost,10ppm,16,tcs,apply,ag,promo"
fraud,"you,have,won,as,a,valued,vodafone,customer,our,computer,has,picked,you,to,win,a,150,prize,to,collect,is,easy,just,call,09061743386"
fraud,"free,video,camera,phones,with,half,price,line,rental,for,12,mths,and,500,cross,ntwk,mins,100,txts,call,mobileupd8,08001950382,or,call2optout674"
fraud,"great,new,offer,double,mins,double,txt,on,best,orange,tariffs,and,get,latest,camera,phones,4,free,call,mobileupd8,free,on,08000839402,now,or,2stoptxt,tcs"
fraud,"bank,of,granite,issues,strongbuy,explosive,pick,for,our,members,up,over,300,nasdaq,symbol,cdgt,that,is,a,500,per"
fraud,"bored,housewives,chat,n,date,now,08717507711,btnational,rate,10pmin,only,from,landlines"
fraud,"we,tried,to,call,you,re,your,reply,to,our,sms,for,a,video,mobile,750,mins,unlimited,text,free,camcorder,reply,or,call,now,08000930705,del,thurs"
fraud,"this,is,the,2nd,time,we,have,tried,to,contact,u,u,have,won,the,400,prize,2,claim,is,easy,just,call,087104711148,now,only,10p,per,minute,btnationalrate"
fraud,"wan2,win,a,meetgreet,with,westlife,4,u,or,a,m8,they,are,currently,on,what,tour,1unbreakable,2untamed,3unkempt,text,12,or,3,to,83049,cost,50p,std,text"
fraud,"please,call,our,customer,service,representative,on,freephone,0808,145,4742,between,9am11pm,as,you,have,won,a,guaranteed,1000,cash,or,5000,prize"
fraud,"you,will,be,receiving,this,week's,triple,echo,ringtone,shortly,enjoy,it"
fraud,"u've,been,selected,to,stay,in,1,of,250,top,british,hotels,for,nothing,holiday,valued,at,350,dial,08712300220,to,claim,national,rate,call,bx526,sw73ss"
fraud,"you,are,chosen,to,receive,a,350,award,pls,call,claim,number,09066364311,to,collect,your,award,which,you,are,selected,to,receive,as,a,valued,mobile,customer"
fraud,"please,call,our,customer,service,representative,on,freephone,0808,145,4742,between,9am11pm,as,you,have,won,a,guaranteed,1000,cash,or,5000,prize"
fraud,"win,a,1000,cash,prize,or,a,prize,worth,5000"
fraud,"thanks,for,your,ringtone,order,reference,number,x49your,mobile,will,be,charged,450,should,your,tone,not,arrive,please,call,customer,services,09065989182"
fraud,"you,are,being,contacted,by,our,dating,service,by,someone,you,know,to,find,out,who,it,is,call,from,your,mobile,or,landline,09064017305,pobox75ldns7"
fraud,"tbspersolvo,been,chasing,us,since,sept,for38,definitely,not,paying,now,thanks,to,your,information,we,will,ignore,them,kath,manchester"
fraud,"loans,for,any,purpose,even,if,you,have,bad,credit,tenants,welcome,call,noworriesloanscom,on,08717111821"
fraud,"orange,brings,you,ringtones,from,all,time,chart,heroes,with,a,free,hit,each,week,go,to,ringtones,pics,on,wap,to,stop,receiving,these,tips,reply,stop"
fraud,"private,your,2003,account,statement,for,07973788240,shows,800,unredeemed,s,i,m,points,call,08715203649,identifier,code,40533,expires,311004"
fraud,"we,tried,to,call,you,re,your,reply,to,our,sms,for,a,video,mobile,750,mins,unlimited,text,free,camcorder,reply,of,call,08000930705,now"
fraud,"gsoh,good,with,spam,the,ladiesu,could,b,a,male,gigolo,2,join,the,uk's,fastest,growing,mens,club,reply,oncall,mjzgroup,087143423992stop,reply,stop,msg150rcvd"
fraud,"u,have,a,secret,admirer,who,is,looking,2,make,contact,with,ufind,out,who,they,rreveal,who,thinks,ur,so,specialcall,on,09058094599"
fraud,"hot,live,fantasies,call,now,08707500020,just,20p,per,min,ntt,ltd,po,box,1327,croydon,cr9,5wb,0870,is,a,national,rate,call"
fraud,"urgent,your,mobile,number,has,been,awarded,a,ukp2000,prize,guaranteed,call,09061790125,from,landline,claim,3030,valid,12hrs,only,150ppm"
fraud,"spjanuary,male,sale,hot,gay,chat,now,cheaper,call,08709222922,national,rate,from,15pmin,cheap,to,78pmin,peak,to,stop,texts,call,08712460324,10pmin"
fraud,"freemsg,today's,the,day,if,you,are,ready,i'm,horny,live,in,your,town,i,love,sex,fun,games,netcollex,ltd,08700621170150p,per,msg,reply,stop,to,end"
fraud,"in,the,simpsons,movie,released,in,july,2007,name,the,band,that,died,at,the,start,of,the,film,agreen,day,bblue,day,cred,day,send,a,b,or,c"
fraud,"please,call,amanda,with,regard,to,renewing,or,upgrading,your,current,tmobile,handset,free,of,charge,offer,ends,today,tel,0845,021,3680,subject,to,t's,and,c's"
fraud,"urgent,your,4,costa,del,sol,holiday,or,5000,await,collection,call,09050090044,now,toclaim,sae,tc,s,pobox334,stockport,sk38xh,cost150pm,max10mins"
fraud,"want,a,new,video,phone,750,anytime,any,network,mins,half,price,line,rental,free,text,for,3,months,reply,or,call,08000930705,for,free,delivery"
fraud,"had,your,mobile,11,months,or,more,u,r,entitled,to,update,to,the,latest,colour,mobiles,with,camera,for,free,call,the,mobile,update,co,free,on,08002986030"
fraud,"dear,voucher,holder,to,claim,this,weeks,offer,at,your,pc,please,go,to,httpwwwwtlpcouktext,tscs,apply"
fraud,"congrats,nokia,3650,video,camera,phone,is,your,call,09066382422,calls,cost,150ppm,ave,call,3mins,vary,from,mobiles,16,close,300603,post,bcm4284,ldn,wc1n3xx"
fraud,"urgent,please,call,0906346330,your,abta,complimentary,4,spanish,holiday,or,10000,cash,await,collection,sae,tcs,box,47,po19,2ez,150ppm,18"
fraud,"double,mins,and,txts,4,6months,free,bluetooth,on,orange,available,on,sony,nokia,motorola,phones,call,mobileupd8,on,08000839402,or,call2optoutn9dx"
fraud,"free,for,1st,week,no1,nokia,tone,4,ur,mob,every,week,just,txt,nokia,to,8007,get,txting,and,tell,ur,mates,wwwgetzedcouk,pobox,36504,w45wq,norm150ptone,16"
fraud,"want,to,funk,up,ur,fone,with,a,weekly,new,tone,reply,tones2u,2,this,text,wwwringtonescouk,the,original,n,best,tones,3gbp,network,operator,rates,apply"
fraud,"important,information,4,orange,user,0796xxxxxx,today,is,ur,lucky,day2,find,out,why,log,onto,httpwwwurawinnercom,there's,a,fantastic,prizeawaiting,you"
fraud,"missed,call,alert,these,numbers,called,but,left,no,message,07008009200"
fraud,"freemsg,our,records,indicate,you,may,be,entitled,to,3750,pounds,for,the,accident,you,had,to,claim,for,free,reply,with,yes,to,this,msg,to,opt,out,text,stop"
fraud,"u,can,win,100,of,music,gift,vouchers,every,week,starting,now,txt,the,word,draw,to,87066,tscs,wwwidewcom,skillgame,1winaweek,age16,150ppermesssubscription"
fraud,"show,ur,colours,euro,2004,241,offer,get,an,england,flag,3lions,tone,on,ur,phone,click,on,the,following,service,message,for,info"
fraud,"text,pass,to,69669,to,collect,your,polyphonic,ringtones,normal,gprs,charges,apply,only,enjoy,your,tones"
fraud,"accordingly,i,repeat,just,text,the,word,ok,on,your,mobile,phone,and,send"
fraud,"block,breaker,now,comes,in,deluxe,format,with,new,features,and,great,graphics,from,tmobile,buy,for,just,5,by,replying,get,bbdeluxe,and,take,the,challenge"
fraud,"important,information,4,orange,user,today,is,your,lucky,day2find,out,why,log,onto,httpwwwurawinnercom,there's,a,fantastic,surprise,awaiting,you"
fraud,"natalja,25f,is,inviting,you,to,be,her,friend,reply,yes440,or,no440,see,her,wwwsmsacunat27081980,stop,send,stop,frnd,to,62468"
fraud,"urgent,important,information,for,02,user,today,is,your,lucky,day,2,find,out,why,log,onto,httpwwwurawinnercom,there,is,a,fantastic,surprise,awaiting,you"
fraud,"winner,as,a,valued,network,customer,you,have,been,selected,to,receivea,900,prize,reward,to,claim,call,09061701461,claim,code,kl341,valid,12,hours,only"
fraud,"kit,strip,you,have,been,billed,150p,netcollex,ltd,po,box,1013,ig11,oja"
fraud,"hmv,bonus,special,500,pounds,of,genuine,hmv,vouchers,to,be,won,just,answer,4,easy,questions,play,now,send,hmv,to,86688,more,infowww100percentrealcom"
fraud,"please,call,08712402578,immediately,as,there,is,an,urgent,message,waiting,for,you"
fraud,"thesmszonecom,lets,you,send,free,anonymous,and,masked,messagesim,sending,this,message,from,theredo,you,see,the,potential,for,abuse"
fraud,"well,done,your,4,costa,del,sol,holiday,or,5000,await,collection,call,09050090044,now,toclaim,sae,tcs,pobox334,stockport,sk38xh,cost150pm,max10mins"
fraud,"someone,u,know,has,asked,our,dating,service,2,contact,you,cant,guess,who,call,09058091854,now,all,will,be,revealed,po,box385,m6,6wu"
fraud,"congrats,2,mobile,3g,videophones,r,yours,call,09061744553,now,videochat,wid,ur,mates,play,java,games,dload,polyh,music,noline,rentl,bx420,ip4,5we,150pm"
fraud,"u,447801259231,have,a,secret,admirer,who,is,looking,2,make,contact,with,ufind,out,who,they,rreveal,who,thinks,ur,so,specialcall,on,09058094597"
fraud,"important,information,4,orange,user,0789xxxxxxx,today,is,your,lucky,day2find,out,why,log,onto,httpwwwurawinnercom,there's,a,fantastic,surprise,awaiting,you"
fraud,"our,dating,service,has,been,asked,2,contact,u,by,someone,shy,call,09058091870,now,all,will,be,revealed,pobox84,m26,3uz,150p"
fraud,"do,you,want,a,new,video,handset,750,any,time,any,network,mins,unlimited,text,camcorder,reply,or,call,now,08000930705,for,del,sat,am"
fraud,"ur,balance,is,now,600,next,question,complete,the,landmark,big,a,bob,b,barry,or,c,ben,text,a,b,or,c,to,83738,good,luck"
fraud,"ur,tonexs,subscription,has,been,renewed,and,you,have,been,charged,450,you,can,choose,10,more,polys,this,month,wwwclubzedcouk,billing,msg"
fraud,"if,you,don't,your,prize,will,go,to,another,customer,tc,at,wwwtcbiz,18,150pmin,polo,ltd,suite,373,london,w1j,6hl,please,call,back,if,busy"
fraud,"do,you,want,a,new,nokia,3510i,colour,phone,delivered,tomorrow,with,200,free,minutes,to,any,mobile,100,free,text,free,camcorder,reply,or,call,8000930705"
fraud,"recpt,13,you,have,ordered,a,ringtone,your,order,is,being,processed"
fraud,"as,one,of,our,registered,subscribers,u,can,enter,the,draw,4,a,100,gb,gift,voucher,by,replying,with,enter,to,unsubscribe,text,stop"
fraud,"for,your,chance,to,win,a,free,bluetooth,headset,then,simply,reply,back,with,adp"
fraud,"don't,b,floppy,b,snappy,happy,only,gay,chat,service,with,photo,upload,call,08718730666,10pmin,2,stop,our,texts,call,08712460324"
fraud,"urgent,ur,awarded,a,complimentary,trip,to,eurodisinc,trav,acoentry41,or,1000,to,claim,txt,dis,to,87121,186150morefrmmob,shracomorsglsuplt10,ls1,3aj"
fraud,"welcome,to,ukmobiledate,this,msg,is,free,giving,you,free,calling,to,08719839835,future,mgs,billed,at,150p,daily,to,cancel,send,go,stop,to,89123"
fraud,"3,you,have,received,your,mobile,content,enjoy"
fraud,"want,explicit,sex,in,30,secs,ring,02073162414,now,costs,20pmin"
fraud,"latest,nokia,mobile,or,ipod,mp3,player,400,proze,guaranteed,reply,with,win,to,83355,now,norcorp,ltd150mtmsgrcvd18"
fraud,"sms,services,for,your,inclusive,text,credits,pls,goto,wwwcomuknet,login,3qxj9,unsubscribe,with,stop,no,extra,charge,help,08702840625comuk,220cm2,9ae"
fraud,"mobile,club,choose,any,of,the,top,quality,items,for,your,mobile,7cfca1a"
fraud,"money,i,have,won,wining,number,946,wot,do,i,do,next"
fraud,"congrats,2,mobile,3g,videophones,r,yours,call,09061744553,now,videochat,wid,ur,mates,play,java,games,dload,polyh,music,noline,rentl,bx420,ip4,5we,150pm"
fraud,"i,want,some,cock,my,hubby's,away,i,need,a,real,man,2,satisfy,me,txt,wife,to,89938,for,no,strings,action,txt,stop,2,end,txt,rec,150ea,otbox,731,la1,7ws"
fraud,"gr8,new,service,live,sex,video,chat,on,your,mob,see,the,sexiest,dirtiest,girls,live,on,ur,phone,4,details,text,horny,to,89070,to,cancel,send,stop,to,89070"
fraud,"freemsg,hi,baby,wow,just,got,a,new,cam,moby,wanna,c,a,hot,pic,or,fancy,a,chat"
fraud,"wanna,have,a,laugh,try,chitchat,on,your,mobile,now,logon,by,txting,the,word,chat,and,send,it,to,no,8883,cm,po,box,4217,london,w1a,6zf,16,118pmsg,rcvd"
fraud,"urgent,this,is,the,2nd,attempt,to,contact,uu,have,won,1000call,09071512432,b4,300603tcsbcm4235wc1n3xxcallcost150ppmmobilesvary,max7,50"
fraud,"congratulations,ur,awarded,500,of,cd,vouchers,or,125gift,guaranteed,free,entry,2,100,wkly,draw,txt,music,to,87066"
fraud,"had,your,contract,mobile,11,mnths,latest,motorola,nokia,etc,all,free,double,mins,text,on,orange,tariffs,text,yes,for,callback,no,to,remove,from,records"
fraud,"urgent,call,09066350750,from,your,landline,your,complimentary,4,ibiza,holiday,or,10000,cash,await,collection,sae,tcs,po,box,434,sk3,8wp,150,ppm,18"
fraud,"for,ur,chance,to,win,a,250,wkly,shopping,spree,txt,shop,to,80878,t'sc's,wwwtxt2shopcom,custcare,08715705022,1x150pwk"
fraud,"u,have,a,secret,admirer,who,is,looking,2,make,contact,with,ufind,out,who,they,rreveal,who,thinks,ur,so,specialcall,on,09065171142stopsms08718727870150ppm"
fraud,"mila,age23,blonde,new,in,uk,i,look,sex,with,uk,guys,if,u,like,fun,with,me,text,mtalk,to,6986618,30pptxt,1st,5free,150,increments,help08718728876"
fraud,"well,done,england,get,the,official,poly,ringtone,or,colour,flag,on,yer,mobile,text,tone,or,flag,to,84199,now,optout,txt,eng,stop,box39822,w111wx,150"
fraud,"freemsg,txt,call,to,no,86888,claim,your,reward,of,3,hours,talk,time,to,use,from,your,phone,now,subscribe6gbpmnth,inc,3hrs,16,stoptxtstop"
fraud,"sunshine,quiz,win,a,super,sony,dvd,recorder,if,you,canname,the,capital,of,australia,text,mquiz,to,82277,b"
fraud,"please,call,our,customer,service,representative,on,0800,169,6031,between,10am9pm,as,you,have,won,a,guaranteed,1000,cash,or,5000,prize"
fraud,"todays,voda,numbers,ending,with,7634,are,selected,to,receive,a,350,reward,if,you,have,a,match,please,call,08712300220,quoting,claim,code,7684,standard,rates,apply"
fraud,"you,are,being,ripped,off,get,your,mobile,content,from,wwwclubmobycom,call,08717509990,polytruepixringtonesgames,six,downloads,for,only,3"
fraud,"we,tried,to,contact,you,re,your,reply,to,our,offer,of,a,video,phone,750,anytime,any,network,mins,half,price,line,rental,camcorder,reply,or,call,08000930705"
fraud,"a,400,xmas,reward,is,waiting,for,you,our,computer,has,randomly,picked,you,from,our,loyal,mobile,customers,to,receive,a,400,reward,just,call,09066380611"
fraud,"private,your,2003,account,statement,for,shows,800,unredeemed,s,i,m,points,call,08718738002,identifier,code,48922,expires,211104"
fraud,"customer,service,announcement,we,recently,tried,to,make,a,delivery,to,you,but,were,unable,to,do,so,please,call,07099833605,to,reschedule,ref9280114"
fraud,"hi,babe,its,chloe,how,r,u,i,was,smashed,on,saturday,night,it,was,great,how,was,your,weekend,u,been,missing,me,sp,visionsmscom,text,stop,to,stop,150ptext"
fraud,"urgent,your,mobile,no,07808726822,was,awarded,a,2000,bonus,caller,prize,on,020903,this,is,our,2nd,attempt,to,contact,you,call,08718729758,box95qu"
fraud,"win,we,have,a,winner,mr,t,foley,won,an,ipod,more,exciting,prizes,soon,so,keep,an,eye,on,ur,mobile,or,visit,wwwwin82050couk"
fraud,"camera,you,are,awarded,a,sipix,digital,camera,call,09061221066,fromm,landline,delivery,within,28,days"
fraud,"your,weekly,coolmob,tones,are,ready,to,download,this,weeks,new,tones,include,1,crazy,frogaxel,f,2,akonlonely,3,black,eyeddont,p,more,info,in,n"
fraud,"cashbincouk,get,lots,of,cash,this,weekend,wwwcashbincouk,dear,welcome,to,the,weekend,we,have,got,our,biggest,and,best,ever,cash,give,away,these"
fraud,"urgent,your,mobile,number,has,been,awarded,with,a,2000,prize,guaranteed,call,09061790121,from,land,line,claim,3030,valid,12hrs,only,150ppm"
fraud,"thanks,4,your,continued,support,your,question,this,week,will,enter,u,in2,our,draw,4,100,cash,name,the,new,us,president,txt,ans,to,80082"
fraud,"your,unique,user,id,is,1172,for,removal,send,stop,to,87239,customer,services,08708034412"
fraud,"urgent,call,09066649731from,landline,your,complimentary,4,ibiza,holiday,or,10000,cash,await,collection"
fraud,"urgent,this,is,our,2nd,attempt,to,contact,u,your,900,prize,from,yesterday,is,still,awaiting,collection,to,claim,call,now,09061702893"
fraud,"santa,calling,would,your,little,ones,like,a,call,from,santa,xmas,eve,call,09077818151,to,book,you,time,calls150ppm,last,3mins,30s,tc,wwwsantacallingcom"
fraud,"private,your,2004,account,statement,for,0784987,shows,786,unredeemed,bonus,points,to,claim,call,08719180219,identifier,code,45239,expires,060505"
fraud,"check,out,choose,your,babe,videos,smsshsexnetun,fgkslpopw,fgkslpo"
fraud,"new,mobiles,from,2004,must,go,txt,nokia,to,no,89545,collect,yours,today"
fraud,"you,have,won,as,a,valued,vodafone,customer,our,computer,has,picked,you,to,win,a,150,prize,to,collect,is,easy,just,call,09061743386"
fraud,"free,messagethanks,for,using,the,auction,subscription,service,18,150pmsgrcvd,2,skip,an,auction,txt,out,2,unsubscribe,txt,stop,customercare,08718726270"
fraud,"bored,housewives,chat,n,date,now,08717507711,btnational,rate,10pmin,only,from,landlines"
fraud,"lyricalladie21f,is,inviting,you,to,be,her,friend,reply,yes910,or,no910,see,her,wwwsmsacuhmmross,stop,send,stop,frnd,to,62468"
fraud,"no,1,polyphonic,tone,4,ur,mob,every,week,just,txt,pt2,to,87575,1st,tone,free,so,get,txtin,now,and,tell,ur,friends,150ptone,16,reply,hl,4info"
fraud,"todays,vodafone,numbers,ending,with,4882,are,selected,to,a,receive,a,350,award,if,your,number,matches,call,09064019014,to,receive,your,350,award"
fraud,"want,the,latest,video,handset,750,anytime,any,network,mins,half,price,line,rental,reply,or,call,08000930705,for,delivery,tomorrow"
fraud,"ou,are,guaranteed,the,latest,nokia,phone,a,40gb,ipod,mp3,player,or,a,500,prize,txt,word,collect,to,no,83355,ibhltd,ldnw15h,150pmtmsgrcvd18"
fraud,"warner,village,83118,c,colin,farrell,in,swat,this,wkend,warner,village,get,1,free,med,popcornjust,show,msgticketkioskvalid,4712,c,tc,kiosk,reply,sony,4,mre,film,offers"
fraud,"goal,arsenal,4,henry,7,v,liverpool,2,henry,scores,with,a,simple,shot,from,6,yards,from,a,pass,by,bergkamp,to,give,arsenal,a,2,goal,margin,after,78,mins"
fraud,"this,is,the,2nd,time,we,have,tried,2,contact,u,u,have,won,the,750,pound,prize,2,claim,is,easy,call,08712101358,now,only,10p,per,min,btnationalrate"
fraud,"got,what,it,takes,2,take,part,in,the,wrc,rally,in,oz,u,can,with,lucozade,energy,text,rally,le,to,61200,25p,see,packs,or,lucozadecoukwrc,itcould,be,u"
fraud,"hi,the,sexychat,girls,are,waiting,for,you,to,text,them,text,now,for,a,great,night,chatting,send,stop,to,stop,this,service"
fraud,"great,news,call,freefone,08006344447,to,claim,your,guaranteed,1000,cash,or,2000,gift,speak,to,a,live,operator,now"
fraud,"hi,this,is,amy,we,will,be,sending,you,a,free,phone,number,in,a,couple,of,days,which,will,give,you,an,access,to,all,the,adult,parties"
fraud,"welcome,to,select,an,o2,service,with,added,benefits,you,can,now,call,our,specially,trained,advisors,free,from,your,mobile,by,dialling,402"
fraud,"dear,voucher,holder,have,your,next,meal,on,us,use,the,following,link,on,your,pc,2,enjoy,a,2,4,1,dining,experiencehttpwwwvouch4mecometlpdiningasp"
fraud,"urgent,we,are,trying,to,contact,u,todays,draw,shows,that,you,have,won,a,2000,prize,guaranteed,call,09058094507,from,land,line,claim,3030,valid,12hrs,only"
fraud,"you,can,donate,250,to,unicef's,asian,tsunami,disaster,support,fund,by,texting,donate,to,864233,250,will,be,added,to,your,next,bill"
fraud,"phony,350,award,todays,voda,numbers,ending,xxxx,are,selected,to,receive,a,350,award,if,you,have,a,match,please,call,08712300220,quoting,claim,code,3100,standard,rates,app"
fraud,"you,have,won,a,guaranteed,1000,cash,or,a,2000,prize,to,claim,yr,prize,call,our,customer,service,representative,on,08714712412,between,10am7pm,cost,10p"
fraud,"dear,0776xxxxxxx,u've,been,invited,to,xchat,this,is,our,final,attempt,to,contact,u,txt,chat,to,86688,150pmsgrcvdhgsuite3422landsroww1j6hl,ldn,18yrs"
fraud,"ur,cashbalance,is,currently,500,pounds,to,maximize,ur,cashin,now,send,go,to,86688,only,150pmeg,cc,08718720201,hgsuite3422lands,roww1j6hl"
fraud,"private,your,2003,account,statement,for,shows,800,unredeemed,sim,points,call,08715203685,identifier,code4xx26,expires,131004"
fraud,"i'd,like,to,tell,you,my,deepest,darkest,fantasies,call,me,09094646631,just,60pmin,to,stop,texts,call,08712460324,nat,rate"
fraud,"you,won't,believe,it,but,it's,true,it's,incredible,txts,reply,g,now,to,learn,truly,amazing,things,that,will,blow,your,mind,from,o2fwd,only,18ptxt"
fraud,"natalie,20f,is,inviting,you,to,be,her,friend,reply,yes165,or,no165,see,her,wwwsmsacunatalie2k9,stop,send,stop,frnd,to,62468"
fraud,"jamster,to,get,your,free,wallpaper,text,heart,to,88888,now,tc,apply,16,only,need,help,call,08701213186"
fraud,"double,mins,double,txt,12,price,linerental,on,latest,orange,bluetooth,mobiles,call,mobileupd8,for,the,very,latest,offers,08000839402,or,call2optoutlf56"
fraud,"free,video,camera,phones,with,half,price,line,rental,for,12,mths,and,500,cross,ntwk,mins,100,txts,call,mobileupd8,08001950382,or,call2optout674"
fraud,"83039,62735450,uk,break,accommodationvouchers,terms,conditions,apply,2,claim,you,mustprovide,your,claim,number,which,is,15541"
fraud,"5p,4,alfie,moon's,children,in,need,song,on,ur,mob,tell,ur,m8s,txt,tone,charity,to,8007,for,nokias,or,poly,charity,for,polys,zed,08701417012,profit,2,charity"
fraud,"win,a,200,shopping,spree,every,week,starting,now,2,play,text,store,to,88039,skilgme,tscs08714740323,1winawk,age16,150perweeksub"
fraud,"this,is,the,2nd,attempt,to,contract,u,you,have,won,this,weeks,top,prize,of,either,1000,cash,or,200,prize,just,call,09066361921"
fraud,"do,you,want,a,new,nokia,3510i,colour,phone,deliveredtomorrow,with,300,free,minutes,to,any,mobile,100,free,texts,free,camcorder,reply,or,call,08000930705"
fraud,"themobhit,the,link,to,get,a,premium,pink,panther,game,the,new,no,1,from,sugababes,a,crazy,zebra,animation,or,a,badass,hoody,wallpaperall,4,free"
fraud,"this,msg,is,for,your,mobile,content,order,it,has,been,resent,as,previous,attempt,failed,due,to,network,error,queries,to,customersqueriesnetvisionukcom"
fraud,"you,have,1,new,message,please,call,08715205273"
fraud,"december,only,had,your,mobile,11mths,you,are,entitled,to,update,to,the,latest,colour,camera,mobile,for,free,call,the,mobile,update,vco,free,on,08002986906"
fraud,"you,ve,won,your,4,costa,del,sol,holiday,or,5000,await,collection,call,09050090044,now,toclaim,sae,tc,s,pobox334,stockport,sk38xh,cost150pm,max10mins"
fraud,"free,for,1st,week,no1,nokia,tone,4,ur,mobile,every,week,just,txt,nokia,to,8077,get,txting,and,tell,ur,mates,wwwgetzedcouk,pobox,36504,w45wq,16,norm150ptone"
fraud,"get,your,garden,ready,for,summer,with,a,free,selection,of,summer,bulbs,and,seeds,worth,3350,only,with,the,scotsman,this,saturday,to,stop,go2,notxtcouk"
fraud,"sms,auction,a,brand,new,nokia,7250,is,up,4,auction,today,auction,is,free,2,join,take,part,txt,nokia,to,86021,now"
fraud,"spook,up,your,mob,with,a,halloween,collection,of,a,logo,pic,message,plus,a,free,eerie,tone,txt,card,spook,to,8007,zed,08701417012150p,per,logopic"
fraud,"call,germany,for,only,1,pence,per,minute,call,from,a,fixed,line,via,access,number,0844,861,85,85,no,prepayment,direct,access,wwwtelediscountcouk"
fraud,"had,your,mobile,11mths,update,for,free,to,oranges,latest,colour,camera,mobiles,unlimited,weekend,calls,call,mobile,upd8,on,freefone,08000839402,or,2stoptxt"
fraud,"natalja,25f,is,inviting,you,to,be,her,friend,reply,yes440,or,no440,see,her,wwwsmsacunat27081980,stop,send,stop,frnd,to,62468"
fraud,"private,your,2003,account,statement,for,fone,no,shows,800,unredeemed,s,i,m,points,call,08715203656,identifier,code,42049,expires,261004"
fraud,"you,are,chosen,to,receive,a,350,award,pls,call,claim,number,09066364311,to,collect,your,award,which,you,are,selected,to,receive,as,a,valued,mobile,customer"
fraud,"someonone,you,know,is,trying,to,contact,you,via,our,dating,service,to,find,out,who,it,could,be,call,from,your,mobile,or,landline,09064015307,box334sk38ch"
fraud,"if,you,don't,your,prize,will,go,to,another,customer,tc,at,wwwtcbiz,18,150pmin,polo,ltd,suite,373,london,w1j,6hl,please,call,back,if,busy"
fraud,"urgent,your,mobile,number,has,been,awarded,with,a,2000,prize,guaranteed,call,09061790126,from,land,line,claim,3030,valid,12hrs,only,150ppm"
fraud,"urgent,you,have,won,a,1,week,free,membership,in,our,100000,prize,jackpot,txt,the,word,claim,to,no"
fraud,"urgent,please,call,09061213237,from,landline,5000,cash,or,a,luxury,4,canary,islands,holiday,await,collection,tcs,sae,po,box,177,m227xy,150ppm,16"
fraud,"xmas,iscoming,ur,awarded,either,500,cd,gift,vouchers,free,entry,2,r,100,weekly,draw,txt,music,to,87066,tnc,wwwldewcom1win150ppmx3age16subscription"
fraud,"get,the,official,england,poly,ringtone,or,colour,flag,on,yer,mobile,for,tonights,game,text,tone,or,flag,to,84199,optout,txt,eng,stop,box39822,w111wx,150"
fraud,"u,r,subscribed,2,textcomp,250,wkly,comp,1st,wks,free,question,follows,subsequent,wks,charged150pmsg2,unsubscribe,txt,stop,2,84128custcare,08712405020"
fraud,"call,09095350301,and,send,our,girls,into,erotic,ecstacy,just,60pmin,to,stop,texts,call,08712460324,nat,rate"
fraud,"camera,you,are,awarded,a,sipix,digital,camera,call,09061221066,fromm,landline,delivery,within,28,days"
fraud,"a,400,xmas,reward,is,waiting,for,you,our,computer,has,randomly,picked,you,from,our,loyal,mobile,customers,to,receive,a,400,reward,just,call,09066380611"
fraud,"important,message,this,is,a,final,contact,attempt,you,have,important,messages,waiting,out,our,customer,claims,dept,expires,13404,call,08717507382,now"
fraud,"datingi,have,had,two,of,these,only,started,after,i,sent,a,text,to,talk,sport,radio,last,week,any,connection,do,you,think,or,coincidence"
fraud,"the,current,leading,bid,is,151,to,pause,this,auction,send,out,customer,care,08718726270"
fraud,"free,entry,to,the,gr8prizes,wkly,comp,4,a,chance,to,win,the,latest,nokia,8800,psp,or,250,cash,every,wktxt,great,to,80878,httpwwwgr8prizescom,08715705022"
fraud,"santa,calling,would,your,little,ones,like,a,call,from,santa,xmas,eve,call,09058094583,to,book,your,time"
fraud,"you,have,won,a,guaranteed,32000,award,or,maybe,even,1000,cash,to,claim,ur,award,call,free,on,0800,18,its,a,legitimat,efreefone,number,wat,do,u,think"
fraud,"latest,news,police,station,toilet,stolen,cops,have,nothing,to,go,on"
fraud,"for,the,most,sparkling,shopping,breaks,from,45,per,person,call,0121,2025050,or,visit,wwwshortbreaksorguk"
fraud,"december,only,had,your,mobile,11mths,you,are,entitled,to,update,to,the,latest,colour,camera,mobile,for,free,call,the,mobile,update,co,free,on,08002986906"
fraud,"txt,call,to,no,86888,claim,your,reward,of,3,hours,talk,time,to,use,from,your,phone,now,subscribe6gbpmnth,inc,3hrs,16,stoptxtstop,wwwgambtv"
fraud,"urgent,we,are,trying,to,contact,you,last,weekends,draw,shows,u,have,won,a,1000,prize,guaranteed,call,09064017295,claim,code,k52,valid,12hrs,150p,pm"
fraud,"sms,services,for,your,inclusive,text,credits,pls,goto,wwwcomuknet,login,3qxj9,unsubscribe,with,stop,no,extra,charge,help,08702840625comuk,220cm2,9ae"
fraud,"private,your,2003,account,statement,for,07808247860,shows,800,unredeemed,s,i,m,points,call,08719899229,identifier,code,40411,expires,061104"
fraud,"you,are,awarded,a,sipix,digital,camera,call,09061221061,from,landline,delivery,within,28days,t,cs,box177,m221bp,2yr,warranty,150ppm,16,p,p399"
fraud,"private,your,2003,account,statement,for,shows,800,unredeemed,sim,points,call,08718738001,identifier,code,49557,expires,261104"
fraud,"want,explicit,sex,in,30,secs,ring,02073162414,now,costs,20pmin,gsex,pobox,2667,wc1n,3xx"
fraud,"had,your,contract,mobile,11,mnths,latest,motorola,nokia,etc,all,free,double,mins,text,on,orange,tariffs,text,yes,for,callback,no,to,remove,from,records"
fraud,"reminder,from,o2,to,get,250,pounds,free,call,credit,and,details,of,great,offers,pls,reply,2,this,text,with,your,valid,name,house,no,and,postcode"
fraud,"this,is,the,2nd,time,we,have,tried,2,contact,u,u,have,won,the,750,pound,prize,2,claim,is,easy,call,087187272008,now1,only,10p,per,minute,btnationalrate"
fraud,"hello,sir,you,have,won,10000,inr,to,get,money,please,provide,your,bank,account,number"
fraud,"sir,i,am,vikash,bhatiya,from,phonepe,your,kyc,has,been,expired,to,continue,phonepe,service,please,provide,aadhar,card,and,pan,card,number,and,tell,me,otp"
fraud,"to,continue,cloud,service,please,provide,credit,card,number"
fraud,"hello,sir,i,am,madhubala,from,play,rummy,you,have,won,1000,inr,money,to,get,this,click,on,message,box,link"
fraud,"hello,i,am,jojo,from,play,rummy,group,u,have,won,10000,inr,money,to,deposit,it,in,your,account,please,give,your,account,number,and,debit,card,number"
fraud,"please,tell,me,otp,which,is,sended,in,your,phone,by,mistakely"
fraud,"to,get,1000,inr,voucher,please,call,on,889865556178"
fraud,"to,get,free,access,of,google,cloud,account,hit,on,given,message,box,link"
fraud,"to,get,free,aws,cloud,account,hit,on,given,message,box,link"
fraud,"to,get,free,access,of,microsoft,azure,hit,on,given,message,box,link"
fraud,"hello,sir,we,are,from,your,bank,have,you,fill,the,application,form,for,credit,card,verify,your,document"
normal,"please,don't,say,like,that,hi,hi,hi"
normal,"thank,you"
normal,"oh,that,was,a,forwarded,message,i,thought,you,send,that,to,me"
normal,"got,it,seventeen,pounds,for,seven,hundred,ml,hope,ok"
normal,"me,and,him,so,funny"
normal,"sweetheart,hope,you,are,not,having,that,kind,of,day,have,one,with,loads,of,reasons,to,smile,biola"
normal,"when,you,login,date,time,dad,fetching,you,home,now"
normal,"what,will,we,do,in,the,shower,baby"
normal,"i,had,askd,u,a,question,some,hours,before,its,answer"
normal,"well,i,am,definitely,need,to,restock,before,thanksgiving,i'll,let,you,know,when,i'm,out"
normal,"said,kiss,kiss,i,can't,do,the,sound,effects,he,is,a,gorgeous,man,isn't,he,kind,of,person,who,needs,a,smile,to,brighten,his,day"
normal,"probably,gonna,swing,by,in,a,wee,bit"
normal,"ya,very,nice,be,ready,on,thursday"
normal,"allo,we,have,braved,the,buses,and,taken,on,the,trains,and,triumphed,i,mean,were,in,bham,have,a,jolly,good,rest,of,week"
normal,"watching,cartoon,listening,music,amp,at,eve,had,to,go,temple,amp,church,what,about,you"
normal,"do,you,mind,if,i,ask,what,happened,you,don't,have,to,say,if,it,is,uncomfortable"
normal,"no,problem,i,will,send,to,your,email"
normal,"thats,cool,sometimes,slow,and,gentle,sometimes,rough,and,hard"
normal,"i'm,gonna,say,no,sorry,i,would,but,as,normal,am,starting,to,panic,about,time,sorry,again,are,you,seeing,on,tuesday"
normal,"hello,how,are,you,i,am,fine,what,about,you"
normal,hii
normal,hello
normal,"ok,i'm,watching,here"
normal,"is,that,seriously,how,you,spell,his,name"
normal,"im,going,to,try,for,2,monthsha,ha,only,joking"
normal,"did,you,catch,the,bus,are,you,frying,an,egg,did,you,make,a,tea,are,you,eating,your,mom's,left,over,dinner,do,you,feel,my,love"
normal,"i'm,back,amp,we're,packing,the,car,now,i'll,let,you,know,if,there's,room"
normal,"hello,how's,you,and,how,did,saturday,go,i,was,just,texting,to,see,if,you'd,decided,to,do,anything,tomo,not,that,i'm,trying,to,invite,myself,or,anything"
normal,"pls,go,ahead,with,watts,i,just,wanted,to,be,sure,do,have,a,great,weekend"
normal,"ok,tell,me,anything,about,you"
normal,"you,don't,know,how,stubborn,i,am,i,didn't,even,want,to,go,to,the,hospital,i,kept,telling,mark,i'm,not,a,weak,sucker,hospitals,are,for,weak,suckers"
normal,"what,you,thinked,about,me,first,time,you,saw,me,in,class"
normal,"do,you,know,what,mallika,sherawat,did,yesterday"
normal,"sorry,i'll,call,later,in,meeting"
normal,"tell,where,you,reached"
normal,"yesgauti,and,sehwag,out,of,odi,series"
normal,"your,gonna,have,to,pick,up,a,1,burger,for,yourself,on,your,way,home,i,can't,even,move,pain,is,killing,me"
normal,"ha,ha,ha,good,joke,girls,are,situation,seekers"
normal,"its,a,part,of,checking,iq"
normal,"sorry,my,roommates,took,forever,it's,ok,if,i,come,by,now"
normal,"i,plan,to,give,on,this,month,end"
normal,"wah,lucky,man,then,can,save,money,hee"
normal,"finished,class,where,are,you"
normal,"ok,where,are,you,how,did,you,performed"
normal,"you,can,call,me,now"
normal,"i,am,waiting,machan,call,me,once,you,free"
normal,"thats,cool,i,am,a,gentleman,and,will,treat,you,with,dignity,and,respect"
normal,"i,like,you,peoples,very,much,but,i,am,very,shy,pa"
normal,"does,not,operate,after,ltgt,or,what"
normal,"it's,not,the,same,here,still,looking,for,a,job,how,much,do,you,earn,there"
normal,"sorry,i'll,call,later"
normal,"ok,did,you,call,me,just,now"
normal,"ok,i,am,on,the,way,to,home"
normal,"you,will,be,in,the,place,of,that,man"
normal,"yup,next,stop"
normal,"i,call,you,later,don't,have,network,if,urgent,sms,me"
normal,"for,real,when,you,getting,on,you,i,only,need,2,more,tickets,and,one,more,jacket,and,i'm,done,i,already,used,all,my,multis"
normal,"yes,i,started,to,send,requests,to,make,it,but,pain,came,back,so,i'm,back,in,bed,double,coins,at,the,factory,too,i,gotta,cash,in,all,my,nitros"
normal,"i'm,really,not,up,to,it,still,tonight,babe"
normal,"come,when,you,are,free"
normal,"watching,telugu,movie,what,about,you"
normal,"i,see,when,we,finish,we,have,loads,of,loans,to,pay"
normal,"does,that,cause,prob,for,you"
normal,"i,see,a,cup,of,coffee,animation"
normal,"please,don't,text,me,anymore,i,have,nothing,else,to,say"
normal,"okay,name,your,price,as,long,as,its,legal,when,can,i,pick,them,up"
normal,"i'm,still,looking,for,a,car,to,buy,and,have,not,gone,fourth,driving,test,yet"
normal,"as,per,your,request,balle,balle,has,been,set,as,your,callertune,for,all,callers,press,9,to,copy,your,friends,callertune"
normal,"wow,you're,right,i,didn't,mean,to,do,that,i,guess,once,i,gave,up,on,boston,men,and,changed,my,search,location,to,nice,something,changed,cuz,on,my,signin,page,it,still,says,boston"
normal,"umma,my,life,and,vava,umma,love,you,lot,dear"
normal,"thanks,a,lot,for,your,wishes,on,my,birthday,thanks,you,for,making,my,birthday,truly,memorable"
normal,"all,right,i'll,hit,you,up,when,i,get,some,cash"
normal,"how,would,my,ip,address,test,that,considering,my,computer,isn't,a,minecraft,server"
normal,"i,know,grumpy,old,people,my,mom,was,like,you,better,not,be,lying,then,again,i,am,always,the,one,to,play,jokes"
normal,"dont,worry,i,guess,he's,busy"
normal,"what,is,the,plural,of,the,noun,research"
normal,"going,for,dinner,msg,you,after"
normal,"i'm,ok,with,it,because,i,like,to,try,new,things,but,i,scared,you,done,like,me,because,you,said,not,too,loud"
normal,"hmm,my,uncle,just,informed,me,that,he's,paying,the,school,directly,so,please,buy,food"
normal,"here,is,my,new,address,applespairsall,that,malarky"
normal,"i,am,going,to,sao,mu,today,will,be,done,only,at,12"
normal,"you,predict,what,time,you,will,finish,buying"
normal,"good,stuff,will,do"
normal,"just,so,that,you,know,ram,hasn't,sent,money,yet,i,just,sent,her,a,text,not,to,bother,sending,so,its,over,you,dont,have,to,involve,yourself,in,anything,i,shouldn't,have,imposed,anything,on,you,in,the,first,place,so,for,that,i,apologise"
normal,"are,you,there,in,room"
normal,"hey,girl,how,are,you,hope,you,are,well,me,and,ram,are,back,again,long,time,no,see,give,me,a,call,sum,time,from,lucy"
normal,"ok,how,much,does,it,cost"
normal,"i'm,home"
normal,"dear,will,call,tomorrow,please,accomodate"
normal,"first,answer,my,question"
normal,"he,is,there,you,call,and,meet,him"
normal,"no,no,i,will,check,all,rooms,before,activities"
normal,"got,see,i,lazy,to,type,i,forgot,you,in,lecture,i,saw,a,pouch,but,like,not,very,nice"
normal,"ok,text,me,when,you're,on,the,way"
normal,"sir,waiting,for,your,mail"
normal,"a,sweet,thought,never,get,tired,of,doing,little,things,for,lovable,persons,becausesomtimes,those,little,things,occupy,the,biggest,part,in,their,hearts,good,night"
normal,"i,know,you,are,can,you,please,open,the,back"
normal,"yes,see,ya,not,on,the,dot"
normal,"whats,the,staff,name,who,is,taking,class,for,us"
normal,"ummmawill,call,after,check,inour,life,will,begin,from,qatar,so,please,pray,very,hard"
normal,"oki,deleted,my,contact,that,why"
normal,"sindu,got,job,in,birla,soft"
normal,"the,wine,is,flowing,and,i,have,nevering"
normal,"yup,i,think,cine,is,better,cos,no,need,to,go,down,to,plaza"
normal,"ok,your,typical,reply"
normal,"as,per,your,request,melle,melle,has,been,set,as,your,callertune,for,all,callers,press,9,to,copy,your,friends,callertune"
normal,"you,are,everywhere,dirty,on,the,floor,the,windows,even,on,my,shirt,and,sometimes,when,i,open,my,mouth,you,are,all,that,comes,flowing,out,i,dream,of,my,world,without,you,then,half,my,chores,are,out,too,a,time,of,joy,for,me,lots,of,tv,shows,ill,see,but,i,guess,like,all,things,you,just,must,exist,like,rain,hail,and,mist,and,when,my,time,here,is,done,you,and,i,become,one"
normal,"all,right,are,you,at,work"
normal,"i'm,leaving,my,house,now"
normal,"hello,my,love,what,are,you,doing,did,you,get,to,that,interview,today,are,you,you,happy,are,you,being,a,good,boy,do,you,think,of,meare,you,missing,me"
normal,"keep,yourself,safe,for,me,because,i,need,you,and,i,miss,you,already,and,i,envy,everyone,that,see's,you,in,real,life"
normal,"new,car,and,house,for,my,parentsi,have,only,new,job,in,hand"
normal,"i'm,so,in,love,with,you,i'm,excited,each,day,i,spend,with,you,you,make,me,so,happy"
normal,"i,place,all,your,points,one,cultures,module,already"
normal,"hi,friend,which,is,best,way,to,avoid,missunderstding,with,our,beloved,one's"
normal,"great,escape,i,fancy,the,bridge,but,needs,her,lager,see,you,tomarrow"
normal,"yes,it,completely,in,out,of,formclark,also,utter,waste"
normal,"hmmm,thanks,sure,got,time,to,hope,ard,ya,can,go,for,free,about,muz,call,you,to,discuss,liao"
normal,"what,time,you,coming,down,later"
normal,"bloody,hell,can't,believe,you,forgot,my,surname,mr,i,will,give,you,a,clue,its,spanish,and,begins,with,m"
normal,"well,i'm,gonna,finish,my,bath,now,have,a,goodfine,night"
normal,"let,me,know,when,you've,got,the,money,so,carlos,can,make,the,call"
normal,"you,still,going,to,the,mall"
normal,"turns,out,my,friends,are,staying,for,the,whole,show,and,won't,be,back,til,ltgt,so,feel,free,to,go,ahead,and,smoke,that,ltgt,worth"
normal,"text,her,if,she,doesnt,reply,let,me,know,so,i,can,have,her,log,in"
normal,"hi,you,just,spoke,to,maneesha,we'd,like,to,know,if,you,were,satisfied,with,the,experience,reply,toll,free,with,yes,or,no"
normal,"you,lifted,my,hopes,with,the,offer,of,money,i,am,in,need,especially,when,the,end,of,the,month,approaches,and,it,hurts,my,studying,anyways,have,a,great,weekend"
normal,"you,can,trust,me"
normal,"ok,i,am,a,gentleman,and,will,treat,you,with,dignity,and,respect"
normal,"he,will,you,guys,close"
normal,"going,on,nothing,greatbye"
normal,"hello,handsome,are,you,finding,that,job,not,being,lazy,working,towards,getting,back,that,net,for,mummy,where's,my,boytoy,now,does,he,miss,me"
normal,"haha,awesome,be,there,in,a,minute"
normal,"have,you,got,xmas,radio,times,if,not,i,will,get,it,now"
normal,"i,just,reached,home,i,go,bathe,first,but,my,sister,using,net,tell,you,when,she,finishes,k"
normal,"are,you,unique,enough,find,out,from,30th,august,wwwareyouuniquecouk"
normal,"i'm,sorry,i've,joined,the,league,of,people,that,dont,keep,in,touch,you,mean,a,great,deal,to,me,you,have,been,a,friend,at,all,times,even,at,great,personal,cost,do,have,a,great,week"
normal,"hi,finally,i,completed,the,course"
normal,"it,will,stop,on,itself,i,however,suggest,she,stays,with,someone,that,will,be,able,to,give,ors,for,every,stool"
normal,"how,are,you,doing,hope,you've,settled,in,for,the,new,school,year,just,wishing,you,a,great,day"
normal,"good,morning,dear,hav,a,nice,day"
normal,"did,you,got,that,persons,story"
normal,"is,your,hamster,dead,hey,so,tommaro,i,meet,you,at,1pm,orchard,mrt"
normal,"hi,it's,kate,how,is,your,evening,i,hope,i,can,see,you,tomorrow,for,a,bit,but,i,have,to,bloody,babyjontet,text,back,if,you,can"
normal,"found,it,enc,ltgt,where,you,at"
normal,"i,sent,you,ltgt,bucks"
normal,"hello,darlin,i,have,finished,college,now,so,text,me,when,you,finish,if,you,can,love,kate,xxx"
normal,"your,account,has,been,refilled,successfully,by,inr,ltdecimalgt,your,keralacircle,prepaid,account,balance,is,rs,ltdecimalgt,your,transaction,id,is,kr,ltgt"
normal,"goodmorning,sleeping,ram"
normal,"you,call,me,alter,at,11,ok"
normal,"you,say,untill,like,dat,i,done,buy,ericsson,oso,cannot,oredi,lar"
normal,"as,i,entered,my,cabin,my,pa,said,happy,b'day,boss,i,felt,special,she,askd,me,4,lunch,after,lunch,she,invited,me,to,her,apartment,we,went,there"
normal,"aight,yo,dats,straight,dogg"
normal,"you,please,give,us,connection,today,itself,before,ltdecimalgt,or,refund,the,bill"
normal,"both,i,shoot,big,loads,so,get,ready"
normal,"what's,up,bruv,hope,you,had,a,great,break,do,have,a,rewarding,semester"
normal,"home,so,we,can,always,chat"
normal,"ok,goodstudy,well"
normal,"yup,how,you,noe,leh"
normal,"sounds,great,are,you,home,now"
normal,"finally,the,match,heading,towards,draw,as,your,prediction"
normal,"tired,i,haven't,slept,well,the,past,few,nights"
normal,"easy,ahsen,got,selected,means,its,good"
normal,"i,have,to,take,exam,with,march,3"
normal,"yeah,you,should,i,think,you,can,use,your,gt,atm,now,to,register,not,sure,but,if,there's,anyway,i,can,help,let,me,know,but,when,you,do,be,sure,you,are,ready"
normal,"ok,no,prob,take,your,time"
normal,"there,is,os,called,ubandu,which,will,run,without,installing,in,hard,diskyou,can,use,that,os,to,copy,the,important,files,in,system,and,give,it,to,repair,shop"
normal,"sorry,i'll,call,later"
normal,"life,is,more,strict,than,teacher,because,teacher,teaches,lesson,amp,then,conducts,exam,but,life,first,conducts,exam,amp,then,teaches,lessons,happy,morning"
normal,"dear,good,morning,now,only,i,am,up"
normal,"get,down,in,gandhipuram,and,walk,to,cross,cut,road,right,side,ltgt,street,road,and,turn,at,first,right"
normal,"dear,we,are,going,to,our,rubber,place"
normal,"sorry,battery,died,yeah,i'm,here"
normal,"yeshere,tv,is,always,available,in,work,place"
normal,"i,have,printed,it,oh,so,ltgt,come,upstairs"
normal,"or,ill,be,a,little,closer,like,at,the,bus,stop,on,the,same,street"
normal,"where,are,you,when,wil,you,reach,here"
normal,"new,theory,argument,wins,d,situation,but,loses,the,person,so,dont,argue,with,your,friends,just,kick,them,amp,say,i'm,always,correct"
normal,"tomarrow,final,hearing,on,my,laptop,case,so,i,can't"
normal,"please,tell,me,you,want,done,sportsx"
normal,"okay,no,no,just,shining,on,that,was,meant,to,be,signing,but,that,sounds,better"
normal,"although,i,told,you,that,i'm,into,big,face,watches,now,but,i,really,like,e,watch,you,gave,because,it's,from,you,thanks,for,everything,that,you,have,done,today,i'm,touched"
normal,"you,don't,remember,that,old,commercial"
normal,"too,late,i,said,i,have,the,website,i,didn't,i,have,or,dont,have,the,slippers"
normal,"i,asked,you,to,call,him,now,ok"
normal,"kallis,wont,bat,in,2nd,innings"
normal,"it,did,not,work,again,oh,ok,goodnight,then,i,will,fix,and,have,it,ready,by,the,time,you,wake,up,you,are,very,dearly,missed,have,a,good,night,sleep"
normal,"ranjith,cal,drpd,deeraj,and,deepak,five,min,hold"
normal,"when,yor,are,lovable,became,angry,wid,you,do,not,take,it,seriously,because,being,angry,is,the,most,childish,and,true,way,of,showing,deep,affection,care,n,luv,kettoda,manda,have,nice,day,da"
normal,"what,you,doinghow,are,you"
normal,"ups,which,is,three,days,also,and,the,shipping,company,that,takes,two,weeks,the,other,way,is,usps,which,takes,a,week,but,when,it,gets,to,lag,you,may,have,to,bribe,nipost,to,get,your,stuff"
normal,"i'm,back,lemme,know,when,you're,ready"
normal,"don't,necessarily,expect,it,to,be,done,before,you,get,back,though,because,i'm,just,now,heading,out"
normal,"mmm,so,yummy,babe,nice,jolt,to,the,suzy"
normal,"where,are,you,lover,i,need,you"
normal,"im,parked,next,to,a,mini,when,are,you,coming,in,today,do,you,think"
normal,yup
normal,"anyway,i'm,going,shopping,on,my,own,now,because,my,sister,not,done,yet,do,not,disturb,you,liao"
normal,"my,no,in,luton,0125698789,ring,me,if,your,around"
normal,"why,you,did,not,come,with,us"
normal,"same,wana,plan,a,trip,sometime,then"
normal,"not,sure,yet,still,trying,to,get,a,hold,of,him"
normal,"the,evo,i,just,had,to,download,flash,jealous"
normal,"come,to,me,we're,sorting,out,our,narcotics,situation"
normal,"night,has,ended,for,another,day,morning,has,come,in,a,special,way,may,you,smile,like,the,sunny,rays,and,leaves,your,worries,at,the,blue,blue,bay"
normal,"useful,i,guess,might,as,well,take,one,car"
normal,"no,objection,my,boyfriend,not,coming"
normal,thanx
normal,"tell,rob,to,mack,his,girlfriend,in,the,theater"
normal,"awesome,i'll,see,you,in,a,bit"
normal,"just,sent,it,so,what,type,of,food,do,you,like"
normal,"all,done,all,handed,in,celebrations,in,full,swing,yet"
normal,"you,got,called,a,tool"
normal,"when,you,miss,someone,the,person,is,definitely,special,for,you,but,if,the,person,is,so,special,why,to,miss,them,just,keepintouch,good,evening"
normal,"ok,i,asked,for,money,how,far"
normal,ok
normal,"yeah,i,think,my,usual,guy's,still,passed,out,from,last,night,if,you,get,ahold,of,anybody,let,me,know,and,i'll,throw,down"
normal,"ok,i,might,come,by,to,night,then,if,my,class,lets,out,early"
normal,"hi,baby,im,cruisin,with,my,girl,friend,what,are,you,up,to,give,me,a,call,in,and,hour,at,home,if,thats,alright,or,fone,me,on,this,fone,now,love,jenny,xxx"
normal,"my,life,means,a,lot,to,me,not,because,i,love,my,life,but,because,i,love,the,people,in,my,life,the,world,calls,them,friends,i,call,them,my,world"
normal,"dearshall,mail,to,nightbusy,in,the,streetshall,update,you,tonightthings,are,looking,okvarunnathu,edukkukayee,raksha,ollubut,a,good,one,in,real,sense"
normal,"hey,you,told,your,name,to,gautham,ah"
normal,"you,found,him,i,feel,so,stupid"
normal,"oops,for,got,that,bit"
normal,"are,you,this,much,buzy"
normal,"i,accidentally,deleted,the,message,resend,please"
normal,"unless,it's,a,situation,where,you,go,gurl,would,be,more,appropriate"
normal,"hurt,metease,memake,me,cry,but,and,the,end,of,my,life,when,i,die,please,keep,one,rose,on,my,grave,and,say,stupid,i,miss,you,have,a,nice,day"
normal,"i,cant,pick,the,phone,right,now,please,and,a,message"
normal,"need,a,coffee,run,tomocan't,believe,it's,that,time,of,week,already"
normal,"awesome,i,remember,the,last,time,we,got,somebody,high,for,the,first,time,with,diesel"
normal,"shit,that,is,really,shocking,and,scary,can,not,imagine,for,a,second,define,up,for,night,out,do,you,think,there,is,somewhere,i,could,crash,for,night,save,on,taxi"
normal,"oh,and,by,the,way,you,do,have,more,food,in,your,fridge,want,to,go,out,for,a,meal,tonight"
normal,"he,is,a,wondarfull,actor"
normal,"yup,from,what,i,remb,i,think,should,be,can,book"
normal,"just,ask,if,you,wanna,meet,up"
normal,"lol,yes,our,friendship,is,hanging,on,a,thread,because,you,won't,buy,stuff"
normal,"where,are,the,garage,keys,they,aren't,on,the,bookshelf"
normal,"today,is,accept,day,accept,me,as,brother,sister,lover,dear1,best1,clos1,lvblefrnd,jstfrnd,cutefrnd,lifpartnr,belovd,swtheart,bstfrnd,no,rply,means,enemy"
normal,"he,says,he'll,give,me,a,call,when,his,friend's,got,the,money,but,that,he's,definitely,buying,before,the,end,of,the,week"
normal,"hi,the,way,i,was,with,you,to,day,is,the,normal,waythis,is,the,real,me,you,are,uniquei,hope,i,know,you,for,the,rest,of,mylife,hope,you,find,won't,was,lost"
normal,"you,made,my,day,do,have,a,great,day,too"
normal,"ok,advance,happy,pongal"
normal,"hmmm,guess,we,can,go,for,kb,and,power,yogahaha,dunno,we,can,tahan,power,yoga,another,thanks,got,loose,forgot"
normal,"not,really,dude,have,no,friends,i'm,afraid"
normal,"coffee,cake,i,guess"
normal,"merry,christmas,to,you,too,babe,i,love,ya,kisses"
normal,"hey,why,don't,we,just,go,watch,xmen,and,have,lunch,haha"
normal,"could,you,tell,people,i,am,gonna,be,a,bit,late,because,to,buses,have,gone,past,because,they,were,full,im,still,waitin,4,1,pete,x"
normal,"that,would,be,great,we'll,be,at,the,guild,could,meet,on,bristol,road,or,somewhere,will,get,in,touch,over,weekend,our,plans,take,flight,have,a,good,week"
normal,"no,problem,how,are,you,doing"
normal,"no,callsmessagesmissed,calls"
normal,"hi,dahow,is,the,todays,class"
normal,"i'd,say,that's,a,good,sign,but,well,you,know,my,track,record,at,reading,women"
normal,"cool,text,me,when,you're,parked"
normal,"i'm,reading,the,text,i,just,sent,you,it's,meant,to,be,a,joke,so,read,it,in,that,light"
normal,"maybe,i,could,get,book,out,tomorrow,then,return,it,immediately,or,something"
normal,"tadaaaaa,i,am,home,babe,are,you,still,up"
normal,"cool,so,how,come,you,haven't,been,wined,and,dined,before"
normal,"just,sleepingand,surfing"
normal,"you,calling,me,right,call,my,hand,phone"
normal,"ok,that's,great,thanks,a,lot"
normal,"i,take,it,the,post,has,come,then,you,must,have,1000s,of,texts,now,happy,reading,my,one,from,wiv,hello,caroline,at,the,end,is,my,favourite,bless,him"
normal,"where,you,been,hiding,stranger"
normal,"am,not,interested,to,do,like,that"
normal,"my,sister,cleared,two,round,in,birla,soft,yesterday"
normal,"good,nighttakepractice,going,on"
normal,"this,is,yijue,i,just,saw,your,mail,in,case,huiming,haven't,sent,you,my,number,this,is,my,number"
normal,"one,small,prestige,problem,now"
normal,"just,checking,in,on,you,really,do,miss,seeing,jeremiah,do,have,a,great,month"
normal,"no,can't,help,you,there,i've,never,had,an,iphone"
normal,"if,you're,not,in,my,car,in,an,hour,and,a,half,i'm,going,apeshit"
normal,"today,is,sorry,day,if,ever,i,was,angry,with,you,if,ever,i,misbehaved,or,hurt,you,please,please,just,slap,youself,because,its,your,fault,i'm,basically,good"
normal,"yo,you,guys,ever,figure,out,how,much,we,need,for,alcohol,jay,and,i,are,trying,to,figure,out,how,much,we,can,safely,spend,on,weed"
normal,"ltgt,ish,minutes,was,five,minutes,ago,wtf"
normal,"thank,you,for,callingforgot,to,say,happy,onam,to,you,sirjii,am,fine,here,and,remembered,you,when,i,met,an,insurance,personmeet,you,in,qatar,insha,allahrakhesh,ex,tata,aig,who,joined,tisscotayseer"
normal,"i'm,an,actor,when,i,work,i,work,in,the,evening,and,sleep,late,since,i'm,unemployed,at,the,moment,i,always,sleep,late,when,you're,unemployed,every,day,is,saturday"
normal,"hello,just,got,here,st,andrewsboy,its,a,long,way,its,cold,i,will,keep,you,posted"
normal,"ha,ha,cool,cool,chikku,chikku"
normal,"oh,ok,no,prob"
normal,"check,audrey's,status,right,now"
normal,"busy,here,trying,to,finish,for,new,year,i,am,looking,forward,to,finally,meeting,you"
normal,"good,afternoon,sunshine,how,dawns,that,day,are,we,refreshed,and,happy,to,be,alive,do,we,breathe,in,the,air,and,smile,i,think,of,you,my,love,as,always"
normal,"well,i,know,z,will,take,care,of,me,so,no,worries"
normal,"cool,text,me,when,you're,ready"
normal,"hello,my,boytoy,geeee,i,miss,you,already,and,i,just,woke,up,i,wish,you,were,here,in,bed,with,me,cuddling,me,i,love,you"
normal,"i,will,spoil,you,in,bed,as,well"
normal,"i'm,going,for,bath,will,message,you,next,ltgt,min"
normal,"i,can't,keep,talking,to,people,if,am,not,sure,i,can,pay,them,if,they,agree,to,price,so,pls,tell,me,what,you,want,to,really,buy,and,how,much,you,are,willing,to,pay"
normal,"can,you,say,what,happend"
normal,"you,could,have,seen,mei,did't,recognise,you,face"
normal,"well,there's,not,a,lot,of,things,happening,in,lindsay,on,new,years,sighs,some,bars,in,ptbo,and,the,blue,heron,has,something,going"
normal,"keep,my,payasam,there,if,rinu,brings"
normal,"i,taught,that,ranjith,sir,called,me,so,only,i,sms,like,that,becaus,hes,verifying,about,project,prabu,told,today,so,only,pa,dont,mistake,me"
normal,"i,guess,that's,why,you,re,worried,you,must,know,that,there's,a,way,the,body,repairs,itself,and,i'm,quite,sure,you,shouldn't,worry,we'll,take,it,slow,first,the,tests,they,will,guide,when,your,ovulation,is,then,just,relax,nothing,you've,said,is,a,reason,to,worry,but,ill,keep,on,followin,you,up"
normal,"yeah,sure,give,me,a,couple,minutes,to,track,down,my,wallet"
normal,"hey,leave,it,not,a,big,deal,take,care"
normal,"hey,i,will,be,late,ah,meet,you,at,945"
normal,"it,took,mr,owl,three,licks"
normal,"customer,place,i,will,call,you"
normal,"mean,that,time,you,don't,like,fun"
normal,"yup,having,my,lunch,buffet,nowyou,eat,already"
normal,"huh,so,late,for,dinner"
normal,"hey,so,this,sat,are,we,going,for,the,intro,pilates,only,or,the,kickboxing,too"
normal,"morning,only,i,can,ok"
normal,"yes,i,think,so,i,am,in,office,but,my,lap,is,in,room,i,think,thats,on,for,the,last,few,days,i,didn't,shut,that,down"
normal,"pick,you,up,bout,730ish,what,time,are,and,that,going"
normal,"from,here,after,the,performance,award,is,calculated,every,two,monthnot,for,current,one,month,period"
normal,"was,actually,sleeping,and,still,might,when,you,call,back,so,a,text,is,great,you,rock,sister,will,send,you,a,text,when,i,wake"
normal,"you,are,always,putting,your,business,out,there,you,put,pictures,of,your,ass,on,facebook,you,are,one,of,the,most,open,people,i've,ever,met,why,would,i,think,a,picture,of,your,room,would,hurt,you,make,you,feel,violated"
normal,"good,evening,sir,al,salam,wahleykkumsharing,a,happy,newsby,the,grace,of,god,i,got,an,offer,from,tayseertissco,and,i,joinedhope,you,are,fineinshah,allahmeet,you,sometimerakheshvisitor,from,india"
normal,"hmmmokbut,i,want,to,change,the,field,quickly,dai,wanna,get,system,administrator,or,network,administrator"
normal,"dear,how,is,chechi,did,you,talk,to,her"
normal,"the,hair,cream,has,not,been,shipped"
normal,"none,of,that's,happening,til,you,get,here,though"
normal,"yep,the,great,loxahatchee,xmas,tree,burning,of,ltgt,starts,in,an,hour"
normal,"haha,get,used,to,driving,to,usefull,man,i,know,a,lot,of,stoners"
normal,"all,was,well,untill,slightly,disastrous,class,this,pm,with,my,favorite,darlings,hope,day,off,ok,coffee,would,be,good,as,can't,stay,late,tomorrow,same,time,place,as,always"
normal,"hello,good,week,fancy,a,drink,or,something,later"
normal,"because,i,want,it,to,be,your,thing"
normal,"okies,i'll,go,yan,jiu,too,we,can,skip,ard,oso,go,cine,den,go,mrt,one,blah,blah,blah"
normal,"bring,home,some,wendy"
normal,"what's,up,there,don't,you,want,to,sleep"
normal,"alright,i,have,a,new,goal,now"
normal,"alright,i'll,head,out,in,a,few,minutes,text,me,where,to,meet,you"
normal,"yesfrom,last,week,itself,i'm,taking,live,call"
normal,"siva,is,in,hostel,aha"
normal,"send,this,to,your,friends,and,receive,something,about,your,voice,how,is,my,speaking,expression,1childish,2naughty,3sentiment,4rowdy,5full,of,attitude,6romantic,7shy,8attractive,9funny,ltgt,irritating,ltgt,lovable,reply,me"
normal,"ok,she'll,be,ok,i,guess"
normal,"aathiwhere,are,you,dear"
normal,"any,pain,on,urination,any,thing,else"
normal,"seven,at,esplanade,do,ü,mind,giving,me,a,lift,cos,i,got,no,car,today"
normal,"i,want,to,buy,a,bmw,car,urgentlyits,very,urgentbut,have,a,shortage,of,ltgt,lacsthere,is,no,source,to,argument,distance,amt,ltgt,lacsthats,my,problem"
normal,"at,home,watching,tv,lor"
normal,"does,she,usually,take,fifteen,fucking,minutes,to,respond,to,a,yes,or,no,question"
normal,"the,message,sent,is,asking,for,ltgt,dollars,should,i,pay,ltgt,or,ltgt"
normal,"ask,g,or,iouri,i've,told,the,story,like,ten,times,already"
normal,"how,long,does,applebees,fucking,take"
normal,"hi,hope,you,get,this,textjourney,hasn't,been,goodnow,about,50,mins,late,i,think"
normal,"but,i,have,to,i,like,to,have,love,and,arrange"
normal,"yeshe,is,really,greatbhaji,told,kallis,best,cricketer,after,sachin,in,worldvery,tough,to,get,out"
normal,"you,were,supposed,to,wake,me,up,gt"
normal,"oic,i,saw,him,too,but,i,tought,he,did,not,see,me,i,found,a,group,liao"
normal,"hey,hey,we,are,the,monkees,people,say,we,monkeyaround,howdy,gorgeous,howu,doin,foundurself,a,jobyet,sausagelove,jen,xxx"
normal,"sorry,my,battery,died,i,can,come,by,but,i'm,only,getting,a,gram,for,now,where's,your,place"
normal,"well,done,blimey,exercise,yeah,i,kinda,remember,would,that,is,hmm"
normal,"i,wont,get,concentration,dear,you,know,you,are,my,mind,and,everything"
normal,"lol,have,you,made,plans,for,new,years"
normal,"ten,min,later,ok"
normal,"hanks,lotsly"
normal,"thanks,for,this,hope,you,had,a,good,day,today"
normal,"ok,what,are,detail,you,want,to,transferaccount,number,enough"
normal,"ok,i,will,tell,her,to,stay,out,yeah,its,been,tough,but,we,are,optimistic,things,will,improve,this,month"
normal,"si,si,i,think,ill,go,make,those,oreo,truffles"
normal,"look,at,amy,ure,a,beautiful,intelligent,woman,and,i,like,you,a,lot,i,know,you,don't,like,me,like,that,so,don't,worry"
normal,"i,hope,you,that's,the,result,of,being,consistently,intelligent,and,kind,start,asking,him,about,practicum,links,and,keep,your,ears,open,and,all,the,best"
normal,"that,call,cost,which,i,guess,isnt,bad,miss,ya,need,ya,want,ya,love,ya"
normal,"going,through,a,very,different,feeling,wavering,decisions,and,coping,up,with,the,same,is,the,same,individualtime,will,heal,everything,i,believe"
normal,"where,did,you,go,my,phone,is,gonna,die,you,have,to,stay,in,here"
normal,"sorry,i'll,call,later,ok,bye"
normal,"ok,i,am,on,the,way,to,railway"
normal,"they,don't,put,that,stuff,on,the,roads,to,keep,it,from,getting,slippery,over,there"
normal,"when,are,you,going,to,ride,your,bike"
normal,"yup,no,need,i'll,jus,wait,for,e,rain,to,stop"
normal,"there,are,many,company,tell,me,the,language"
normal,"how,long,has,it,been,since,you,screamed,princess"
normal,"ok,i'm,gonna,head,up,to,useful,in,like,fifteen,minutes"
normal,"love,you,aathilove,you,lot"
normal,"tension,ahwhat,machiany,problem"
normal,"ok,can,i,pick,up,another,8th,when,you're,done"
normal,"when're,you,guys,getting,back,g,said,you,were,thinking,about,not,staying,for,mcrnormla"
normal,"almost,there,see,you,in,a,second"
normal,"yo,carlos,a,few,friends,are,already,asking,me,about,you,you,working,at,all,this,weekend"
normal,"watching,tv,lor"
normal,"thank,you,baby,i,can't,wait,to,taste,the,real,thing"
normal,"you,should,change,your,fb"
normal,"if,we,win,its,really,no,1,side,for,long,time"
normal,"dear,reached,railway,what,happen,to,you"
normal,"depends,on,quality,if,you,want,the,type,i,sent,boye,faded,glory,then,about,6,if,you,want,ralphs,maybe,2"
normal,"i,think,i've,fixed,it,can,you,send,a,test,message"
normal,"sorry,man,my,account's,dry,or,i,would,if,you,want,we,could,trade,back,half,or,i,could,buy,some,shit,with,my,credit,card"
normal,"sorryin,meeting,i'll,call,later"
normal,"what,class,of,ltgt,reunion"
normal,"are,you,free,nowcan,i,call,now"
normal,"nope,think,i,will,go,for,it,on,monday,sorry,i,replied,so,late"
normal,"some,of,them,told,accenture,is,not,confirm,is,it,true"
normal,"kate,jackson,rec,center,before,seven,wish,right"
normal,"dear,i,have,reached,room"
normal,"fighting,with,the,world,is,easy,u,either,win,or,lose,bt,fightng,with,some1,who,is,close,to,u,is,dificult,if,u,lose,u,lose,if,u,win,u,still,lose"
normal,"when,can,you,come,out"
normal,"check,with,nuerologist"
normal,"lol,nice,i,went,from,a,fish,to,water"
normal,"you,should,know,now,so,how's,anthony,are,you,bringing,money,i've,school,fees,to,pay,and,rent,and,stuff,like,that,thats,why,i,need,your,help,a,friend,in,need"
normal,"what's,the,significance"
normal,"your,opinion,about,me,1,over,2,jada,3,kusruthi,4,lovable,5,silent,6,spl,character,7,not,matured,8,stylish,9,simple,pls,reply"
normal,"at,the,latest,g's,still,there,if,you,can,scrounge,up,some,ammo,and,want,to,give,the,new,ak,a,try"
normal,"prabhai'm,sorydarealyfrom,heart,i'm,sory"
normal,"lol,ok,your,forgiven"
normal,"nojust,change,that,only"
normal,"sono,competition,for,him"
normal,"shall,i,come,to,get,pickle"
normal,"were,gonna,get,some,tacos"
normal,"that's,very,rude,you,on,campus"
normal,"hi,i,won't,be,heard,for,christmas,but,do,enjoy,and,merry,x'mas"
normal,"yes,how,is,a,pretty,lady,like,you,single"
normal,"what,todaysundaysunday,is,holidayso,no,work"
normal,"goodnighttake,carepractice,going,on"
normal,"i'll,be,late"
normal,"i've,not,called,you,in,a,while,this,is,hoping,it,was,later,malaria,and,that,you,know,that,we,miss,you,guys,i,miss,bani,big,so,please,give,her,my,love,especially,have,a,great,day"
normal,"good,afternoon,my,love,how,goes,that,day,i,hope,maybe,you,got,some,leads,on,a,job,i,think,of,you,boy,toy,and,send,you,a,passionate,kiss,from,across,the,sea"
normal,"probably,gonna,be,here,for,a,while,see,you,later,tonight,lt"
normal,"or,maybe,my,fate,fingers,just,press,all,these,buttons,and,it,doesn't,know,what,to,do"
normal,"ummmmmaah,many,many,happy,returns,of,the,day,my,dear,sweet,heart,happy,birthday,dear"
normal,"i,am,in,tirupur,once,you,started,from,office,call,me"
normal,"but,i,am,going,to,college,pa,what,to,do,are,else,ill,come,there,it,self,pa"
normal,"4,o'clock,at,mine,just,to,bash,out,a,flat,plan"
normal,"this,girl,does,not,stay,in,bed,this,girl,doesn't,need,recovery,time,i,would,rather,pass,out,while,having,fun,then,be,cooped,up,in,bed"
normal,"then,any,special,there"
normal,"i,know,but,you,need,to,get,hotel,now,i,just,got,my,invitation,but,i,had,to,apologise,cali,is,to,sweet,for,me,to,come,to,some,english,bloke's,weddin"
normal,"sorry,that,took,so,long,omw,now"
normal,"wait,ltgt,min"
normal,"ok,give,me,5,minutes,i,think,i,see,her,btw,you're,my,alibi,you,were,cutting,my,hair,the,whole,time"
normal,"imagine,you,finally,get,to,sink,into,that,bath,after,i,have,put,you,through,your,paces,maybe,even,having,you,eat,me,for,a,while,before,i,left,but,also,imagine,the,feel,of,that,cage,on,your,cock,surrounded,by,the,bath,water,reminding,you,always,who,owns,you,enjoy,my,cuck"
normal,"hurry,up,i've,been,weeddeficient,for,like,three,days"
normal,"sure,if,i,get,an,acknowledgement,from,you,that,it's,astoundingly,tactless,and,generally,faggy,to,demand,a,blood,oath,fo"
normal,"ok,every,night,take,a,warm,bath,drink,a,cup,of,milk,and,you'll,see,a,work,of,magic,you,still,need,to,loose,weight,just,so,that,you,know"
normal,"ill,have,a,look,at,the,frying,pan,in,case,its,cheap,or,a,book,perhaps,no,thats,silly,a,frying,pan,isnt,likely,to,be,a,book"
normal,"o,well,you,have,causes,mutations,sunscreen,is,like,essential,thesedays"
normal,"having,lunchyou,are,not,in,onlinewhy"
normal,"i,know,that,my,friend,already,told,that"
normal,"hi,princess,thank,you,for,the,pictures,you,are,very,pretty,how,are,you"
normal,"aiyo,you,always,see,our,example,one,i,don't,about,me,she,haven,reply,first,time,u,reply,so,fast,y,so,lucky,not,workin,huh,got,bao,by,ur,sugardad,ahgee"
normal,"hi,message,mei'm,in,office"
normal,"thanks,for,e,brownie,it's,very,nice"
normal,"geeeee,i,love,you,so,much,i,can,barely,stand,it"
normal,"fuck,babe,i,miss,you,already,you,know,can't,you,let,me,send,you,some,money,towards,your,net,i,need,you,i,want,you,i,crave,you"
normal,"i,will,call,you,tommarow,at,ninish,with,my,address,that,icky,american,freek,won't,stop,callin,me,to,bad,jen,k,eh"
normal,"oooh,bed,ridden,eye,what,are,you,thinking,of"
normal,"so,anyways,you,can,just,go,to,your,gym,or,whatever,my,love,smiles,i,hope,your,ok,and,having,a,good,day,babe,i,miss,you,so,much,already"
normal,"love,it,daddy,will,make,you,scream,with,pleasure,i,am,going,to,slap,your,ass,with,my,dick"
normal,"would,you,wanna,do,then,missy"
normal,"yar,lor,wait,for,my,mum,to,finish,such,then,have,lunch,lor,i,whole,morning,stay,at,home,clean,my,room,now,my,room,quite,clean,hee"
normal,"do,you,know,where,my,lab,goggles,went"
normal,"can,you,open,the,door"
normal,"waiting,for,your,call"
normal,"nope,i,waiting,in,such,for,daddy"
normal,"i'm,tired,of,arguing,with,you,about,this,week,after,week,do,what,you,want,and,from,now,on,i'll,do,the,same"
normal,"you,wait,for,me,in,such,i,finish,ard"
normal,"arraneged,marriage,is,while,you,are,walking,unfortuntly,a,snake,bites,you,but,love,marriage,is,dancing,in,front,of,the,snake,amp,sayin,bite,me,bite,me"
normal,"huh,so,early,then,you,having,dinner,outside,izzit"
normal,"ok,anyway,no,need,to,change,with,what,you,said"
normal,"my,exwife,was,not,able,to,have,kids,do,you,want,kids,one,day"
normal,"so,how's,scotland,hope,you,are,not,over,showing,your,jjc,tendencies,take,care,live,the,dream"
normal,"tell,them,you,have,a,headache,and,just,want,to,use,1,hour,of,sick,time"
normal,"i,don't,think,i'll,quit,yet,hmmm,can,go,jazz,yogasana,oso,can,we,can,go,meet,em,after,our,lessons,den"
normal,"pete,can,you,please,ring,meive,hardly,gotany,credit"
normal,"ya,srsly,better,than,yi,tho"
normal,"i'm,in,a,meeting,call,me,later,at"
normal,"you,still,at,grand,prefix"
normal,"i,met,you,as,a,stranger,and,choose,you,as,my,friend,as,long,as,the,world,stands,our,friendship,never,ends,lets,be,friends,forever,good,night"
normal,"i,am,great,how,are,you"
normal,"good,morning,dear,have,a,nice,day"
normal,"will,do,was,exhausted,on,train,this,morning,too,much,wine,and,pie,you,sleep,well,too"
normal,"i'm,going,out,to,buy,mum's,present,ar"
normal,"mind,blastin,no,more,tsunamis,will,occur,from,now,on,rajnikant,stopped,swimming,in,indian,oceand"
normal,"if,you,sending,her,home,first,it's,ok,lor,i'm,not,ready,yet"
normal,"be,happy,there,i,will,come,after,noon"
normal,"meet,after,lunch,la"
normal,"take,care,and,get,well,soon"
normal,"what,i,meant,to,say,is,can't,wait,to,see,you,again,getting,bored,of,this,bridgwater,banter"
normal,"never,mind,it's,ok"
normal,"it's,fine,imma,get,a,drink,or,something,want,me,to,come,find,you"
normal,"it's,a,valentine,game,send,this,message,to,all,your,friends,if,5,answers,are,the,same,then,someone,really,loves,you,question,which,colour,suits,me,the,bestreply,me"
normal,"i,have,many,dependents"
normal,"thanks,today,cere,it,was,nice,to,catch,up,but,we,ave,to,find,more,time,more,often,oh,well,take,care,see,you,soon"
normal,"i,called,and,said,all,to,himthen,he,have,to,choose,this,future"
normal,"happy,valentines,day,i,know,its,early,but,i,have,hundreds,of,handsomes,and,beauties,to,wish,so,i,thought,to,finish,off,aunties,and,uncles,1st"
normal,"he,like,not,v,shock,leh,becouse,telling,shuhui,is,like,telling,leona,also,like,date,almost,all,know,liao,he,got,ask,me,about,your,reaction,lor"
normal,"for,my,family,happiness"
normal,"i,come,n,pick,you,up,come,out,immediately,after,your,lesson"
normal,"let,there,be,snow,let,there,be,snow,this,kind,of,weather,brings,people,together,so,friendships,can,grow"
normal,"dear,we,got,ltgt,dollars,hi,hi"
normal,"good,words,but,words,may,leave,you,in,dismay,many,times"
normal,"make,sure,alex,knows,his,birthday,is,over,in,fifteen,minutes,as,far,as,you're,concerned"
normal,"sorry,no,have,got,few,things,to,do,may,be,in,public,later"
normal,"nah,it's,straight,if,you,can,just,bring,but,or,drinks,or,something,that's,actually,a,little,more,useful,than,straight,cash"
normal,"haha,good,to,hear,i'm,officially,paid,and,on,the,market,for,an,8th"
normal,"how,many,licks,does,it,take,to,get,to,the,center,of,a,tootsie,pop"
normal,"yup,i,think,they,are,a,teacher,said,that,will,make,my,face,look,longer,darren,ask,me,not,2,cut,too,short"
normal,"please,don't,say,like,that,hi,hi,hi"
normal,"thank,you"
normal,"oh,that,was,a,forwarded,message,i,thought,you,send,that,to,me"
normal,"got,it,seventeen,pounds,for,seven,hundred,ml,hope,ok"
normal,"me,and,him,so,funny"
normal,"sweetheart,hope,you,are,not,having,that,kind,of,day,have,one,with,loads,of,reasons,to,smile,biola"
normal,"when,you,login,date,time,dad,fetching,you,home,now"
normal,"what,will,we,do,in,the,shower,baby"
normal,"i,had,askd,u,a,question,some,hours,before,its,answer"
normal,"well,i,am,definitely,need,to,restock,before,thanksgiving,i'll,let,you,know,when,i'm,out"
normal,"said,kiss,kiss,i,can't,do,the,sound,effects,he,is,a,gorgeous,man,isn't,he,kind,of,person,who,needs,a,smile,to,brighten,his,day"
normal,"probably,gonna,swing,by,in,a,wee,bit"
normal,"ya,very,nice,be,ready,on,thursday"
normal,"allo,we,have,braved,the,buses,and,taken,on,the,trains,and,triumphed,i,mean,were,in,bham,have,a,jolly,good,rest,of,week"
normal,"watching,cartoon,listening,music,amp,at,eve,had,to,go,temple,amp,church,what,about,you"
normal,"do,you,mind,if,i,ask,what,happened,you,don't,have,to,say,if,it,is,uncomfortable"
normal,"no,problem,i,will,send,to,your,email"
normal,"thats,cool,sometimes,slow,and,gentle,sometimes,rough,and,hard"
normal,"i'm,gonna,say,no,sorry,i,would,but,as,normal,am,starting,to,panic,about,time,sorry,again,are,you,seeing,on,tuesday"
normal,"wait,do,you,know,if,wesleys,in,town,i,bet,she,does,hella,drugs"
normal,"fine,i,miss,you,very,much"
normal,"did,you,got,that,persons,story"
normal,"tell,them,the,drug,dealer's,getting,impatient"
normal,"sun,can't,come,to,earth,but,send,l,as,rays,cloud,can't,come,to,river,but,send,luv,as,rain,i,can't,come,to,meet,you,but,can,send,my,care,as,message,to,you,good,evning"
normal,"you,will,be,in,the,place,of,that,man"
normal,"it,doesn't,make,sense,to,take,it,there,unless,its,free,if,you,need,to,know,more,wikipediacom"
normal,"under,the,sea,there,lays,a,rock,in,the,rock,there,is,an,envelope,in,the,envelope,there,is,a,paper,on,the,paper,there,are,3,words"
normal,"then,mum's,repent,how"
normal,"sorry,me,going,home,first,daddy,come,fetch,you,later"
normal,"leave,it,de,start,prepare,for,next"
normal,"yes,baby,we,can,study,all,the,positions,of,the,kama,sutra"
normal,"en,chikku,nange,bakra,msg,kalstiyathen,had,teacoffee"
normal,"carlos'll,be,here,in,a,minute,if,you,still,need,to,buy"
normal,"this,pay,is,ltdecimalgt,lakhs"
normal,"have,a,good,evening,title"
normal,"did,you,receive,my,message"
normal,"ho,ho,big,belly,laugh,see,ya,tomorrow"
normal,"ditto,and,you,won't,have,to,worry,about,me,saying,anything,to,you,anymore,like,i,said,last,night,you,do,whatever,you,want,and,i'll,do,the,same,peace"
normal,"i've,got,ltgt,any,way,i,could,pick,up"
normal,"i,don't,know,pa,i,just,drink,milk"
normal,"may,be,say,hi,to,and,find,out,if,got,his,card,great,escape,or,wetherspoons"
normal,"piggy,are,you,awake,i,bet,you,are,still,sleeping,i'm,going,for,lunch,now"
normal,"cause,i'm,not,freaky,lol"
normal,"missed,your,call,cause,i,was,yelling,at,scrappy,miss,you,can't,wait,for,you,to,come,home,i'm,so,lonely,today"
normal,"what,is,this,hex,place,you,talk,of,explain"
normal,"you,log,off,for,what,it's,sdryb8i"
normal,"is,xy,going,for,lunch"
normal,"i,wanted,to,ask,ü,to,wait,4,me,to,finish,lect,because,my,lecture,finishes,in,an,hour,anyway"
normal,"have,you,finished,work,yet"
normal,"every,king,was,once,a,crying,baby,and,every,great,building,was,once,a,map,not,imprtant,where,u,r,today,but,where,u,wil,reach,tomorw,gud,ni8"
normal,"dearme,at,cherthalain,case,you,are,coming,cochin,please,call,before,you,starti,shall,also,reach,accordinglyor,tell,me,which,day,you,are,comingtommorow,i,am,engaged,ans,its,holiday"
normal,"thanks,love,but,am,i,doing,torch,or,bold"
normal,"was,the,farm,open"
normal,"sorry,to,trouble,you,again,can,buy,4d,for,my,dad,again"
normal,"my,sister,in,law,hope,you,are,having,a,great,month,just,saying,hey,abiola"
normal,"will,purchase,stuff,today,and,mail,to,you,do,you,have,a,po,box,number"
normal,"ah,poop,looks,like,ill,prob,have,to,send,in,my,laptop,to,get,fixed,because,it,has,a,gpu,problem"
normal,"good,good,job,i,like,entrepreneurs"
normal,"aight,you,close,by,or,still,down,around,alex's,place"
normal,"meet,you,in,corporation,st,outside,gap,you,can,see,how,my,mind,is,working"
normal,"mum,ask,you,to,buy,food,home"
normal,"okyou,also,don't,message,or,reply,to,his,message"
normal,"how,much,you,are,willing,to,pay"
normal,"what,is,important,is,that,you,prevent,dehydration,by,giving,her,enough,fluids"
normal,"thats,a,bit,weird,even,where,is,the,do,supposed,to,be,happening,but,good,idea,sure,they,will,be,in,pub"
normal,"true,deari,sat,to,pray,evening,and,felt,soso,i,sms'd,you,in,some,time"
normal,"i,don't,think,i,can,get,away,for,a,trek,that,long,with,family,in,town,sorry"
normal,"so,when,do,you,wanna,gym,harri"
normal,"quite,late,lar,ard,12,anyway,i,would,not,driving"
normal,"it,just,seems,like,weird,timing,that,the,night,that,all,you,and,g,want,is,for,me,to,come,smoke,is,the,same,day,as,when,a,shitstorm,is,attributed,to,me,always,coming,over,and,making,everyone,smoke"
normal,"he,also,knows,about,lunch,menu,only,da,i,know"
normal,"when,i,have,stuff,to,sell,i,will,tell,you"
normal,"book,which,lesson,then,you,message,me,i,will,call,up,after,work,or,sth,i'm,going,to,get,specs,my,membership,is,px3748"
normal,"macha,dont,feel,upseti,can,assume,your,mindsetbelieve,me,one,evening,with,me,and,i,have,some,wonderful,plans,for,both,of,uslet,life,begin,againcall,me,anytime"
normal,"oh,is,it,send,me,the,address"
normal,"it's,fine,anytime,all,the,best,with,it"
normal,"that,is,wondar,full,flim"
normal,"ya,even,those,cookies,have,jelly,on,them"
normal,"the,world,is,running,and,i,am,stillmaybe,all,are,feeling,the,sameso,be,itor,i,have,to,admiti,am,madthen,where,is,the,correction,or,let,me,call,this,is,lifeand,keep,running,with,the,worldmay,be,u,r,also,runninglets,run"
normal,"got,it,it,looks,scrumptious,daddy,wants,to,eat,you,all,night,long"
normal,"of,ourse,can,learn,i'm,not,so,ba,dao,ok,1,pm,lor,why,you,never,ask,where,we,go,ah,i,said,you,would,ask,on,fri,but,he,said,you,will,ask,today"
normal,"alright,omw,gotta,change,my,order,to,a,half8th"
normal,"exactly,anyways,how,far,is,jide,her,to,study,or,just,visiting"
normal,"dunno,why,you,ask,me"
normal,"no,he,didn't,spring,is,coming,early,yay"
normal,"lol,you,won't,feel,bad,when,i,use,her,money,to,take,you,out,to,a,steak,dinner"
normal,"even,you,don't,get,in,trouble,while,convincingjust,tell,him,once,or,twice,and,just,tell,neglect,his,msgs,don't,see,and,read,itjust,don't,reply"
normal,"leaving,to,qatar,tonite,in,search,of,an,opportunityall,went,fastplease,add,me,in,your,prayers,dearrakhesh"
normal,"then,why,no,one,talking,to,me"
normal,"thanks,for,looking,out,for,me,i,really,appreciate"
normal,"wish,i,were,with,you,now"
normal,"haha,may,be,you,are,right,you,know,me,well,the,feeling,of,being,liked,by,someone,is,good,lor,you,faster,go,find,one,then,all,gals,in,our,group,attached,liao"
normal,"yes,i,will,be,there,glad,you,made,it"
normal,"do,well,all,will,for,little,time,thing,of,good,times,ahead"
normal,"just,got,up,have,to,be,out,of,the,room,very,soon,i,hadn't,put,the,clocks,back,till,at,8,i,shouted,at,everyone,to,get,up,and,then,realised,it,was,7,wahay,another,hour,in,bed"
normal,"ok,there,may,be,a,free,gym,about"
normal,"men,like,shorter,ladies,gaze,up,into,his,eyes"
normal,"dunno,he,just,say,go,lido,same,time,930"
normal,"i,promise,to,take,good,care,of,you,princess,i,have,to,run,now,please,send,pics,when,you,get,a,chance,title"
normal,"don't,give,me,that,lip,caveboy"
normal,"when,did,you,get,to,the,library"
normal,"realy,sorryi,don't,recognise,this,number,and,am,now,confused,who,are,you,please"
normal,"so,why,did,not,you,holla"
normal,"can't,think,of,anyone,with,spare,room,off,top,of,my,head"
normal,"faith,makes,things,possiblehope,makes,things,worklove,makes,things,beautifulmay,you,have,all,three,this,christmasmerry,christmas"
normal,"you,should,have,made,an,appointment"
normal,"call,me,when,youcarlos,isare,here,my,phone's,vibrate,is,acting,up,and,i,might,not,hear,texts"
normal,"we,are,at,grandmas,oh,dear,you,still,ill,i,felt,shit,this,morning,but,i,think,i,am,just,hungover,another,night,then,we,leave,on,sat"
normal,"nothing,but,we,jus,tot,u,would,ask,cos,u,ba,gua,but,we,went,mt,faber,yest,yest,jus,went,out,already,mah,so,today,not,going,out,jus,call,lor"
normal,"wishing,you,and,your,family,merry,x,mas,and,happy,new,year,in,advance"
normal,"i'm,not,goin,got,somethin,on,unless,they,meetin,4,dinner,lor,haha,i,wonder,who,will,go,this,time"
normal,"sorry,i'll,call,later"
normal,"i,can't,pick,the,phone,right,now,please,send,a,message"
normal,"lol,i,know,they're,so,dramatic,schools,already,closed,for,tomorrow,apparently,we,can't,drive,in,the,inch,of,snow,were,supposed,to,get"
normal,"not,getting,anywhere,with,this,damn,job,hunting,over,here"
normal,"lol,you,drunkard,just,doing,my,hair,at,the,moment,yeah,still,up,4,to,night,what's,the,plan"
normal,"idc,get,over,here,you,are,not,weaseling,your,way,out,of,this,shit,twice,in,a,row"
normal,"i,will,be,there,with,in,ltgt,minutes,got,any,space"
normal,"just,sleepingand,surfing"
normal,"thanks,for,picking,up,the,trash"
normal,"why,don't,you,go,tell,your,friend,you're,not,sure,you,want,to,live,with,him,because,he,smokes,too,much,then,spend,hours,begging,him,to,come,smoke"
normal,"hi,its,kate,it,was,lovely,to,see,you,tonight,and,ill,phone,you,tomorrow,i,got,to,sing,and,a,guy,gave,me,his,card,xxx"
normal,"happy,new,year,my,dear,brother,i,really,do,miss,you,just,got,your,number,and,decided,to,send,you,this,text,wishing,you,only,happiness,abiola"
normal,"that,means,get,the,door"
normal,"your,opinion,about,me,1,over,2,jada,3,kusruthi,4,lovable,5,silent,6,spl,character,7,not,matured,8,stylish,9,simple,pls,reply"
normal,"hmmm,i,thought,we,said,2,hours,slave,not,3,you,are,late,how,should,i,punish,you"
normal,beerage
normal,"don't,think,so,it,turns,off,like,randomlly,within,5min,of,opening"
normal,"she,was,supposed,to,be,but,couldn't,make,it,she's,still,in,town,though"
normal,"it,does,it,on,its,own,most,of,the,time,it,fixes,my,spelling,but,sometimes,it,gets,a,completely,diff,word,go,figure"
normal,"good,morning,dear,have,a,nice,day"
normal,"this,is,hoping,you,enjoyed,your,game,yesterday,sorry,i've,not,been,in,touch,but,please,know,that,you,are,fondly,being,those,off,have,a,great,week,abiola"
normal,"all,the,best,for,you,driving,tomorrow"
normal,"why,where,you,at,dogbreath,its,just,sounding,like,jan,c,thats,al"
normal,"omg,i,want,to,scream,i,weighed,myself,and,i,lost,more,weight,woohoo"
normal,"there,generally,isn't,one,it's,an,uncountable,noun,you,in,the,dictionary,pieces,of,research"
normal,"it's,really,getting,me,down,just,hanging,around"
normal,"petey,boy,whereare,you,me,and,all,your,friendsare,in,thekingshead,come,down,if,you,canlove,nic"
normal,"ok,i,message,you,before,i,leave,my,house"
normal,"gimme,a,few,was,ltgt,minutes,ago"
normal,"appt,is,at,lttimegt,am,not,my,fault,you,don't,listen,i,told,you,twice"
normal,"ok,i'll,be,there,before,4"
normal,"i,would,third,its,very,important"
normal,"sure,but,make,sure,he,knows,we,aim't,smoking,yet"
normal,"you,always,work,just,quit"
normal,"i,am,taking,half,day,leave,become,i,am,not,well"
normal,"i,don't,wanna,get,out,of,bed,it's,so,warm"
normal,"ssnervous,ltgt"
normal,"so,there's,a,ring,that,comes,with,the,guys,costumes,it's,there,so,they,can,gift,their,future,yowifes,hint,hint"
normal,"i,borrow,your,bag,ok"
normal,"where's,my,boytoy,i,miss,you,what,happened"
normal,"he,has,lots,of,used,ones,babe,but,the,model,doesn't,help,you,have,to,bring,it,over,and,he'll,match,it,up"
normal,"also,are,you,bringing,galileo,or,dobby"
normal,"then,why,you,not,responding"
normal,"boo,babe,you,enjoying,yourjob,you,seemed,to,be,gettin,on,well,hunnyhope,you,are,oktake,care,illspeak,to,you,soonlots,of,loveme,xxxx"
normal,"good,afternoon,starshine,how's,my,boytoy,does,he,crave,me,yet,ache,to,fuck,me,sips,cappuccino,i,miss,you,babe,teasing,kiss"
normal,"on,the,road,so,can't,text"
normal,"smsservices,for,your,inclusive,text,credits,please,goto,wwwcomuknet,login,3qxj9,unsubscribe,with,stop,no,extra,charge"
normal,"hmm,bits,and,pieces,lol,sighs"
normal,"hahahause,your,brain,dear"
normal,"hey,you,got,any,mail"
normal,"sorry,light,turned,green,i,meant,another,friend,wanted,ltgt,worth,but,he,may,not,be,around"
normal,"thanks,for,yesterday,sir,you,have,been,wonderful,hope,you,enjoyed,the,burial,mojibiola"
normal,"hi,mate,its,rv,did,you,hav,a,nice,hol,just,a,message,3,say,hello,becose,haven't,sent,you,one,in,ages,started,driving,so,stay,off,roads"
normal,"thank,you,so,much,when,we,skyped,with,koz,and,sura,we,didn't,get,the,pleasure,of,your,company,hope,you,are,good,we've,given,you,ultimatum,oh,we,are,countinue,down,to,aburo,enjoy,this,is,the,message,i,sent,days,ago"
normal,"good,morning,my,dear,have,a,great,amp,successful,day"
normal,"sir,i,have,been,late,in,paying,rent,for,the,past,few,months,and,had,to,pay,a,ltgt,charge,i,felt,it,would,be,inconsiderate,of,me,to,nag,about,something,you,give,at,great,cost,to,yourself,and,that's,why,i,didnt,speak,up,i,however,am,in,a,recession,and,wont,be,able,to,pay,the,charge,this,month,hence,my,askin,well,ahead,of,month's,end,can,you,please,help,thanks"
normal,"i,love,you,soo,much,you,don't,understand,how,special,you,are,to,me,ring,you,tomorrow,love,you"
normal,"please,send,me,a,comprehensive,mail,about,who,i'm,paying,when,and,how,much"
normal,"our,prashanthettan's,mother,passed,away,last,night,pray,for,her,and,family"
normal,"ok,when,are,you,going"
normal,"meanwhile,in,the,shit,suite,xavier,decided,to,give,us,ltgt,seconds,of,warning,that,samantha,was,coming,over,and,is,playing,jay's,guitar,to,impress,her,or,some,shit,also,i,don't,think,doug,realizes,i,don't,live,here,anymore"
normal,"my,stomach,has,been,thru,so,much,trauma,i,swear,i,just,can't,eat,i,better,lose,weight"
normal,"i,am,in,officewhats,the,mattermsg,me,nowi,will,call,you,at,break"
normal,"yeah,there's,barely,enough,room,for,the,two,of,us,x,has,too,many,fucking,shoes,sorry,man,see,you,later"
normal,"you,reach,orchard,already,you,want,to,go,buy,tickets,first"
normal,"i,am,real,baby,i,want,to,bring,out,your,inner,tigress"
normal,"no,da,if,you,run,that,it,activate,the,full,version,da"
normal,"ah,poor,babyhope,urfeeling,bettersn,luv,probthat,overdose,of,work,hey,go,careful,speak,to,you,lots,of,lovejen,xxx"
normal,"stop,the,story,i've,told,him,i've,returned,it,and,he's,saying,i,should,not,re,order,it"
normal,"going,to,take,your,babe,out"
normal,"hai,ana,tomarrow,am,coming,on,morning,ltdecimalgt,will,be,there,in,sathy,then,we,will,go,to,rto,office,reply,me,after,came,to,home"
normal,"spoons,it,is,then,okay"
normal,"did,he,just,say,somebody,is,named,tampa"
normal,"in,work,now,going,have,in,few,min"
normal,"your,brother,is,a,genius"
normal,"sorry,i,guess,whenever,i,can,get,a,hold,of,my,connections,maybe,an,hour,or,two,i'll,text,you"
normal,"did,you,find,out,what,time,the,bus,is,at,coz,i,need,to,sort,some,stuff,out"
normal,"dude,i,have,been,seeing,a,lotta,corvettes,lately"
normal,"congratulations,your,awarded,either,a,years,supply,of,cds,from,virgin,records,or,a,mystery,gift,guaranteed,call,09061104283,tscs,wwwsmsconet,150pm,approx,3mins"
normal,"same,here,but,i,consider,walls,and,bunkers,and,shit,important,just,because,i,never,play,on,peaceful,but,i,guess,your,place,is,high,enough,that,it,don't,matter"
normal,"well,am,officially,in,a,philosophical,hole,so,if,you,wanna,call,am,at,home,ready,to,be,saved"
normal,"its,going,goodno,problembut,still,need,little,experience,to,understand,american,customer,voice"
normal,"i'll,text,you,when,i,drop,off"
normal,"ugh,its,been,a,long,day,i'm,exhausted,just,want,to,cuddle,up,and,take,a,nap"
normal,"talk,with,yourself,atleast,once,in,a,day,otherwise,you,will,miss,your,best,friend,in,this,world,shakespeare,shesil,ltgt"
normal,"are,you,in,castor,you,need,to,see,something"
normal,"see,i,knew,giving,you,a,break,a,few,times,woul,lead,to,you,always,wanting,to,miss,curfew,i,was,gonna,gibe,you,til,one,but,a,midnight,movie,is,not,gonna,get,out,til,after,2,you,need,to,come,home,you,need,to,getsleep,and,if,anything,you,need,to,b,studdying,ear,training"
normal,"i,love,to,give,massages,i,use,lots,of,baby,oil,what,is,your,fave,position"
normal,"dude,we,should,go,sup,again"
normal,"yoyyooo,you,know,how,to,change,permissions,for,a,drive,in,mac,my,usb,flash,drive"
normal,"gibbs,unsoldmike,hussey"
normal,"i,like,to,talk,pa,but,am,not,able,to,i,dont,know,y"
normal,"y,dun,cut,too,short,leh,you,done,like,ah,she,failed,she's,quite,sad"
normal,"you,unbelievable,faglord"
normal,"wifehow,she,knew,the,time,of,murder,exactly"
normal,"why,do,you,ask,princess"
normal,"i,am,great,princess,what,are,you,thinking,about,me"
normal,"nutter,cutter,ctter,cttergg,cttargg,ctargg,ctagg,ie,you"
normal,"it's,ok,i,know,you,are,busy,but,i'm,really,too,bored,so,i,messsge,you,i,do,you,know,what,colour,she,choose,for,me,one"
normal,"doesn't,g,have,class,early,tomorrow,and,thus,shouldn't,be,trying,to,smoke,at,ltgt"
normal,"superb,thought,be,grateful,that,you,dont,have,everything,you,want,that,means,you,still,have,an,opportunity,to,be,happier,tomorrow,than,you,are,today"
normal,"hope,you,are,having,a,good,week,just,checking,in"
normal,"i'm,used,to,it,i,just,hope,my,agents,don't,drop,me,since,i've,only,booked,a,few,things,this,year,this,whole,me,in,boston,them,in,nyc,was,an,experiment"
normal,"thursday,night,yeah,sure,thing,we'll,work,it,out,then"
normal,"probably,money,worries,things,are,coming,due,and,i,have,several,outstanding,invoices,for,work,i,did,two,and,three,months,ago"
normal,"how,is,it,possible,to,teach,you,and,where"
normal,"i,wonder,if,your,phone,battery,went,dead,i,had,to,tell,you,i,love,you,babe"
normal,"lovely,smell,on,this,bus,and,it,ain't,tobacco"
normal,"we're,all,getting,worried,over,here,derek,and,taylor,have,already,assumed,the,worst"
normal,"hey,what's,up,charles,sorry,about,the,late,reply"
normal,"ill,give,her,once,i,have,it,plus,she,said,grinule,greet,you,whenever,we,speak"
normal,"white,fudge,oreos,are,in,stores"
normal,"my,love,how,come,it,took,you,so,long,to,leave,for,zaher's,i,got,your,words,on,ym,and,was,happy,to,see,them,but,was,sad,you,had,left,i,miss,you"
normal,"i,am,sorry,it,hurt,you"
normal,"can't,i,feel,nauseous,i'm,so,pissed,i,didn't,eat,any,sweets,all,week,cause,today,i,was,planning,to,pig,out,i,was,dieting,all,week,and,now,i'm,not,hungry"
normal,"ok,lor,but,not,too,early,me,still,having,project,meeting,now"
normal,"call,me,i,am,waiting,for,your,call"
normal,"i,could,ask,carlos,if,we,could,get,more,if,anybody,else,can,chip,in"
normal,"was,actually,about,to,send,you,a,reminder,today,have,a,wonderful,weekend"
normal,"when,people,see,my,messages,they,think,i,am,addicted,to,messaging,they,are,wrong,because,they,don't,know,that,i,am,addicted,to,my,sweet,friends,bslvyl"
normal,"hey,you,gave,them,your,photo,when,you,registered,for,driving,ah,tomorraw,wanna,meet,at,yck"
normal,"dont,talk,to,him,ever,ok,its,my,word"
normal,"when,you,wana,see,it,then"
normal,"on,ma,way,to,school,can,you,please,send,me,ashley's,number"
normal,"it,shall,be,fine,i,have,available,now,will,hollalater"
normal,"she,went,to,attend,another,two,rounds,todaybut,still,did't,reach,home"
normal,"actually,i,deleted,my,old,websitenow,i,am,blogging,at,magicalsongsblogspotcom"
normal,"ok,wait,chikku,will,send,after,ltgt,mins"
normal,"but,i'm,on,a,diet,and,i,ate,1,too,many,slices,of,pizza,yesterday,ugh,i'm,always,on,a,diet"
normal,"ki,will,give,my,kvb,acc,details"
normal,"oh,all,have,to,come,ah"
normal,"i'm,really,sorry,i,won't,b,able,to,do,this,fridayhope,you,can,find,an,alternativehope,your,term's,going,ok"
normal,"congratulations,ore,mo,owo,re,wa,enjoy,it,and,i,wish,you,many,happy,moments,to,and,fro,wherever,you,go"
normal,"so,do,you,have,samus,shoulders,yet"
normal,"what,time,you,think,you'll,have,it,need,to,know,when,i,should,be,near,campus"
normal,"then,dun,wear,jeans,lor"
normal,"since,when,which,side,any,fever,any,vomitin"
normal,"okare,you,in,college"
normal,"better,made,up,for,friday,and,stuffed,myself,like,a,pig,yesterday,now,i,feel,bleh,but,at,least,its,not,writhing,pain,kind,of,bleh"
normal,"no,we,sell,it,all,so,we'll,have,tons,if,coins,then,sell,our,coins,to,someone,through,paypal,voila,money,back,in,life,pockets"
normal,"they,are,doing,it,to,lots,of,places,only,hospitals,and,medical,places,are,safe"
normal,"and,also,i've,sorta,blown,him,off,a,couple,times,recently,so,id,rather,not,text,him,out,of,the,blue,looking,for,weed"
normal,"i,sent,my,scores,to,sophas,and,i,had,to,do,secondary,application,for,a,few,schools,i,think,if,you,are,thinking,of,applying,do,a,research,on,cost,also,contact,joke,ogunrinde,her,school,is,one,me,the,less,expensive,ones"
normal,"i,cant,wait,to,see,you,how,were,the,photos,were,useful"
normal,"hey,i,booked,the,cab,on,saturday,already,what,other,lessons,are,we,going,for,ah,keep,your,sat,night,free,we,need,to,meet,and,confirm,our,lodging"
normal,"check,in,your,beloved,dict"
normal,"is,that,what,time,you,want,me,to,come"
normal,"awesome,lemme,know,whenever,you're,around"
normal,"beautiful,truth,against,gravity,read,carefully,our,heart,feels,light,when,someone,is,in,it,but,it,feels,very,heavy,when,someone,leaves,it,good,night"
normal,"also,remember,to,get,dobby's,bowl,from,your,car"
normal,"sorry,i,now,then,see,you,message,yar,lor,so,poor,thing,but,only,for,one,night,tomarrow,you'll,have,a,brand,new,room,to,sleep,in"
normal,"love,isn't,a,decision,it's,a,feeling,if,we,could,decide,who,to,love,then,life,would,be,much,simpler,but,then,less,magical"
normal,"welp,apparently,he,retired"
normal,"my,sort,code,is,and,account,number,is,the,bank,is,natwest,can,you,reply,to,confirm,i've,sent,this,to,the,right,person"
normal,"you,sure,you,can't,take,any,sick,time"
normal,"watching,cartoon,listening,music,amp,at,eve,had,to,go,temple,amp,church,what,about,u"
normal,"yo,chad,which,gymnastics,class,do,you,wanna,take,the,site,says,christians,class,is,full"
normal,"are,you,this,much,buzy"
normal,"or,better,still,can,you,catch,her,and,let,ask,her,if,she,can,sell,ltgt,for,me"
normal,"i,am,not,sure,about,night,menu,i,know,only,about,noon,menu"
normal,"what,do,u,want,when,i,come,backa,beautiful,necklace,as,a,token,of,my,heart,for,youthats,what,i,will,give,but,only,to,my,wife,of,my,likingbe,that,and,seeno,one,can,give,you,thatdont,call,mei,will,wait,till,i,come"
normal,"are,you,willing,to,go,for,aptitude,class"
normal,"it,won't,be,until,215,as,trying,to,sort,house,out,is,that,ok"
normal,"yar,lor,he,want,to,go,see,horse,racing,today,mah,so,eat,earlier,lor,i,ate,chicken,rice"
normal,"haha,awesome,omw,back,now,then"
normal,"yup,i,think,so,untill,a,shop,closes,lor"
normal,"eh,you,send,wrongly,lar"
normal,"hey,no,i,ad,a,crap,nite,was,borin,without,ya,to,boggy,with,me,you,boring,biatch,thanks,but,you,wait,till,nxet,time,i,will,have,ya"
normal,"ok,i,shall,talk,to,him"
normal,"don't,hesitate,you,know,this,is,the,second,time,she,has,had,weakness,like,that,so,keep,i,notebook,of,what,she,eat,and,did,the,day,before,or,if,anything,changed,the,day,before,so,that,we,can,be,sure,its,nothing"
normal,"hey,you,can,pay,with,salary,de,only,ltgt"
normal,"another,month,i,need,chocolate,weed,and,alcohol"
normal,"if,he,started,searching,he,will,get,job,in,few,dayshe,have,great,potential,and,talent"
normal,"look,at,the,fuckin,time,what,the,fuck,you,think,is,up"
normal,"yo,guess,what,i,just,dropped"
normal,"carlos,says,he'll,be,at,mu,in,ltgt,minutes"
normal,"i'm,in,office,now,i,will,call,you,ltgt,min"
normal,"i,miss,you,already,you,know,your,all,i,can,think,about,fuck,i,can't,wait,till,next,year,when,we,will,be,together,loving,kiss"
normal,"hi,i,am,having,the,most,relaxing,time,ever,we,have,to,get,up,at,7am,every,day,was,the,party,good,the,other,night,i,get,home,tomorrow,at,5ish"
normal,"up,to,you,you,want,come,then,come,lor,but,i,did,not,see,any,stripes,skirt"
normal,"the,xmas,story,is,peace,the,xmas,msg,is,love,the,xmas,miracle,is,jesus,hav,a,blessed,month,ahead,amp,wish,u,merry,xmas"
normal,"i,can't,i,don't,have,her,number"
normal,"change,again,it's,a,one,next,to,escalator"
normal,"yet,understand,i'm,in,class,can,you,not,run,water,on,it,to,make,it,ok,please,now"
normal,"not,a,lot,has,happened,here,feels,very,quiet,beth,is,at,her,aunts,and,charlie,is,working,lots,just,me,and,helen,in,at,the,mo,how,have,you,been"
normal,"then,you,wait,for,me,at,bus,stop,aft,ur,lect,lar,if,i,did,not,see,then,i,go,get,my,car,then,come,back,n,pick,you"
normal,"aight,will,do,thanks,again,for,comin,out"
normal,"nobut,heard,about"
normal,"yeshe,is,really,greatbhaji,told,kallis,best,cricketer,after,sachin,in,worldvery,tough,to,get,out"
normal,"ltgt,am,i,think,should,say,on,syllabus"
normal,"umma,did,she,say,anything"
normal,"give,me,a,second,to,think,about,it"
normal,"i,don't,quite,know,what,to,do,i,still,can't,get,hold,of,anyone,i,could,pick,you,up,bout,730pm,and,we,can,see,if,they're,in,the,pub"
normal,"dear,heroi,am,leaving,to,qatar,tonite,for,an,apt,opportunityplease,do,keep,in,touch,at,ltemailgt,kerala"
normal,"lol,i,would,but,my,mom,would,have,a,fit,and,tell,the,whole,family,how,crazy,and,terrible,i,am"
normal,"i,just,got,home,babe,are,you,still,awake"
normal,"i,do,not,they,close,oredi,not,you,have,ma,fan"
normal,"just,buy,a,pizza,meat,lovers,or,supreme,you,get,to,pick"
normal,"ya,toldshe,was,asking,whats,matter"
normal,"dearregret,i,could,not,pick,calldrove,down,from,ctla,now,at,cochin,homeleft,mobile,in,carente,style,ishtamayoohappy,bakrid"
normal,"shall,i,send,that,exe,to,your,mail,id"
normal,"nope,watching,tv,at,home,not,going,out,v,bored"
normal,"don't,knowwait,i,will,check,it"
normal,"good,afternoon,on,this,glorious,anniversary,day,my,sweet,j,i,hope,this,finds,you,happy,and,content,my,prey,i,think,of,you,and,send,a,teasing,kiss,from,across,the,sea,coaxing,images,of,fond,souveniers,you,cougarpen"
normal,"we,still,on,for,tonight"
normal,"may,i,call,you,later,please"
normal,"hasn't,that,been,the,pattern,recently,crap,weekends"
normal,"i,have,a,sore,throat,it's,scratches,when,i,talk"
normal,"yes,da,any,plam,at,your,office"
normal,"are,you,not,around,or,just,still,asleep"
normal,"lol,you,forgot,it,eh,yes,i'll,bring,it,in,babe"
normal,"its,good,we'll,find,a,way"
normal,"can,not,use,foreign,stamps,in,this,country,good,lecture"
normal,"yup,bathe,liao"
normal,"happy,new,year,my,no1,man"
normal,"oh,mr,sheffield,you,wanna,play,that,game,okay,you're,the,boss,and,i'm,the,nanny,you,give,me,a,raise,and,i'll,give,you,one"
normal,"zoe,it,just,hit,me,2,im,fucking,shitin,myself,il,defo,try,my,hardest,2,cum,2morow,luv,u,millions,lekdog"
normal,"hello,baby,did,you,get,back,to,your,mom's,are,you,setting,up,the,computer,now,filling,your,belly,how,goes,it,loverboy,i,miss,you,already,sighs"
normal,"no,my,blankets,are,sufficient,thanks"
normal,"naughty,little,thought,its,better,to,flirt,flirt,and,flirt,rather,than,loving,someone,and,getting,hurt,hurt,and,hurt,good,night"
normal,"edison,has,rightly,said,a,fool,can,ask,more,questions,than,a,wise,man,can,answer,now,you,know,why,all,of,us,are,speechless,during,viva"
normal,"they,just,talking,thats,it,de,they,would,not,any,other"
normal,"today,am,going,to,college,so,am,not,able,to,attend,the,class"
normal,"i'm,in,class,will,holla,later"
normal,"easy,ahsen,got,selected,means,its,good"
normal,"hmm,thats,better,now,i,got,a,roast,down,me,id,be,better,if,i,had,a,few,drinks,down,me,2,good,indian"
normal,"come,round,it's"
normal,"do,one,thing,change,that,sentence,into,because,i,want,to,concentrate,in,my,educational,career,i,am,leaving,here"
normal,"i,walked,an,hour,to,see,you,doesn't,that,show,i,care,you,would,not,you,believe,i,am,serious"
normal,"are,you,available,for,soiree,on,june,3rd"
normal,"do,u,noe,wat,time,e,place,dat,sells,4d,closes"
normal,"i,got,another,job,the,one,at,the,hospital,doing,data,analysis,or,something,starts,on,monday,not,sure,when,my,thesis,will,got,finished"
normal,"jay's,getting,really,impatient,and,belligerent"
normal,"hiya,coming,to,bristol,first,week,in,april,les,got,off,rudi,on,new,yrs,eve,but,i,was,snoringthey,were,drunk,u,bak,at,college,yet,my,work,sends,ink,2,bath"
normal,"i,am,at,work,please,call"
normal,"then,you,drive,lor"
normal,"tell,me,they're,female,how're,you,throwing,in,we're,deciding,what,all,to,get,now"
normal,"i'm,working,technical,support,voice,processnetworking,field"
normal,"i,might,come,to,kerala,for,2,daysso,you,can,be,prepared,to,take,a,leave,once,i,finalise,dont,plan,any,travel,during,my,visitneed,to,finish,urgent,works"
normal,"ok,not,sure,what,time,those,as,not,sure,if,can,get,to,library,before,class,will,try,see,you,at,some,point,have,good,eve"
normal,"that's,fine,i,will,bitch,at,you,about,it,later,then"
normal,"no,my,mum,went,2,dentist"
normal,"once,free,call,me,sir,i,am,waiting,for,you"
normal,"meeting,you,is,my,work,tell,me,when,shall,i,do,my,work,tomorrow"
normal,"just,finish,bathing"
normal,"alright,i'll,make,sure,the,car,is,back,tonight"
normal,"lul,im,gettin,some,juicy,gossip,at,the,hospital,two,nurses,are,talking,about,how,fat,they,are,gettin,and,one,thinks,shes,obese,oyea"
normal,"all,right,i,will,get,on,facebook,in,a,couple,minutes"
normal,"oi,ami,parchi,na,re,kicchu,kaaj,korte,iccha,korche,na,phone,ta,tul,na,plz,plz"
normal,"where,can,download,clear,movies,dvd,copies"
normal,"yep,by,the,pretty,sculpture"
normal,"convey,my,regards,to,him"
normal,"me,too,watching,surya,movie,only,after,six,pm,vijay,movie,pokkiri"
normal,"you,tell,what,happen,don't,behave,like,this,to,me,ok,no,need,to,say"
normal,"can,you,get,picture,message,to,your,phone"
normal,"send,to,someone,else"
normal,"what,makes,some,people,dearer,is,not,just,de,happiness,date,you,feel,when,you,meet,them,but,de,pain,you,feel,when,you,miss,dem"
normal,"for,me,the,love,should,start,with,attractioni,should,feel,that,i,need,her,every,time,around,meshe,should,be,the,first,thing,which,comes,in,my,thoughtsi,would,start,the,day,and,end,it,with,hershe,should,be,there,every,time,i,dreamlove,will,be,then,when,my,every,breath,has,her,namemy,life,should,happen,around,hermy,life,will,be,named,to,heri,would,cry,for,herwill,give,all,my,happiness,and,take,all,her,sorrowsi,will,be,ready,to,fight,with,anyone,for,heri,will,be,in,love,when,i,will,be,doing,the,craziest,things,for,herlove,will,be,when,i,don't,have,to,proove,anyone,that,my,girl,is,the,most,beautiful,lady,on,the,whole,planeti,will,always,be,singing,praises,for,herlove,will,be,when,i,start,up,making,chicken,curry,and,end,up,makiing,sambarlife,will,be,the,most,beautiful,thenwill,get,every,morning,and,thank,god,for,the,day,because,she,is,with,mei,would,like,to,say,a,lotwill,tell,later"
normal,"fr'ndship,is,like,a,needle,of,a,clock,though,v,r,in,d,same,clock,v,r,nt,able,2,met,evn,if,v,meetitz,only,4few,seconds,bt,v,alwys,stay,conected,gud,9t"
normal,"i,don't,think,he,has,spatula,hands"
normal,"you,can,never,do,nothing"
normal,"please,call,me,any,mistake,from,my,side,sorry,da,please,go,to,doctor"
normal,"where,are,we,meeting"
normal,"well,the,weather,in,cali's,great,but,its,complexities,are,great,you,need,a,car,to,move,freely,its,taxes,are,outrageous,but,all,in,all,its,a,great,place,the,sad,part,is,i,missing,home"
normal,"now,only,i,reached,home,i,am,very,tired,now,i,will,come,tomorrow"
normal,"don't,fret,i'll,buy,the,ovulation,test,strips,and,send,them,to,you,you,wont,get,them,til,like,march,can,you,send,me,your,postal,addressu'll,be,alrightokay"
normal,"no,gifts,you,trying,to,get,me,to,throw,myself,off,a,cliff,or,something"
normal,"been,up,to,ne,thing,interesting,did,you,have,a,good,birthday,when,are,u,wrking,nxt,i,started,uni,today"
normal,"you,busy,or,can,i,come,by,at,some,point,and,figure,out,what,we're,doing,tomorrow"
normal,"yeah,go,on,then,bored,and,depressed,sittin,waitin,for,phone,to,ring,hope,the,wind,drops,though,scary"
normal,"black,shirt,and,blue,jeans,i,think,i,see,you"
normal,"aiyah,sorry,lor,i,watch,tv,watch,until,i,forgot,2,check,my,phone"
normal,"on,hen,night,going,with,a,swing"
normal,"good,afternoon,my,love,how,goes,your,day,what,are,you,up,to,i,woke,early,and,am,online,waiting,for,you,hmmm,italian,boy,is,online,i,see,grins"
normal,"from,someone,not,to,smoke,when,every,time,i've,smoked,in,the,last,two,weeks,is,because,of,you,calling,or,texting,me,that,you,wanted,to,smoke"
normal,"no,you'll,just,get,a,headache,trying,to,figure,it,out,you,can,trust,me,to,do,the,math,i,promise"
normal,"first,timedhoni,rocks"
normal,"ok,i,shall,tell,the,company"
normal,"awesome,think,we,can,get,an,8th,at,usefull,some,time,tonight"
normal,"so,that,means,you,still,think,of,teju"
normal,"no,i'm,good,for,the,movie,is,it,ok,if,i,leave,in,an,hourish"
normal,"no,nothis,is,kallis,home,groundamla,home,town,is,durban"
normal,"so,lets,make,it,saturday,or,monday,as,per,convenience"
normal,"hey,what,time,is,your,driving,on,friday,we,go,for,evaluation,on,friday"
normal,"i'm,going,for,lunch,now,with,my,family,then,after,date,i,go,str,2,orchard,lor"
normal,"cancel,cheyyamoand,get,some,money,back"
normal,"okok,okthenwhat,is,your,todays,plan"
normal,"good,morning,princess,how,are,you"
normal,"aiyar,sorry,lor,forgot,to,tell,you"
normal,"not,tonight,mate,catching,up,on,some,sleep,this,is,my,new,number,by,the,way"
normal,"height,of,oh,shit,situation,a,guy,throws,a,luv,letter,on,a,gal,but,falls,on,her,brothers,head,whos,a,gay"
normal,"so,check,your,errors,and,if,you,had,difficulties,do,correction"
normal,"how,is,painhope,you,are,fine"
normal,"sorry,i'll,call,later"
normal,"good,morning,princess,how,are,you"
normal,"as,i,entered,my,cabin,my,pa,said,happy,b'day,boss,i,felt,special,she,askd,me,for,lunch,after,lunch,she,invited,me,to,her,apartment,we,went,there"
normal,"you,wake,up,already,thanks,for,tau,sar,piah,it's,quite,nice"
normal,"ok,do,i,need,a,login,or,anything"
normal,"lol,no,just,was,busy"
normal,"what,you,wearing"
normal,"messagesome,text,missing,sendername,missing,number,missing,sentdate,missing,missing,u,a,lot,thats,y,everything,is,missing,sent,via,fullonsmscom"
normal,"ohas,usual,vijay,film,or,its,different"
normal,"i,don't,know,you,and,you,don't,know,me,send,chat,to,86688,now,and,let's,find,each,other"
normal,"have,you,had,a,good,day,mine,was,really,busy,are,you,up,to,much,tomorrow,night"
normal,"and,is,there,a,way,you,can,send,shade's,stuff,to,her,and,she,has,been,wonderful,too"
normal,"really,i,tot,ur,paper,ended,long,ago,but,wat,u,copied,jus,now,got,use,u,happy,lar,i,still,haf,2,study"
normal,"babe,i,lost,you"
normal,"ok,help,me,ask,if,she's,working,or,not"
normal,"i'm,not,driving,raining,then,i'll,get,caught,at,e,mrt,station,lor"
normal,"not,a,drop,in,the,tank"
normal,"that,said,can,you,text,him,one,more,time"
normal,"sorry,i'll,call,later"
normal,"ok,i,go,change,also"
normal,"did,you,find,a,sitter,for,kaitlyn,i,was,sick,and,slept,all,day,yesterday"
normal,"sorry,man,accidentally,left,my,phone,on,silent,last,night,and,didn't,check,it,till,i,got,up"
normal,"hey,something,came,up,last,min,think,i,would,be,signing,up,tommarow,hee"
normal,"he's,an,adult,and,would,learn,from,the,experience,there's,no,real,danger,i,just,dont,like,peeps,using,drugs,they,dont,need,but,no,comment"
normal,"hey,there's,veggie,pizza"
normal,"yun,buying,but,school,got,offer,2000,plus,only"
normal,"you,sure,your,neighbors,did,not,pick,it,up"
normal,"ok,i,will,sent,it,again"
normal,"haha,yeah,i,see,that,now,be,there,in,a,second"
normal,"i,am,not,having,her,number,sir"
normal,"lol,now,i'm,after,that,hot,air,balloon"
normal,"ok,now,i,am,in,bus,if,i,come,soon,i,will,come,otherwise,tomorrow"
normal,"messages,are,not,time,passthey,silently,say,that,i,am,thinking,of,you,right,now,and,also,making,you,think,of,me,at,least,for,a,moment,gd,ntswt,drms,shesil"
normal,"yeah,we,can,probably,swing,by,once,my,roommate,finishes,up,with,his,girl"
normal,"happy,new,years,melody"
normal,"you,don't,need,to,pick,your,girlfriend"
normal,"yay,you,better,not,have,told,that,to,5,other,girls,either"
normal,"horrible,you,eat,macs,eat,until,u,forgot,about,me,already,rite,u,take,so,long,2,reply,i,thk,it's,more,toot,than,b4,so,b,prepared,now,wat,shall,i,eat"
normal,"did,he,say,how,fantastic,i,am,by,any,chance,or,anything,need,a,bigger,life,lift,as,losing,the,will,2,live,do,you,think,i,would,be,the,first,person,2,die,from,n,v,q"
normal,"just,now,i,came,to,hme,da"
normal,"i'm,outside,islands,head,towards,hard,rock,and,you'll,run,into,me"
normal,"to,day,class,is,there,are,no,class"
normal,"i'm,in,chennai,velachery"
normal,"you,flippin,your,shit,yet"
normal,"ok,give,me,a,second,breaking,a,ltgt,at,cstore"
normal,"am,i,that,much,bad,to,avoid,like,this"
normal,"yo,you,around,just,got,my,car,back"
normal,"annoying,isn't,it"
normal,"goodmorning,today,i,am,late,for,ltgt,min"
normal,"there's,no,point,hangin,on,to,mr,not,right,if,he's,not,makin,u,happy"
normal,"all,will,come,alivebetter,correct,any,good,looking,figure,there,itself"
normal,"in,that,case,i,guess,i'll,see,you,at,campus,lodge"
normal,"we're,done"
normal,"come,to,my,home,for,one,last,time,i,wont,do,anything,trust,me"
normal,"i,was,up,all,night,too,worrying,about,this,appt,it's,a,shame,we,missed,a,girls,night,out,with,quizzes,popcorn,and,you,doing,my,hair"
normal,"ok,c,ya"
normal,"what,he,said,is,not,the,matter,my,mind,saying,some,other,matter,is,there"
normal,"he,also,knows,about,lunch,menu,only,da,i,know"
normal,"al,he,does,is,moan,at,me,if,n,e,thin,goes,wrong,its,my,faultal,de,arguments,r,my,faultfed,up,of,him,of,himso,y,bother,hav,2go,thanxxx"
normal,"neft,transaction,with,reference,number,ltgt,for,rs,ltdecimalgt,has,been,credited,to,the,beneficiary,account,on,ltgt,at,lttimegt,ltgt"
normal,"otherwise,had,part,time,job,natuition"
normal,"i,know,she,called,me"
normal,"me,also,da,i,feel,yesterday,night,wait,til,2day,night,dear"
normal,"thanks,for,understanding,i've,been,trying,to,tell,sura,that"
normal,"the,whole,car,appreciated,the,last,two,dad,and,are,having,a,map,reading,semi,argument,but,apart,from,that,things,are,going,ok,p"
normal,"i,need,you,to,be,in,my,strong,arms"
normal,"also,maaaan,are,you,missing,out"
normal,"his,birthday,real,is,in,april"
normal,"guessin,you,ain't,gonna,be,here,before,9"
normal,"ok,then,i,will,come,to,ur,home,after,half,an,hour"
normal,"yo,the,game,almost,over,want,to,go,to,walmart,soon"
normal,"yeah,probably,but,not,sure,ilol,let,u,know,but,personally,i,wuldnt,bother,then,again,if,ur,goin,to,then,i,mite,as,well"
normal,"i'll,text,now,all,creepy,like,so,he,won't,think,that,we,forgot"
normal,"that,would,be,good,i'll,phone,you,tomo,lunchtime,shall,i,to,organise,something"
normal,"damn,can,you,make,it,tonight,or,do,you,want,to,just,wait,til,tomorrow"
normal,"kki'm,also,finewhen,will,you,complete,the,course"
normal,"true,it,is,passable,and,if,you,get,a,high,score,and,apply,for,phd,you,get,5years,of,salary,so,it,makes,life,easier"
normal,"prakesh,is,there,know"
normal,"teach,me,apps,da,when,you,come,to,college"
normal,"rofl,betta,invest,in,some,anti,aging,products"
normal,"sir,you,will,receive,the,account,no,another,1hr,time,sorry,for,the,delay"
normal,"so,ü'll,be,submitting,da,project,tmr,rite"
normal,"jus,ans,me,lar,u'll,noe,later"
normal,"i,want,to,send,something,that,can,sell,fast,ltgt,k,is,not,easy,money"
normal,"have,got,few,things,to,do,may,be,in,pub,later"
normal,"1's,finish,meeting,call,me"
normal,"lol,ok,i'll,snatch,her,purse,too"
normal,"hellodrivby0quit,edrunk,sorry,iff,pthis,makes,no,senrddnot,no,how,dancce,2,drum,n,basqihave,fun,2nhite,x,ros,xxxxxxx"
normal,"your,opinion,about,me,1,over,2,jada,3,kusruthi,4,lovable,5,silent,6,spl,character,7,not,matured,8,stylish,9,simple,pls,reply"
normal,"how,much,are,we,getting"
normal,"is,ur,paper,in,e,morn,or,aft,tmr"
normal,"dear,relieved,of,westonzoyland,all,going,to,plan,this,end,too"
normal,"hope,you,are,having,a,great,new,semester,do,wish,you,the,very,best,you,are,made,for,greatness"
normal,"oh,yes,i,can,speak,txt,2,u,no,hmm,did,u,get,email"
normal,"i,want,to,show,you,the,world,princess,how,about,europe"
normal,"nobody,can,decide,where,to,eat,and,dad,wants,chinese"
normal,"no,shoot,me,i'm,in,the,docs,waiting,room"
normal,"now,i'm,going,out,4,dinner,soon"
normal,"hello,which,the,site,to,download,songs,its,urgent,pls"
normal,"i,do,know,what,u,mean,is,the,king,of,not,havin,credit,i'm,goin2bed,now,night,night,sweet,only1more,sleep"
normal,"horrible,gal,me,in,sch,doing,some,stuff,how,come,u,got,mc"
normal,"i,call,you,later,don't,have,network,if,urgnt,sms,me"
normal,"ummmmmaah,many,many,happy,returns,of,d,day,my,dear,sweet,heart,happy,birthday,dear"
normal,"yeah,like,if,it,goes,like,it,did,with,my,friends,imma,flip,my,shit,in,like,half,an,hour"
normal,"mum,say,we,wan,to,go,then,go,then,she,can,shun,bian,watch,da,glass,exhibition"
normal,"what,your,plan,for,pongal"
normal,"just,wait,till,end,of,march,when,el,nino,gets,himself,oh"
normal,"not,yet,chikkugoing,to,room,nw,i'm,in,bus"
normal,"am,also,doing,in,cbe,only,but,have,to,pay"
normal,"honey,boo,i'm,missing,u"
normal,"we,have,sent,jd,for,customer,service,cum,accounts,executive,to,ur,mail,id,for,details,contact,us"
normal,"yo,i'm,at,my,parents,gettin,cash,good,news,we,picked,up,a,downstem"
normal,"thank,you,so,much,when,we,skyped,wit,kz,and,sura,we,didnt,get,the,pleasure,of,your,company,hope,you,are,good,we've,given,you,ultimatum,oh,we,are,countin,down,to,aburo,enjoy"
normal,"ok,no,wahala,just,remember,that,a,friend,in,need"
normal,"i,will,see,in,half,an,hour"
normal,"im,in,inperialmusic,listening2the,weirdest,track,ever,byleafcutter,johnsounds,like,insects,being,molestedsomeone,plumbingremixed,by,evil,men,on,acid"
normal,"hey,sorry,i,didntgive,ya,a,a,bellearlier,hunnyjust,been,in,bedbut,mite,go,2,thepub,l8tr,if,uwana,mt,uploads,a,luv,jenxxx"
normal,"seriously,tell,her,those,exact,words,right,now"
normal,"tee,hee,off,to,lecture,cheery,bye,bye"
normal,"sorry,chikku,my,cell,got,some,problem,thts,y,i,was,nt,able,to,reply,u,or,msg,u"
normal,"if,you,still,havent,collected,the,dough,pls,let,me,know,so,i,can,go,to,the,place,i,sent,it,to,get,the,control,number"
normal,ok
normal,"let,me,know,how,to,contact,you,i've,you,settled,in,a,room,lets,know,you,are,ok"
normal,"wot,u,up,2,u,weirdo"
normal,"can,do,lor"
normal,"dont,put,your,phone,on,silent,mode,ok"
normal,"can,i,meet,ü,at,5,as,4,where,depends,on,where,ü,wan,2,in,lor"
normal,"waiting,4,my,tv,show,2,start,lor,u,leh,still,busy,doing,ur,report"
normal,"oh,ho,is,this,the,first,time,u,use,these,type,of,words"
normal,"am,i,the,only,one,who,doesn't,stalk,profiles"
normal,"ever,green,quote,ever,told,by,jerry,in,cartoon,a,person,who,irritates,u,always,is,the,one,who,loves,u,vry,much,but,fails,to,express,it,gud,nyt"
normal,"yes,i,thought,so,thanks"
normal,"but,if,shes,drinkin,i'm,ok"
normal,"just,wondering,the,others,just,took,off"
normal,"night,has,ended,for,another,day,morning,has,come,in,a,special,way,may,you,smile,like,the,sunny,rays,and,leaves,your,worries,at,the,blue,blue,bay,gud,mrng"
normal,"what,do,you,do,my,dog,must,i,always,wait,till,the,end,of,your,day,to,have,word,from,you,did,you,run,out,of,time,on,your,cell,already"
normal,"happy,new,year,to,u,too"
normal,"heygreat,dealfarm,tour,9am,to,5pm,95pax,50,deposit,by,16,may"
normal,"eat,jap,done,oso,aft,ur,lect,wat,ü,got,lect,at,12,rite"
normal,"hey,babe,i,saw,you,came,online,for,a,second,and,then,you,disappeared,what,happened"
normal,"da,my,birthdate,in,certificate,is,in,april,but,real,date,is,today,but,dont,publish,it,i,shall,give,you,a,special,treat,if,you,keep,the,secret,any,way,thanks,for,the,wishes"
normal,"happy,birthday,may,all,ur,dreams,come,true"
normal,"aiyah,u,did,ok,already,lar,e,nydc,at,wheellock"
normal,"tell,her,i,said,eat,shit"
normal,"sure,i,am,driving,but,will,reach,my,destination,soon"
normal,"k,so,am,i,how,much,for,an,8th,fifty"
normal,"your,daily,text,from,me,a,favour,this,time"
normal,"great,to,hear,you,are,settling,well,so,what's,happenin,wit,ola"
normal,"those,cocksuckers,if,it,makes,you,feel,better,ipads,are,worthless,garbage,novelty,items,and,you,should,feel,bad,for,even,wanting,one"
normal,"i,tot,u,reach,liao,he,said,tshirt"
normal,"fran,i,decided,2,go,n,e,way,im,completely,broke,an,knackered,i,got,up,bout,3,c,u,2mrw,love,janx,ps,this,is,my,dads,fone,no,credit"
normal,"i,cant,pick,the,phone,right,now,pls,send,a,message"
normal,"your,right,i'll,make,the,appointment,right,now"
normal,"designation,is,software,developer,and,may,be,she,get,chennai"
normal,"i,jokin,oni,lar,ü,busy,then,i,wun,disturb,ü"
normal,"ok,be,careful,don't,text,and,drive"
normal,"ill,always,be,there,even,if,its,just,in,spirit,ill,get,a,bb,soon,just,trying,to,be,sure,i,need,it"
normal,"u,r,too,much,close,to,my,heart,if,u,go,away,i,will,be,shattered,plz,stay,with,me"
normal,"i,love,u,2,babe,r,u,sure,everything,is,alrite,is,he,being,an,idiot,txt,bak,girlie"
normal,"how,abt,making,some,of,the,pics,bigger"
normal,"got,but,got,2,colours,lor,one,colour,is,quite,light,n,e,other,is,darker,lor,actually,i'm,done,she's,styling,my,hair,now"
normal,"whenevr,ur,sad,whenevr,ur,gray,remembr,im,here,2,listn,2,watevr,u,wanna,say,jus,walk,wid,me,a,little,whileamp,i,promise,i'll,bring,back,ur,smile"
normal,"why,nothing,ok,anyway,give,me,treat"
normal,ok
normal,"correct,so,how,was,work,today"
normal,"just,sent,again,do,you,scream,and,moan,in,bed,princess"
normal,"i,wake,up,long,ago,already,dunno,what,other,thing"
normal,"oh,just,getting,even,with,u,u"
normal,"i,thk,50,shd,be,ok,he,said,plus,minus,10,did,ü,leave,a,line,in,between,paragraphs"
normal,"can,you,call,me,plz,your,number,shows,out,of,coveragd,area,i,have,urgnt,call,in,vasai,amp,have,to,reach,before,4'o,clock,so,call,me,plz"
normal,"yeah,jay's,sort,of,a,fucking,retard"
normal,"sorry,was,in,the,bathroom,sup"
normal,"my,exam,is,for,february,4,wish,you,a,great,day"
normal,"i,dont,know,what,to,do,to,come,out,of,this,so,only,am,ask,questions,like,this,dont,mistake,me"
normal,"aight,no,rush,i'll,ask,jay"
normal,"good,morning,plz,call,me,sir"
normal,"it's,ok,lar,u,sleep,early,too,nite"
normal,"then,she,buying,today,ü,no,need,to,c,meh"
normal,"aight,sorry,i,take,ten,years,to,shower,what's,the,plan"
normal,"every,mondaynxt,week,vl,be,completing"
normal,"might,ax,well,im,there"
normal,"just,chill,for,another,6hrs,if,you,could,sleep,the,pain,is,not,a,surgical,emergency,so,see,how,it,unfolds,okay"
normal,"yeah,i'll,try,to,scrounge,something,up"
normal,"crazy,ar,he's,married,ü,like,gd,looking,guys,not,me,my,frens,like,say,he's,korean,leona's,fave,but,i,dun,thk,he,is,aft,some,thinking,mayb,most,prob,i'll,go"
normal,"were,somewhere,on,fredericksburg"
normal,"que,pases,un,buen,tiempo,or,something,like,that"
normal,"is,it,ok,if,i,stay,the,night,here,xavier,has,a,sleeping,bag,and,i'm,getting,tired"
normal,"she,doesnt,need,any,test"
normal,"nothing,much,chillin,at,home,any,super,bowl,plan"
normal,"bugis,oso,near,wat"
normal,"yo,theres,no,class,tmrw,right"
normal,"let,ur,heart,be,ur,compass,ur,mind,ur,map,ur,soul,ur,guide,and,u,will,never,loose,in,worldgnun,sent,via,way2smscom"
normal,"goodnight,sleep,well,da,please,take,care,pa,please"
normal,"baaaaabe,i,misss,youuuuu,where,are,you,i,have,to,go,and,teach,my,class,at,5"
normal,"convey,my,regards,to,him"
normal,"what,does,the,dance,river,do"
normal,"yetunde,i'm,sorry,but,moji,and,i,seem,too,busy,to,be,able,to,go,shopping,can,you,just,please,find,some,other,way,to,get,what,you,wanted,us,to,get,please,forgive,me,you,can,reply,free,via,yahoo,messenger"
normal,"hey,i,will,be,really,pretty,late,you,want,to,go,for,the,lesson,first,i,will,join,you,i'm,only,reaching,tp,mrt"
normal,"bbq,this,sat,at,mine,from,6ish,ur,welcome,2,come"
normal,"i,don't,know,same,thing,that's,wrong,everyso,often,he,panicks,starts,goin,on,bout,not,bein,good,enough"
normal,"alright,i'm,outhave,a,good,night"
normal,"did,you,try,making,another,butt"
normal,"hope,you,are,feeling,great,pls,fill,me,in,abiola"
normal,"i,though,we,shd,go,out,n,have,some,fun,so,bar,in,town,or,something,sound,ok"
normal,"1,go,to,write,msg,2,put,on,dictionary,mode,3cover,the,screen,with,hand,4press,ltgt,5gently,remove,ur,hand,its,interesting"
normal,"we're,finally,ready,fyi"
normal,"auntie,huai,juan,never,pick,up,her,phone"
normal,"ya,tel,wats,ur,problem"
normal,"i,dnt,wnt,to,tlk,wid,u"
normal,"we,spend,our,days,waiting,for,the,ideal,path,to,appear,in,front,of,us,but,what,we,forget,is,paths,are,made,by,walking,not,by,waiting,goodnight"
normal,"its,ok,my,arm,is,feeling,weak,cuz,i,got,a,shot,so,we,can,go,another,time"
normal,"please,reserve,ticket,on,saturday,eve,from,chennai,to,thirunelvali,and,again,from,tirunelvali,to,chennai,on,sunday,evei,already,see,in,netno,ticket,availablei,want,to,book,ticket,through,tackle"
normal,"storming,msg,wen,u,lift,d,phne,u,say,hello,do,u,knw,wt,is,d,real,meaning,of,hello,it's,d,name,of,a,girl,yes,and,u,knw,who,is,dat,girl,margaret,hello,she,is,d,girlfrnd,f,grahmbell,who,invnted,telphone,moralone,can,4get,d,name,of,a,person,bt,not,his,girlfrnd,g,o,o,d,n,i,g,h,t"
normal,"that's,ok,i,popped,in,to,ask,bout,something,and,she,said,you'd,been,in,are,you,around,tonght,wen,this,girl,comes"
normal,"all,e,best,4,ur,exam,later"
normal,"hope,ur,head,doesn't,hurt,2,much,am,ploughing,my,way,through,a,pile,of,ironing,staying,in,with,a,chinky,tonight,come,round,if,you,like"
normal,"oh,ki,think,most,of,wi,and,nz,players,unsold"
normal,"haha,where,got,so,fast,lose,weight,thk,muz,go,4,a,month,den,got,effect,geelater,we,go,aust,put,bk,e,weight"
normal,"i,wonder,how,you,got,online,my,love,had,you,gone,to,the,net,cafe,did,you,get,your,phone,recharged,were,you,on,a,friends,net,i,think,of,you,boytoy"
normal,"haha,just,kidding,papa,needs,drugs"
normal,"thk,shld,b,can,ya,i,wana,go,4,lessons,haha,can,go,for,one,whole,stretch"
normal,"oh,ok"
normal,"r,we,still,meeting,4,dinner,tonight"
normal,"thats,cool,i,am,a,gentleman,and,will,treat,you,with,dignity,and,respect"
normal,"shall,i,start,from,hear"
normal,"then,we,wait,4,u,lor,no,need,2,feel,bad,lar"
normal,"no,did,you,check,i,got,his,detailed,message,now"
normal,"you,have,registered,sinco,as,payee,log,in,at,icicibankcom,and,enter,urn,ltgt,to,confirm,beware,of,frauds,do,not,share,or,disclose,urn,to,anyone"
normal,"no,i,decided,that,only,people,who,care,about,stuff,vote,and,caring,about,stuff,is,for,losers"
normal,"kaiez,enjoy,ur,tuition,gee,thk,e,second,option,sounds,beta,i'll,go,yan,jiu,den,msg,u"
normal,"you,have,registered,sinco,as,payee,log,in,at,icicibankcom,and,enter,urn,ltgt,to,confirm,beware,of,frauds,do,not,share,or,disclose,urn,to,anyone"
normal,"cool,we,will,have,fun,practicing,making,babies"
normal,"actually,getting,ready,to,leave,the,house"
normal,"then,we,gotta,do,it,after,that"
normal,"i've,got,ten,bucks,jay,is,being,noncomittal"
normal,"where,at,were,hungry,too"
normal,"pls,speak,to,that,customer,machan"
normal,"somewhere,out,there,beneath,the,pale,moon,light,someone,think,in,of,u,some,where,out,there,where,dreams,come,true,goodnite,amp,sweet,dreams"
normal,"wen,ur,lovable,bcums,angry,wid,u,dnt,take,it,seriously,coz,being,angry,is,d,most,childish,n,true,way,of,showing,deep,affection,care,n,luv,kettoda,manda,have,nice,day,da"
normal,"so,wats,ur,opinion,abt,him,and,how,abt,is,character"
normal,"jay,is,snickering,and,tells,me,that,x,is,totally,fucking,up,the,chords,as,we,speak"
normal,"nofew,hours,beforewent,to,hair,cut"
normal,"no,wonder,cos,i,dun,rem,seeing,a,silver,car,but,i,thk,i,saw,a,black,one"
normal,"lmao,take,a,pic,and,send,it,to,me"
normal,"speak,only,when,you,feel,your,words,are,better,than,the,silence,gud,mrng"
normal,"no,she's,currently,in,scotland,for,that"
normal,"do,you,work,all,this,week"
normal,"lol,great,now,im,getting,hungry"
normal,"yes,now,only,saw,your,message"
normal,"i'll,be,at,mu,in,like,ltgt,seconds"
normal,ok
normal,"thing,r,good,thanx,got,exams,in,march,ive,done,no,revision,is,fran,still,with,boyf,ive,gotta,interviw,4,exeter,bit,worriedx"
normal,"tell,you,what,if,you,make,a,little,spreadsheet,and,track,whose,idea,it,was,to,smoke,to,determine,who,smokes,too,much,for,the,entire,month,of,february,i'll,come,upes"
normal,"don't,look,back,at,the,building,because,you,have,no,coat,and,i,don't,want,you,to,get,more,sick,just,hurry,home,and,wear,a,coat,to,the,gym"
normal,"my,painful,personal,thought,i,always,try,to,keep,everybody,happy,all,the,time,but,nobody,recognises,me,when,i,am,alone"
normal,"thanks,for,ve,lovely,wisheds,you,rock"
normal,"you,intrepid,duo,you,have,a,great,time,and,see,you,both,soon"
normal,"i,asked,sen,to,come,chennai,and,search,for,job"
normal,"dad,went,out,oredi"
normal,"i,jus,hope,its,true,that,missin,me,cos,i'm,really,missin,him,you,haven't,done,anything,to,feel,guilty,about,yet"
normal,"wat,so,late,still,early,mah,or,we,juz,go,4,dinner,lor,aiya,i,dunno"
normal,"arms,fine,how's,cardiff,and,uni"
normal,"in,fact,when,do,you,leave,i,think,addie,goes,back,to,school,tues,or,wed"
normal,"cool,breeze,bright,sun,fresh,flower,twittering,birds,all,these,waiting,to,wish,u,goodmorning,amp,have,a,nice,day"
normal,"yagoing,for,restaurant"
normal,"its,ok,i,just,asked,did,u,know,that,no"
normal,"those,ducking,chinchillas"
normal,"i,am,in,a,marriage,function"
normal,"looks,like,u,wil,b,getting,a,headstart,im,leaving,here,bout,230ish,but,if,u,r,desperate,for,my,company,i,could,head,in,earlierwe,were,goin,to,meet,in,rummer"
normal,"dont,give,a,flying,monkeys,wot,they,think,and,i,certainly,dont,mind,any,friend,of,mine,and,all,that"
normal,"say,thanks2"
normal,"msg,me,when,rajini,comes"
normal,"ya,when,are,ü,taking,ure,practical,lessons,i,start,in,june"
normal,"that's,good,because,i,need,drugs"
normal,"stupidits,not,possible"
normal,"can,ü,all,decide,faster,cos,my,sis,going,home,liao"
normal,"u,sleeping,now,or,you,going,to,take,haha,i,got,spys,wat,me,online,checking,n,replying,mails,lor"
normal,"fighting,with,the,world,is,easy,u,either,win,or,lose,bt,fightng,with,some1,who,is,close,to,u,is,dificult,if,u,lose,u,lose,if,u,win,u,still,lose"
normal,"yalru,lyfu,astne,chikku,bt,innu,mundhe,lyf,ali,halla,ke,bilo,marriageprogram,edhae,so,lyf,is,nt,yet,ovr,chikkuali,vargu,lyfu,meow,meowd"
normal,"kinda,first,one,gets,in,at,twelve,aah,speak,tomo"
normal,"ok,good,then,i,later,come,find,ü,c,lucky,i,told,ü,to,go,earlier,later,pple,take,finish,ü,no,more,again"
normal,"wat,makes,u,thk,i'll,fall,down,but,actually,i,thk,i'm,quite,prone,2,falls,lucky,my,dad,at,home,i,ask,him,come,n,fetch,me,already"
normal,"your,account,has,been,refilled,successfully,by,inr,ltdecimalgt,your,keralacircle,prepaid,account,balance,is,rs,ltdecimalgt,your,transaction,id,is,kr,ltgt"
normal,"i,wont,touch,you,with,out,your,permission"
normal,"7,wonders,in,my,world,7th,you,6th,ur,style,5th,ur,smile,4th,ur,personality,3rd,ur,nature,2nd,ur,sms,and,1st,ur,lovely,friendship,good,morning,dear"
normal,"take,some,small,dose,tablet,for,fever"
normal,"oh,u,must,have,taken,your,real,valentine,out,shopping,first"
normal,"just,sent,you,an,email,to,an,address,with,incomm,in,it,is,that,right"
normal,"will,do,you,gonna,be,at,blake's,all,night,i,might,be,able,to,get,out,of,here,a,little,early"
normal,"friendship,is,not,a,game,to,play,it,is,not,a,word,to,say,it,doesn't,start,on,march,and,ends,on,may,it,is,tomorrow,yesterday,today,and,e"
normal,"nice,waitshould,you,be,texting,right,now,i'm,not,gonna,pay,your,ticket,ya,know"
normal,"i'm,watching,lotr,w,my,sis,dis,aft,so,u,wan,2,meet,me,4,dinner,at,nite,a,not"
normal,"why,you,keeping,me,away,like,this"
normal,"i,think,its,far,more,than,that,but,find,out,check,google,maps,for,a,place,from,your,dorm"
normal,"my,trip,was,ok,but,quite,tiring,lor,uni,starts,today,but,it's,ok,4,me,cos,i'm,not,taking,any,modules,but,jus,concentrating,on,my,final,yr,project"
normal,"have,you,always,been,saying,welp"
normal,"i'm,a,guy,browsin,is,compulsory"
normal,ok
normal,"purity,of,friendship,between,two,is,not,about,smiling,after,reading,the,forwarded,messageits,about,smiling,just,by,seeing,the,name,gud,evng,musthu"
normal,"sorry,i'll,call,later"
normal,"i,should,add,that,i,don't,really,care,and,if,you,can't,i,can,at,least,get,this,dude,to,fuck,off,but,hey,your,money,if,you,want,it"
normal,"hello,lover,how,goes,that,new,job,are,you,there,now,are,you,happy,do,you,think,of,me,i,wake,my,slave,and,send,you,a,teasing,kiss,from,across,the,sea"
normal,"i,told,your,number,to,gautham"
normal,"tell,them,no,need,to,investigate,about,me,anywhere"
normal,"ok,i,juz,receive"
normal,"cant,believe,i,said,so,many,things,to,you,this,morning,when,all,i,really,wanted,to,say,was,good,morning,i,love,you,have,a,beautiful,morning,see,you,in,the,library,later"
normal,"in,the,end,she,might,still,vomit,but,its,okay,not,everything,will,come,out"
normal,"how,are,you,with,moneyas,in,to,youmoney,aint,a,thinghow,are,you,sha"
normal,"it,has,everything,to,do,with,the,weather,keep,extra,warm,its,a,cold,but,nothing,serious,pls,lots,of,vitamin,c"
normal,"hey,gals,anyone,of,u,going,down,to,e,driving,centre,tmr"
normal,"i'm,always,on,yahoo,messenger,now,just,send,the,message,to,me,and,ill,get,it,you,may,have,to,send,it,in,the,mobile,mode,sha,but,ill,get,it,and,will,reply"
normal,"i'm,putting,it,on,now,it,should,be,ready,for,lttimegt"
normal,"time,n,smile,r,the,two,crucial,things,in,our,life,sometimes,time,makes,us,to,forget,smile,and,sometimes,someone's,smile,makes,us,to,forget,time,gud,noon"
normal,"hostbased,idps,for,linux,systems"
normal,"don,no,dawhats,you,plan"
normal,"ill,be,there,on,ltgt,ok"
normal,"oh,my,god,i'm,almost,home"
normal,"total,video,converter,free,download,type,this,in,google,search"
normal,"wen,ur,lovable,bcums,angry,wid,u,dnt,take,it,seriously,coz,being,angry,is,d,most,childish,n,true,way,of,showing,deep,affection,care,n,luv,kettoda,manda,have,nice,day,da"
normal,"sounds,like,something,that,someone,testing,me,would,sayy"
normal,"when,u,love,someone,dont,make,them,to,love,u,as,much,as,u,do,but,love,them,so,much,that,they,dont,want,to,be,loved,by,anyone,except,you,gud,nit"
normal,"peteis,this,your,phone,still,its,jenny,from,college,and,leannewhat,are,you,up,to,now"
normal,"oops,sorry,just,to,check,that,you,don't,mind,picking,me,up,tomo,at,half,eight,from,station,would,that,be,ok"
normal,"hey,sweet,i,was,wondering,when,you,had,a,moment,if,you,might,come,to,me,i,want,to,send,a,file,to,someone,but,it,won't,go,over,yahoo,for,them,because,their,connection,sucks,remember,when,you,set,up,that,page,for,me,to,go,to,and,download,the,format,disc,could,you,tell,me,how,to,do,that,or,do,you,know,some,other,way,to,download,big,files,because,they,can,download,stuff,directly,from,the,internet,any,help,would,be,great,my,prey,teasing,kiss"
normal,"hows,the,champ,just,leaving,glasgow"
normal,"kall,the,bestcongrats"
normal,"i,wonder,if,you'll,get,this,text"
normal,"i,need,to,come,home,and,give,you,some,good,lovin"
normal,"shall,i,ask,one,thing,if,you,dont,mistake,me"
normal,"check,wid,corect,speling,ie,sarcasm"
normal,"are,you,angry,with,me,what,happen,dear"
normal,"i,thk,u,dun,haf,2,hint,in,e,forum,already,lor,cos,i,told,ron,n,darren,is,going,2,tell,shuhui"
normal,"yup,ok,thanx"
normal,"hicts,employee,how,are,you"
normal,"ive,been,thinking,about,it,for,a,while,but,havent,concretized,anything,so,far"
normal,"what,have,you,been,thinking,if,you,can,share"
normal,"well,ive,been,thinking,of,switching,to,an,industry,that,has,at,least,few,decades,of,growth,left"
normal,"no,not,this,one,can,we,get,a,table,by,the,window,please"
normal,"sure,that,one,is,unreserved"
normal,"would,you,like,plain,water,or,bottled,water"
normal,"bottled,water,please"
normal,"here,is,your,water,sir,and,here,is,the,menu"
normal,"would,you,like,something,to,start"
normal,"can,weve,two,sweet,corn,soups,with,some,garlic,bread,and,vegetable,platter,for,starters"
normal,"here,are,your,starters,do,youve,any,special,of,the,day,or,like,at,this,place"
normal,"no,sir,we,dont,have,special,of,the,day,here"
normal,"please,make,it,mediumspicy,and,less,greasy"
normal,"enjoy,your,meal"
normal,"can,we,get,an,additional,serving,of,onions,and,pickle"
normal,"i,have,a,great,tension,about,our,new,book,of,communicative,english"
normal,"why,whats,happened"
normal,"most,of,the,lessons,of,the,book,are,totally,unknown,and,i,do,not,understand,about,the,system,of,book"
normal,"dont,be,upset,i,think,the,book,is,based,on,our,practical,knowledge,it,supports,us,to,be,creative,you,know,most,of,the,students,of,our,country,like,to,cram,and,its,so,much,harmful,for,them,but,they,do,not,realize,it,to,avoid,their,cramming,the,govt,has,introduced,the,process"
normal,"yeah,i,see,how,can,i,continue,my,study"
normal,"you,have,to,avoid,cramming,and,try,to,read,anything,with,great,care,then,you,can,think,about,the,topic,and,try,to,express,your,feeling,about,that,i,think,now,it,will,be,easier,for,you"
normal,"i,want,to,borrow,some,books"
normal,"you,cannot,borrow,some,books,you,can,borrow,only,one,book,at,a,time"
normal,"what,are,the,newspapers,available,here"
normal,"one,more,clarification,sir,shall,i,ask,you"
normal,"alright,take,the,book"
normal,"i,want,a,good,watch,for,a,gift"
normal,"ladies,or,gents,what,type,do,you,want"
normal,"do,you,have,any,warranty,for,this,watch"
normal,"eight,hundred,and,eighty,taka,only"
normal,"whats,the,price"
normal,"but,i,want,a,cheaper,one,dont,you,have,one"
normal,"thats,too,much"
normal,"not,at,all"
normal,"why,not,look,at,this,side,these,are,japanese"
normal,"all,these,in,this,row,have,the,same,price,and,it,is,two,hundred,taka,each"
normal,"dont,worry,these,have,originally,come,from,japan"
normal,"all,right,pack,this,one"
normal,"whats,the,smell,coming,out,from,your,mouth"
normal,"nothing,its,the,smell,of,smoking"
normal,"yes,cancer,smoking,causes,many,other,diseases,it,also,affects,our,lunge"
normal,"it,is,high,time,you,gave,up,smoking"
normal,"thank,you,very,much,for,you,valuable,advice"
normal,"but,smoking,makes,people,smart"
normal,"its,a,false,notion,people,hate,smokers,besides,smoking,the,beginning,of,drug,addiction"
normal,"i,didnt,think,like,you"
normal,"of,course,i,will,not,smoke,further"
normal,"bye,see,you,later"
normal,"yeah,the,life,is,the,name,of,change,you,have,also,grown,into,a,decent,personality"
normal,"hello,i,guess,you,are,a,new,comer"
normal,"i,am,glad,to,meet,you,how,are,you"
normal,"may,i,discuss,with,you,about,our,personal,matters"
normal,"i,have,no,any,personal,problem,i,am,thinking,about,the,academic,and,social,responsibilities,of,students"
normal,"good,thinking,nowadays,it,has,been,common,to,break,the,college,rules,by,most,of,the,students"
normal,"you,are,right,most,of,them,have,no,idea,about,the,responsibilities,for,college,and,for,society"
normal,"they,are,busy,with,wrong,activities,they,come,to,the,college,to,spend,the,time,it,is,really,a,sorrowful,matter"
normal,"right,to,establish,a,peaceful,society,is,their,responsibility,they,can,also,extend,their,helping,hand,to,make,the,environment,clean"
normal,"planning,to,start,a,new,business"
normal,"oh,really,thats,great,whats,your,plan,can,you,share,it,with,me"
normal,"of,course,i,can,actually,i,was,planning,to,import,some,vehicle,products,from,india"
normal,"thats,huge,so,have,you,decided,what,product,you,are,going,to,bring"
normal,"yes,in,the,beginning,i,am,going,to,bring,1000,car,tires"
normal,"that,must,need,a,decent,amount,of,investment"
normal,"actually,i,have,done,a,deal,with,a,trading,company,and,they,are,going,to,bring,the,product,for,me"
normal,"have,they,been,agreed,to,take,a,product,from,you"
normal,"so,are,you,excited,about,the,upcoming,holiday"
normal,"yes,i,am,so,excited,i,cant,wait,7,days,for,durga,puja,i,am,sure,this,year,will,be,so,much,fun"
normal,"yeah,i,think,so,so,have,you,done,your,shopping,for,the,pooja"
normal,"almost,done,i,just,need,to,buy,some,clothes,for,my,parents,i,have,got,my,own,two,days,ago,what,about,you"
normal,"i,am,going,shopping,today,with,my,mom,and,sister,what,have,you,bought,for,yourself"
normal,"yes,because,we,need,to,buy,a,lot,more,things,for,the,celebration,i,loved,the,shopping,and,i,am,sure,you,will,love,too"
normal,"not,actually,i,am,going,to,spend,this,puja,with,my,family,here,in,kolkata,i,am,sure,that,will,be,so,much,fun,you,are,invited,to,my,house,in,the,puja,i,hope,you,will,come"
normal,"okay,see,you,there,bye"
normal,"hi,i,have,no,information,as,such"
normal,"would,you,mind,telling,me,about,it"
normal,"yeah,sure"
normal,"this,friday,there,is,a,meeting,wherein,we,are,asked,to,deliver,a,presentation"
normal,"what,precisely,do,we,need,to,present"
normal,"we,need,to,discuss,the,challenges,that,we,face,in,our,everyday,work,and,the,steps,we,take,to,resolve,those,issues"
normal,"are,we,only,supposed,to,discuss,the,problems,with,the,solutions"
normal,"oh,no,there,would,be,an,open,discussion,postpresentation,where,you,can,discuss,other,things,as,well"
normal,"now,that,sounds,music,to,my,ears"
normal,"it,seems,you,have,been,looking,for,this,opportunity,for,a,coons,age"
normal,"you,got,me,right"
normal,"anyway,i,need,to,prepare,for,the,same"
normal,"sure,thing,thanks,a,heap"
normal,"its,been,really,long,we,guys,havent,gone,anywhere"
normal,"so,dad,lets,plan,something,for,this,summer"
normal,"father,lets,go,to,goa"
normal,"no,no,no,were,not,going,to,goa,we,will,go,to,an,idyllic,and,tranquil,place,where,we,can,relax,and,find,peace"
normal,"mom,really,you,are,seeking,peace,we,can,get,enough,peace,sitting,at,our,home,too,dad,lets,go,to,some,happening,place,where,we,can,actually,have,fun,and,frolic"
normal,"lets,go,to,some,adventure,place,where,we,can,do,paragliding,sky,diving,and,lot,more"
normal,"ha,ha,you,are,gonna,do,skydiving,ohhh,please"
normal,"ok,lets,go,to,dharamshala,it,offers,serene,milieu,mesmerizing,locales,and,we,all,can,have,an,ace,time"
normal,"we,both,have,gone,there,earlier"
normal,"but,mother,we,havent,experienced,it"
normal,"instead,of,hotels,lets,stay,in,tents"
normal,"i,will,book,the,flight,tickets,and,hotel"
normal,"i,will,check,out,what,your,plan,is,and,get,back,to,youput,on,hold"
normal,"sir,i,have,checked,and,everything,seems,to,be,right"
normal,"sir,are,you,connected,through,wifi"
normal,"just,because,i,am,connected,through,wifi,the,speed,cannot,reduce,by,such,an,extent"
normal,"what,is,this,nonsense,how,can,my,laptop,cause,such,a,reduction,in,the,speed,i,am,a,computer,science,engineer,and,you,can't,tell,such,silly,reasons,to,me,what,is,this"
normal,"wait,sir,i'll,transfer,to,my,senior"
normal,"sir,from,which,website,are,you,testing,the,speed"
normal,"from,the,global,broadband,speed,test"
normal,"sir,they,are,giving,you,wrong,results,they,ping,you,through,servers,from,outside,india,and,show,that,you,have,less,speed"
normal,"what,no,they,do,it,from,a,local,server,in,india"
normal,"sir,believe,me,i,know,them,they,are,all,like,this,they,will,be,having,many,servers,in,us,uk,and,other,countries,and,fake,it"
normal,"that,is,absurd,they,have,a,good,reputation,and,show,the,results,as,they,are"
normal,"sir,i,know,you,are,technical,person,and,there,will,be,many,problems,here,also,because,of,pipelining,insulation,bandwidth,server,problems,etc,it,is,difficult,to,give,the,exact,speed,submarines,in,the,ocean,laying,the,lines,and,all,we,have,many,problems"
normal,"ok,i,understand,that,you,cannot,give,exactly,512kbps,speed,but,it'll,be,somewhere,close,to,it,and,why,are,you,talking,about,submarines,and,insulation,and,all"
normal,"sir,because,you,are,technical,person,i,had,to,explain,to,you,all,the,details,that,will,affect,the,speed,of,your,connection"
normal,"and,he,goes,on,speaking,some,nonsense,about,insulation,bandwidth,and,submarines,i,couldn't,control,my,laughter,so,i,hang,up"
normal,"hello,may,i,speak,to,mr,adams"
normal,"how,are,you,today"
normal,"is,this,the,house,you,wanted,to,show,us"
normal,"yes,madam"
normal,"i,know,it's,smaller,than,you,wanted,but,it's,one,of,the,best,houses,in,this,locality"
normal,"it,looks,too,small,for,a,family,of,four"
normal,"i,think,we,could,manage,this,way,but,don't,you,have,any,threebedroom,house"
normal,"id,like,to,buy,a,good,mobile,phone,set,do,you,have,any,new,model"
normal,"here,are,some,models,on,the,display,these,are,the,latest,designs,and,new,arrivals"
normal,"okay,show,me,those,black,ones"
normal,"these,are,here,sir"
normal,"how,much,is,this,one"
normal,"it's,six,thousand,taka,only,sir"
normal,"no,sir,its,a,fixed,price,you,may,compare,it,at,other,shops"
normal,"i,think,its,too,much"
normal,"has,it,any,warranty"
normal,"of,course,it,has,the,oneyear,limited,warranty"
normal,"well,does,the,set,have,all,the,multimedia,features"
normal,"certainly,sir,please,look,here,this,one,side,of,the,box"
normal,"ok,i,think,its,not,bad,pack,it,up,please"
normal,"you,may,take,it,without,any,worry,even,if,any,problem,please,contact,us,here,is,our,visiting,card"
normal,"all,right,here,is,your,money"
normal,"you,are,most,welcome"
normal,"i,want,to,borrow,some,books"
normal,"yes,it,is,available"
normal,"where,is,it"
normal,"shall,i,take,the,book"
normal,"where,is,your,old,book"
normal,"here,it,is"
normal,"what,is,the,name,of,the,book"
normal,"all,the,newspapers,are,available,here"
normal,"then,any,special,there"
normal,"sorry,that,took,so,long"
normal,"what,are,you,thinking,of"
normal,"speaking,of,does,he,have,any,cash,yet"
normal,"no,problem,i,will,send,to,your,email"
normal,"how,much,r,ü,willing,to,pay"
normal,"when,i,have,stuff,to,sell,i,will,tell,you"
normal,"i,love,you"
normal,"i,hate,you"
normal,"will,you,marry,me"
normal,"what,is,in,your,hand"
normal,"what,are,you,thinking"
normal,"i,like,fruits,and,vegetables"
normal,"i,am,going,aboard"
normal,"are,you,married"
normal,"it,will,be,done,by,next,month"
normal,"what,did,you,do,today"
normal,"will,you,do,me,a,favor"
normal,"will,you,share,your,data,with,me"
normal,"where,do,we,go,today"
normal,"i,am,the,principal,of,your,school,i,have,sent,you,a,link,click,on,it,and,pay,fee177,will,you,go,for,a,walk,with,me"
normal,"are,you,saying,mr,ramesh,you,have,checked,your,message,box,whether,you,have,received,a,coupon,of,500000"
normal,"i,will,join,the,airforce"
normal,"what,is,the,number,in,the,paper"
normal,"thats,fine,well,make,it,next,time"
normal,"i,see,well,id,be,delighted,to,have,you,over,and,join,the,gathering"
normal,"great,ill,be,expecting,you"
normal,"all,right,then"
normal,"i,have,to,pick,up,my,grandparents,at,the,airport,in,the,morning,then,help,my,parents,prepare,for,the,gathering,in,the,afternoon"
normal,"i,was,thinking,of,going,to,the,cinema,with,you,theres,a,good,movie,to,watch,but,if,youre,not,available"
normal,"oh,i,have,a,family,gathering,in,the,evening,why,what,did,you,have,in,mind"
normal,"jane,refuses,bobs,invitation,to,go,to,the,cinema,because,she,has,to,attend,a,family,gathering"
normal,"wait,till,you,hear,this,ted,just,got,engaged,to,jack"
normal,"lucy,and,patrick,talk,about,same,sex,marriage"
normal,"youre,pulling,my,leg,theyre,just,friends,lucy"
normal,"theyre,a,couple,patrick,you,can,ask,ted,yourself,if,you,dont,trust,me"
normal,"well,i,dont,think,it,is,polite,to,ask,people,about,their,sexual,orientation"
normal,"i,dont,think,so,today,the,gay,community,is,more,open,have,you,heard,of,lgbt,it,stands,for,lesbian,gay,bisexual,and,transgender"
normal,"yes,i,know,i,just,think,it,is,their,private,life,and,they,will,tell,me,when,they,are,ready"
normal,"youre,too,busy,studying,you,never,have,time,to,see,them"
normal,"what,do,you,think,of,gay,marriage,lucy"
normal,"people,should,be,able,to,do,whatever,they,want,but,i,cant,imagine,if,my,parents,were,both,men,or,both,women"
normal,"i,know,anything,that,is,different,from,your,own,experience,can,be,hard,to,imagine200,yes,but,as,long,as,both,parents,love,the,child,everything,will,be,fine,no,matter,the,sex,of,the,parents"
normal,"i,agree,and,speaking,personally,people,like,ted,and,jack,sure,have,the,right,to,be,happy"
normal,"thats,so,sweet,of,you"
normal,"not,too,bad,overall,im,worried,about,english,and,chemistry,though,how,is,yours,going,on"
normal,"mine,is,alright,im,also,finding,chemistry,to,be,bit,challenging,because,of,its,vast,syllabus,and,too,much,memorization,in,organic,chemistry"
normal,"organic,chemistry,has,been,a,problem,for,me,too,can,we,study,chemistry,together,at,least,the,organic,part"
normal,"sure,i,think,its,a,good,idea,can,you,help,me,with,english,though"
normal,"thanks,prepositions,and,reading,comprehension,are,the,main,problem,areas,for,me"
normal,"ok,will,do,hows,your,preparation,going,on,for,other,subjects"
normal,"the,paper,was,long,wasnt,it"
normal,"yes,unusually,long,for,sure,we,wont,see,as,many,95,marks,in,english,this,year"
normal,"how,did,you,do"
normal,"so,so,i,wish,i,had,timed,myself,better,in,the,end,i,left,questions,worth,10,marks,unattempted,how,about,you"
normal,"i,started,off,well,i,was,in,fact,ahead,of,time,as,long,as,i,was,on,grammar,and,letter,writing,but,this,years,reading,comprehension,passages,were,just,too,tough,for,me,and,it,completely,derailed,my,time,management"
normal,"so,did,you,too,fail,to,complete,the,paper"
normal,"i,did,somehow,manage,to,complete,but,in,the,last,20odd,minutes,i,had,to,hurry,so,much,that,i,guess,i,made,quite,a,few,mistakes,which,parts,in,the,paper,did,you,find,particularly,challenging"
normal,"well,english,has,never,been,my,forte,and,i,found,even,parts,of,grammar,to,be,challenging,besides,the,usual,culprit,reading,comprehension"
normal,"well,cant,do,much,now,lets,hope,for,the,best,and,get,ready,for,the,next,one,chemistry"
normal,"youre,right,lets,get,back,to,studies,few,more,hard,days,to,go"
normal,"i,was,wondering,are,you,free,this,saturday220,oh,i,have,a,family,gathering,in,the,evening,why,what,did,you,have,in,mind"
normal,"i,was,thinking,of,going,to,the,cinema,with,you,theres,a,good,movie,to,watch,but,if,youre,not,available"
normal,"what,do,you,have,to,do"
normal,"well,it,sounds,like,fun,but,actually,ill,be,very,busy,on,saturday"
normal,"i,have,to,pick,up,my,grandparents,at,the,airport,in,the,morning,then,help,my,parents,prepare,for,the,gathering,in,the,afternoon"
normal,"ok,yes,you,will,be,very,busy"
normal,"but,thanks,a,lot,for,asking,me,maybe,next,time"
normal,"thats,fine,well,make,it,next,time"
normal,"why,not,asking,andrew,to,go,with,you,you,live,in,the,same,apartment,with,him,dont,you"
normal,"i,have,but,he,already,made,an,appointment,with,lucy,they,plan,to,play,bowling,at,the,leisure,center"
normal,"i,see,well,id,be,delighted,to,have,you,over,and,join,the,gathering"
normal,"what,a,great,idea,thank,you,when,should,i,be,there"
normal,"tui,you,dropped,something"
normal,"oh,thats,my,family,picture"
normal,"here,you,are"
normal,"it,looks,like,you,have,a,big,family"
normal,"youre,right,1,my,mother,my,father,my,two,older,brothers,me,and,my,two,younger,sisters"
normal,"i,am,an,only,child"
normal,"you,are,how,does,it,feel,to,be,3,have,you,ever,felt,lonely"
normal,"i,never,feel,lonely,because,4,that,live,nearby,they,are,like,my,own,brother,and,sister"
normal,"lucky,you,my,cousins,live,in,a,different,city,so,i,rarely,meet,them"
normal,"you,are,luckier,than,me,you,have"
normal,"haha,it,is,not,always,like,that,we,sometimes,quibble,about,trivial,things,and,quarrel,with,each,other243,well,at,least,you,still,love,each,othertui,this,conversation,makes,me,feel,homesick,see,you,in,class,andrew"
normal,"will,this,bus,cover,the,route,of,dwarka"
normal,"yes,sir,its,time,to,get,on,board"
normal,"which,sector,do,you,want,to,go"
normal,"dwarka,sector,6"
normal,"is,this,the,same,route,you,cover,daily"
normal,"its,9,oclock"
normal,"sharp,9"
normal,"yes,sometimes,due,to,traffic,there,is,delay,of,5,minutes,but,more,often,than,not,we,are,on,time"
normal,"every,morning,at,9,i,have,to,catch,a,bus,for,office,mostly,buses,get,late,so,could,you,please,pick,me,up,every,day,at,9"
normal,"sure,sir,you,can,also,get,your,monthly,pass,made,for,just,rs,200,through,which,you,can,travel,free,for,a,month"
normal,"yes,thats,perfect,can,i,get,it,made,right,away"
normal,"yes,of,course,sir,i,will,make,it,in,no,time"
normal,"is,there,anyone,without,a,ticket"
normal,"yes,here,i,am,give,me,a,ticket,please"
normal,"sure,where,will,you,go"
normal,"please,pay,rs,45,for,the,ticket"
normal,"what,rs,45"
normal,"but,i,paid,rs,40,to,another,bus,the,day,before,yesterday,for,the,same,distance,and,route"
normal,"it,seems,you,don't,watch,tv,the,prices,of,diesel,rose,rs,800,per,liter,that's,why,the,company,has,raised,the,fare,to,rs,5,per,every,5,km"
normal,"oh,i,see,but,show,me,the,new,fare,menu,of,the,company,and,show,me,the,notification"
normal,"here,it,is,pasted,behind,the,seat"
normal,"ok,nice,here,is,your,rs,45"
normal,"here,is,the,ticket267,thanks,and,could,you,please,ask,this,man,to,stop,smoking,the,smoke,is,disturbing,us,you,follow,your,company's,order,of,new,fares,from,the,very,first,day,but,when,will,you,follow,your,company's,no,smoking,policy"
normal,"we,do,follow,all,policies,sir,i,have,already,asked,two,passengers,to,stop,smoking,they,are,the,people,who,belong,to,villages,or,they,are,illiterate,and,hence,cannot,read,the,signs,saying,no,smoking"
normal,"ok,but,please,make,sure,that,this,person,sitting,beside,does,not,smoke"
normal,"sure,sir,i,am,just,asking,him,to,quit"
normal,"it's,4,km,from,here,we,will,be,there,in,just,7,to,10,minutes"
normal,"have,a,nice,journey,sir"
normal,"yes,i,want,to,buy,some,books"
normal,"there,are,different,kinds,of,books,here,what,kind,of,books,you,want"
normal,"i,want,storybooks,for,children"
normal,"have,you,any,particular,choice"
normal,"yes,i,want,to,buy,interesting,stories,about,jungles,and,animals"
normal,"you,can,see,friends,park,and,happy,jungle"
normal,"are,these,about,animals"
normal,"these,are,the,two,best,selling,books,about,animals,stories"
normal,"ok,let,me,see"
normal,"here,these,are,any,other,book"
normal,"these,are,really,fine,i,was,looking,for,such,books,i,would,buy,these,two,and,also,show,me,a,good,book,on,english,grammar"
normal,"is,this,a,perfect,book,for,grammar"
normal,"this,is,the,latest,and,the,most,popular,book,of,2020,you,will,find,everything,written,in,a,simple,and,easy,way"
normal,"we,just,only,have,science,and,fiction,books,and,languages,books287,rs,430,sir,i,have,given,you,5,discount"
normal,"thanks,here,is,your,payment"
normal,"well,doctor,i,have,traveled,a,long,distance,to,consult,you,would,you,please,diagnose,my,disease"
normal,"and,what,may,be,the,matter,with,you,you,are,looking,much,pulled,down"
normal,"i,am,very,ill,i,often,suffer,from,a,headache,sometimes,i,feel,that,my,heart,is,sinking"
normal,"let,me,feel,your,pulse,and,see,your,tongue,i,find,nothing,wrong,with,you,only,your,tongue,is,a,bit,dirty"
normal,"why,i,often,suffer,from,insomnia,my,eyesight,is,also,beginning,to,fail"
normal,"i,see,then,you,must,have,some,bad,habits,you,seem,to,lead,a,sedentary,life,is,it,a,fact"
normal,"no,sir,i,have,no,bad,habits,except,smoking,my,life,is,quite,easy,and,comfortable,i,seldom,take,exercise,my,diet,is,quite,rich,consisting,of,meat,eggs,and,fats"
normal,"there,you,are,smoking,is,very,dangerous,it,is,the,cause,of,your,indigestion,which,your,dirty,tongue,indicates,rich,food,will,do,you,no,good,unless,you,take,exercise,regularly"
normal,"you,suggest,no,medicine,then"
normal,"should,i,come,again,to,give,you,the,report"
normal,"sure,i,hope,your,complaints,will,have,gone,till,then"
normal,goodbye
normal,"hello,actually,i,gave,a,call,regarding,the,network,issues"
normal,"is,this,the,same,mobile,number,on,which,you,are,facing,network,issues"
normal,"could,you,please,confirm,me,your,mobile,number"
normal,"yes,sure"
normal,"your,number,is,98432"
normal,"yes,sir,tell,me,what,issues,you,are,facing307,i,am,facing,network,issues,every,time,i,give,a,call,there,is,a,call,drop,after,connection,sometimes,it,also,takes,more,than,2,minutes,to,connect,a,call"
normal,"sir,i,would,like,to,tell,you,that,your,issues,will,be,resolved,could,i,please,know,which,handset,you,are,using"
normal,"i,am,using,a,samsung,phone"
normal,"i,would,like,to,tell,you,sir,that,you,need,to,change,certain,settings,of,your,phone,because,there,is,no,issue,from,our,end"
normal,"could,you,please,guide,me"
normal,"sure,sir,i,will,guide,you,for,that,go,to,your,settings,select,network,and,select,3g,if,youve,chosen,4g,because,your,sim,is,not,supporting,4g,thats,why,you,are,facing,problems,while,calling"
normal,"what,will,i,have,to,do,to,get,a,4g,sim,for,the,same,number"
normal,"please,visit,your,nearest,store,they,will,provide,you,the,4g,sim,for,the,same"
normal,"sir,would,you,like,to,know,about,the,new,offers"
normal,"no,thank,you"
normal,"thank,you,for,calling,have,a,great,day,ahead"
normal,"hello,actually,my,phone,is,acting,up,since,yesterday,morning"
normal,"may,i,know,which,handset,you,are,using"
normal,"apple,iphone,6s,plus"
normal,"could,you,please,tell,me,the,problems,you,are,facing,currently"
normal,"i,am,facing,battery,and,software,issues"
normal,"can,i,have,a,look,at,your,phone"
normal,"please,give,me,10,minutes,meanwhile,have,a,seat,and,have,coffee325,yeah,sure"
normal,"i,have,figured,out,the,problem,with,your,phone,there,is,a,malware,in,your,phone,that,is,apparently,responsible,for,software,glitches,is,your,phone,under,warranty"
normal,"yes,it,is,under,warranty,can,it,be,fixed,without,extra,cost"
normal,"yes,definitely,but,for,that,i,have,to,factory,reset,your,phone"
normal,"all,my,data,will,be,deleted"
normal,"no,sir,you,can,take,the,back,up,for,all,your,data,and,if,you,have,already,done,that,then,there,is,no,need,to,fret"
normal,"actually,i,havent,done,that,could,you,please,guide,me,how,to,take,back,up,the,phone,data"
normal,"yeah,sure,you,just,need,to,create,an,id,on,icloud,or,you,can,use,your,existing,apple,id,as,well"
normal,"thank,you,so,much,i,need,10,to,15,minutes,to,do,that"
normal,"done,how,long,will,it,take,to,fix,all,the,bugs"
normal,"it,will,take,at,least,an,hour,kindly,show,me,your,bill"
normal,"sure,this,is,my,bill,and,i,will,just,complete,the,rest,of,my,work,and,i,will,come,after,an,hour,to,collect,my,handset"
normal,"sure,sir,just,collect,your,token,number,from,the,counter"
normal,"good,i,want,to,build,a,computer,that,is,capable,of,streaming,what,would,be,the,price,for,thisprocessor"
normal,"yes,we,do,have,that,product,in,stock,may,i,know,your,requirement,sir"
normal,"hi,do,you,have,this,processor,intel,i7,10700k"
normal,"sir,the,mrp,is,inr,33000,but,we,have,a,special,discount,and,we,are,selling,this,for,inr,29000"
normal,"okay,but,the,price,on,amazon,seemed,to,be,a,little,lower,it,was,28500,the,last,time,i,checked"
normal,"sir,the,price,on,amazon,fluctuates,every,now,and,then,also,we,provide,an,extended,warranty,you,can,bring,the,processor,back,here,if,you,have,any,issues,with,it344,that,sounds,nice,what,is,the,total,warranty,you,are,giving,with,this,product"
normal,"sir,we,are,giving,you,a,1year,standard,warranty,plus,an,additional,2,years,from,our,side"
normal,"that,sounds,good,but,what,is,the,final,price,for,this"
normal,"sir,it,is,inr,29000,this,is,also,with,extended,warranty"
normal,"a,small,discount,would,make,the,deal,a,little,better,can,you,do,inr,27000"
normal,"sir,we,gain,just,a,small,margin,with,the,current,mrp,but,for,that,price,we,would,be,selling,it,for,a,loss"
normal,"okay,i,will,pay,28500,i,feel,that,this,is,a,good,deal"
normal,"hmm,sir,this,is,still,a,loss,for,us,but,we,will,agree,on,this,price,customer,satisfaction,is,our,motto"
normal,"excellent,please,pack,that,product,and,i,was,also,looking,to,buy,a,motherboard,for,my,cpu,do,you,have,any,suggestions,i,heard,that,the,intel,z490,motherboard,is,a,good,choice"
normal,"oh,is,it,how,much,is,the,price,for,that,motherboard"
normal,"this,motherboard,costs,inr,17,000,but,we,will,give,it,to,you,for,inr,15800"
normal,"that,sounds,wonderful"
normal,"would,you,want,any,other,component,sir,like,ram,ssd,graphics,card"
normal,"no,thats,enough,ill,take,those,two,for,now"
normal,"thank,you,sir,your,total,is,inr,44300,we,accept,cash,credit,and,debit,cards,and,well,as,upi,how,would,you,like,to,pay,sir"
normal,"i,will,pay,with,my,debit,card"
normal,"thank,you,for,your,purchase,sir,please,do,come,back,if,you,need,any,other,components,or,software,have,a,good,day"
normal,"thank,you,i,will,you,too,have,a,good,day362,i,am,also,fine,can,we,please,proceed,to,the,interview"
normal,"sure,go,ahead"
normal,"sir,your,college,has,made,an,excellent,result,in,the,last,hsc,exam,i,want,to,talk,to,you,about,the,result"
normal,"its,all,right"
normal,"sir,how,has,your,college,made,such,a,glorious,result,this,year"
normal,"to,speak,the,truth,continuous,efforts,of,our,teachers,and,the,system,of,our,teaching,have,helped,us,to,make,this,result"
normal,"anything,else,sir"
normal,"our,good,academic,environment,has,also,helped,us,a,lot,to,do,this,result,we,have,a,very,good,relationship,between,our,teachers,and,guardians,it,has,also,contributed,much,to,this,result"
normal,"its,very,good,sir,most,of,the,students,of,your,college,have,obtained,gpa5,and,your,college,has,secured,the,6th,position,in,rajshahi,board,isnt,it,exceptional"
normal,"you,may,say,so,our,managing,committee,keeps,a,watchful,eye,on,our,academic,progress,our,teachers,always,try,to,identify,the,weakness,in,various,subjects,of,our,students,and,take,necessary,steps,to,overcome,it"
normal,"thats,very,appreciable,we,hope,your,college,will,continue,doing,such,glorious,result,in,future,thank,you,for,giving,me,some,of,your,valuable,time,sir"
normal,"i,would,like,to,know,about,the,incident,of,the,15th,of,march"
normal,"i,was,passing,by,the,jayanta,hospital,and,i,saw,few,people,fighting,with,each,other"
normal,"then,what,did,you,do,after,that"
normal,"i,stood,there,for,a,while,and,then,i,decided,to,move,ahead"
normal,"then,what,happened,next378,then,all,of,the,sudden,i,heard,a,sound,of,a,bullet"
normal,"did,you,see,who,fired,the,bullet"
normal,"not,really,because,after,that,people,started,running,i,just,have,the,rough,look,of,that,person,in,my,mind"
normal,"could,you,please,share,that,mans,rough,look,with,us"
normal,"yeah,sure,that,man,was,wearing,a,red,shirt,with,a,black,cap"
normal,"did,you,see,his,face"
normal,"no,as,he,was,wearing,a,cap,so,i,couldnt,see,his,face,because,half,of,his,face,was,covered,with,the,cap"
normal,"did,you,inform,the,cops"
normal,"yes,i,went,to,the,local,police,station,they,wrote,the,fir,first,information,report"
normal,"thank,you,so,much,for,sharing,this,information,with,us"
normal,"so,when,are,we,going,to,see,you,on,the,big,screen,next"
normal,"soon,i,have,signed,a,movie"
normal,"when,is,the,releasing,date,of,that,movie"
normal,"it,will,get,released,in,december"
normal,"your,fans,have,been,eagerly,waiting,for,your,movie,for,quite,some,time,long"
normal,"i,really,want,to,thank,all,my,fans,for,their,support"
normal,"we,will,definitely,pass,on,your,message,to,your,fans,could,you,please,tell,me,something,about,your,upcoming,movie"
normal,"its,an,action,plus,romantic,movie,i,am,the,main,protagonist,who,portrays,a,role,of,an,honest,police,officer,who,eventually,gets,trapped,by,some,venal,politicians"
normal,"wow,thats,interesting397,hahaha,lets,see,how,everything,pans,out"
normal,"and,who,is,the,lead,actress,of,this,movie,we,would,also,like,to,know,about,her"
normal,"kanika,is,the,lead,actress,she,is,playing,a,role,of,a,politicians,daughter,ahh,thats,enough,of,the,information,about,the,movie,i,guess,lets,keep,something,for,the,trailer,as,well"
normal,"yes,we,totally,agree,we,all,are,really,excited,to,see,the,trailers,of,your,upcoming,movie"
normal,"your,internet,explorer,browser,and,computer,may,be,compromised,by,security,threats,call,8443352291,now,for,immediate,assistance"
normal,"pls,pls,find,out,from,aunt,nike"
normal,"wow,i,love,you,sooo,much,you,know,i,can,barely,stand,it,i,wonder,how,your,day,goes,and,if,you,are,well,my,love,i,think,of,you,and,miss,you"
normal,"no,screaming,means,shouting"
normal,"hey,what,happen,de,are,you,alright"
normal,"should,i,have,picked,up,a,receipt,or,something,earlier"
normal,"i,think,chennai,well,settled"
normal,"oh,dang,i,didn't,mean,o,send,that,to,you,lol"
normal,"unfortunately,i've,just,found,out,that,we,have,to,pick,my,sister,up,from,the,airport,that,evening,so,don't,think,i'll,be,going,out,at,all,we,should,try,to,go,out,one,of,th"
normal,"horrible,bf,i,now,v,hungry"
normal,"remember,on,that,day"
normal,"how's,it,feel,mr,your,not,my,real,valentine,just,my,yo,valentine,even,tho,u,hardly,play"
normal,"all,sounds,good,fingers,makes,it,difficult,to,type"
normal,"midnight,at,the,earliest"
normal,"you're,not,sure,that,i'm,not,trying,to,make,xavier,smoke,because,i,don't,want,to,smoke,after,being,told,i,smoke,too,much"
normal,"k,come,to,nordstrom,when,you're,done"
normal,"do,u,konw,waht,is,rael,friendship,im,gving,yuo,an,exmpel,jsut,ese,tihs,msg,evrey,splleing,of,tihs,msg,is,wrnog,bt,sitll,yuo,can,raed,it,wihtuot,ayn,mitsake,goodnight,amp,have,a,nice,sleepsweet,dreams"
normal,"now,press,conference,da"
normal,"after,completed,degree,there,is,no,use,in,joining,finance"
normal,"good,afternoon,my,love,any,job,prospects,are,you,missing,me,what,do,you,do,are,you,being,lazy,and,bleak,hmmm,or,happy,and,filled,with,my,love"
normal,"shant,disturb,u,anymore,jia,you"
normal,"bishan,lar,nearer,no,need,buy,so,early,cos,if,buy,now,i,gotta,park,my,car"
normal,"me,i,dont,know,again,oh"
normal,"dude,sux,for,snake,he,got,old,and,raiden,got,buff"
normal,"he,says,hi,and,to,get,your,ass,back,to,south,tampa,preferably,at,a,kegger"
normal,"in,e,msg,jus,now,u,said,thanks,for,gift"
normal,"u,too"
normal,"ok,how,you,dear,did,you,call,chechi"
normal,"yeah,we,do,totes,when,u,wanna"
normal,"ok,i,found,dis,pierre,cardin,one,which,looks,normal,costs,20,its,on,sale"
normal,"good,sleep,is,about,rhythm,the,person,has,to,establish,a,rhythm,that,the,body,will,learn,and,use,if,you,want,to,know,more"
normal,"wat,r,u,doing"
normal,"message,from,i,am,at,truro,hospital,on,ext,you,can,phone,me,here,as,i,have,a,phone,by,my,side"
normal,"single,line,with,a,big,meaning,miss,anything,4,ur,best,life,but,don't,miss,ur,best,life,for,anything,gud,nyt"
normal,"just,got,some,gas,money,any,chance,you,and,the,gang,want,to,go,on,a,grand,nature,adventure"
normal,"dnt,worryuse,ice,pieces,in,a,cloth,packalso,take,2,tablets"
normal,"dude,just,saw,a,parked,car,with,its,sunroof,popped,up,sux"
normal,"get,ready,to,put,on,your,excellent,sub,face"
normal,"tmrw,im,finishing,9,doors"
normal,"the,ltgt,g,that,i,saw,a,few,days,ago,the,guy,wants,sell,wifi,only,for,ltgt,and,with,3g,for,ltgt,that's,why,i,blanked,him"
normal,"i,am,late,i,will,be,there,at"
normal,"whatever,im,pretty,pissed,off"
normal,"today,is,accept,dayu,accept,me,as,brother,sister,lover,dear1,best1,clos1,lvblefrnd,jstfrnd,cutefrnd,lifpartnr,belovd,swtheart,bstfrnd,no,rply,means,enemy"
normal,"i,dont,have,that,much,image,in,class"
normal,"noi,got,rumour,that,you,going,to,buy,apartment,in,chennai"
normal,"near,kalainar,tv,officethenampet"
normal,"my,sis,is,catching,e,show,in,e,afternoon,so,i'm,not,watching,w,her,so,c,u,wan,2,watch,today,or,tmr,lor"
normal,"sounds,gd,haha,can,wah,u,yan,jiu,so,fast,liao"
normal,"no,to,be,nosy,i,guess,idk,am,i,over,reacting,if,i'm,freaked"
normal,"remember,all,those,whom,i,hurt,during,days,of,satanic,imposter,in,meneed,to,pay,a,priceso,be,itmay,destiny,keep,me,going,and,as,u,said,pray,that,i,get,the,mind,to,get,over,the,same"
normal,"how,to,make,a,girl,happy,it's,not,at,all,difficult,to,make,girls,happy,u,only,need,to,be,1,a,friend,2,companion,3,lover,4,chef,ltgt,good,listener,ltgt,organizer,ltgt,good,boyfriend,ltgt,very,clean,ltgt,sympathetic,ltgt,athletic,ltgt,warm,ltgt,courageous,ltgt,determined,ltgt,true,ltgt,dependable,ltgt,intelligent,ltgt,psychologist,ltgt,pest,exterminator,ltgt,psychiatrist,ltgt,healer,ltgt,stylist,ltgt,driver,aaniye,pudunga,venaam"
normal,"why,is,that,princess,i,bet,the,brothas,are,all,chasing,you"
normal,"i,shall,book,chez,jules,for,half,eight,if,that's,ok,with,you"
normal,"hhahhaahahah,rofl,wtf,nig,was,leonardo,in,your,room,or,something"
normal,"yep,at,derek's,house,now,see,you,sunday,lt3"
normal,"it's,cool,let,me,know,before,it,kicks,off,around,ltgt,i'll,be,out,and,about,all,day"
normal,"sorry,i'll,call,later"
normal,"i,was,wondering,if,it,would,be,okay,for,you,to,call,uncle,john,and,let,him,know,that,things,are,not,the,same,in,nigeria,as,they,r,here,that,ltgt,dollars,is,2years,sent,and,that,you,know,its,a,strain,but,i,plan,to,pay,back,every,dime,he,gives,every,dime,so,for,me,to,expect,anything,from,you,is,not,practical,something,like,that"
normal,"there,are,no,other,charges,after,transfer,charges,and,you,can,withdraw,anyhow,you,like"
normal,"dont,search,love,let,love,find,u,thats,why,its,called,falling,in,love,bcoz,u,dont,force,yourself,u,just,fall,and,u,know,there,is,smeone,to,hold,u,bslvyl"
normal,"at,4,let's,go,to,bill,millers"
normal,"i,love,you,you,set,my,soul,on,fire,it,is,not,just,a,spark,but,it,is,a,flame,a,big,rawring,flame,xoxo"
normal,"somewhr,someone,is,surely,made,4,u,and,god,has,decided,a,perfect,time,to,make,u,meet,dat,person,till,den,enjoy,ur,crushes"
normal,"that's,my,honeymoon,outfit"
normal,"will,it,help,if,we,propose,going,back,again,tomorrow"
normal,"never,blame,a,day,in,ur,life,good,days,give,u,happiness,bad,days,give,u,experience,both,are,essential,in,life,all,are,gods,blessings,good,morning"
normal,"pls,confirm,the,time,to,collect,the,cheque"
normal,"daddy,will,take,good,care,of,you"
normal,"yeah,probably,i,still,gotta,check,out,with,leo"
normal,"kthen,any,other,special"
normal,"carlos,is,taking,his,sweet,time,as,usual,so,let,me,know,when,you,and,patty,are,donewant,to,smoke,and,i'll,tell,him,to,haul,ass"
normal,"ok,pa,nothing,problem"
normal,"have,you,heard,about,that,job,i'm,going,to,that,wildlife,talk,again,tonight,if,u,want2come,its,that2worzels,and,a,wizzle,or,whatever,it,is"
normal,"god,picked,up,a,flower,and,dippeditinadew,lovingly,touched,itwhichturnedinto,u,and,the,he,gifted,tomeandsaidthis,friend,is,4u"
normal,"when,you,came,to,hostel"
normal,"ok,no,prob,i'll,come,after,lunch,then"
normal,"jus,telling,u,dat,i'll,b,leaving,4,shanghai,on,21st,instead,so,we'll,haf,more,time,2,meet,up,cya"
normal,"are,your,freezing,are,you,home,yet,will,you,remember,to,kiss,your,mom,in,the,morning,do,you,love,me,do,you,think,of,me,are,you,missing,me,yet"
normal,"you,all,ready,for,big,day,tomorrow"
normal,"i'll,probably,be,around,mu,a,lot"
normal,"thnx,dude,u,guys,out,2nite"
normal,"me,sef,dey,laugh,you,meanwhile,how's,my,darling,anjie"
normal,"mm,i,had,my,food,da,from,out"
normal,"k,makes,sense,btw,carlos,is,being,difficult,so,you,guys,are,gonna,smoke,while,i,go,pick,up,the,second,batch,and,get,gas"
normal,"did,u,download,the,fring,app"
normal,"the,2,oz,guy,is,being,kinda,flaky,but,one,friend,is,interested,in,picking,up,ltgt,worth,tonight,if,possible"
normal,"friends,that,u,can,stay,on,fb,chat,with"
normal,"fuck,babe,i,miss,you,sooooo,much,i,wish,you,were,here,to,sleep,with,me,my,bed,is,so,lonely,i,go,now,to,sleep,to,dream,of,you,my,love"
normal,"living,is,very,simple,loving,is,also,simple,laughing,is,too,simple,winning,is,tooo,simple,but,being,simple,is,very,difficult,gud,nte"
normal,"ah,well,that,confuses,things,doesnt,it"
normal,"hi,dear,call,me,its,urgnt,i,don't,know,whats,your,problem,you,don't,want,to,work,or,if,you,have,any,other,problem,at,least,tell,me,wating,for,your,reply"
normal,"dear,how,you,are,you,ok"
normal,"yes,princess,i,want,to,make,you,happy"
normal,"sounds,like,you,have,many,talents,would,you,like,to,go,on,a,dinner,date,next,week"
normal,"i,am,going,to,film,2day,da,at,6pm,sorry,da"
normal,"we,not,watching,movie,already,xy,wants,2,shop,so,i'm,shopping,w,her,now"
normal,"hello,my,little,party,animal,i,just,thought,i'd,buzz,you,as,you,were,with,your,friends,grins,reminding,you,were,loved,and,send,a,naughty,adoring,kiss"
normal,"yesterday,its,with,me,only,now,am,going,home"
normal,"you,have,come,into,my,life,and,brought,the,sun,shiny,down,on,me,warming,my,heart,putting,a,constant,smile,on,my,face,making,me,feel,loved,and,cared,for"
normal,"no,shit,but,i,wasn't,that,surprised,so,i,went,and,spent,the,evening,with,that,french,guy,i,met,in,town,here,and,we,fooled,around,a,bit,but,i,didn't,let,him,fuck,me"
normal,"great,comedycant,stop,laughing,da"
normal,"alright,we're,all,set,here,text,the,man"
normal,"hi,where,are,you,we're,at,and,they're,not,keen,to,go,out,i,kind,of,am,but,feel,i,shouldn't,so,can,we,go,out,tomo,don't,mind,do,you"
normal,"sleeping,nt,feeling,well"
normal,"u,will,switch,your,fone,on,dammit"
normal,"india,have,to,take,lead"
normal,"ill,post,her,out,l8r,in,class"
normal,"thts,wat,wright,brother,did,to,fly"
normal,"evening,v,good,if,somewhat,event,laden,will,fill,you,in,don't,you,worry,head,ok,but,throat,wrecked,see,you,at,six,then"
normal,"if,u,laugh,really,loud,if,u,talk,spontaneously,if,u,dont,care,what,others,feel,u,are,probably,with,your,dear,amp,best,friends,goodevening,dear"
normal,"its,a,laptop,take,it,with,you"
normal,"i,dont,have,any,of,your,file,in,my,bagi,was,in,work,when,you,called,mei,ll,tell,you,if,i,find,anything,in,my,room"
normal,"i,wan,but,too,early,lei,me,outside,now,wun,b,home,so,early,neva,mind,then"
normal,"i,was,at,bugis,juz,now,wat,but,now,i'm,walking,home,oredi,ü,so,late,then,reply,i,oso,saw,a,top,dat,i,like,but,din,buy,where,r,ü,now"
normal,"wishing,you,and,your,family,merry,x,mas,and,happy,new,year,in,advance"
normal,"at,7,we,will,go,ok,na"
normal,"yes,i,posted,a,couple,of,pics,on,fb,there's,still,snow,outside,too,i'm,just,waking,up"
normal,"sif,we,have,one,good,partnership,going,we,will,take,lead"
normal,"yeah,where's,your,class,at"
normal,"no,just,send,to,you,bec,you,in,temple,na"
normal,"you,aren't,coming,home,between,class,right,i,need,to,work,out,and,shower"
normal,"s,but,mostly,not,like,that"
normal,"dunno,cos,i,was,v,late,n,when,i,reach,they,inside,already,but,we,ate,spageddies,lor,it's,e,gals,who,r,laughing,at,me,lor"
normal,"guess,who,spent,all,last,night,phasing,in,and,out,of,the,fourth,dimension"
normal,"so,now,my,dad,is,gonna,call,after,he,gets,out,of,work,and,ask,all,these,crazy,questions"
normal,"yesbut,they,said,its,it"
normal,"very,hurting,n,meaningful,lines,ever,i,compromised,everything,for,my,love,but,at,d,end,my,love,compromised,me,for,everything,gud,mornin"
normal,"lmaonice,1"
normal,"glad,to,see,your,reply"
normal,"painful,words,i,thought,being,happy,was,the,most,toughest,thing,on,earth,but,the,toughest,is,acting,happy,with,all,unspoken,pain,inside"
normal,"yeah,that's,fine,it's,6,to,get,in,is,that,ok"
normal,"lol,where,do,u,come,up,with,these,ideas"
normal,"so,many,people,seems,to,be,special,at,first,sight,but,only,very,few,will,remain,special,to,you,till,your,last,sight,maintain,them,till,life,ends,shjas"
normal,"today,is,song,dedicated,day,which,song,will,u,dedicate,for,me,send,this,to,all,ur,valuable,frnds,but,first,rply,me"
normal,"okay,we,wait,ah"
normal,"y,lei"
normal,"hi,babe,u,r,most,likely,to,be,in,bed,but,im,so,sorry,about,tonight,i,really,wanna,see,u,tomorrow,so,call,me,at,9,love,me,xxx"
normal,"already,am,squatting,is,the,new,way,of,walking"
normal,"do,you,want,bold,2,or,bb,torch"
normal,"cramps,stopped,going,back,to,sleep"
normal,"nan,sonathaya,soladha,why,boss"
normal,"bring,tat,cd,don,forget"
normal,"i,don't,know,but,i'm,raping,dudes,at,poker"
normal,"weightloss,no,more,girl,friends,make,loads,of,money,on,ebay,or,something,and,give,thanks,to,god"
normal,"was,gr8,to,see,that,message,so,when,r,u,leaving,congrats,dear,what,school,and,wat,r,ur,plans"
normal,"ü,eatin,later,but,i'm,eatin,wif,my,frens,now,lei,ü,going,home,first"
normal,"finish,already,yar,they,keep,saying,i,mushy,i,so,embarrassed,ok"
normal,"sorry,man,my,stash,ran,dry,last,night,and,i,can't,pick,up,more,until,sunday"
normal,"hai,priya,are,you,right,what,doctor,said,pa,where,are,you"
normal,ok
normal,"please,ask,mummy,to,call,father"
normal,"can,come,my,room,but,cannot,come,my,house,cos,my,house,still,messy,haha"
normal,"i,have,lost,10,kilos,as,of,today"
normal,"just,taste,fish,curry,p"
normal,"what,can,i,do,might,accidant,tookplace,between,somewhere,ghodbandar,rd,traffic,moves,slovely,so,plz,slip,amp,don't,worry"
normal,"yun,ahnow,ü,wkg,wherebtw,if,ü,go,nus,sc,ü,wana,specialise,in,wad"
normal,"yes,i,am,a,one,woman,man,please,tell,me,your,likes,and,dislikes,in,bed"
normal,"was,doing,my,test,earlier,i,appreciate,you,will,call,you,tomorrow"
normal,"how's,my,loverboy,doing,what,does,he,do,that,keeps,him,from,coming,to,his,queen,hmmm,doesn't,he,ache,to,speak,to,me,miss,me,desparately"
normal,"u,meet,other,fren,dun,wan,meet,me,ah,muz,b,a,guy,rite"
normal,"no,promises,on,when,though,haven't,even,gotten,dinner,yet"
normal,"i,got,your,back,do,you,have,any,dislikes,in,bed"
normal,"o,turns,out,i,had,stereo,love,on,mi,phone,under,the,unknown,album"
normal,"yeah,i,don't,see,why,not"
normal,"asking,do,u,knw,them,or,nt,may,be,ur,frnds,or,classmates"
normal,"sorry,about,earlier,putting,out,firesare,you,around,to,talk,after,9,or,do,you,actually,have,a,life,lol"
normal,"as,in,missionary,hook,up,doggy,hook,up,standing"
normal,"then,u,better,go,sleep,dun,disturb,u,liao,u,wake,up,then,msg,me,lor"
normal,"fighting,with,the,world,is,easy,u,either,win,or,lose,bt,fightng,with,some1,who,is,close,to,u,is,dificult,if,u,lose,u,lose,if,u,win,u,still,lose"
normal,"am,watching,house,very,entertaining,am,getting,the,whole,hugh,laurie,thing,even,with,the,stick,indeed,especially,with,the,stick"
normal,"thought,praps,you,meant,another,one,goodo,i'll,look,tomorrow"
normal,"hi,jon,pete,here,ive,bin,2,spain,recently,hav,sum,dinero,left,bill,said,u,or,ur,rents,mayb,interested,in,it,i,hav,12000pes,so,around,48,tb,james"
normal,"there,bold,2,ltgt,is,that,yours"
normal,"you,know,there,is,i,shall,speak,to,you,in,ltgt,minutes,then"
normal,"alrite,hunnywot,u,up,2,2nite,didnt,end,up,goin,down,town,jus,da,pub,instead,jus,chillin,at,da,mo,in,me,bedroomlove,jen,xxx"
normal,"i,went,to,project,centre"
normal,"as,per,your,request,maangalyam,alaipayuthe,has,been,set,as,your,callertune,for,all,callers,press,9,to,copy,your,friends,callertune"
normal,"lol,yeah,at,this,point,i,guess,not"
normal,"doing,project,w,frens,lor"
normal,"lol,well,quality,aint,bad,at,all,so,i,aint,complaining"
normal,"k,can,that,happen,tonight"
normal,"i,think,we're,going,to,finn's,now,come"
normal,"why,tired,what,special,there,you,had"
normal,"i,will,come,tomorrow,di"
normal,"i,cant,pick,the,phone,right,now,pls,send,a,message"
normal,"k,go,and,sleep,well,take,rest"
normal,"u,guys,never,invite,me,anywhere"
normal,"i,can,do,that,i,want,to,please,you,both,inside,and,outside,the,bedroom"
normal,"ey,calm,downon,theacusations,itxt,u,cos,iwana,know,wotu,r,doin,at,thewend,haventcn,u,in,agesring,me,if,ur,up4,nething,satlove,j,xxx"
normal,"i,love,to,wine,and,dine,my,lady"
normal,"im,cool,ta,luv,but,vtired,2,cause,i,have,been,doin,loads,of,planning,all,wk,we,have,got,our,social,services,inspection,at,the,nursery,take,care,spk,sn,x"
normal,"i,don,know,account,detailsi,will,ask,my,mom,and,send,youmy,mom,is,out,of,reach,now"
normal,"i,think,u,have,the,wrong,number"
normal,"feel,yourself,that,you,are,always,happy,slowly,it,becomes,your,habit,amp,finally,it,becomes,part,of,your,life,follow,it,happy,morning,amp,have,a,happy,day"
normal,"do,not,b,late,love,mum"
normal,"got,itmail,panren,paru"
normal,"was,thinking,about,chuckin,ur,red,green,n,black,trainners,2,save,carryin,them,bac,on,train"
normal,"give,one,miss,from,that,number,please"
normal,"jus,came,back,fr,lunch,wif,my,sis,only,u,leh"
normal,"how,is,your,schedule,next,week,i,am,out,of,town,this,weekend"
normal,"really,gooddhanush,rocks,once,again"
normal,"lmao,ok,i,wont,be,needing,u,to,do,my,hair,anymore"
normal,"miss,ya,need,ya,want,ya,love,ya"
normal,"sorry,i'm,not,free"
normal,"do,u,ever,get,a,song,stuck,in,your,head,for,no,reason,and,it,won't,go,away,til,u,listen,to,it,like,5,times"
normal,"nt,yet,chikkusimple,habbahw,abt,u"
normal,"got,ur,mail,dileepthank,you,so,muchand,look,forward,to,lots,of,supportvery,less,contacts,hereremember,one,venugopal,you,mentionedtomorrow,if,not,latei,shall,try,to,come,up,till,theregoodnight,dear"
normal,"sometimes,heart,remembrs,someone,very,much,forgets,someone,soon,bcoz,heart,will,not,like,everyone,but,liked,ones,will,be,remembered,everytime,bslvyl"
normal,"joy's,father,is,john,then,john,is,the,name,of,joy's,father,mandan"
normal,"hi,this,is,yijue,it's,regarding,the,3230,textbook,it's,intro,to,algorithms,second,edition,i'm,selling,it,for,50"
normal,"k,want,us,to,come,by,now"
normal,"how,its,a,little,difficult,but,its,a,simple,way,to,enter,this,place"
normal,"ha,both,of,us,doing,e,same,thing,but,i,got,tv,2,watch,u,can,thk,of,where,2,go,tonight,or,u,already,haf,smth,in,mind"
normal,"dont,show,yourself,how,far,put,new,pictures,up,on,facebook"
normal,"watching,tv,now,i,got,new,job"
normal,"good,afternoon,sexy,buns,how,goes,the,job,search,i,wake,and,you,are,my,first,thought,as,always,my,love,i,wish,your,fine,and,happy,and,know,i,adore,you"
normal,"i'm,not,coming,over,do,whatever,you,want"
normal,"its,ok,chikku,and,its,my,1,of,favourite,song"
normal,"did,u,see,what,i,posted,on,your,facebook"
normal,"my,uncles,in,atlanta,wish,you,guys,a,great,semester"
normal,"no,dear,i,do,have,free,messages,without,any,recharge,hi,hi,hi"
normal,"dont,search,love,let,love,find,u,thats,why,its,called,falling,in,love,bcoz,u,dont,force,yourself,u,just,fall,and,u,know,there,is,smeone,to,hold,u,bslvyl"
normal,"i,dun,believe,u,i,thk,u,told,him"
normal,"do,you,know,why,god,created,gap,between,your,fingers,so,that,one,who,is,made,for,you,comes,amp,fills,those,gaps,by,holding,your,hand,with,love"
normal,"yessura,in,sun,tvlol"
normal,"arun,can,u,transfr,me,d,amt"
normal,"takin,a,shower,now,but,yeah,i'll,leave,when,i'm,done"
normal,"am,not,working,but,am,up,to,eyes,in,philosophy,so,will,text,u,later,when,a,bit,more,free,for,chat"
normal,"u,havent,lost,me,ill,always,b,here,4ui,didnt,intend,2,hurt,u,but,i,never,knew,how,u,felt,about,me,when,iwasmarinethats,what,itried2tell,urmomi,careabout,u"
normal,"you,bad,girl,i,can,still,remember,them"
normal,"how,much,i,gave,to,you,morning"
normal,"i,hope,your,alright,babe,i,worry,that,you,might,have,felt,a,bit,desparate,when,you,learned,the,job,was,a,fake,i,am,here,waiting,when,you,come,back,my,love"
normal,"hey,can,you,tell,me,blake's,address,carlos,wanted,me,to,meet,him,there,but,i,got,lost,and,he's,not,answering,his,phone"
normal,"can,i,get,your,opinion,on,something,first"
normal,"that,one,week,leave,i,put,know,that,time,why"
normal,"if,we,hit,it,off,you,can,move,in,with,me"
normal,"excellent,i,spent,ltgt,years,in,the,air,force,iraq,and,afghanistan,i,am,stable,and,honest,do,you,like,traveling"
normal,"i,wanna,watch,that,movie"
normal,"ok,lor,thanx,ü,in,school"
normal,"i'm,in,class,did,you,get,my,text"
normal,"the,bus,leaves,at,ltgt"
normal,"god,blessget,good,sleep,my,deari,will,pray"
normal,"do,have,a,nice,day,today,i,love,you,so,dearly"
normal,"aiyo,a,bit,pai,seh,ü,noe,scared,he,dun,rem,who,i,am,then,die,hee,but,he,become,better,lookin,oredi,leh"
normal,"aight,i'll,ask,a,few,of,my,roommates"
normal,"now,whats,your,house,again,and,do,you,have,any,beer,there"
normal,"do,ü,all,wan,2,meet,up,n,combine,all,the,parts,how's,da,rest,of,da,project,going"
normal,"getting,tickets,4,walsall,tue,6,th,march,my,mate,is,getting,me,them,on,sat,ill,pay,my,treat,want,2,go,txt,bak,terry"
normal,"yes,we,are,chatting,too"
normal,"hi,its,jess,i,dont,know,if,you,are,at,work,but,call,me,when,u,can,im,at,home,all,eve,xxx"
normal,"sian,aft,meeting,supervisor,got,work,2,do,liao,u,working,now"
normal,"are,you,going,to,write,ccna,exam,this,week"
normal,"well,i,will,watch,shrek,in,3db"
normal,"am,i,that,much,dirty,fellow"
normal,"dunno,dat's,wat,he,told,me,ok,lor"
normal,"i'll,probably,be,by,tomorrow,or,even,later,tonight,if,something's,going,on"
normal,"i,couldn't,say,no,as,he,is,a,dying,man,and,i,feel,sad,for,him,so,i,will,go,and,i,just,wanted,you,to,know,i,would,probably,be,gone,late,into,your,night"
normal,"if,you're,thinking,of,lifting,me,one,then,no"
normal,"same,as,u,dun,wan,y,u,dun,like,me,already,ah,wat,u,doing,now,still,eating"
normal,"sent,me,ur,email,id,soon"
normal,"wat,makes,some,people,dearer,is,not,just,de,happiness,dat,u,feel,when,u,meet,them,but,de,pain,u,feel,when,u,miss,dem"
normal,"dude,what's,up,how,teresa,hope,you,have,been,okay,when,i,didnt,hear,from,these,people,i,called,them,and,they,had,received,the,package,since,dec,ltgt,just,thot,you'ld,like,to,know,do,have,a,fantastic,year,and,all,the,best,with,your,reading,plus,if,you,can,really,really,bam,first,aid,for,usmle,then,your,work,is,done"
normal,"hey,gorgeous,man,my,work,mobile,number,is,have,a,good,one,babe,squishy,mwahs"
normal,"may,i,call,you,later,pls"
normal,"that's,the,way,you,should,stay,oh"
normal,"hello,thanx,for,taking,that,call,i,got,a,job,starts,on,monday"
normal,"what,time,is,ur,flight,tmr"
normal,"when,should,i,come,over"
normal,"i,have,a,rather,prominent,bite,mark,on,my,right,cheek"
normal,"will,be,september,by,then"
normal,"are,you,wet,right,now"
normal,"and,how's,your,husband"
normal,"are,we,doing,the,norm,tomorrow,i,finish,just,a,415,cos,of,st,tests,need,to,sort,library,stuff,out,at,some,point,tomo,got,letter,from,today,access,til,end,march,so,i,better,get,move,on"
normal,"yeah,i,got,a,list,with,only,u,and,joanna,if,i'm,feeling,really,anti,social"
normal,"i,am,in,your,office,na"
normal,"are,you,comingdown,later"
normal,"super,dagood,replacement,for,murali"
normal,"da,is,good,good,playerwhy,he,is,unsold"
normal,"hi,do,u,want,to,join,me,with,sts,later,meeting,them,at,five,call,u,after,class"
normal,"its,on,in,engalnd,but,telly,has,decided,it,won't,let,me,watch,it,and,mia,and,elliot,were,kissing,damn,it"
normal,"i,dont,want,to,hear,philosophy,just,say,what,happen"
normal,"you,got,job,in,wiproyou,will,get,every,thing,in,life,in,2,or,3,years"
normal,"then,cant,get,da,laptop,my,matric,card,wif,ü,lei"
normal,"dunno,da,next,show,aft,6,is,850,toa,payoh,got,650"
normal,"i,just,made,some,payments,so,dont,have,that,much,sorry,would,you,want,it,fedex,or,the,other,way"
normal,"they,did't,play,one,day,last,year,know,even,though,they,have,very,good,team,like,india"
normal,"kyou,are,the,only,girl,waiting,in,reception,ah"
normal,"say,this,slowly,godi,love,you,amp,i,need,youclean,my,heart,with,your,bloodsend,this,to,ten,special,people,amp,u,c,miracle,tomorrow,do,itplspls,do,it"
normal,"i,hate,when,she,does,this,she,turns,what,should,be,a,fun,shopping,trip,into,an,annoying,day,of,how,everything,would,look,in,her,house"
normal,"sir,i,am,waiting,for,your,call"
normal,"what's,up,do,you,want,me,to,come,online"
normal,"it,could,work,we'll,reach,a,consensus,at,the,next,meeting"
normal,"aiyah,then,i,wait,lor,then,u,entertain,me,hee"
normal,"the,last,thing,i,ever,wanted,to,do,was,hurt,you,and,i,didn't,think,it,would,have,you'd,laugh,be,embarassed,delete,the,tag,and,keep,going,but,as,far,as,i,knew,it,wasn't,even,up,the,fact,that,you,even,felt,like,i,would,do,it,to,hurt,you,shows,you,really,don't,know,me,at,all,it,was,messy,wednesday,but,it,wasn't,bad,the,problem,i,have,with,it,is,you,have,the,time,to,clean,it,but,you,choose,not,to,you,skype,you,take,pictures,you,sleep,you,want,to,go,out,i,don't,mind,a,few,things,here,and,there,but,when,you,don't,make,the,bed,when,you,throw,laundry,on,top,of,it,when,i,can't,have,a,friend,in,the,house,because,i'm,embarassed,that,there's,underwear,and,bras,strewn,on,the,bed,pillows,on,the,floor,that's,something,else,you,used,to,be,good,about,at,least,making,the,bed"
normal,"i'll,let,you,know,when,it,kicks,in"
normal,"you,call,him,now,ok,i,said,call,him"
normal,"call,to,the,number,which,is,available,in,appointment,and,ask,to,connect,the,call,to,waheed,fathima"
normal,"or,ü,go,buy,wif,him,then,i,meet,ü,later,can"
normal,"mmmm,fuck,not,fair,you,know,my,weaknesses,grins,pushes,you,to,your,knee's,exposes,my,belly,and,pulls,your,head,to,it,don't,forget,i,know,yours,too,wicked,smile"
normal,"today,my,system,sh,get,readyall,is,well,and,i,am,also,in,the,deep,well"
normal,"mom,wants,to,know,where,you,at"
normal,"aight,i'll,text,you,when,i'm,back"
normal,"dont,know,supports,ass,and,srt,i,thnk,i,think,ps3,can,play,through,usb,too"
normal,"oh,ok,i,didnt,know,what,you,meant,yep,i,am,baby,jontin"
normal,"watching,tv,now,i,got,new,job"
normal,"this,pen,thing,is,beyond,a,joke,wont,a,biro,do,don't,do,a,masters,as,can't,do,this,ever,again"
normal,"i,am,at,a,party,with,alex,nichols"
normal,"just,seeing,your,missed,call,my,dear,brother,do,have,a,gr8,day"
normal,"ok,ü,finishing,soon"
normal,"sorry,i,can't,help,you,on,this"
normal,"come,to,me,slave,your,doing,it,again,going,into,your,shell,and,unconsciously,avoiding,me,you,are,making,me,unhappy"
normal,"i,love,your,ass,do,you,enjoy,doggy,style"
normal,"i,think,asking,for,a,gym,is,the,excuse,for,lazy,people,i,jog"
normal,"no,on,the,way,home,so,if,not,for,the,long,dry,spell,the,season,would,have,been,over"
normal,"i,gotta,collect,da,car,at,6,lei"
normal,"ok,but,knackered,just,came,home,and,went,to,sleep,not,good,at,this,full,time,work,lark"
normal,"probably,earlier,than,that,if,the,station's,where,i,think,it,is"
normal,"good,morning,plz,call,me,sir"
normal,"uh,heads,up,we,don't,have,that,much,left"
normal,"i,tot,u,outside,cos,darren,say,u,come,shopping,of,course,we,nice,wat,we,jus,went,sim,lim,look,at,mp3,player"
normal,"aight,sounds,good,when,do,you,want,me,to,come,down"
normal,"wat,would,u,like,4,ur,birthday"
normal,"i,love,working,from,home"
normal,"and,miss,vday,the,parachute,and,double,coins,u,must,not,know,me,very,well"
normal,"sorry,i'll,call,later"
normal,"my,sister,got,placed,in,birla,soft,da"
normal,"wah,okie,okie,muz,make,use,of,e,unlimited,haha"
normal,"there're,some,people,by,mu,i'm,at,the,table,by,lambda"
normal,"and,stop,being,an,old,man,you,get,to,build,snowman,snow,angels,and,snowball,fights"
normal,"ello,babe,u,ok"
normal,"hello,beautiful,r,u,ok,i've,kinda,ad,a,row,wiv,and,he,walked,out,the,pub,i,wanted,a,night,wiv,u,miss,u"
normal,"then,u,going,ikea,str,aft,dat"
normal,"becoz,its,ltgt,jan,whn,al,the,post,ofice,is,in,holiday,so,she,cn,go,fr,the,post,oficegot,it,duffer"
normal,"lol,grr,my,mom,is,taking,forever,with,my,prescription,pharmacy,is,like,2,minutes,away,ugh"
normal,"for,real,tho,this,sucks,i,can't,even,cook,my,whole,electricity,is,out,and,i'm,hungry"
normal,"you,want,to,go"
normal,"its,not,that,time,of,the,month,nor,mid,of,the,time"
normal,"fffff,can,you,text,kadeem,or,are,you,too,far,gone"
normal,"we,not,leaving,yet,ok,lor,then,we,go,elsewhere,n,eat,u,thk"
normal,"is,fujitsu,s,series,lifebook,good"
normal,"yar,i,wanted,2,scold,u,yest,but,late,already,i,where,got,zhong,se,qing,you,if,u,ask,me,b4,he,ask,me,then,i'll,go,out,w,u,all,lor,n,u,still,can,act,so,real"
normal,"dont,know,you,bring,some,food"
normal,"no,current,and,food,here,i,am,alone,also"
normal,"i'll,be,in,sch,fr,46,i,dun,haf,da,book,in,sch,it's,at,home"
normal,"hello,they,are,going,to,the,village,pub,at,8,so,either,come,here,or,there,accordingly,ok"
normal,ok
normal,"we,don,call,like,ltgt,times,oh,no,give,us,hypertension,oh"
normal,"dont,give,a,monkeys,wot,they,think,and,i,certainly,don't,mind,any,friend,of,mineall,that,just,don't,sleep,wiv,that,wud,be,annoyin"
normal,"omg,it,could,snow,here,tonite"
normal,"carry,on,not,disturbing,both,of,you"
normal,"what,pa,tell,me,i,went,to,bath"
normal,"jus,finished,avatar,nigro"
normal,"r,u,over,scratching,it"
normal,"hope,you,are,having,a,great,day"
normal,"did,either,of,you,have,any,idea's,do,you,know,of,anyplaces,doing,something"
normal,"my,planning,usually,stops,at,find,hella,weed,smoke,hella,weed"
normal,"the,fact,that,you're,cleaning,shows,you,know,why,i'm,upset,your,priority,is,constantly,what,i,want,to,do,not,what,i,need,to,do"
normal,"excellent,are,you,ready,to,moan,and,scream,in,ecstasy"
normal,"kkwhy,cant,you,come,here,and,search,job"
normal,"i,got,lousy,sleep,i,kept,waking,up,every,2,hours,to,see,if,my,cat,wanted,to,come,in,i,worry,about,him,when,its,cold"
normal,"yeah,i'll,leave,in,a,couple,minutes,amp,let,you,know,when,i,get,to,mu"
normal,"can,ü,call,me,at,1010,to,make,sure,dat,i've,woken,up"
normal,"hey,we,can,go,jazz,power,yoga,hip,hop,kb,and,yogasana"
normal,"the,battery,is,for,mr,adewale,my,uncle,aka,egbon"
normal,"i,cant,pick,the,phone,right,now,pls,send,a,message"
normal,"wait,2,minstand,at,bus,stop"
normal,"oh,ic,i,thought,you,meant,mary,jane"
normal,"haha,really,oh,no,how,then,will,they,deduct,your,lesson,tmr"
normal,"nah,im,goin,2,the,wrks,with,j,wot,bout,u"
normal,"then,just,eat,a,shit,and,wait,for,ur,monkey,face,bitch,u,asshole"
normal,"good,night,am,going,to,sleep"
normal,"aight,i'll,grab,something,to,eat,too,text,me,when,you're,back,at,mu"
normal,"kkwhy,cant,you,come,here,and,search,job"
normal,"take,something,for,pain,if,it,moves,however,to,any,side,in,the,next,6hrs,see,a,doctor"
normal,"lol,oh,no,babe,i,wont,be,sliding,into,your,place,after,midnight,but,thanks,for,the,invite"
normal,"howz,that,persons,story"
normal,"lol,that,would,be,awesome,payback"
normal,"yes,it,completely,in,out,of,formclark,also,utter,waste"
normal,"honeybee,said,i'm,d,sweetest,in,d,world,god,laughed,amp,said,waitu,havnt,met,d,person,reading,this,msg,moral,even,god,can,crack,jokes,gmgngegn"
normal,"thanks,it,was,only,from,tescos,but,quite,nice,all,gone,now,speak,soon"
normal,"what's,a,feathery,bowa,is,that,something,guys,have,that,i,don't,know,about"
normal,"even,i,cant,close,my,eyes,you,are,in,me,our,vava,playing,umma,d"
normal,"2,laptop,i,noe,infra,but,too,slow,lar,i,wan,fast,one"
normal,"nvm,it's,ok"
normal,"enjoy,ur,life,good,night"
normal,"yes,but,can,we,meet,in,town,cos,will,go,to,gep,and,then,home,you,could,text,at,bus,stop,and,don't,worry,we'll,have,finished,by,march,ish"
normal,"i,had,askd,u,a,question,some,hours,before,its,answer"
normal,"thats,cool,where,should,i,cum,on,you,or,in,you"
normal,"delhi,and,chennai,still,silent"
normal,"lol,alright,i,was,thinkin,that,too,haha"
normal,"no,i'm,in,the,same,boat,still,here,at,my,moms,check,me,out,on,yo,i'm,half,naked"
normal,"shhhhh,nobody,is,supposed,to,know"
normal,"sorry,i'll,call,later"
normal,"sorry,i'll,call,later,in,meeting,any,thing,related,to,trade,please,call,arul,ltgt"
normal,"hey,i,will,be,late,i'm,at,amk,need,to,drink,tea,or,coffee"
normal,"the,length,is,e,same,but,e,top,shorter,n,i,got,a,fringe,now,i,thk,i'm,not,going,liao,too,lazy,dun,wan,2,distract,u,also"
normal,"santha,num,corrct,dane"
normal,"no,callsmessagesmissed,calls"
normal,"sorry,i'll,call,later"
normal,"the,basket's,gettin,full,so,i,might,be,by,tonight"
normal,"hi,darlin,ive,just,got,back,and,i,had,a,really,nice,night,and,thanks,so,much,for,the,lift,see,u,tomorrow,xxx"
normal,"no,other,valentines,huh,the,proof,is,on,your,fb,page,ugh,i'm,so,glad,i,really,didn't,watch,your,rupaul,show,you,tool"
normal,"eh,den,sat,u,book,e,kb,liao,huh"
normal,"have,you,been,practising,your,curtsey"
normal,"shall,i,come,to,get,pickle"
normal,"lol,boo,i,was,hoping,for,a,laugh"
normal,"yeh,i,am,def,up4,something,satjust,got,payed2day,i,havbeen,given,a50,pay,rise,4my,work,havebeen,made,preschoolcoordinator,2i,am,feelingood,luv"
normal,"well,i,have,to,leave,for,my,class,babe,you,never,came,back,to,me,hope,you,have,a,nice,sleep,my,love"
normal,"lmao,where's,your,fish,memory,when,i,need,it"
normal,"but,i'll,b,going,2,sch,on,mon,my,sis,need,2,take,smth"
normal,"idea,will,soon,get,converted,to,live"
normal,"ssindia,going,to,draw,the,series,after,many,years,in,south,african,soil"
normal,"goodmorning,today,i,am,late,for,ltdecimalgt,min"
normal,"can't,take,any,major,roles,in,community,outreach,you,rock,mel"
normal,"shopping,lor,them,raining,mah,hard,2,leave,orchard"
normal,"hi,here,have,birth,at,on,the,to,at,8lb,7oz,mother,and,baby,doing,brilliantly"
normal,"see,the,forwarding,message,for,proof"
normal,"i,can't,keep,going,through,this,it,was,never,my,intention,to,run,you,out,but,if,you,choose,to,do,that,rather,than,keep,the,room,clean,so,i,don't,have,to,say,no,to,visitors,then,maybe,that's,the,best,choice,yes,i,wanted,you,to,be,embarassed,so,maybe,you'd,feel,for,once,how,i,feel,when,i,have,a,friend,who,wants,to,drop,buy,and,i,have,to,say,no,as,happened,this,morning,i've,tried,everything,i,don't,know,what,else,to,do"
normal,"dunno,lei,i,thk,mum,lazy,to,go,out,i,neva,ask,her,yet"
normal,"do,whatever,you,want,you,know,what,the,rules,are,we,had,a,talk,earlier,this,week,about,what,had,to,start,happening,you,showing,responsibility,yet,every,week,it's,can,i,bend,the,rule,this,way,what,about,that,way,do,whatever,i'm,tired,of,having,thia,same,argument,with,you,every,week,and,a,ltgt,movie,doesnt,inlude,the,previews,you're,still,getting,in,after,1"
normal,"ambrithmaduraimet,u,in,arun,dha,marrgeremembr"
normal,"just,re,read,it,and,i,have,no,shame,but,tell,me,how,he,takes,it,and,if,he,runs,i,will,blame,u,4,ever,not,really,4,ever,just,a,long,time"
normal,"princess,is,your,kitty,shaved,or,natural"
normal,"better,than,bb,if,he,wont,use,it,his,wife,will,or,them,doctor"
normal,"ya,it,came,a,while,ago"
normal,"from,tomorrow,onwards,eve,6,to,3,work"
normal,"anything,lor,but,toa,payoh,got,place,2,walk,meh"
normal,"i,don't,have,anybody's,number,i,still,haven't,thought,up,a,tactful,way,to,ask,alex"
normal,"is,there,any,movie,theatre,i,can,go,to,and,watch,unlimited,movies,and,just,pay,once"
normal,"u,having,lunch,alone,i,now,so,bored"
normal,"yes,obviously,but,you,are,the,eggspert,and,the,potato,head,speak,soon"
normal,"nah,man,my,car,is,meant,to,be,crammed,full,of,people"
normal,"no,got,new,job,at,bar,in,airport,on,satsgettin,447per,hour,but,means,no,lie,in,keep,in,touch"
normal,"kallis,is,ready,for,bat,in,2nd,innings"
normal,"thanx,but,my,birthday,is,over,already"
normal,"ugh,y,can't,u,just,apologize,admit,u,were,wrong,and,ask,me,to,take,u,back"
normal,"i,noe,la,u,wana,pei,bf,oso,rite,k,lor,other,days,den"
normal,"yes,i'm,small,kid,and,boost,is,the,secret,of,my,energy"
normal,"im,gonna,miss,u,so,much"
normal,"is,avatar,supposed,to,have,subtoitles"
normal,"simply,sitting,and,watching,match,in,office"
normal,"you,can,jot,down,things,you,want,to,remember,later"
normal,"oh,sorry,please,its,over"
normal,"hey,are,we,going,for,the,lo,lesson,or,gym"
normal,"dont,pack,what,you,can,buy,at,any,storelike,cereals,if,you,must,pack,food,pack,gari,or,something,9ja,that,you,will,miss"
normal,"you,always,make,things,bigger,than,they,are"
normal,"ü,dun,wan,to,watch,infernal,affair"
normal,"me,not,waking,up,until,4,in,the,afternoon,sup"
normal,"i,can,send,you,a,pic,if,you,like"
normal,"okay,i,booked,all,already,including,the,one,at,bugis"
normal,"aight,fuck,it,i'll,get,it,later"
normal,"no,de,but,call,me,after,some,time,ill,tell,you,k"
normal,"so,dont,use,hook,up,any,how"
normal,"how,much,is,blackberry,bold2,in,nigeria"
normal,"hi,where,you,you,in,home,or,calicut"
normal,"hey,darlin,i,can,pick,u,up,at,college,if,u,tell,me,wen,where,2,mt,love,pete,xx"
normal,"oh,i,was,thkin,of,goin,yogasana,at,10,den,no,nd,to,go,at,3,den,can,rush,to,parco,4,nb,okie,lor,u,call,me,when,ready"
normal,"y,so,late,but,i,need,to,go,n,get,da,laptop"
normal,"sir,i,am,waiting,for,your,mail"
normal,"please,charge,my,mobile,when,you,get,up,in,morning"
normal,"nothing,i,got,msg,frm,tht,unknown,no"
normal,"ugh,fuck,it,i'm,resubbing,to,eve"
normal,"he,didn't,see,his,shadow,we,get,an,early,spring,yay"
normal,"i,did,one,slice,and,one,breadstick,lol"
normal,"hey,i,want,you,i,crave,you,i,miss,you,i,need,you,i,love,you,ahmad,saeed,al,hallaq"
normal,"is,there,any,training,tomorrow"
normal,"pass,dis,to,all,ur,contacts,n,see,wat,u,get,redi'm,in,luv,wid,u,blueu,put,a,smile,on,my,face,purpleu,r,realy,hot,pinku,r,so,swt,orangei,thnk,i,lyk,u,greeni,realy,wana,go,out,wid,u,yelowi,wnt,u,bck,blacki'm,jealous,of,u,browni,miss,you,nw,plz,giv,me,one,color"
normal,"cos,daddy,arranging,time,c,wat,time,fetch,ü,mah"
normal,"then,you,are,eldest,know"
normal,"who's,there,say,hi,to,our,drugdealer"
normal,"its,hard,to,believe,things,like,this,all,can,say,lie,but,think,twice,before,saying,anything,to,me"
normal,"good,night,my,dear,sleepwellamptake,care"
normal,"that,is,wondarfull,song"
normal,"yar,lor,actually,we,quite,fast,cos,da,ge,slow,wat,haha"
normal,"must,come,later,i,normally,bathe,him,in,da,afternoon,mah"
normal,"trust,me,even,if,isn't,there,its,there"
normal,"hey,hunonbus,goin,2,meet,him,he,wants,2go,out,4a,meal,but,i,donyt,feel,like,it,cuz,have,2,get,last,bus,homebut,hes,sweet,latelyxxxl"
normal,"i,can,take,you,at,like,noon"
normal,"where,is,it,is,there,any,opening,for,mca"
normal,"i'm,aight,wat's,happening,on,your,side"
normal,"i'm,done,oredi"
normal,"you,are,sweet,as,well,princess,please,tell,me,your,likes,and,dislikes,in,bed"
normal,"how,are,you,wish,you,a,great,semester"
normal,"moji,i,love,you,more,than,words,have,a,rich,day"
normal,"dude,how,do,you,like,the,buff,wind"
normal,"alright,babe,justthought,id,sayhey,how,u,doinnearly,the,endof,me,wk,offdam,nevamindwe,will,have,2hook,up,sn,if,uwant,m8,lovejen,x"
normal,"no,i'm,not,i,can't,give,you,everything,you,want,and,need,you,actually,could,do,better,for,yourself,on,yor,ownyou've,got,more,money,than,i,do,i,can't,get,work,i,can't,get,a,man,i,can't,pay,the,rent,i,can't,even,fill,my,fucking,gas,tank,yes,i'm,stressed,and,depressed,i,didn't,even,call,home,for,thanksgiving,cuz,i'll,have,to,tell,them,im,up,to,nothing"
normal,"skallis,wont,play,in,first,two,odi"
normal,"then,get,some,cash,together,and,i'll,text,jason"
normal,"oh,my,love,it's,soooo,good,to,hear,from,you,omg,i,missed,you,so,much,today,i'm,sorry,your,having,problems,with,the,provider,but,thank,you,for,tming,me"
normal,"probably,want,to,pick,up,more"
normal,"i'm,done"
normal,"are,you,the,cutest,girl,in,the,world,or,what"
normal,"no,dice,art,class,6,thru,9,thanks,though,any,idea,what,time,i,should,come,tomorrow"
normal,"oh,howda,gud,gud,mathe,en,samachara,chikku"
normal,"i,thk,530,lor,but,dunno,can,get,tickets,a,not,wat,u,doing,now"
normal,"audrie,lousy,autocorrect"
normal,"its,a,site,to,simulate,the,test,it,just,gives,you,very,tough,questions,to,test,your,readiness"
normal,"anyway,seriously,hit,me,up,when,you're,back,because,otherwise,i,have,to,light,up,with,armand,and,he,always,has,shit,andor,is,vomiting"
normal,"i,fetch,yun,or,u,fetch"
normal,"thank,you,i,like,you,as,well"
normal,"hmmm,and,imagine,after,you've,come,home,from,that,having,to,rub,my,feet,make,me,dinner,and,help,me,get,ready,for,my,date,are,you,sure,your,ready,for,that,kind,of,life"
normal,"lara,said,she,can,loan,me,ltgt"
normal,"do,we,have,any,spare,power,supplies"
normal,"yar,he,quite,clever,but,aft,many,guesses,lor,he,got,ask,me,2,bring,but,i,thk,darren,not,so,willing,2,go,aiya,they,thk,leona,still,not,attach,wat"
normal,"yeah,don't,go,to,bed,i'll,be,back,before,midnight"
normal,"well,i,wasn't,available,as,i,washob,nobbing,with,last,night,so,they,had,to,ask,nickey,platt,instead,of,me"
normal,"it's,that,time,of,the,week,again,ryan"
normal,"wish,u,many,many,returns,of,the,day,happy,birthday,vikky"
normal,"i,hope,you,know,i'm,still,mad,at,you"
normal,"argh,my,3g,is,spotty,anyway,the,only,thing,i,remember,from,the,research,we,did,was,that,province,and,sterling,were,the,only,problemfree,places,we,looked,at"
normal,"in,xam,hall,boy,asked,girl,tell,me,the,starting,term,for,dis,answer,i,can,den,manage,on,my,own,after,lot,of,hesitation,n,lookin,around,silently,she,said,the,intha,ponnungale,ipaditan"
normal,"do,you,know,when,the,result"
normal,"beautiful,truth,against,gravity,read,carefully,our,heart,feels,light,when,someone,is,in,it,but,it,feels,very,heavy,when,someone,leaves,it,good,night"
normal,"sorry,im,getting,up,now,feel,really,bad,totally,rejected,that,kinda,me,thing"
normal,"you,do,got,a,shitload,of,diamonds,though"
normal,"tessypls,do,me,a,favor,pls,convey,my,birthday,wishes,to,nimyapls,dnt,forget,it,today,is,her,birthday,shijas"
normal,"well,i'm,going,to,be,an,aunty"
normal,"mine,here,like,all,fr,china,then,so,noisy"
normal,"later,i,guess,i,needa,do,mcat,study,too"
normal,"sfrom,the,training,manual,it,show,there,is,no,tech,processits,all,about,password,reset,and,troubleshooting"
normal,"spoke,with,uncle,john,today,he,strongly,feels,that,you,need,to,sacrifice,to,keep,me,here,he's,going,to,call,you,when,he,does,i,beg,you,to,just,listen,dont,make,any,promises,or,make,it,clear,things,are,not,easy,and,i,need,you,to,please,let,us,work,things,out,as,long,as,i,keep,expecting,help,my,creativity,will,be,stifled,so,pls,just,keep,him,happy,no,promises,on,your,part"
normal,"if,he,started,searching,he,will,get,job,in,few,dayshe,have,great,potential,and,talent"
normal,"carlos,took,a,while,again,we,leave,in,a,minute"
normal,"well,done,and,luv,ya,all"
normal,"then,why,you,came,to,hostel"
normal,"k,still,are,you,loving,me"
normal,"but,i,juz,remembered,i,gotta,bathe,my,dog,today"
normal,"after,the,drug,she,will,be,able,to,eat"
normal,"alright,took,the,morphine,back,in,yo"
normal,"you,see,the,requirements,please"
normal,"you,stayin,out,of,trouble,strangersaw,dave,the,other,day,hes,sorted,nowstill,with,me,bloke,when,u,gona,get,a,girl,mrur,mum,still,thinks,we,will,get,2getha"
normal,"so,can,collect,ur,laptop"
normal,"ok,can,be,later,showing,around,8830,if,you,want,cld,have,drink,before,wld,prefer,not,to,spend,money,on,nosh,if,you,don't,mind,as,doing,that,nxt,wk"
normal,"i,will,once,i,get,home"
normal,"waaaat,lololo,ok,next,time,then"
normal,"the,table's,occupied,i'm,waiting,by,the,tree"
normal,"i,surely,dont,forgot,to,comei,will,always,be,in,touch,in,with,you"
normal,"hi,kindly,give,us,back,our,documents,which,we,submitted,for,loan,from,stapati"
normal,"i,dont,have,i,shall,buy,one,dear"
normal,"oh,god,i,am,happy,to,see,your,message,after,3,days"
normal,"what,year,and,how,many,miles"
normal,"hey,cutie,how,goes,it,here,in,wales,its,kinda,ok,there,is,like,hills,and,shit,but,i,still,avent,killed,myself"
normal,"sad,story,of,a,man,last,week,was,my,b'day,my,wife,did'nt,wish,me,my,parents,forgot,n,so,did,my,kids,i,went,to,work,even,my,colleagues,did,not,wish,as,i,entered,my,cabin,my,pa,said,happy,b'day,boss,i,felt,special,she,askd,me,4,lunch,after,lunch,she,invited,me,to,her,apartment,we,went,there,she,said,do,u,mind,if,i,go,into,the,bedroom,for,a,minute,ok,i,sed,in,a,sexy,mood,she,came,out,5,minuts,latr,wid,a,caken,my,wife,my,parents,my,kidz,my,friends,n,my,colleagues,all,screaming,surprise,and,i,was,waiting,on,the,sofa,naked"
normal,"i,think,you,should,go,the,honesty,road,call,the,bank,tomorrow,its,the,tough,decisions,that,make,us,great,people"
normal,"no,its,not,specialisation,can,work,but,its,slave,labor,will,look,for,it,this,month,sha,cos,no,shakara,4,beggar"
normal,"is,she,replying,has,boye,changed,his,phone,number"
normal,"1,go,to,write,msg,2,put,on,dictionary,mode,3cover,the,screen,with,hand,4press,ltgt,5gently,remove,ur,hand,its,interesting"
normal,"hi,my,darlin,im,on,my,way,to,london,and,we,have,just,been,smashed,into,by,another,driver,and,have,a,big,dent,im,really,missing,u,what,have,u,been,up,to,xxx"
normal,"nothing,really,just,making,sure,everybody's,up,to,speed"
normal,"i'm,not,coming,home,4,dinner"
normal,"thank,you,and,by,the,way,i,just,lost"
normal,"yeshe,have,good,crickiting,mind"
normal,"thx,all,will,be,well,in,a,few,months"
normal,"can,i,please,come,up,now,imin,towndontmatter,if,urgoin,outl8rjust,reallyneed,2docdplease,dontplease,dontignore,mycallsu,no,thecd,isvimportant,tome,4,2moro"
normal,"i,wont,so,wat's,wit,the,guys"
normal,"yavnt,tried,yet,and,never,played,original,either"
normal,"hiya,had,a,good,day,have,you,spoken,to,since,the,weekend"
normal,"see,i,thought,it,all,through"
normal,"i'm,at,work,please,call"
normal,"get,ready,to,moan,and,scream"
normal,"oh,k,why,you,got,job,then,whats,up"
normal,"i,dont,think,so,you,don't,need,to,be,going,out,that,late,on,a,school,night,especially,when,the,one,class,you,have,is,the,one,you,missed,last,wednesday,and,probably,failed,a,test,in,on,friday"
normal,"and,popping,ltgt,ibuprofens,was,no,help"
normal,"babe,how,goes,that,day,what,are,you,doing,where,are,you,i,sip,my,cappuccino,and,think,of,you,my,love,i,send,a,kiss,to,you,from,across,the,sea"
normal,ok
normal,"ps,u,no,ur,a,grown,up,now,right"
normal,"chinatown,got,porridge,claypot,rice,yam,cake,fishhead,beehoon,either,we,eat,cheap,den,go,cafe,n,tok,or,go,nydc,or,somethin"
normal,"i,know,a,few,people,i,can,hit,up,and,fuck,to,the,yes"
normal,"purity,of,friendship,between,two,is,not,about,smiling,after,reading,the,forwarded,messageits,about,smiling,just,by,seeing,the,name,gud,evng"
normal,"so,is,there,anything,specific,i,should,be,doing,with,regards,to,jaklin,or,what,because,idk,what,the,fuck"
normal,"oh,god,i'm,gonna,google,nearby,cliffs,now"
normal,"yup,i,shd,haf,ard,10,pages,if,i,add,figures,ü,all,got,how,many,pages"
normal,"ooh,4got,i'm,gonna,start,belly,dancing,in,moseley,weds,630,if,u,want,2,join,me,they,have,a,cafe,too"
normal,"thankyou,so,much,for,the,call,i,appreciate,your,care"
normal,"congrats,treat,pendingi,am,not,on,mail,for,2,dayswill,mail,once,thrurespect,mother,at,homecheck,mails"
normal,"i,called,but,no,one,pick,up,e,phone,i,ask,both,of,them,already,they,said,ok"
normal,"hi,my,email,address,has,changed,now,it,is"
normal,"valuable,affectionate,loveable,eternal,noble,truthful,intimate,natural,enamous,happy,valentines,day,in,advance"
normal,"not,much,just,some,textin,how,bout,you"
normal,"bring,it,if,you,got,it"
normal,"i'm,in,a,movie,call,me,4,wat"
normal,"not,sure,i,have,the,stomach,for,it"
normal,"haha,can,but,i'm,having,dinner,with,my,cousin"
normal,"a,boy,was,late,2,home,his,father,power,of,frndship"
normal,"and,my,man,carlos,is,definitely,coming,by,mu,tonight,no,excuses"
normal,"soon,you,will,have,the,real,thing,princess,do,i,make,you,wet"
normal,"rajipls,do,me,a,favour,pls,convey,my,birthday,wishes,to,nimya,pls,today,is,her,birthday"
normal,"haha,my,legs,and,neck,are,killing,me,and,my,amigos,are,hoping,to,end,the,night,with,a,burn,think,i,could,swing,by,in,like,an,hour"
normal,"usually,the,body,takes,care,of,it,buy,making,sure,it,doesnt,progress,can,we,pls,continue,this,talk,on,saturday"
normal,"hmm,well,night,night"
normal,"just,wanted,to,say,holy,shit,you,guys,weren't,kidding,about,this,bud"
normal,"just,gettin,a,bit,arty,with,my,collages,at,the,mo,well,tryin,2,ne,way,got,a,roast,in,a,min,lovely,i,shall,enjoy,that"
normal,"this,is,one,of,the,days,you,have,a,billion,classes,right"
normal,"goodmorning,today,i,am,late,for,2hrs,because,of,back,pain"
normal,"ok,then,i'll,let,him,noe,later,n,ask,him,call,u,tmr"
normal,"prabhai'm,sorydarealyfrm,heart,i'm,sory"
normal,"ok,i'm,waliking,ard,now,do,u,wan,me,2,buy,anything,go,ur,house"
normal,"will,have,two,more,cartons,off,u,and,is,very,pleased,with,shelves"
normal,"nice,talking,to,you,please,dont,forget,my,pix,i,want,to,see,all,of,you"
normal,"but,really,quite,funny,lor,wat,then,u,shd,haf,run,shorter,distance,wat"
normal,"i,notice,you,like,looking,in,the,shit,mirror,youre,turning,into,a,right,freak"
normal,"great,i,was,getting,worried,about,you,just,know,that,a,wonderful,and,caring,person,like,you,will,have,only,the,best,in,life,know,that,u,r,wonderful,and,god's,love,is,yours"
normal,"i,prefer,my,free,days,tues,wed,fri,oso,can,ü,ask,those,workin,lor"
normal,"alrite,jod,hows,the,revision,goin,keris,bin,doin,a,smidgin,n,e,way,u,wanna,cum,over,after,collegexx"
normal,"if,you,have,belive,me,come,to,my,home"
normal,"oh,kkwhere,did,you,take,test"
normal,"those,were,my,exact,intentions"
normal,"haha,but,no,money,leh,later,got,to,go,for,tuition,haha,and,looking,for,empty,slots,for,driving,lessons"
normal,"hey,thk,we,juz,go,accordin,to,wat,we,discussed,yest,lor,except,no,kb,on,sun,cos,there's,nt,much,lesson,to,go,if,we,attend,kb,on,sat"
normal,"k,wen,ur,free,come,to,my,home,and,also,tel,vikky,i,hav,sent,mail,to,him,also,better,come,evening,il,be,free,today,aftr,6pm"
normal,"nothing,just,getting,msgs,by,dis,name,wit,different,no's"
normal,"good,morning,plz,call,me,sir"
normal,"what's,your,room,number,again,wanna,make,sure,i'm,knocking,on,the,right,door"
normal,"sicomo,nolistened2the,plaid,albumquite,gdthe,new,air1,which,is,hilariousalso,boughtbraindancea,compofstuff,on,aphexs,abelu,hav2hear,itc,u,sn,xxxx"
normal,"pls,tell,nelson,that,the,bb's,are,no,longer,comin,the,money,i,was,expecting,aint,coming"
normal,"give,her,something,to,drink,if,she,takes,it,and,doesn't,vomit,then,you,her,temp,might,drop,if,she,unmits,however,let,me,know"
normal,"think,you,sent,the,text,to,the,home,phone,that,cant,display,texts,if,you,still,want,to,send,it,his,number,is"
normal,"every,day,i,use,to,sleep,after,ltgt,so,only"
normal,"k,i'll,call,you,when,i'm,close"
normal,"u,buy,newspapers,already"
normal,"nope,wif,my,sis,lor,aft,bathing,my,dog,then,i,can,bathe,looks,like,it's,going,2,rain,soon"
normal,"boo,i'm,on,my,way,to,my,moms,she's,making,tortilla,soup,yummmm"
normal,"no,management,puzzeles"
normal,"how,did,you,find,out,in,a,way,that,didn't,include,all,of,these,details"
normal,"will,you,like,to,be,spoiled"
normal,"i,am,getting,threats,from,your,sales,executive,shifad,as,i,raised,complaint,against,him,its,an,official,message"
normal,"hope,things,went,well,at,doctors,reminds,me,i,still,need,2godid,u,c,d,little,thing,i,left,in,the,lounge"
normal,"den,wat,will,e,schedule,b,lk,on,sun"
normal,"lol,enjoy,role,playing,much"
normal,"ok,me,watching,tv,too"
normal,"i,just,lov,this,line,hurt,me,with,the,truth,i,don't,mindi,wil,toleratbcs,ur,my,someone,but,never,comfort,me,with,a,lie,gud,ni8,and,sweet,dreams"
normal,"just,checked,out,heading,out,to,drop,off,my,stuff,now"
normal,"here,got,lots,of,hair,dresser,fr,china"
normal,"sad,story,of,a,man,last,week,was,my,b'day,my,wife,did'nt,wish,me,my,parents,forgot,n,so,did,my,kids,i,went,to,work,even,my,colleagues,did,not,wish"
normal,"ill,call,you,evening,ill,some,ideas"
normal,"did,you,show,him,and,wot,did,he,say,or,could,u,not,c,him,4,dust"
normal,"it,should,take,about,ltgt,min"
normal,"ok,now,i,am,in,bus,if,i,come,soon,i,will,come,otherwise,tomorrow"
normal,"i,cant,pick,the,phone,right,now,pls,send,a,message"
normal,"finish,liao,u"
normal,"haha,i,think,i,did,too"
normal,"u,know,we,watchin,at,lido"
normal,"life,spend,with,someone,for,a,lifetime,may,be,meaningless,but,a,few,moments,spent,with,someone,who,really,love,you,means,more,than,life,itself"
normal,"haha,awesome,i've,been,to,4u,a,couple,times,who,all's,coming"
normal,"cold,dont,be,sad,dear"
normal,"think,i,could,stop,by,in,like,an,hour,or,so,my,roommate's,looking,to,stock,up,for,a,trip"
normal,"is,that,on,the,telly,no,its,brdget,jones"
normal,"love,you,aathilove,u,lot"
normal,"hello,how,r,u,im,bored,inever,thought,id,get,bored,with,the,tv,but,i,am,tell,me,something,exciting,has,happened,there,anything"
normal,"hmmbad,newshype,park,plaza,700,studio,takenonly,left,2,bedrm900"
normal,"sorry,i'll,call,later,in,meeting"
normal,"r,ü,comin,back,for,dinner"
normal,"i,hav,almost,reached,call,i,m,unable,to,connect,u"
normal,"whom,you,waited,for,yesterday"
normal,"i,reach,home,safe,n,sound,liao"
normal,"velly,good,yes,please"
normal,"hi,wkend,ok,but,journey,terrible,wk,not,good,as,have,huge,back,log,of,marking,to,do"
normal,"i,have,had,two,more,letters,from,i,will,copy,them,for,you,cos,one,has,a,message,for,you,speak,soon"
normal,"alex,knows,a,guy,who,sells,mids,but,he's,down,in,south,tampa,and,i,don't,think,i,could,set,it,up,before,like,8"
normal,"dont,you,have,message,offer"
normal,"hey,there,babe,how,u,doin,wot,u,up,2,2nite,love,annie,x"
normal,"remind,me,how,to,get,there,and,i,shall,do,so"
normal,"that's,not,v,romantic"
normal,"hello,damn,this,christmas,thing,i,think,i,have,decided,to,keep,this,mp3,that,doesnt,work"
normal,"hi,darlin,im,missin,u,hope,you,are,having,a,good,time,when,are,u,back,and,what,time,if,u,can,give,me,a,call,at,home,jess,xx"
normal,"draw,vai,dont,think,so"
normal,"dont,pick,up,d,call,when,something,important,is,there,to,tell,hrishi"
normal,"nothin,comes,to,my,mind,ü,help,me,buy,hanger,lor,ur,laptop,not,heavy"
normal,"ltgt,that's,all,guess,that's,easy,enough"
normal,"we,can,make,a,baby,in,yo,tho"
normal,"should,i,tell,my,friend,not,to,come,round,til,like,ltgt,ish"
normal,"friendship,poem,dear,o,dear,u,r,not,near,but,i,can,hear,dont,get,fear,live,with,cheer,no,more,tear,u,r,always,my,dear,gud,ni8"
normal,"still,in,the,area,of,the,restaurant,ill,try,to,come,back,soon"
normal,"aight,that'll,work,thanks"
normal,"i,have,2,sleeping,bags,1,blanket,and,paper,and,phone,details,anything,else"
normal,"so,what,do,you,guys,do"
normal,"also,that,chat,was,awesome,but,don't,make,it,regular,unless,you,can,see,her,in,person"
normal,"that's,significant,but,dont,worry"
normal,"that's,cause,your,old,i,live,to,be,high"
normal,"waqt,se,pehle,or,naseeb,se,zyada,kisi,ko,kuch,nahi,miltazindgi,wo,nahi,he,jo,hum,sochte,hai,zindgi,wo,hai,jo,ham,jeetey,hai"
normal,"on,the,way,to,office,da"
normal,"in,which,place,do,you,want,da"
normal,"this,pain,couldn't,have,come,at,a,worse,time"
normal,ok
normal,"should,i,be,stalking,u"
normal,"sorry,dude,dont,know,how,i,forgot,even,after,dan,reminded,me,sorry,hope,you,guys,had,fun"
normal,"ok,lor"
normal,"apps,class,varaya,elaya"
normal,"the,xmas,story,is,peace,the,xmas,msg,is,love,the,xmas,miracle,is,jesus,hav,a,blessed,month,ahead,amp,wish,u,merry,xmas"
normal,"that,day,you,asked,about,anand,number,why"
normal,"am,surfing,online,store,for,offers,do,you,want,to,buy,any,thing"
normal,"long,beach,lor,expected,u,having,dinner,now"
normal,"at,home,by,the,way"
normal,"we,are,both,fine,thanks"
normal,"what,happen,to,her,tell,the,truth"
normal,"do,you,like,italian,food"
normal,"which,is,weird,because,i,know,i,had,it,at,one,point"
normal,"aww,you,must,be,nearly,deadwell,jez,iscoming,over,todo,some,workand,that,whilltake,forever"
normal,"tell,your,friends,what,you,plan,to,do,on,valentines,day,lturlgt"
normal,"alright,see,you,in,a,bit"
normal,"cheers,for,the,message,zogtorius,ive,been,staring,at,my,phone,for,an,age,deciding,whether,to,text,or,not"
normal,"i,will,take,care,of,financial,problemi,will,help"
normal,"tell,dear,what,happen,to,you,why,you,talking,to,me,like,an,alian"
normal,"1,go,to,write,msg,2,put,on,dictionary,mode,3cover,the,screen,with,hand,4press,ltgt,5gently,remove,ur,hand,its,interesting"
normal,okie
normal,"hi,this,is,yijue,can,i,meet,u,at,11,tmr"
normal,"its,posible,dnt,live,in,ltgt,century,cm,frwd,n,thnk,different"
normal,"but,i,dint,slept,in,afternoon"
normal,"that,seems,unnecessarily,affectionate"
normal,"yar,else,i'll,thk,of,all,sorts,of,funny,things"
normal,"you,will,be,in,the,place,of,that,man"
normal,"thats,cool,how,was,your,day"
normal,"r,we,going,with,the,ltgt,bus"
normal,"hello,my,love,how,went,your,day,are,you,alright,i,think,of,you,my,sweet,and,send,a,jolt,to,your,heart,to,remind,you,i,love,you,can,you,hear,it,i,screamed,it,across,the,sea,for,all,the,world,to,hear,ahmad,al,hallaq,is,loved,and,owned,possessive,passionate,kiss"
normal,"nohe,joined,today,itself"
normal,"okay,same,with,me,well,thanks,for,the,clarification"
normal,"i'll,talk,to,the,others,and,probably,just,come,early,tomorrow,then"
normal,"had,the,money,issue,weigh,me,down,but,thanks,to,you,i,can,breathe,easier,now,ill,make,sure,you,dont,regret,it,thanks"
normal,"hi,i'm,sorry,i,missed,your,call,can,you,pls,call,back"
normal,"how,are,you,doing,hope,you've,settled,in,for,the,new,school,year,just,wishin,you,a,gr8,day"
normal,"ok,then,no,need,to,tell,me,anything,i,am,going,to,sleep,good,night"
normal,"ok,try,to,do,week,end,course,in,coimbatore"
normal,"v,nice,off,2,sheffield,tom,2,air,my,opinions,on,categories,2,b,used,2,measure,ethnicity,in,next,census,busy,transcribing"
normal,"if,you,r,home,then,come,down,within,5,min"
normal,"a,boy,loved,a,gal,he,propsd,bt,she,didnt,mind,he,gv,lv,lttrs,bt,her,frnds,threw,thm,again,d,boy,decided,2,aproach,d,gal,dt,time,a,truck,was,speeding,towards,d,gal,wn,it,was,about,2,hit,d,girld,boy,ran,like,hell,n,saved,her,she,asked,hw,cn,u,run,so,fast,d,boy,replied,boost,is,d,secret,of,my,energy,n,instantly,d,girl,shouted,our,energy,n,thy,lived,happily,2gthr,drinking,boost,evrydy,moral,of,d,story,i,hv,free,msgsd,gud,ni8"
normal,"that,day,ü,say,ü,cut,ur,hair,at,paragon,is,it,called,hair,sense,do,ü,noe,how,much,is,a,hair,cut"
normal,"hmm,too,many,of,them,unfortunately,pics,obviously,arent,hot,cakes,its,kinda,fun,tho"
normal,"watching,tv,lor,y,she,so,funny,we,bluff,her,4,wat,izzit,because,she,thk,it's,impossible,between,us"
normal,"dunno,lei,he,neva,say"
normal,"thanx,4,2day,u,r,a,goodmate,i,think,ur,rite,sary,asusual1,u,cheered,me,up,love,u,franyxxxxx"
normal,"i'm,on,my,way,home,went,to,change,batt,4,my,watch,then,go,shop,a,bit,lor"
normal,"hi,mobile,no,ltgt,has,added,you,in,their,contact,list,on,wwwfullonsmscom,it,s,a,great,place,to,send,free,sms,to,people,for,more,visit,fullonsmscom"
normal,"good,evening,sir,hope,you,are,having,a,nice,day,i,wanted,to,bring,it,to,your,notice,that,i,have,been,late,in,paying,rent,for,the,past,few,months,and,have,had,to,pay,a,ltgt,charge,i,felt,it,would,be,inconsiderate,of,me,to,nag,about,something,you,give,at,great,cost,to,yourself,and,that's,why,i,didnt,speak,up,i,however,am,in,a,recession,and,wont,be,able,to,pay,the,charge,this,month,hence,my,askin,well,ahead,of,month's,end,can,you,please,help,thank,you,for,everything"
normal,"if,i,let,you,do,this,i,want,you,in,the,house,by,8am"
normal,"best,line,said,in,love,i,will,wait,till,the,day,i,can,forget,u,or,the,day,u,realize,that,u,cannot,forget,me,gn"
normal,"i,will,reach,before,ten,morning"
normal,"your,pussy,is,perfect"
normal,"sorry,i'll,call,later"
normal,"no,messageno,responcewhat,happend"
normal,"also,where's,the,piece"
normal,"wiskey,brandy,rum,gin,beer,vodka,scotch,shampain,wine,kudiyarasu,dhina,vaazhthukkal"
normal,"boo,how's,things,i'm,back,at,home,and,a,little,bored,already"
normal,"first,has,she,gained,more,than,ltgt,kg,since,she,took,in,second,has,she,done,the,blood,sugar,tests,if,she,has,and,its,ok,and,her,blood,pressure,is,within,normal,limits,then,no,worries"
normal,"pick,ur,fone,up,now,u,dumb"
normal,"thanks,da,thangam,i,feel,very,very,happy,dear,i,also,miss,you,da"
normal,"okey,doke,i'm,at,home,but,not,dressed,cos,laying,around,ill,speak,to,you,later,bout,times,and,stuff"
normal,"i,don't,run,away,frm,u,i,walk,slowly,amp,it,kills,me,that,u,don't,care,enough,to,stop,me"
normal,"babe,i'm,back,come,back,to,me"
normal,"well,you,told,others,you'd,marry,them"
normal,"neshanthtel,me,who,r,u"
normal,"yo,yo,yo,byatch,whassup"
normal,"oh,kay,on,sat,right"
normal,"hi,this,is,roger,from,cl,how,are,you"
normal,"oh,oh,wasted,den,muz,chiong,on,sat,n,sun,liao"
normal,"jesus,christ,bitch,i'm,trying,to,give,you,drugs,answer,your,fucking,phone"
normal,"please,give,it,2,or,i,will,pick,it,up,on,tuesday,evening,about,8,if,that,is,ok"
normal,"i'm,meeting,darren"
normal,"one,of,best,dialogue,in,cute,reltnship,wen,i,die,dont,come,near,my,body,bcoz,my,hands,may,not,come,2,wipe,ur,tears,off,that,timegud,ni8"
normal,"solve,d,case,a,man,was,found,murdered,on,ltdecimalgt,ltgt,afternoon,1his,wife,called,police,2police,questioned,everyone,3wife,siri,was,sleeping,when,the,murder,took,place,4cook,i,was,cooking,5gardener,i,was,picking,vegetables,6housemaid,i,went,2,d,post,office,7children,we,went,2,play,8neighbour,we,went,2,a,marriage,police,arrested,d,murderer,immediately,who's,it,reply,with,reason,if,u,r,brilliant"
normal,"dear,where,you,will,be,when,i,reach,there"
normal,"aww,that's,the,first,time,u,said,u,missed,me,without,asking,if,i,missed,u,first,you,do,love,me"
normal,"ok,thanx,gd,nite,2,ü,too"
normal,"come,to,me,right,now,ahmad"
normal,"lol,please,do,actually,send,a,pic,of,yourself,right,now,i,wanna,see,pose,with,a,comb,and,hair,dryer,or,something"
normal,"o,was,not,into,fps,then"
normal,"huh,means,computational,science,y,they,like,dat,one,push,here,n,there"
normal,"could,you,not,read,me,my,love,i,answered,you"
normal,"oh,lk,tt,den,we,take,e,one,tt,ends,at,cine,lor,dun,wan,yogasana,oso,can"
normal,"madamregret,disturbancemight,receive,a,reference,check,from,dlf,premaricakindly,be,informedrgdsrakheshkerala"
normal,"oic,then,better,quickly,go,bathe,n,settle,down"
normal,"err,cud,do,i'm,going,to,at,8pm,i,haven't,got,a,way,to,contact,him,until,then"
normal,"a,bloo,bloo,bloo,i'll,miss,the,first,bowl"
normal,"lmao,but,its,so,fun"
normal,"oh,k,kbut,he,is,not,a,big,hitteranyway,good"
normal,"hey,i,almost,forgot,happy,bday,babe,i,love,ya"
normal,"do,you,think,i,can,move,ltgt,in,a,week"
normal,"shes,find,i,sent,you,an,offline,message,to,know,how,anjola's,now"
normal,"how,was,txting,and,driving"
normal,"that's,good,lets,thank,god,please,complete,the,drug,have,lots,of,water,and,have,a,beautiful,day"
normal,"really,dun,bluff,me,leh,u,sleep,early,too,nite"
normal,"indians,r,poor,but,india,is,not,a,poor,country,says,one,of,the,swiss,bank,directors,he,says,that,ltgt,lac,crore,of,indian,money,is,deposited,in,swiss,banks,which,can,be,used,for,taxless,budget,for,ltgt,yrs,can,give,ltgt,crore,jobs,to,all,indians,from,any,village,to,delhi,4,lane,roads,forever,free,power,suply,to,more,than,ltgt,social,projects,every,citizen,can,get,monthly,ltgt,for,ltgt,yrs,no,need,of,world,bank,amp,imf,loan,think,how,our,money,is,blocked,by,rich,politicians,we,have,full,rights,against,corrupt,politicians,itna,forward,karo,ki,pura,india,padhegm"
normal,"uncle,boye,i,need,movies,oh,guide,me,plus,you,know,torrents,are,not,particularly,legal,here,and,the,system,is,slowing,down,what,should,i,do,have,a,gr8,day,plus,have,you,started,cos,i,dont,meet,you,online,how,was,the,honey,moon"
normal,"oh,ya,ya,i,remember,da"
normal,"btw,regarding,that,we,should,really,try,to,see,if,anyone,else,can,be,our,4th,guy,before,we,commit,to,a,random,dude"
normal,"i,not,busy,juz,dun,wan,2,go,so,early,hee"
normal,"rightio,1148,it,is,then,well,arent,we,all,up,bright,and,early,this,morning"
normal,"great,i'm,in,church,now,will,holla,when,i,get,out"
normal,"back,in,brum,thanks,for,putting,us,up,and,keeping,us,all,and,happy,see,you,soon"
normal,"i,donno,if,they,are,scorable"
normal,"ltgt,great,loxahatchee,xmas,tree,burning,update,you,can,totally,see,stars,here"
normal,"yes,but,i,dont,care,i,need,you,bad,princess"
normal,"the,guy,kadeem,hasn't,been,selling,since,the,break,i,know,one,other,guy,but,he's,paranoid,as,fuck,and,doesn't,like,selling,without,me,there,and,i,can't,be,up,there,til,late,tonight"
normal,"sorry,i'll,call,later"
normal,"tmr,then,ü,brin,lar,aiya,later,i,come,n,c,lar,mayb,ü,neva,set,properly,ü,got,da,help,sheet,wif,ü"
normal,"do,u,know,dis,no,ltgt"
normal,"then,she,dun,believe,wat"
normal,"kgive,back,my,thanks"
normal,"i,know,complain,num,onlybettr,directly,go,to,bsnl,offc,nd,apply,for,it"
normal,"okay,i've,seen,it,so,i,should,pick,it,on,friday"
normal,"how,much,she,payed,suganya"
normal,"left,dessert,u,wan,me,2,go,suntec,look,4,u"
normal,"abeg,make,profit,but,its,a,start,are,you,using,it,to,get,sponsors,for,the,next,event"
normal,"onum,ela,pa,normal,than"
normal,"kkhow,is,your,sister,kids"
normal,"cool,i'll,text,you,when,i'm,on,the,way"
normal,"nope,meanwhile,she,talk,say,make,i,greet,you"
normal,"i,cant,talk,to,you,nowi,will,call,when,i,candont,keep,calling"
normal,"anything,lar"
normal,"rose,needs,water,season,needs,change,poet,needs,imaginationmy,phone,needs,ur,sms,and,i,need,ur,lovely,frndship,forever"
normal,"good,afternoon,babe,how,goes,that,day,any,job,prospects,yet,i,miss,you,my,love,sighs"
normal,"they,will,pick,up,and,drop,in,carso,no,problem"
normal,"si,think,he,is,waste,for,rr"
normal,"he,is,world,famamus"
normal,"is,there,coming,friday,is,leave,for,pongaldo,you,get,any,news,from,your,work,place"
normal,"lol,well,don't,do,it,without,me,we,could,have,a,big,sale,together"
normal,"am,on,my,way"
normal,"eat,at,old,airport,road,but,now,630,oredi,got,a,lot,of,pple"
normal,"sry,can't,talk,on,phone,with,parents"
normal,"ok,lor,wat,time,ü,finish"
normal,"princess,i,like,to,make,love,ltgt,times,per,night,hope,thats,not,a,problem"
normal,"mm,i,am,on,the,way,to,railway"
normal,"i,don't,want,to,talk,with,u"
normal,"i'm,done,i'm,sorry,i,hope,your,next,space,gives,you,everything,you,want,remember,all,the,furniture,is,yours,if,i'm,not,around,when,you,move,it,just,lock,all,the,locks,and,leave,the,key,with,jenne"
normal,"not,yet,just,i'd,like,to,keep,in,touch,and,it,will,be,the,easiest,way,to,do,that,from,barcelona,by,the,way,how,ru,and,how,is,the,house"
normal,"kdo,it,at,evening,daurgent"
normal,"pansy,you've,been,living,in,a,jungle,for,two,years,its,my,driving,you,should,be,more,worried,about"
normal,"mm,have,some,kanji,dont,eat,anything,heavy,ok"
normal,"only,if,you,promise,your,getting,out,as,soon,as,you,can,and,you'll,text,me,in,the,morning,to,let,me,know,you,made,it,in,ok"
normal,"lol,that's,different,i,don't,go,trying,to,find,every,real,life,photo,you,ever,took"
normal,"i,dont,thnk,its,a,wrong,calling,between,us"
normal,"k,ill,drinkpa,then,what,doing,i,need,srs,model,pls,send,it,to,my,mail,id,pa"
normal,"aiyah,e,rain,like,quite,big,leh,if,drizzling,i,can,at,least,run,home"
normal,"i,have,2,docs,appointments,next,week,i'm,tired,of,them,shoving,stuff,up,me,ugh,why,couldn't,i,have,had,a,normal,body"
normal,"dun,b,sad,it's,over,dun,thk,abt,it,already,concentrate,on,ur,other,papers,k"
normal,"greetings,me,consider,yourself,excused"
normal,"no,drama,plsi,have,had,enough,from,you,and,family,while,i,am,struggling,in,the,hot,sun,in,a,strange,placeno,reason,why,there,should,be,an,ego,of,not,going,if,not,invited,when,actually,its,necessity,to,gowait,for,very,serious,reppurcussions"
normal,"they,released,another,italian,one,today,and,it,has,a,cosign,option"
normal,"you,at,mu,you,should,try,to,figure,out,how,much,money,everyone,has,for,gas,and,alcohol,jay,and,i,are,trying,to,figure,out,our,weed,budget"
normal,"hcl,chennai,requires,freshers,for,voice,processexcellent,english,neededsalary,upto,ltgt,call,mssuman,ltgt,for,telephonic,interview,via,indyarockscom"
normal,"dai,what,this,da,can,i,send,my,resume,to,this,id"
normal,"i,know,where,the,ltgt,is,i'll,be,there,around,5"
normal,"yup,i've,finished,c,ü,there"
normal,"remember,to,ask,alex,about,his,pizza"
normal,"no,datoday,also,i,forgot"
normal,"ola,would,get,back,to,you,maybe,not,today,but,i,ve,told,him,you,can,be,his,direct,link,in,the,us,in,getting,cars,he,bids,for,online,you,arrange,shipping,and,you,get,a,cut,or,u,for,a,partnership,where,u,invest,money,for,shipping,and,he,takes,care,of,the,restuwud,b,self,reliant,soon,dnt,worry"
normal,"fwiw,the,reason,i'm,only,around,when,it's,time,to,smoke,is,that,because,of,gas,i,can,only,afford,to,be,around,when,someone,tells,me,to,be,and,that,apparently,only,happens,when,somebody,wants,to,light,up"
normal,"hello,my,boytoy,i,made,it,home,and,my,constant,thought,is,of,you,my,love,i,hope,your,having,a,nice,visit,but,i,can't,wait,till,you,come,home,to,me,kiss"
normal,"congrats,kanowhr,s,the,treat,maga"
normal,"who,u,talking,about"
normal,yup
normal,ok
normal,"u,wake,up,already,what,u,doing,u,picking,us,up,later,rite,i'm,taking,sq825,reaching,ard,7,smth,8,like,dat,u,can,check,e,arrival,time,c,ya,soon"
normal,"yunny,i'm,walking,in,citylink,now,ü,faster,come,down,me,very,hungry"
normal,"er,yep,sure,props"
normal,"hello,who,are,you"
normal,"hello,how,are,you"
normal,"yes,what,is,your,name"
normal,"yes,did,the,ticket,come,out"
normal,"what,are,you,doing"
normal,"where,are,you"
normal,"what,is,eating,brother"
normal,"hello,mother,what,are,you,doing"
normal,"yes,papa,where,are,you"
normal,"hello,dada,how,are,you"
normal,"if,i,had,a,map,i,would,give,it,to,her"
normal,"if,he,tried,to,blackmail,me,i,would,inform,you"
normal,"i,wrote,a,letter,day,before,yesterday"
normal,"he,used,to,smoke,ten,cigarettes,daily"
normal,"he,will,go,to,delhi,on,next,monday"
normal,"suresh,will,have,been,teaching,in,this,college,for,four,years,by,the,year,2008"
normal,"the,students,will,have,left,the,school,before,the,principal,comes"
normal,"he,goes,for,a,walk,at,6,o,clock,daily,in,the,morning"
normal,"it,is,easy,to,find,faults,with,others"
normal,"i,consider,that,it,is,pity,to,waste,time"
normal,"it,is,uncertain,that,she,will,come"
normal,"it,is,the,place,where,he,was,murdered"
normal,"i,recognised,the,student,to,be,him"
normal,"every,soldier,and,every,sailor,was,in,his,place"
normal,"the,two,friends,quarrelled,with,each,other"
normal,"he,kept,himself,away,from,the,function"
normal,"this,is,bbbvoice,of,america"
normal,"there,is,no,problem,but,has,a,solution"
normal,"we,know,the,hotel,that,she,lives,in"
normal,"that,is,the,lady,that,i,told,you,about"
normal,"this,is,the,house,that,i,told,you,about"
normal,"he,is,the,most,eloquent,speaker,that,i,have,ever,heard"
normal,"there,was,none,that,didn't,support,the,cause"
normal,"it,is,for,nothing,that,i,have,been,trying,to,find"
normal,"i,have,lost,the,book,that,you,gave,me"
normal,"uneasy,lies,the,head,that,wears,a,crown"
normal,"what,can't,be,cured,must,be,endured"
normal,"i,know,what,you,want,to,say"
normal,"what,i,told,you,yesterday,is,a,secret"
normal,"i,like,the,boy,who,helps,the,poor"
normal,"that,is,the,girl,whom,all,admire"
normal,"the,dog,whose,colour,is,white,has,become,mad"
normal,"i,understand,the,point,that,you,are,hinting,at"
normal,"patel,was,the,greatest,man,that,india,produced"
normal,"i,shall,employ,whomsoever,you,recommend"
normal,"there,was,somebody,that,raised,the,mattee"
normal,"there,was,not,any,that,could,be,followed"
normal,"these,are,chairman's,instruction,that,must,be,followed"
normal,"this,is,a,good,magazine,and,which,should,be,read,by,everyone"
normal,"this,is,a,good,car,but,which,is,very,costly"
normal,"the,man,whom,i,met,yesterday,is,very,intelligent"
normal,"is,you,put,this,seat,in,your,notebook,you,can,refer,to,it"
normal,"it,was,i,who,telephoned,you,yesterday"
normal,"i,am,not,one,of,those,who,cannot,keep,his,promise"
normal,"i,could,not,able,of,the,opportunity,i,got,last,year"
normal,"my,house,is,bigger,than,their"
normal,"this,is,a,secret,between,you,and,i"
normal,"any,one,of,the,two,girls,can,solve,this,puzzle"
normal,"either,of,the,three,students,is,responsible,for,the,loss"
normal,"every,man,and,every,woman,has,his,own,fascination"
normal,"this,is,to,certify,that,mr,a,is,our,employee"
normal,"the,boy,who,is,sitting,in,the,corner,reads,in,my,class"
normal,"that,is,the,best,that,you,can,do"
normal,"either,rohan,aur,his,friends,forgot,their,books"
normal,"she,is,growing,more,and,more,like,his,father"
normal,"are,you,likely,ever,to,become,a,principal"
normal,"we,earn,to,live,happily"
normal,"i,have,no,magazine,to,read"
normal,"these,fruits,are,delicious,to,eat"
normal,"it,was,the,best,players,to,be,perform,that,year"
normal,"i,asked,him,where,to,buy,fruits,at,reasonable,rate"
normal,"i,showed,him,which,button,to,press"
normal,"i,decided,to,do,it"
normal,"hello,kavya,how,are,you,its,been,a,long,time,we,have,met"
normal,"oh,hi,ankita,i,am,doing,good,what,about,you"
normal,"i,am,fine,too,so,where,are,you,working,right,now"
normal,"i,am,working,at,the,bosch,company"
normal,"oh,really,thats,a,great,company,what,is,your,post,there"
normal,"i,am,working,as,a,software,engineer"
normal,"i,am,a,travel,blogger,i,used,to,travel,to,different,places,and,explore,different,cultures,and,varieties,of,food,to,write,it,in,my,blog,i,would,like,to,ask,you,also,to,follow,my,blog"
normal,"sure,ankita,i,will,certainly,follow,it,you,are,doing,a,great,job,by,letting,people,know,about,different,parts,of,the,world"
normal,"thanks,kavya"
normal,"its,going,pretty,well,but,i,am,facing,little,difficulties,in,solving,some,maths,problems"
normal,"oh,really,may,i,know,which,problems,they,are,maybe,i,could,help,you,with,this"
normal,"it,is,related,to,the,trigonometry,topic"
normal,"well,fortunately,i,really,like,that,topic,i,think,we,can,study,together,with,the,whole,concept,mentioned,as,per,syllabus,you,may,come,to,my,house,after,school,to,study,i,can,even,give,you,some,tips,to,remember,the,formulas,based,on,this,topic"
normal,"we,can,study,together,to,clear,each,other,doubts,also,our,parents,will,not,be,having,any,issues,with,this,so,lets,start,it,from,tomorrow"
normal,"how,are,you,dealing,with,delhis,pollution"
normal,"its,really,terrifying,especially,in,winters,i,recently,ordered,a,pollution,mask,to,decrease,the,effect,of,pollution,but,we,cannot,wear,it,all,the,time,but,what,we,need,to,do,at,home"
normal,"you,have,got,a,point,im,also,thinking,to,buy,a,pollution,mask,what,would,you,suggest"
normal,"what,about,pollution,from,fireworks,on,diwali"
normal,"any,fraudulent,act,or,deception,on,social,media,internet,mobile,phones,etc,all,are,cybercrimes"
normal,"but,i,think,he,deserved,it,he,looted,as,much,as,rs,400,000,from,various,people"
normal,"there,are,many,types,of,frauds,blackmailing,and,threats,being,done,through,the,phones,and,internet"
normal,"what,acts,comes,under,cyber,crimes"
normal,"having,illegal,access,to,other,social,media,accounts,computers,phones,and,laptops,in,order,to,steal,personal,information,like,pics,messages,passwords,etc"
normal,"i,went,back,to,school"
normal,"oh,hey,i,didnt,see,you,there,did,you,already,get,a,table"
normal,"well,im,sure,you,did,great,good,luck"
normal,"i,can,understand,that,i,get,nervous,before,interviews,too"
normal,"i,am,working,at,the,bosch,company"
normal,"i,am,working,as,a,software,engineer"
normal,"i,have,been,so,busy,with,my,new,job,that,i,have,not,had,the,time,to,do,much,else,but,otherwise,me,and,the,family,are,all,fine"
normal,"actually,i,am,worried,about,my,final,examination,what,about,your,preparation,for,the,examination"
normal,"well,im,going,on,well,my,studies,i,am,also,worried,about,my,exam"
normal,"but,tell,me,about,your,preparation,in,different,subjects"
normal,"you,know,im,weak,in,english,thats,why,im,taking,special,care,in,english,im,having,a,detailed,revision,in,other,subjects"
normal,"yes,but,i,study,text,books,very,carefully"
normal,"are,you,taking,help,from,any,special,books"
normal,"yes,i,think,itll,be,very,helpful,not,only,for,english,but,also,for,other,subjects"
normal,"thank,you,for,your,supportive"
normal,"im,also,fine,jamia,we,are,in,intermediate,class,so,we,must,choose,our,career,now"
normal,"you,are,quite,right,success,in,life,depends,on,the,right,choice,of,career"
normal,"we,must,choose,our,career,properly,may,i,know,your,choice,of,career"
normal,"yes,i,do,it,is,a,good,profession,could,you,tell,me,why,you,have,chosen,this,profession"
normal,"most,of,our,people,are,deprived,of,the,service,of,the,doctors"
normal,"are,you,willing,to,go,to,the,villagers,if,necessary"
normal,"you,know,newspaper,is,called,the,store,house,of,knowledge"
normal,"without,reading,newspaper,we,cant,know,about,the,world"
normal,"they,who,dont,read,newspaper,remain,frogs,of,the,well,because,they,dont,know,the,current,affairs,of,the,country,and,world"
normal,"at,the,same,time,newspapers,contains,articles,related,to,our,study,they,are,very,helpful"
normal,"which,section,of,newspaper,do,you,like,most"
normal,"i,like,the,general,knowledge,section,and,literary,articles,sometimes,i,send,my,writings,to,newspaper"
normal,"thats,very,good,newspaper,up,hold,peoples,view,too,i,have,to,go,now"
normal,"you,look,bit,down,whats,the,matter"
normal,"nothing,much"
normal,"what,have,you,done,about,mathematics"
normal,"i,have,done,well,in,mathematics,but,i,could,not,do,well,in,english"
normal,"how,are,you,getting,on,with,your,studies"
normal,"my,preparation,is,so,good,in,all,subjects"
normal,"pray,for,me,and,thanks,for,your,suggestion"
normal,"sir,i,want,to,know,about,necessity,of,learning,english"
normal,"thank,you,for,your,curiosity,we,know,that,english,is,an,international,language,and,communication,defends,on,the,language"
normal,"but,why,shall,we,learn,it"
normal,"if,you,want,to,serve,in,a,post,office,in,a,foreign,office,in,an,airport,and,to,study,higher,education,you,must,know,english"
normal,"now,i,think,that,everybody,should,learn,english,because,we,can,not,progress,in,life,without,learn,it"
normal,"i,hope,that,you,have,understood,properly,it"
normal,"thank,you,sir,for,your,advices"
normal,"yes,our,specialization,in,financial,markets,is,good,though,probably,better,than,most,general,mba,courses"
normal,"yeah,right,so,arjun,where,do,you,come,from"
normal,"i,hail,from,chandigarh,where,my,family,lives"
normal,"i,am,from,delhi,itself,i,put,up,in,east,delhi,near,anand,vihar,i,stay,with,my,family"
normal,"yes,metro,is,the,best,option,for,students"
normal,"it,indeed,is,air,conditioning,and,the,trip,duration,is,also,really,short"
normal,"hello,juliet,it,is,nice,to,see,you,after,such,a,long,time,where,have,you,been"
normal,"hello,jane,it's,nice,to,see,you,too,i've,been,busy,in,preparing,for,my,engineering,entrance,examinations"
normal,"i've,always,had,a,natural,inclination,towards,a,mechanical,occupation,so,i,want,to,become,an,engineer,what,are,you,going,to,do"
normal,"i,have,always,loved,teaching,wish,to,become,a,good,teacher,like,my,mother,do,you,remember,how,we,used,to,imitate,our,teachers,during,our,school,days"
normal,"thanks,juliet,i,just,hope,i,achieve,my,goal,of,becoming,a,competent,teacher,and,share,my,knowledge,with,the,students,for,their,future"
normal,"that,is,a,very,nice,thought,jane,there,are,many,responsibilities,that,a,teacher,has,to,shoulder,it,is,a,difficult,job,although,it's,a,very,noble,profession"
normal,"hope,to,see,you,soon,wish,you,all,the,best,in,all,your,endeavors,jane"
normal,"thanks,juliet,i,will,surely,convey,your,regards,to,her"
normal,"everything,is,good,sir,my,final,semester,exams,of,mba,are,complete,and,i,want,some,tricks,and,tips,to,crack,the,job,interviews"
normal,"great,to,hear,that,i,will,surely,help,you,out,are,these,campus,interviews,or,offcampus,ones"
normal,"a,couple,of,them,will,be,campus,interviews,organized,by,the,training,and,placement,cell,but,the,majority,are,offcampus"
normal,"okay,then,there,are,certain,points,you,should,keep,in,mind,before,facing,any,job,interview"
normal,"yes,sir,please,tell,me,i,will,be,taking,notes"
normal,"the,first,round,is,usually,a,written,or,aptitude,test,it,can,also,be,a,technical,test,based,on,your,domain,expertise,before,anything,else,you,need,to,clear,this,round,i,hope,your,cv,has,been,peerreviewed,already"
normal,"yes,i,have,created,a,resume,i,hope,it,does,the,job"
normal,"i,hope,you,know,that,there,is,a,difference,between,a,cv,and,resume"
normal,"yes,sir,i,know,that,the,cv,is,a,long,version,while,the,resume,is,a,short,one"
normal,"yes,that,and,more,anyway,once,you,clear,the,aptitude,round,you,will,have,to,deal,with,the,hr,round,there,is,no,hardball,approach,and,the,hr,usually,tries,to,get,to,know,you,better,you,can,easily,go,through,a,checklist,of,the,most,frequently,questions,asked,in,such,interviews,and,you,will,be,good,to,go,take,note,that,the,tell,me,about,yourself,question,is,the,first,one,asked,and,you,need,to,prepare,well,for,that,there,is,another,really,important,thing,you,should,know,about,the,hr,round"
normal,"being,able,to,communicate,clearly,and,properly,most,companies,want,the,candidate,to,be,fluent,in,english,speaking,so,that,he,or,she,can,go,on,in,the,future,to,assume,leadership,roles,you,are,an,investment,for,the,company,so,they,want,the,best,candidate,possible,make,sure,your,speaking,skills,are,on,point"
normal,"i,will,certainly,do,that,in,fact,i,have,signed,up,for,some,mock,interview,sessions,with,pep,talk,india,to,give,my,best,shot"
normal,"great,to,hear,that,so,apart,from,your,communication,skills,and,technical,skills,which,are,the,two,most,important,factors,to,clear,an,interview,there,are,other,things,that,you,should,also,pay,attention,to"
normal,"i,am,all,ears,please,go,ahead"
normal,"you,need,to,pay,attention,to,your,clothing,be,formally,dressed,even,if,a,company,says,that,it,has,a,very,flexible,and,free,culture,it,show,a,sense,of,professionalism,from,you"
normal,"i,agree,i,have,got,a,special,tailored,suit,for,the,same,i,need,to,feel,comfortable,while,speaking,uncomfortable,clothing,makes,me,fidgety,and,nervous"
normal,"yes,coming,to,thatyour,body,language,will,play,a,big,role,in,your,selection,any,sign,of,low,confidence,nervousness,or,overly,aggressive,or,submissive,vibes,will,sow,the,seeds,of,doubt,in,the,interviewer,and,mess,up,your,prospects,sit,straight,be,confident,look,the,person,in,the,eye,and,smile"
normal,"yes,indeed,sometimes,i,become,nervous,when,i,dont,know,the,answer,i,will,have,to,work,upon,that"
normal,"your,mock,interview,sessions,will,help,you,give,your,best"
normal,"i,will,try,my,best,what,else"
normal,"dont,forget,to,learn,about,the,company,as,much,as,possible,if,you,have,a,basic,idea,of,what,the,company,does,what,its,core,domain,is,and,what,its,structure,is,like,then,it,will,create,a,very,positive,impression,on,the,interviewer,do,solid,research"
normal,"i,will,surely,do,that,any,other,advice"
normal,"do,not,lose,heart,if,somehow,you,get,rejected,try,to,understand,where,you,went,wrong,and,how,you,can,improve,on,those,mistakes,however,i,would,suggest,that,you,listen,and,read,about,different,interview,experiences,by,other,people,so,that,you,can,learn,from,their,mistakes"
normal,"sounds,great,thank,you,so,much"
normal,"hiya,have,u,been,paying,money,into,my,account,if,so,thanks,got,a,pleasant,surprise,when,i,checked,my,balance,u,c,i,don't,get,statements,4,that,acc"
normal,"ok,ill,send,you,with,in,ltdecimalgt,ok"
normal,"bognor,it,is,should,be,splendid,at,this,time,of,year"
normal,"yesi'm,in,office,da"
normal,"sorry,i'll,call,later"
normal,"joy's,father,is,john,then,john,is,the,name,of,joy's,father,mandan"
normal,"ok,i,only,ask,abt,e,movie,u,wan,ktv,oso"
normal,"misplaced,your,number,and,was,sending,texts,to,your,old,number,wondering,why,i've,not,heard,from,you,this,year,all,the,best,in,your,mcat,got,this,number,from,my,atlanta,friends"
normal,"sorry,i'll,call,later"
normal,"dunno,lei,i,might,b,eatin,wif,my,frens,if,ü,wan,to,eat,then,i,wait,4,ü,lar"
normal,"sorry,i'll,call,later"
normal,"say,this,slowly,godi,love,you,amp,i,need,youclean,my,heart,with,your,bloodsend,this,to,ten,special,people,amp,u,c,miracle,tomorrow,do,itplspls,do,it"
normal,"do,u,noe,how,2,send,files,between,2,computers"
normal,"mmmmm,i,loved,waking,to,your,words,this,morning,i,miss,you,too,my,love,i,hope,your,day,goes,well,and,you,are,happy,i,wait,for,us,to,be,together,again"
normal,"jay,says,he'll,put,in,ltgt"
normal,"can,you,just,come,in,for,a,sec,there's,somebody,here,i,want,you,to,see"
normal,"so,the,sun,is,anti,sleep,medicine"
normal,"what's,happening,with,you,have,you,gotten,a,job,and,have,you,begun,registration,for,permanent,residency"
normal,"yup,ok"
normal,"glad,it,went,well,come,over,at,11,then,we'll,have,plenty,of,time,before,claire,goes,to,work"
normal,"ok,enjoy,r,u,there,in,home"
normal,"can,you,pls,pls,send,me,a,mail,on,all,you,know,about,relatives,coming,to,deliver,here,all,you,know,about,costs,risks,benefits,and,anything,else,thanks"
normal,"you,do,what,all,you,like"
normal,"that's,y,we,haf,to,combine,n,c,how,lor"
normal,"the,monthly,amount,is,not,that,terrible,and,you,will,not,pay,anything,till,6months,after,finishing,school"
normal,"hmmmhow,many,players,selected"
normal,"they,said,if,its,gonna,snow,it,will,start,around,8,or,9,pm,tonite,they,are,predicting,an,inch,of,accumulation"
normal,"i,dont,can,you,send,it,to,me,plus,how's,mode"
normal,"aiyo,please,ü,got,time,meh"
normal,"package,all,your,programs,well"
normal,"she,is,our,sister,she,belongs,2,our,family,she,is,d,hope,of,tomorrow,pray,4,herwho,was,fated,4,d,shoranur,train,incident,lets,hold,our,hands,together,amp,fuelled,by,love,amp,concern,prior,2,her,grief,amp,pain,pls,join,in,dis,chain,amp,pass,it,stop,violence,against,women"
normal,"so,are,you,guys,asking,that,i,get,that,slippers,again,or,its,gone,with,last,year"
normal,"company,is,very,goodenvironment,is,terrific,and,food,is,really,nice"
normal,"honestly,i've,just,made,a,lovely,cup,of,tea,and,promptly,dropped,my,keys,in,it,and,then,burnt,my,fingers,getting,them,out"
normal,"yup,but,not,studying,surfing,lor,i'm,in,e,lazy,mode,today"
normal,"please,sen,my,kind,advice,please,come,here,and,try"
normal,"i'm,done,c,ü,there"
normal,"oh,fine,i'll,be,by,tonight"
normal,"ü,give,me,some,time,to,walk,there"
normal,"i'll,reach,in,ard,20,mins,ok"
normal,"fuck,babe,what,happened,to,you,how,come,you,never,came,back"
normal,"some,friends,want,me,to,drive,em,someplace,probably,take,a,while"
normal,"i,also,thk,too,fast,xy,suggest,one,not,me,u,dun,wan,it's,ok,going,2,rain,leh,where,got,gd"
normal,"are,you,still,getting,the,goods"
normal,"and,maybe,some,pressies"
normal,"yeah,i,am,so,i'll,leave,maybe,7ish"
normal,"kki'm,also,finewhen,will,you,complete,the,course"
normal,"under,the,sea,there,lays,a,rock,in,the,rock,there,is,an,envelope,in,the,envelope,there,is,a,paper,on,the,paper,there,are,3,words"
normal,"i,told,her,i,had,a,dr,appt,next,week,she,thinks,i'm,gonna,die,i,told,her,its,just,a,check,nothing,to,be,worried,about,but,she,didn't,listen"
normal,"you,in,your,room,i,need,a,few"
normal,"i,dont,want,to,hear,anything"
normal,"hey,for,me,there,is,no,leave,on,friday,wait,i,will,ask,my,superior,and,tell,you"
normal,"ultimately,tor,motive,tui,achieve,korli"
normal,"from,5,to,2,only,my,work,timing"
normal,"and,dont,worry,well,have,finished,by,march,ish"
normal,"the,house,is,on,the,water,with,a,dock,a,boat,rolled,up,with,a,newscaster,who,dabbles,in,jazz,flute,behind,the,wheel"
normal,"now,thats,going,to,ruin,your,thesis"
normal,"in,sch,but,neva,mind,u,eat,1st,lor"
normal,"hey,whats,up,u,sleeping,all,morning"
normal,"erm,i,thought,the,contract,ran,out,the4th,of,october"
normal,"i,dunno,until,when,lets,go,learn,pilates"
normal,"yup,i'm,elaborating,on,the,safety,aspects,and,some,other,issues"
normal,"goodmorning,today,i,am,late,for,1hr"
normal,"hi,happy,birthday,hi,hi,hi,hi,hi,hi,hi"
normal,"i,will,be,outside,office,take,all,from,there"
normal,"if,you,don't,respond,imma,assume,you're,still,asleep,and,imma,start,calling,n,shit"
normal,"aight,see,you,in,a,bit"
normal,"my,superior,telling,that,friday,is,leave,for,all,other,department,except,oursso,it,will,be,leave,for,youany,way,call,waheed,fathima,hr,and,conform,it"
normal,"lol,i,have,to,take,it,member,how,i,said,my,aunt,flow,didn't,visit,for,6,months,it's,cause,i,developed,ovarian,cysts,bc,is,the,only,way,to,shrink,them"
normal,"still,work,going,onit,is,very,small,house"
normal,"my,friend,just,got,here,and,says,he's,upping,his,order,by,a,few,grams,he's,got,ltgt,when,can,you,get,here"
normal,"tmr,timin,still,da,same,wat,cos,i,got,lesson,until,6"
normal,"thats,the,thing,with,apes,u,can,fight,to,the,death,to,keep,something,but,the,minute,they,have,it,when,u,let,go,thats,it"
normal,"no,i'm,not,gonna,be,able,to,too,late,notice,i'll,be,home,in,a,few,weeks,anyway,what,are,the,plans"
normal,"got,fujitsu,ibm,hp,toshiba,got,a,lot,of,model,how,to,say"
normal,"okie,thanx"
normal,"gosh,that,what,a,pain,spose,i,better,come,then"
normal,"as,usualiam,fine,happy,amp,doing,well"
normal,okie
normal,"so,when,you,gonna,get,rimac,access"
normal,"im,at,arestaurant,eating,squid,i,will,be,out,about,1030,wanna,dosomething,or,is,that,to,late"
normal,"you,call,times,job,today,ok,umma,and,ask,them,to,speed,up"
normal,"hello,ucall,wen,u,finish,wrki,fancy,meetin,up,wiv,u,all,tonite,as,i,need,a,break,from,dabooks,did,4,hrs,last,nite2,today,of,wrk"
normal,"r,u,sam,p,in,eachother,if,we,meet,we,can,go,2,my,house"
normal,"yeah,lol,luckily,i,didn't,have,a,starring,role,like,you"
normal,"hello,madam,how,are,you"
normal,"awesome,text,me,when,you're,restocked"
normal,"as,usualiam,fine,happy,amp,doing,well"
normal,"yes,it's,all,innocent,fun,o"
normal,"thanks,for,sending,this,mental,ability,question"
normal,"sir,hope,your,day,is,going,smoothly,i,really,hoped,i,wont,have,to,bother,you,about,this,i,have,some,bills,that,i,can't,settle,this,month,i,am,out,of,all,extra,cash,i,know,this,is,a,challenging,time,for,you,also,but,i,have,to,let,you,know"
normal,"2marrow,only,wed,at,ltgt,to,2,aha"
normal,"i,went,to,ur,hon,lab,but,no,one,is,there"
normal,"i,cant,pick,the,phone,right,now,pls,send,a,message"
normal,"hey,pple700,or,900,for,5,nightsexcellent,location,wif,breakfast,hamper"
normal,"how,come"
normal,"lol,nah,wasn't,too,bad,thanks,its,good,to,b,home,but,its,been,quite,a,reality,check,hows,ur,day,been,did,u,do,anything,with,website"
normal,"ok,lor"
normal,"i'm,coming,home,4,dinner"
normal,"s,daal,r,above,ltgt"
normal,"unni,thank,you,dear,for,the,rechargerakhesh"
normal,"i,know,i'm,lacking,on,most,of,this,particular,dramastorm's,details,but,for,the,most,part,i'm,not,worried,about,that"
normal,"haha,they,cant,what,at,the,most,tmr,forfeit,haha,so,how"
normal,"hey,there,glad,u,r,better,now,i,hear,u,treated,urself,to,a,digi,cam,is,it,good,we,r,off,at,9pm,have,a,fab,new,year,c,u,in,coupla,wks"
normal,"no,way,i'm,going,back,there"
normal,"i,will,cal,you,sir,in,meeting"
normal,"that's,what,i,love,to,hear,v,see,you,sundayish,then"
normal,"sorry,da,thangam,very,very,sorry,i,am,held,up,with,prasad"
normal,"tiwary,to,rcbbattle,between,bang,and,kochi"
normal,"thank,god,they,are,in,bed"
normal,"no,i,don't,have,cancer,moms,making,a,big,deal,out,of,a,regular,checkup,aka,pap,smear"
normal,"am,in,gobi,arts,college"
normal,"why,she,wants,to,talk,to,me"
normal,"pandy,joined,4w,technologies,todayhe,got,job"
normal,"they,can,try,they,can,get,lost,in,fact,tee,hee"
normal,"hi,you,just,spoke,to,maneesha,v,we'd,like,to,know,if,you,were,satisfied,with,the,experience,reply,toll,free,with,yes,or,no"
normal,"my,friends,use,to,call,the,same"
normal,"sorry,i'll,call,later"
normal,"em,its,olowoyey,uscedu,have,a,great,time,in,argentina,not,sad,about,secretary,everything,is,a,blessing"
normal,"its,a,taxt,massagetiepos,argh,ok,lool"
normal,"hi,can,i,please,get,a,ltgt,dollar,loan,from,you,ill,pay,you,back,by,mid,february,pls"
normal,"you,might,want,to,pull,out,more,just,in,case,and,just,plan,on,not,spending,it,if,you,can,i,don't,have,much,confidence,in,derek,and,taylor's,money,management"
normal,"do,you,like,shaking,your,booty,on,the,dance,floor"
normal,"text,me,when,you,get,off,don't,call,my,phones,having,problems"
normal,"no,need,for,the,drug,anymore"
normal,"sorry,dai,was,thought,of,calling,you,lot,of,timeslil,busyi,will,call,you,at,noon"
normal,"its,sarcasm,nt,scarcasim"
normal,"great,i,have,to,run,now,so,ttyl"
normal,"feel,like,trying,kadeem,again,v"
normal,"dai,ltgt,naal,eruku"
normal,"not,yet,chikkuwat,abt,u"
normal,ok
normal,"want,to,finally,have,lunch,today"
normal,"do,you,know,when,dad,will,be,back"
normal,"he,remains,a,bro,amongst,bros"
normal,"r,u,meeting,da,ge,at,nite,tmr"
normal,"was,a,nice,day,and,impressively,i,was,sensible,went,home,early,and,now,feel,fine,or,am,i,just,boring,when's,yours,i,can't,remember"
normal,"why,de,you,looking,good,only"
normal,"yes,they,replied,my,mail,i'm,going,to,the,management,office,later,plus,will,in,to,bank,later,alsoor,on,wednesday"
normal,"that's,cool,i'll,come,by,like,ltgt,ish"
normal,"super,msg,danalla,timing"
normal,"good,afternoon,my,boytoy,how,are,you,feeling,today,better,i,hope,are,you,being,my,good,boy,are,you,my,obedient,slave,do,you,please,your,queen"
normal,"i,am,6,ft,we,will,be,a,good,combination"
normal,"i'm,sick,i'm,needy,i,want,you,pouts,stomps,feet,where,are,you,pouts,stomps,feet,i,want,my,slave,i,want,him,now"
normal,"am,on,a,train,back,from,northampton,so,i'm,afraid,not"
normal,"where,in,abj,are,you,serving,are,you,staying,with,dad,or,alone"
normal,"was,playng,9,doors,game,and,gt,racing,on,phone,lol"
normal,"solve,d,case,a,man,was,found,murdered,on,ltdecimalgt,ltgt,afternoon,1his,wife,called,police,2police,questioned,everyone,3wife,siri,was,sleeping,when,the,murder,took,place,4cook,i,was,cooking,5gardener,i,was,picking,vegetables,6housemaid,i,went,2,d,post,office,7children,we,went,2,play,8neighbour,we,went,2,a,marriage,police,arrested,d,murderer,immediately,who's,it,reply,with,reason,if,u,r,brilliant"
normal,"i'm,on,da,bus,going,home"
normal,"i,got,a,call,from,a,landline,number,i,am,asked,to,come,to,anna,nagar,i,will,go,in,the,afternoon"
normal,"i'm,okay,chasing,the,dream,what's,good,what,are,you,doing,next"
normal,"yupz,i've,oredi,booked,slots,4,my,weekends,liao"
normal,"there,r,many,modelsony,ericson,also,der,ltgt,it,luks,good,bt,i,forgot,modl,no"
normal,okie
normal,"yes,i,know,the,cheesy,songs,from,frosty,the,snowman"
normal,"hey,tmr,meet,at,bugis,930"
normal,"all,these,nice,new,shirts,and,the,only,thing,i,can,wear,them,to,is,nudist,themed,you,in,mu"
normal,"hey,sexy,buns,what,of,that,day,no,word,from,you,this,morning,on,ym,i,think,of,you"
normal,"and,whenever,you,and,i,see,we,can,still,hook,up,too"
normal,"nope,but,i'm,going,home,now,then,go,pump,petrol,lor,like,going,2,rain,soon"
normal,"can,you,use,foreign,stamps,for,whatever,you,send,them,off,for"
normal,"oh,baby,of,the,house,how,come,you,dont,have,any,new,pictures,on,facebook"
normal,"feb,ltgt,is,i,love,u,day,send,dis,to,all,ur,valued,frnds,evn,me,if,3,comes,back,u'll,gt,married,d,person,u,luv,if,u,ignore,dis,u,will,lose,ur,luv,4,evr"
normal,"hiya,sorry,didn't,hav,signal,i,haven't,seen,or,heard,from,and,neither,has,which,is,unusual,in,itself,i'll,put,on,the,case,and,get,him,to,sort,it,out,hugs,and,snogs"
normal,"omw,back,to,tampa,from,west,palm,you,hear,what,happened"
normal,"yup,no,more,already,thanx,4,printing,n,handing,it,up"
normal,"what,i,mean,is,do,they,come,chase,you,out,when,its,over,or,is,it,stated,you,can,watch,as,many,movies,as,you,want"
normal,"s,now,only,i,took,tablets,reaction,morning,only"
normal,"nah,i'm,a,perpetual,dd"
normal,"sorry,de,i,went,to,shop"
normal,"wen,ur,lovable,bcums,angry,wid,u,dnt,take,it,seriously,coz,being,angry,is,d,most,childish,n,true,way,of,showing,deep,affection,care,n,luv,kettoda,manda,have,nice,day,da"
normal,"hey,you,still,want,to,go,for,yogasana,coz,if,we,end,at,cine,then,can,go,bathe,and,hav,the,steam,bath"
normal,"nope,i'm,not,drivin,i,neva,develop,da,photos,lei"
normal,"i,am,thinking,of,going,down,to,reg,for,pract,lessons,flung,my,advance,haha,wat,time,u,going"
normal,"cool,i,am,ltgt,inches,long,hope,you,like,them,big"
normal,"housemaid,is,the,murderer,coz,the,man,was,murdered,on,ltgt,th,january,as,public,holiday,all,govtinstituitions,are,closedincluding,post,officeunderstand"
normal,"okie,thanx"
normal,"go,where,n,buy,juz,buy,when,we,get,there,lar"
normal,"ok,lor"
normal,"i'm,working,technical,support,voice,process"
normal,"it's,justbeen,overa,week,since,we,broke,up,and,already,our,brains,are,going,to,mush"
normal,"tunde,how,are,you,doing,this,is,just,wishing,you,a,great,day,abiola"
normal,"nope,c,ü,then"
normal,"no,but,we'll,do,medical,missions,to,nigeria"
normal,"no,i,am,not,having,not,any,movies,in,my,laptop"
normal,"whatsup,there,dont,u,want,to,sleep"
normal,"i,havent,lei,next,mon,can"
normal,"mm,feeling,sleepy,today,itself,i,shall,get,that,dear"
normal,"how,dare,you,stupid,i,wont,tell,anything,to,you,hear,after,i,wont,talk,to,you"
normal,"do,ü,noe,if,ben,is,going"
normal,"can,you,do,a,mag,meeting,this,avo,at,some,point"
normal,"i,meant,middle,left,or,right"
normal,"really,i,crashed,out,cuddled,on,my,sofa"
normal,"hi,chachi,tried,calling,u,now,unable,to,reach,u,pl,give,me,a,missed,cal,once,u,c,tiz,msg,kanagu"
normal,"i,sent,you,the,prices,and,do,you,mean,the,ltgt,g"
normal,"are,you,this,much,buzy"
normal,"nothing,can"
normal,"no,am,working,on,the,ringing,u,thing,but,have,whole,houseful,of,screaming,brats,so,am,pulling,my,hair,out,loving,u"
normal,"but,my,family,not,responding,for,anything,now,am,in,room,not,went,to,home,for,diwali,but,no,one,called,me,and,why,not,coming,it,makes,me,feel,like,died"
normal,"tick,tick,tick,babe"
normal,"r,ü,going,4,today's,meeting"
normal,"k,dahow,many,page,you,want"
normal,"ya,had,just,nowonion,roast"
normal,"send,his,number,and,give,reply,tomorrow,morning,for,why,you,said,that,to,him,like,that,ok"
normal,"you,said,not,now,no,problem,when,you,can,let,me,know"
normal,"ok,but,tell,me,half,an,hr,b4,u,come,i,need,2,prepare"
normal,"play,w,computer,aiyah,i,tok,2,u,lor"
normal,"sat,right,okay,thanks"
normal,"derp,which,is,worse,a,dude,who,always,wants,to,party,or,a,dude,who,files,a,complaint,about,the,three,drug,abusers,he,lives,with"
normal,"ok,chinese,food,on,its,way,when,i,get,fat,you're,paying,for,my,lipo"
normal,"we,r,outside,already"
normal,"have,a,good,trip,watch,out,for,remember,when,you,get,back,we,must,decide,about,easter"
normal,"yo,we,are,watching,a,movie,on,netflix"
normal,"what,time,im,out,until,prob,3,or,so"
normal,"can,meh,thgt,some,will,clash,really,ah,i,dun,mind,i,dun,seen,to,have,lost,any,weight,gee"
normal,"i,dont,thnk,its,a,wrong,calling,between,us"
normal,"i,am,not,sure,about,night,menu,i,know,only,about,noon,menu"
normal,"arr,birthday,today,i,wish,him,to,get,more,oscar"
normal,"say,this,slowly,godi,love,you,amp,i,need,youclean,my,heart,with,your,bloodsend,this,to,ten,special,people,amp,u,c,miracle,tomorrow,do,itplspls,do,it"
normal,"open,rebtel,with,firefox,when,it,loads,just,put,plus,sign,in,the,user,name,place,and,it,will,show,you,two,numbers,the,lower,number,is,my,number,once,you,pick,that,number,the,pin,will,display,okay"
normal,"and,picking,them,up,from,various,points"
normal,"wow,v,v,impressed,have,funs,shopping"
normal,"i,am,on,the,way,to,ur,home"
normal,"no,problem,talk,to,you,later"
normal,"then,ur,sis,how"
normal,"still,in,customer,place"
normal,"dude,u,knw,also,teluguthts,gudk,gud,nyt"
normal,"we,confirm,eating,at,esplanade"
normal,"send,me,your,id,and,password"
normal,"kind,of,took,it,to,garage,centre,part,of,exhaust,needs,replacing,part,ordered,n,taking,it,to,be,fixed,tomo,morning"
normal,"well,i,might,not,come,then"
normal,"long,after,i,quit,i,get,on,only,like,5,minutes,a,day,as,it,is"
normal,"then,its,most,likely,called,mittelschmertz,google,it,if,you,dont,have,paracetamol,dont,worry,it,will,go"
normal,"well,at,this,right,i'm,gonna,have,to,get,up,and,check,today's,steam,salespee,so,text,me,when,you,want,me,to,come,get,you"
normal,"just,arrived,see,you,in,a,couple,days,lt3"
normal,"k,wat,s,tht,incident"
normal,"yeah,get,the,unlimited"
normal,"cthen,i,thk,shd,b,enuff,still,got,conclusion,n,contents,pg,n,references,i'll,b,doing,da,contents,pg,n,cover,pg"
normal,"forgot,it,takes,me,3,years,to,shower,sorry,where,you,atyour,phone,dead,yet"
normal,"ü,got,wat,to,buy,tell,us,then,ü,no,need,to,come,in,again"
normal,"when,you,are,big,god,will,bring,success"
normal,"we,r,stayin,here,an,extra,week,back,next,wed,how,did,we,do,in,the,rugby,this,weekend,hi,to,and,and,c,u,soon"
normal,"well,there's,still,a,bit,left,if,you,guys,want,to,tonight"
normal,"not,from,this,campus,are,you,in,the,library"
normal,"the,affidavit,says,ltgt,e,twiggs,st,division,g,courtroom,ltgt,lttimegt,am,i'll,double,check,and,text,you,again,tomorrow"
normal,"how,will,i,creep,on,you,now"
normal,"tell,your,friends,what,you,plan,to,do,on,valentines,day,lturlgt"
normal,"if,i,get,there,before,you,after,your,ten,billion,calls,and,texts,so,help,me,god"
normal,"purity,of,friendship,between,two,is,not,about,smiling,after,reading,the,forwarded,messageits,about,smiling,just,by,seeing,the,name,gud,evng,musthu"
normal,"i've,told,him,that,i've,returned,it,that,should,i,re,order,it"
normal,"housemaid,is,the,murderer,coz,the,man,was,murdered,on,ltgt,th,january,as,public,holiday,all,govtinstituitions,are,closedincluding,post,office"
normal,"depends,on,where,u,going,lor"
normal,"and,smile,for,me,right,now,as,you,go,and,the,world,will,wonder,what,you,are,smiling,about,and,think,your,crazy,and,keep,away,from,you,grins"
normal,"lil,fever,now,fine"
normal,"i,think,it's,all,still,in,my,car"
normal,"can,a,not"
normal,"yes,princess,i,want,to,catch,you,with,my,big,strong,hands"
normal,"oh,yeah,i,forgot,u,can,only,take,2,out,shopping,at,once"
normal,"mm,so,you,asked,me,not,to,call,radio"
normal,"thinkin,about,someone,is,all,good,no,drugs,for,that"
normal,"say,this,slowly,godi,love,you,amp,i,need,youclean,my,heart,with,your,bloodsend,this,to,ten,special,people,amp,u,c,miracle,tomorrow,do,itplspls,do,it"
normal,"enjoy,the,showers,of,possessiveness,poured,on,u,by,ur,loved,ones,bcoz,in,this,world,of,lies,it,is,a,golden,gift,to,be,loved,truly"
normal,"alright,if,you're,sure,let,me,know,when,you're,leaving"
normal,"some,are,lasting,as,much,as,2,hours,you,might,get,lucky"
normal,"genius,what's,up,how,your,brother,pls,send,his,number,to,my,skype"
normal,"thk,some,of,em,find,wtc,too,far,weiyi,not,goin,e,rest,i,dunno,yet,r,ur,goin,4,dinner,den,i,might,b,able,to,join"
normal,"don't,forget,who,owns,you,and,who's,private,property,you,are,and,be,my,good,boy,always,passionate,kiss"
normal,"oh,godtaken,the,teethis,it,paining"
normal,"then,u,ask,darren,go,n,pick,u,lor,but,i,oso,sian,tmr,haf,2,meet,lect"
normal,"no,need,to,buy,lunch,for,me,i,eat,maggi,mee"
normal,"ok,lor"
normal,"oh,right,ok,i'll,make,sure,that,i,do,loads,of,work,during,the,day,got,a,really,nasty,cough,today,and,is,dry,n,shot,so,that,should,really,help,it"
normal,"wifehow,she,knew,the,time,of,murder,exactly"
normal,"howz,that,persons,story"
normal,"thanx,4,sending,me,home"
normal,"its,normally,hot,mail,com,you,see"
normal,"u,sick,still,can,go,shopping"
normal,"ya,they,are,well,and,fine,bbdpooja,full,pimpleseven,she,become,quite,blackand,ur,rite,here,its,too,cold,wearing,sweatter"
normal,"nicenicehow,is,it,working"
normal,"1's,reach,home,call,me"
normal,"were,trying,to,find,a,chinese,food,place,around,here"
normal,"easy,mate,guess,the,quick,drink,was,bit,ambitious"
normal,"babe,i,miiiiiiissssssssss,you,i,need,you,i,crave,you,geeee,i'm,so,sad,without,you,babe,i,love,you"
normal,"ok,thanx"
normal,"aathiwhere,are,you,dear"
normal,"tunji,how's,the,queen,how,are,you,doing,this,is,just,wishing,you,a,great,day,abiola"
normal,"today,iz,yellow,rose,day,if,u,love,my,frndship,give,me,1,misscall,amp,send,this,to,ur,frndz,amp,see,how,many,miss,calls,u,get,if,u,get,6missed,u,marry,ur,lover"
normal,"will,be,out,of,class,in,a,few,hours,sorry"
normal,"wat,time,u,finish,ur,lect,today"
normal,"sad,story,of,a,man,last,week,was,my,b'day,my,wife,did'nt,wish,me,my,parents,forgot,n,so,did,my,kids,i,went,to,work,even,my,colleagues,did,not,wish,as,i,entered,my,cabin,my,pa,said,happy,b'day,boss,i,felt,special,she,askd,me,4,lunch,after,lunch,she,invited,me,to,her,apartment,we,went,there,she,said,do,u,mind,if,i,go,into,the,bedroom,for,a,minute,ok,i,sed,in,a,sexy,mood,she,came,out,5,minuts,latr,wid,a,caken,my,wife,my,parents,my,kidz,my,friends,n,my,colleagues,all,screaming,surprise,and,i,was,waiting,on,the,sofa,naked"
normal,"she's,fine,good,to,hear,from,you,how,are,you,my,dear,happy,new,year,oh"
normal,"are,you,going,to,wipro,interview,today"
normal,"how,tall,are,you,princess"
normal,"i,doubt,you,could,handle,5,times,per,night,in,any,case"
normal,"haha,hope,ü,can,hear,the,receipt,sound,gd,luck"
normal,"your,gonna,be,the,death,if,me,i'm,gonna,leave,a,note,that,says,its,all,robs,fault,avenge,me"
normal,"japanese,proverb,if,one,can,do,it,u,too,can,do,it,if,none,can,do,itu,must,do,it,indian,version,if,one,can,do,it,let,him,do,it,if,none,can,do,itleave,it,and,finally,kerala,version,if,one,can,do,it,stop,him,doing,it,if,none,can,do,it,make,a,strike,against,it"
normal,"today,i'm,not,workin,but,not,free,oso,gee,thgt,u,workin,at,ur,fren's,shop"
normal,"in,life,when,you,face,choices,just,toss,a,coin,not,becoz,its,settle,the,question,but,while,the,coin,in,the,air,u,will,know,what,your,heart,is,hoping,for,gudni8"
normal,"do,you,know,why,god,created,gap,between,your,fingers,so,that,one,who,is,made,for,you,comes,amp,fills,those,gaps,by,holding,your,hand,with,love"
normal,"i,want,to,be,there,so,i,can,kiss,you,and,feel,you,next,to,me"
normal,"i,am,not,at,all,happy,with,what,you,saying,or,doing"
normal,"ok,that,would,b,lovely,if,u,r,sure,think,about,wot,u,want,to,do,drinkin,dancin,eatin,cinema,in,out,about,up,to,u,wot,about"
normal,"what,i'm,saying,is,if,you,haven't,explicitly,told,nora,i,know,someone,i'm,probably,just,not,gonna,bother"
normal,"he,says,hi,and,to,get,your,ass,back,to,south,tampa,preferably,at,a,kegger"
normal,"smith,waste,dai,wanna,gayle"
normal,"mum,i've,sent,you,many,many,messages,since,i,got,here,i,just,want,to,know,that,you,are,actually,getting,them,do,enjoy,the,rest,of,your,day"
normal,"aight,tomorrow,around,ltgt,it,is"
normal,"housemaid,is,the,murderer,coz,the,man,was,murdered,on,ltgt,th,january,as,public,holiday,all,govtinstituitions,are,closedincluding,post,officeunderstand"
normal,"i,actually,did,for,the,first,time,in,a,while,i,went,to,bed,not,too,long,after,i,spoke,with,you,woke,up,at,7,how,was,your,night"
normal,"see,you,there"
normal,"i,dont,understand,your,message"
normal,"crucify,is,c,not,s,you,should,have,told,me,earlier"
normal,"idk,you,keep,saying,that,you're,not,but,since,he,moved,we,keep,butting,heads,over,freedom,vs,responsibility,and,i'm,tired,i,have,so,much,other,shit,to,deal,with,that,i'm,barely,keeping,myself,together,once,this,gets,added,to,it"
normal,"fuck,cedar,key,and,fuck,her,come,over,anyway,tho"
normal,"twenty,past,five,he,said,will,this,train,have,been,to,durham,already,or,not,coz,i,am,in,a,reserved,seat"
normal,"u,still,painting,ur,wall"
normal,"printer,is,cool,i,mean,groovy,wine,is,groovying"
normal,"hi,harish's,rent,has,been,transfred,to,ur,acnt"
normal,"anything,lor,is,she,coming"
normal,"cbe,is,really,good,nowadayslot,of,shop,and,showroomscity,is,shaping,good"
normal,"ü,still,attending,da,talks"
normal,"no,probs,hon,how,u,doinat,the,mo"
normal,"k,i'll,take,care,of,it"
normal,"i,take,it,we,didn't,have,the,phone,callon,friday,can,we,assume,we,won't,have,it,this,year,now"
normal,"my,battery,is,low,babe"
normal,"shuhui,has,bought,ron's,present,it's,a,swatch,watch"
normal,"yeah,there's,quite,a,bit,left,i'll,swing,by,tomorrow,when,i,get,up"
normal,"babe,you,said,2,hours,and,it's,been,almost,4,is,your,internet,down"
normal,"k,i'll,be,sure,to,get,up,before,noon,and,see,what's,what"
normal,"kkyesterday,i,was,in,cbe"
normal,"went,to,ganesh,dress,shop"
normal,"ü,collecting,ur,laptop,then,going,to,configure,da,settings,izzit"
normal,"if,you,r,home,then,come,down,within,5,min"
normal,"aight,i,should,be,there,by,8,at,the,latest,probably,closer,to,7,are,jay,and,tyler,down,or,should,we,just,do,two,trips"
normal,"come,aftr,ltdecimalgt,now,i,m,cleaning,the,house"
normal,"bill,as,in,are,there,any,letters,for,me,im,expecting,one,from,orange,that,isnt,a,bill,but,may,still,say,orange,on,it"
normal,"tell,me,pa,how,is,pain,de"
normal,"hi,darlin,i,hope,you,had,a,nice,night,i,wish,i,had,come,cant,wait,to,see,you,love,fran,ps,i,want,dirty,anal,sex,and,i,want,a,10,man,gang,bang"
normal,"ha,you,dont,know,either,i,did,a,a,clever,but,simple,thing,with,pears,the,other,day,perfect,for,christmas"
normal,"helloooo,wake,up,sweet,morning,welcomes,you,enjoy,this,day,with,full,of,joy,gud,mrng"
normal,alrite
normal,"why,must,we,sit,around,and,wait,for,summer,days,to,celebrate,such,a,magical,sight,when,the,worlds,dressed,in,white,oooooh,let,there,be,snow"
normal,"how,do,you,guys,go,to,see,movies,on,your,side"
normal,"sorryin,meeting,i'll,call,later"
normal,"you,didn't,have,to,tell,me,thatnow,i'm,thinking,plus,he's,going,to,stop,all,your,runs"
normal,"kindly,send,some,one,to,our,flat,before,ltdecimalgt,today"
normal,"nothing,lor,a,bit,bored,too,then,y,dun,u,go,home,early,2,sleep,today"
normal,"what,time,should,i,tell,my,friend,to,be,around"
normal,"yes,that,will,be,fine,love,you,be,safe"
normal,"thanks,chikku,gud,nyt"
normal,"is,xy,in,ur,car,when,u,picking,me,up"
normal,"thanx,4,the,time,weve,spent,2geva,its,bin,mint,ur,my,baby,and,all,i,want,is,uxxxx"
normal,"yo,any,way,we,could,pick,something,up,tonight"
normal,"i've,not,sent,it,he,can,send,me"
normal,"fine,am,simply,sitting"
normal,"thts,god's,gift,for,birds,as,humans,hav,some,natural,gift,frm,god"
normal,"are,you,coming,to,day,for,class"
normal,"im,done,just,studyn,in,library"
normal,"ok,u,enjoy,ur,shows"
normal,anything
normal,"where,wuld,i,be,without,my,baby,the,thought,alone,mite,break,me,and,i,dont,wanna,go,crazy,but,everyboy,needs,his,lady,xxxxxxxx"
normal,"wat's,my,dear,doing,sleeping,ah"
normal,"hi,test,on,ltgt,rd"
normal,"only,2,students,solved,this,cat,question,in,xam,532,ltgt,924,ltgt,863,ltgt,then,725,tell,me,the,answer,if,u,r,brilliant1thingi,got,d,answr"
normal,"yo,do,you,know,anyone,ltgt,or,otherwise,able,to,buy,liquor,our,guy,flaked,and,right,now,if,we,don't,get,a,hold,of,somebody,its,just,4,loko,all,night"
normal,"yup,n,her,fren,lor,i'm,meeting,my,fren,at,730"
normal,"yeah,we,got,one,lined,up,for,us"
normal,"and,stop,wondering,wow,is,she,ever,going,to,stop,tm'ing,me,because,i,will,tm,you,whenever,i,want,because,you,are,mine,laughs"
normal,"lol,yep,did,that,yesterday,already,got,my,fireplace,now,its,just,another,icon,sitting,there,for,me"
normal,"hey,i've,booked,the,pilates,and,yoga,lesson,already,haha"
normal,"are,you,ok,what,happen,to,behave,like,this"
normal,"my,supervisor,find,4,me,one,lor,i,thk,his,students,i,havent,ask,her,yet,tell,u,aft,i,ask,her"
normal,"hello,no,news,on,job,they,are,making,me,wait,a,fifth,week,yeah,im,up,for,some,woozles,and,weasels,in,exeter,still,but,be,home,about,3"
normal,"no,messageno,responcewhat,happend"
normal,"hey,babe,sorry,i,didn't,get,sooner,gary,can,come,and,fix,it,cause,he,thinks,he,knows,what,it,is,but,he,doesn't,go,as,far,a,ptbo,and,he,says,it,will,cost,ltgt,bucks,i,don't,know,if,it,might,be,cheaper,to,find,someone,there,we,don't,have,any,second,hand,machines,at,all,right,now,let,me,know,what,you,want,to,do,babe"
normal,"make,that,3,4,fucks,sake,x"
normal,"leave,it,u,will,always,be,ignorant"
normal,"nope,but,i'll,b,going,2,sch,on,fri,quite,early,lor,cos,mys,sis,got,paper,in,da,morn"
normal,"at,bruce,b,downs,amp,fletcher,now"
normal,"where,are,you,you,said,you,would,be,here,when,i,woke"
normal,"hey,now,am,free,you,can,call,me"
normal,"tell,me,whos,this,pls"
normal,"think,i,might,have,to,give,it,a,miss,am,teaching,til,twelve,then,have,lecture,at,two,damn,this,working,thing"
normal,"id,have,to,check,but,there's,only,like,1,bowls,worth,left"
normal,"yes,there,were,many,sweets"
normal,"i,would,but,i'm,still,cozy,and,exhausted,from,last,nightnobody,went,to,school,or,work,everything,is,closed"
normal,"buzzzz,grins,did,i,buzz,your,ass,buzz,your,chest,buzz,your,cock,where,do,you,keep,your,phone,is,the,vibrator,on,did,you,feel,it,shake"
normal,"sir,send,to,group,mail,check,it"
normal,"i'm,doing,da,intro,covers,energy,trends,n,pros,n,cons,brief,description,of,nuclear,fusion,n,oso,brief,history,of,iter,n,jet,got,abt,7,n,half,pages"
normal,"nonenowhere,ikno,doesdiscountshitinnit"
normal,"you,dont,know,you,jabo,me,abi"
normal,"not,yet,hadya,sapna,aunty,manege,y'day,hogidhechinnu,full,weak,and,swalpa,black,agidhane"
normal,"are,you,being,good,baby"
normal,"neft,transaction,with,reference,number,ltgt,for,rs,ltdecimalgt,has,been,credited,to,the,beneficiary,account,on,ltgt,at,lttimegt,ltgt"
normal,"mostly,sports,typelyk,footblcrckt"
normal,"ma,head,dey,swell,oh,thanks,for,making,my,day"
normal,"u,should,make,a,fb,list"
normal,"height,of,confidence,all,the,aeronautics,professors,wer,calld,amp,they,wer,askd,2,sit,in,an,aeroplane,aftr,they,sat,they,wer,told,dat,the,plane,ws,made,by,their,students,dey,all,hurried,out,of,d,plane,bt,only,1,didnt,move,he,saidif,it,is,made,by,my,studentsthis,wont,even,start,datz,confidence"
normal,"sary,just,need,tim,in,the,bollox,it,hurt,him,a,lot,so,he,tol,me"
normal,"happy,new,year,princess"
normal,"i'll,text,carlos,and,let,you,know,hang,on"
normal,"don't,worry,is,easy,once,have,ingredients"
normal,"i,love,u,2,my,little,pocy,bell,i,am,sorry,but,i,love,u"
normal,"ok,omw,now,you,at,castor"
normal,"yar,lor,keep,raining,non,stop,or,u,wan,2,go,elsewhere"
normal,"what,u,mean,u,almost,done,done,wif,sleeping,but,i,tot,u,going,to,take,a,nap,yup,i,send,her,liao,so,i'm,picking,her,up,at,ard,4,smth,lor"
normal,"7,wonders,in,my,world,7th,you,6th,ur,style,5th,ur,smile,4th,ur,personality,3rd,ur,nature,2nd,ur,sms,and,1st,ur,lovely,friendship,good,morning,dear"
normal,"tonight,yeah,i'd,be,down,for,that"
normal,"what,should,i,eat,fo,lunch,senor"
normal,"he,said,that,he,had,a,right,giggle,when,he,saw,u,again,you,would,possibly,be,the,first,person2die,from,nvq,but,think,how,much,you,could,for"
normal,"no,break,time,one,how,i,come,out,n,get,my,stuff,fr,ü"
normal,"i'm,there,and,i,can,see,you,but,you,can't,see,me,maybe,you,should,reboot,ym,i,seen,the,buzz"
normal,"do,you,still,have,the,grinder"
normal,"love,isn't,a,decision,it's,a,feeling,if,we,could,decide,who,to,love,then,life,would,be,much,simpler,but,then,less,magical"
normal,"ki,did't,see,youkwhere,are,you,now"
normal,"so,i'm,doing,a,list,of,buyers"
normal,"no,idea,i,guess,we'll,work,that,out,an,hour,after,we're,supposed,to,leave,since,as,usual,nobody,has,any,interest,in,figuring,shit,out,before,the,last,second"
normal,"mm,not,entirely,sure,i,understood,that,text,but,hey,ho,which,weekend"
normal,"they,released,vday,shirts,and,when,u,put,it,on,it,makes,your,bottom,half,naked,instead,of,those,white,underwear"
normal,"don,knowhe,is,watching,film,in,computer"
normal,"no,b4,thursday"
normal,"oh,then,your,phone,phoned,me,but,it,disconnected"
normal,"id,onluy,matters,when,getting,on,from,offcampus"
normal,"excellent,i'll,see,what,riley's,plans,are"
normal,"i,will,see,in,half,an,hour"
normal,"ew,are,you,one,of,them"
normal,"also,hi,wesley,how've,you,been"
normal,"ah,you,see,you,have,to,be,in,the,lingo,i,will,let,you,know,wot,on,earth,it,is,when,has,finished,making,it"
normal,"imagine,life,without,me,see,how,fast,u,are,searching,medon't,worry,l'm,always,there,to,disturb,u,goodnoon"
normal,"hm,good,morning,headache,anyone"
normal,"yeah,no,probs,last,night,is,obviously,catching,up,with,you,speak,soon"
normal,"i,might,go,2,sch,yar,at,e,salon,now,v,boring"
normal,"ltgt,mins,but,i,had,to,stop,somewhere,first"
normal,"ltgt,is,fast,approaching,so,wish,u,a,very,happy,new,year,happy,sankranti,happy,republic,day,happy,valentines,day,happy,shivratri,happy,ugadi,happy,fools,day,happy,may,day,happy,independence,day,happy,friendshipmotherfatherteacherschildrens,day,amp,happy,birthday,4,u,happy,ganesh,festival,happy,dasara,happy,diwali,happy,christmas,ltgt,good,mornings,afternoons,evenings,nights,rememberi,am,the,first,to,wishing,u,all,theseyour's,raj"
normal,"one,of,the,joys,in,lifeis,waking,up,each,daywith,thoughts,that,somewheresomeone,cares,enough,tosend,a,warm,morning,greeting"
normal,"i,didn't,get,the,second,half,of,that,message"
normal,"wat,time,do,u,wan,2,meet,me,later"
normal,"i,thank,you,so,much,for,all,you,do,with,selflessness,i,love,you,plenty"
normal,"am,in,film,ill,call,you,later"
normal,"how,dare,you,change,my,ring"
normal,"you,are,a,very,very,very,very,bad,girl,or,lady"
normal,"i,love,ya,too,but,try,and,budget,your,money,better,babe,gary,would,freak,on,me,if,he,knew"
normal,"what,part,of,don't,initiate,don't,you,understand"
normal,"i,finished,my,lunch,already,u,wake,up,already"
normal,"you,still,at,the,game"
normal,"you,have,got,tallent,but,you,are,wasting"
normal,"what,is,your,record,for,one,night"
normal,"also,sir,i,sent,you,an,email,about,how,to,log,into,the,usc,payment,portal,ill,send,you,another,message,that,should,explain,how,things,are,back,home,have,a,great,weekend"
normal,"gonna,let,me,know,cos,comes,bak,from,holiday,that,day,is,coming,don't4get2text,me,number"
normal,"jokin,only,lar,depends,on,which,phone,my,father,can,get,lor"
normal,"aight,lemme,know,what's,up"
normal,"get,ready,for,ltgt,inches,of,pleasure"
normal,"rajipls,do,me,a,favour,pls,convey,my,birthday,wishes,to,nimya,pls,today,is,her,birthday"
normal,"ok,i,feel,like,john,lennon"
normal,"cos,darren,say,ü,considering,mah,so,i,ask,ü"
normal,"you,are,not,bothering,me,but,you,have,to,trust,my,answers,pls"
normal,"wishing,you,and,your,family,merry,x,mas,and,happy,new,year,in,advance"
normal,"one,day,a,crab,was,running,on,the,sea,shorethe,waves,came,n,cleared,the,footprints,of,the,crab,crab,asked,being,my,frnd,y,r,u,clearing,my,beautiful,footprints,waves,replied,a,fox,was,following,ur,footprints,to,catch,you,thats,y,i,cleared,it,off,frndsship,never,lets,u,dwn,gud,nyt"
normal,"aight,what,time,you,want,me,to,come,up"
normal,"slaaaaave,where,are,you,must,i,summon,you,to,me,all,the,time,now,don't,you,wish,to,come,to,me,on,your,own,anymore"
normal,"your,bill,at,3,is,3365,so,thats,not,bad"
normal,"let,me,know,how,it,changes,in,the,next,6hrs,it,can,even,be,appendix,but,you,are,out,of,that,age,range,however,its,not,impossible,so,just,chill,and,let,me,know,in,6hrs"
normal,"hello,yeah,i've,just,got,out,of,the,bath,and,need,to,do,my,hair,so,i'll,come,up,when,i'm,done,yeah"
normal,"so,how's,the,weather,over,there"
normal,"ok,not,much,to,do,here,though,hm,friday,cant,wait,dunno,wot,the,hell,im,gonna,do,for,another,3,weeks,become,a,slob,oh,wait,already,done,that"
normal,"die,now,i,have,e,toot,fringe,again"
normal,"lol,they,don't,know,about,my,awesome,phone,i,could,click,delete,right,now,if,i,want"
normal,ok
normal,"awesome,question,with,a,cute,answer,someone,asked,a,boy,how,is,ur,life,he,smiled,amp,answered,she,is,fine,gudnite"
normal,"please,leave,this,topicsorry,for,telling,that"
normal,"pls,send,me,the,correct,name,da"
normal,"what,happened,to,our,yo,date"
normal,"webpage,s,not,available"
normal,"just,woke,up,yeesh,its,late,but,i,didn't,fall,asleep,til,ltgt,am"
normal,"dear,all,as,we,know,ltgt,th,is,the,ltgt,th,birthday,of,our,loving,gopalettan,we,are,planning,to,give,a,small,gift,on,that,day,those,who,like,to,participate,in,that,you,are,welcome,please,contact,our,admin,team,for,more,details"
normal,"kkfrom,tomorrow,onwards,started,ah"
normal,"what,u,talking,bout,early,morning,it's,almost,noon,where,your,at"
normal,"fine,do,you,remember,me"
normal,"ok,how,many,should,i,buy"
normal,"sounds,good,keep,me,posted"
normal,"ok,so,april,cant,wait"
normal,"boy,you,best,get,yo,ass,out,here,quick"
normal,"ay,wana,meet,on,satü,wkg,on,sat"
normal,"i'm,now,but,have,to,wait,till,2,for,the,bus,to,pick,me"
normal,"apart,from,the,one,i,told,you,about,yesterday"
normal,"ok,lor,but,buy,wat"
normal,"somebody,should,go,to,andros,and,steal,ice"
normal,"don,know,i,did't,msg,him,recently"
normal,"take,us,out,shopping,and,mark,will,distract,isaiahd"
normal,"mum,hope,you,are,having,a,great,day,hoping,this,text,meets,you,well,and,full,of,life,have,a,great,day,abiola"
normal,"there,is,no,sense,in,my,foot,and,penis"
normal,"okay,but,i,thought,you,were,the,expert"
normal,"deep,sigh,i,miss,you,i,am,really,surprised,you,haven't,gone,to,the,net,cafe,yet,to,get,to,me,don't,you,miss,me"
normal,"ssi,thinl,role,is,like,sachinjust,standing,others,have,to,hit"
normal,"have,a,great,trip,to,india,and,bring,the,light,to,everyone,not,just,with,the,project,but,with,everyone,that,is,lucky,to,see,you,smile,bye,abiola"
normal,"and,very,importantly,all,we,discuss,is,between,u,and,i,only"
normal,"kkhow,about,your,training,process"
normal,"ok,lor,i,ned,2,go,toa,payoh,4,a,while,2,return,smth,u,wan,2,send,me,there,or,wat"
normal,"in,da,car,park"
normal,"i,wish,that,i,was,with,you,holding,you,tightly,making,you,see,how,important,you,are,how,much,you,mean,to,me,how,much,i,need,you,in,my,life"
normal,"so,i,asked,how's,anthony,dad,and,your,bf"
normal,"wnevr,i,wana,fal,in,luv,vth,my,books,my,bed,fals,in,luv,vth,me,yen,madodu,nav,pretsorginta,nammanna,pretsovru,important,alwa,gud,eveb"
normal,"what,todaysundaysunday,is,holidayso,no,work"
normal,"am,going,to,take,bath,ill,place,the,key,in,window"
normal,"dear,take,care,i,am,just,reaching,homelove,u,a,lot"
normal,staffsciencenusedusgphyhcmkteachingpc1323
normal,"have,you,emigrated,or,something,ok,maybe,530,was,a,bit,hopeful"
normal,"olol,i,printed,out,a,forum,post,by,a,guy,with,the,exact,same,prob,which,was,fixed,with,a,gpu,replacement,hopefully,they,dont,ignore,that"
normal,"we,walked,from,my,moms,right,on,stagwood,pass,right,on,winterstone,left,on,victors,hill,address,is,ltgt"
normal,"yo,you,at,jp,and,hungry,like,a,mofo"
normal,"this,is,all,just,creepy,and,crazy,to,me"
normal,"ok,i,din,get,ur,msg"
normal,"tessypls,do,me,a,favor,pls,convey,my,birthday,wishes,to,nimyapls,dnt,forget,it,today,is,her,birthday,shijas"
normal,"pathaya,enketa,maraikara,pa"
normal,"even,if,he,my,friend,he,is,a,priest,call,him,now"
normal,"u,so,lousy,run,already,come,back,then,half,dead,hee"
normal,"that's,y,i,said,it's,bad,dat,all,e,gals,know,u,wat,u,doing,now"
normal,"or,remind,me,in,a,few,hrs"
normal,"i,had,been,hoping,i,would,not,have,to,send,you,this,message,my,rent,is,due,and,i,dont,have,enough,for,it,my,reserves,are,completely,gone,its,a,loan,i,need,and,was,hoping,you,could,her,the,balance,is,ltgt,is,there,a,way,i,could,get,that,from,you,till,mid,march,when,i,hope,to,pay,back"
normal,"hi,happy,new,year,i,dont,mean,to,intrude,but,can,you,pls,let,me,know,how,much,tuition,you,paid,last,semester,and,how,much,this,semester,is,thanks"
normal,"hello,hun,how,ru,its,here,by,the,way,im,good,been,on,2,dates,with,that,guy,i,met,in,walkabout,so,far,we,have,to,meet,up,soon,hows,everyone,else"
normal,"lol,i,was,gonna,last,month,i,cashed,some,in,but,i,left,ltgt,just,in,case,i,was,collecting,more,during,the,week,cause,they,announced,it,on,the,blog"
normal,"short,but,cute,be,a,good,person,but,dont,try,to,prove,gud,mrng"
normal,"just,haven't,decided,where,yet,eh"
normal,"wat,time,liao,where,still,got"
normal,"yes,watching,footie,but,worried,we're,going,to,blow,it,phil,neville"
normal,"i,wait,4,ü,inside,da,car,park"
normal,"uncle,abbey,happy,new,year,abiola"
normal,"now,am,free,call,me,pa"
normal,"r,u,saying,i,should,re,order,the,slippers,cos,i,had,to,pay,for,returning,it"
normal,"stop,knowing,me,so,well"
normal,"good,evening,this,is,roger,how,are,you"
normal,"small,problem,in,auctionpunj,now,asking,tiwary"
normal,"he,telling,not,to,tell,any,one,if,so,treat,for,me,hi,hi,hi"
normal,"my,uncles,in,atlanta,wish,you,guys,a,great,semester"
normal,"u,coming,2,pick,me"
normal,"thats,cool,i,liked,your,photos,you,are,very,sexy"
normal,"would,u,fuckin,believe,it,they,didnt,know,i,had,thurs,pre,booked,off,so,they,re,cancelled,me,again,that,needs,to,b,sacked"
normal,"haha,better,late,than,ever,any,way,i,could,swing,by"
normal,"ok,but,i,finish,at,6"
normal,"i've,been,barred,from,all,b,and,q,stores,for,lifethis,twat,in,orange,dungerees,came,up,to,me,and,asked,if,i,wanted,decking,so,i,got,the,first,punch,in"
normal,"so,no,messages,had,food"
normal,"ok,going,to,sleep,hope,i,can,meet,her"
normal,"wat,makes,some,people,dearer,is,not,just,de,happiness,dat,u,feel,when,u,meet,them,but,de,pain,u,feel,when,u,miss,dem"
normal,"can,you,let,me,know,details,of,fri,when,u,find,out,cos,i'm,not,in,tom,or,fri,mentionned,chinese,thanks"
normal,"you're,right,i,have,now,that,i,think,about,it"
normal,"wat,r,u,doing,now"
normal,"is,ur,lecture,over"
normal,"customer,place,i,will,call,you"
normal,"not,planned,yet,going,to,join,company,on,jan,5,onlydon,know,what,will,happen,after,that"
normal,"boy,i,love,u,grl,hogolo,boy,gold,chain,kodstini,grl,agalla,boy,necklace,madstini,grl,agalla,boy,hogli,1,mutai,eerulli,kodthini,grl,i,love,u,kano"
normal,"haha,i,heard,that,text,me,when,you're,around"
normal,"ill,get,there,tomorrow,and,send,it,to,you"
normal,"shit,babe,thasa,bit,messed,upyeh,she,shudvetold,u,did,urgran,knowneway,illspeak,2,u2moro,wen,im,not,asleep"
normal,"oh,thats,late,well,have,a,good,night,and,i,will,give,u,a,call,tomorrow,iam,now,going,to,go,to,sleep,night,night"
normal,"cheers,u,tex,mecause,u,werebored,yeah,okden,hunny,r,uin,wk,satsounds,likeyour,havin,gr8fun,j,keep,updat,countinlots,of,loveme,xxxxx"
normal,"sorry,in,meeting,i'll,call,you,later"
normal,"yo,howz,u,girls,never,rang,after,india,l"
normal,"yeah,but,which,is,worse,for,i"
normal,"i,tagged,my,friends,that,you,seemed,to,count,as,your,friends"
normal,ok
normal,"long,time,you,remember,me,today"
normal,"havent,shopping,now,lor,i,juz,arrive,only"
normal,"thank,u,it,better,work,out,cause,i,will,feel,used,otherwise"
normal,"are,you,up,for,the,challenge,i,know,i,am"
normal,"how,much,did,ur,hdd,casing,cost"
normal,"mystery,solved,just,opened,my,email,and,he's,sent,me,another,batch,isn't,he,a,sweetie"
normal,"i,can't,describe,how,lucky,you,are,that,i'm,actually,awake,by,noon"
normal,"today,is,sorry,day,if,ever,i,was,angry,with,you,if,ever,i,misbehaved,or,hurt,you,plz,plz,just,slap,urself,bcoz,its,ur,fault,i'm,basically,good"
normal,"cheers,for,the,card,is,it,that,time,of,year,already"
normal,"when,people,see,my,msgs,they,think,iam,addicted,to,msging,they,are,wrong,bcoz,they,don't,know,that,iam,addicted,to,my,sweet,friends,bslvyl"
normal,"ugh,hopefully,the,asus,ppl,dont,randomly,do,a,reformat"
normal,"haven't,seen,my,facebook,huh,lol"
normal,"mah,b,i'll,pick,it,up,tomorrow"
normal,"still,otside,leu,come,2morrow,maga"
normal,"do,u,still,have,plumbers,tape,and,a,wrench,we,could,borrow"
normal,"it,vl,bcum,more,difficult"
normal,"havent,still,waitin,as,usual,ü,come,back,sch,oredi"
normal,"in,meeting,da,i,will,call,you"
normal,"k,k,then,watch,some,films"
normal,"does,cinema,plus,drink,appeal,tomo,is,a,fr,thriller,by,director,i,like,on,at,mac,at,830"
normal,"there,the,size,of,elephant,tablets,u,shove,um,up,ur,ass"
normal,"so,many,people,seems,to,be,special,at,first,sight,but,only,very,few,will,remain,special,to,you,till,your,last,sight,maintain,them,till,life,ends,take,cr,da"
normal,"my,parents,my,kidz,my,friends,n,my,colleagues,all,screaming,surprise,and,i,was,waiting,on,the,sofa,naked"
normal,"dunno,i,juz,askin,cos,i,got,a,card,got,20,off,4,a,salon,called,hair,sense,so,i,tot,it's,da,one,ü,cut,ur,hair"
normal,"good,morning,pookie,pie,lol,hope,i,didn't,wake,u,up"
normal,"maybe,if,you,woke,up,before,fucking,3,this,wouldn't,be,a,problem"
normal,"happy,birthday,to,youdearwith,lots,of,loverakhesh,nri"
normal,"howz,that,persons,story"
normal,"x2,ltgt,are,you,going,to,get,that"
normal,"hi,neva,worry,bout,da,truth,coz,the,truth,will,lead,me,2,ur,heart,its,the,least,a,unique,person,like,u,deserve,sleep,tight,or,morning"
normal,"is,ur,paper,today,in,e,morn,or,aft"
normal,"i,will,lick,up,every,drop,are,you,ready,to,use,your,mouth,as,well"
normal,"and,you,will,expect,you,whenever,you,text,hope,all,goes,well,tomo"
normal,"great,p,diddy,is,my,neighbor,and,comes,for,toothpaste,every,morning"
normal,"i,av,a,new,number,wil,u,only,use,this,oneta"
normal,"so,its,to,be,poking,man,everyday,that,they,teach,you,in,canada,abi,how,are,you,just,saying,hi"
normal,"7,lor,change,2,suntec,wat,time,u,coming"
normal,"no,deam,seeing,in,online,shop,so,that,i,asked"
normal,"just,curious,because,my,cuz,asked,what,i,was,up,to"
normal,"nicenicehow,is,it,working"
normal,"okay,lor,wah,like,that,def,they,wont,let,us,go,haha,what,did,they,say,in,the,terms,and,conditions"
normal,"haha,yup,hopefully,we,will,lose,a,few,kg,by,mon,after,hip,hop,can,go,orchard,and,weigh,again"
normal,"she's,good,how,are,you,where,r,u,working,now"
normal,"oh,yes,i've,just,been,a,little,under,the,weather,so,i've,kind,of,been,coccooning,at,home"
normal,"at,home,also"
normal,"this,phone,has,the,weirdest,auto,correct"
normal,"oops,my,phone,died,and,i,didn't,even,know,yeah,i,like,it,better"
normal,"havent,mus,ask,if,u,can,1st,wat,of,meet,4,lunch,den,u,n,him,meet,can,already,lor,or,u,wan,2,go,ask,da,ge,1st,then,confirm,w,me,asap"
normal,"she,said,do,u,mind,if,i,go,into,the,bedroom,for,a,minute,ok,i,sed,in,a,sexy,mood,she,came,out,5,minuts,latr,wid,a,caken,my,wife"
normal,"oh,yeahand,hav,a,great,time,in,newquaysend,me,a,postcard,1,look,after,all,the,girls,while,im,goneu,know,the,1im,talkin,boutxx"
normal,"we,got,a,divorce,lol,shes,here"
normal,"what's,ur,pin"
normal,"babe,have,you,got,enough,money,to,pick,up,bread,and,milk,and,i'll,give,you,it,back,when,you,get,home"
normal,"i,want,snow,it's,just,freezing,and,windy"
normal,"come,to,mahal,bus,stop,ltdecimalgt"
normal,"don,knowthis,week,i'm,going,to,tirunelvai,da"
normal,"me,too,baby,i,promise,to,treat,you,well,i,bet,you,will,take,good,care,of,me"
normal,"its,like,that,hotel,dusk,game,i,think,you,solve,puzzles,in,a,area,thing"
normal,"hi,my,love,how,goes,that,day,fuck,this,morning,i,woke,and,dropped,my,cell,on,the,way,down,the,stairs,but,it,seems,alright,phews,i,miss,you"
normal,"well,that,must,be,a,pain,to,catch"
normal,"sorry,da,thangamit's,my,mistake"
normal,"i,need,coz,i,never,go,before"
normal,"rose,for,redred,for,bloodblood,for,heartheart,for,u,but,u,for,me,send,tis,to,all,ur,friends,including,me,if,u,like,me,if,u,get,back,1u,r,poor,in,relation,2u,need,some,1,to,support,3u,r,frnd,2,many,4some1,luvs,u,5,some1,is,praying,god,to,marry,u,try,it"
normal,"wifehow,she,knew,the,time,of,murder,exactly"
normal,"i,feel,like,a,dick,because,i,keep,sleeping,through,your,texts,and,facebook,messages,sup,you,in,town"
normal,"no,plm,i,will,come,da,on,the,way"
normal,"guess,he,wants,alone,time,we,could,just,show,up,and,watch,when,they,do"
normal,"height,of,recycling,read,twice,people,spend,time,for,earning,money,and,the,same,money,is,spent,for,spending,time,good,morning,keep,smiling"
normal,"yup,ü,not,comin"
normal,"yes,princess,toledo"
normal,"aight,text,me,when,you're,back,at,mu,and,i'll,swing,by,need,somebody,to,get,the,door,for,me"
normal,"ron,say,fri,leh,n,he,said,ding,tai,feng,cant,make,reservations,but,he,said,wait,lor"
normal,"good,no,swimsuit,allowed"
normal,"am,okay,will,soon,be,over,all,the,best"
normal,"a,cute,thought,for,friendship,its,not,necessary,to,share,every,secret,with,ur,close,frnd,but,watever,u,shared,should,be,true"
normal,"ok,i've,sent,u,da,latest,version,of,da,project"
normal,"good,morning,my,dear,have,a,great,amp,successful,day"
normal,"pls,accept,me,for,one,day,or,am,begging,you,change,the,number"
normal,"squeeeeeze,this,is,christmas,hug,if,u,lik,my,frndshp,den,hug,me,back,if,u,get,3,u,r,cute,6,u,r,luvd,9,u,r,so,lucky,none,people,hate,u"
normal,"its,ok,if,anybody,asks,abt,me,u,tel,themp"
normal,"funny,fact,nobody,teaches,volcanoes,2,erupt,tsunamis,2,arise,hurricanes,2,sway,aroundn,no,1,teaches,hw,2,choose,a,wife,natural,disasters,just,happens"
normal,"you,gonna,ring,this,weekend,or,wot"
normal,"also,track,down,any,lighters,you,can,find"
normal,"sorry,i,can't,help,you,on,this"
normal,"babe,i,need,your,advice"
normal,"ill,leave,around,four,ok"
normal,"come,to,medical,college,at,7pm,forward,it,da"
normal,"kkits,goodwhen,are,you,going"
normal,"i,can,make,lasagna,for,you,vodka"
normal,"hi,its,kate,can,u,give,me,a,ring,asap,xxx"
normal,"who,were,those,people,were,you,in,a,tour,i,thought,you,were,doing,that,sofa,thing,you,sent,me,your,curious,sugar"
normal,"no,but,you,told,me,you,were,going,before,you,got,drunk"
normal,"he,fucking,chickened,out,he,messaged,me,he,would,be,late,and,woould,buzz,me,and,then,i,didn't,hear,a,word,from,him"
normal,"i'm,always,looking,for,an,excuse,to,be,in,the,city"
normal,"yup,i'm,still,having,coffee,wif,my,frens,my,fren,drove,she'll,give,me,a,lift"
normal,"o,shore,are,you,takin,the,bus"
normal,"so,u,gonna,get,deus,ex"
normal,"i,will,send,them,to,your,email,do,you,mind,ltgt,times,per,night"
normal,"tap,spile,at,seven,is,that,pub,on,gas,st,off,broad,st,by,canal,ok"
normal,"ok,then,i,come,n,pick,u,at,engin"
normal,"which,is,why,i,never,wanted,to,tell,you,any,of,this,which,is,why,i'm,so,short,with,you,and,onedge,as,of,late"
normal,"raviyog,peripherals,bhayandar,east"
normal,"k,actually,can,you,guys,meet,me,at,the,sunoco,on,howard,it,should,be,right,on,the,way"
normal,"moon,has,come,to,color,your,dreams,stars,to,make,them,musical,and,my,sms,to,give,you,warm,and,peaceful,sleep,good,night"
normal,"just,finished,eating,got,u,a,plate,not,leftovers,this,time"
normal,"thanx,a,lot"
normal,"hurry,home,u,big,butt,hang,up,on,your,last,caller,if,u,have,to,food,is,done,and,i'm,starving,don't,ask,what,i,cooked"
normal,"lol,your,right,what,diet,everyday,i,cheat,anyway,i'm,meant,to,be,a,fatty"
normal,"its,a,great,day,do,have,yourself,a,beautiful,one"
normal,"what,happened,in,interview"
normal,"solve,d,case,a,man,was,found,murdered,on,ltdecimalgt,ltgt,afternoon,1his,wife,called,police,2police,questioned,everyone,3wife,siri,was,sleeping,when,the,murder,took,place,4cook,i,was,cooking,5gardener,i,was,picking,vegetables,6housemaid,i,went,2,d,post,office,7children,we,went,2,play,8neighbour,we,went,2,a,marriage,police,arrested,d,murderer,immediately,who's,it,reply,with,reason,if,u,r,brilliant"
normal,"badrith,is,only,for,chennaii,will,surely,pick,for,usno,competition,for,him"
normal,"i,tot,it's,my,group,mate,lucky,i,havent,reply,wat,time,do,ü,need,to,leave"
normal,"hey,you,around,i've,got,enough,for,a,half,the,ten,i,owe,you"
normal,"hey,tmr,maybe,can,meet,you,at,yck"
normal,"alrite,sam,its,nic,just,checkin,that,this,is,ur,numberso,is,ittb"
normal,"they,are,just,making,it,easy,to,pay,back,i,have,ltgt,yrs,to,say,but,i,can,pay,back,earlier,you,get"
normal,"not,to,worry,i'm,sure,you'll,get,it"
normal,"the,gas,station,is,like,a,block,away,from,my,house,you'll,drive,right,by,it,since,armenia,ends,at,swann,and,you,have,to,take,howard"
normal,"my,tuition,is,at,330,hm,we,go,for,the,1120,to,1205,one,do,you,mind"
normal,"i'm,not,smoking,while,people,use,wylie,smokes,too,much,to,justify,ruining,my,shit"
normal,"dear,good,morning,how,you,feeling,dear"
normal,"a,little,meds,say,take,once,every,8,hours,it's,only,been,5,but,pain,is,back,so,i,took,another,hope,i,don't,die"
normal,"beautiful,tomorrow,never,comes,when,it,comes,it's,already,today,in,the,hunt,of,beautiful,tomorrow,don't,waste,your,wonderful,today,goodmorning"
normal,"dunno,lei,ü,all,decide,lor,how,abt,leona,oops,i,tot,ben,is,going,n,i,msg,him"
normal,"hi,there,we,have,now,moved,in2,our,pub,would,be,great,2,c,u,if,u,cud,come,up"
normal,"honeybee,said,i'm,d,sweetest,in,d,world,god,laughed,amp,said,waitu,havnt,met,d,person,reading,this,msg,moral,even,god,can,crack,jokes,gmgngegn"
normal,"just,do,what,ever,is,easier,for,you"
normal,"stop,calling,everyone,saying,i,might,have,cancer,my,throat,hurts,to,talk,i,can't,be,answering,everyones,calls,if,i,get,one,more,call,i'm,not,babysitting,on,monday"
normal,"it'll,be,tough,but,i'll,do,what,i,have,to"
normal,"im,gonnamissu,so,muchi,would,say,il,send,u,a,postcard,buttheres,aboutas,much,chance,of,merememberin,asthere,is,ofsi,not,breakin,his,contract,luv,yaxx"
normal,"ee,msg,na,poortiyagi,odalebeku,hanumanji,7,name,1hanuman,2bajarangabali,3maruti,4pavanaputra,5sankatmochan,6ramaduth,7mahaveer,ee,7,name,ltgt,janarige,ivatte,kalisidare,next,saturday,olage,ondu,good,news,keluviri,maretare,inde,1,dodda,problum,nalli,siguviri,idu,matra,ltgt,true,don't,neglet"
normal,"hi,darlin,i,finish,at,3,do,u,1,2,pick,me,up,or,meet,me,text,back,on,this,number,luv,kate,xxx"
normal,"set,a,place,for,me,in,your,heart,and,not,in,your,mind,as,the,mind,easily,forgets,but,the,heart,will,always,remember,wish,you,happy,valentines,day"
normal,"but,i'm,surprised,she,still,can,guess,right,lor"
normal,"okie,ü,wan,meet,at,bishan,cos,me,at,bishan,now,i'm,not,driving,today"
normal,"oh,ho,is,this,the,first,time,u,use,these,type,of,words"
normal,"hi,darlin,how,was,work,did,u,get,into,trouble,ijust,talked,to,your,mum,all,morning,i,had,a,really,good,time,last,night,im,goin,out,soon,but,call,me,if,u,can"
normal,"i,know,you,are,serving,i,mean,what,are,you,doing,now"
normal,"huh,hyde,park,not,in,mel,ah,opps,got,confused,anyway,if,tt's,e,best,choice,den,we,juz,have,to,take,it"
normal,"oh,gei,that,happend,to,me,in,tron,maybe,ill,dl,it,in,3d,when,its,out"
normal,"i,know,girls,always,safe,and,selfish,know,i,got,it,pa,thank,you,good,night"
normal,"no,worries,hope,photo,shoot,went,well,have,a,spiffing,fun,at,workage"
normal,"i'm,freezing,and,craving,ice,fml"
normal,"kay,since,we,are,out,already"
normal,"eh,sorry,leh,i,din,c,ur,msg,not,sad,already,lar,me,watching,tv,now,u,still,in,office"
normal,"yo,im,right,by,yo,work"
normal,"ok,darlin,i,supose,it,was,ok,i,just,worry,too,muchi,have,to,do,some,film,stuff,my,mate,and,then,have,to,babysit,again,but,you,can,call,me,therexx"
normal,"she,said,do,u,mind,if,i,go,into,the,bedroom,for,a,minute,ok,i,sed,in,a,sexy,mood,she,came,out,5,minuts,latr,wid,a,caken,my,wife"
normal,"i,don,wake,since,i,checked,that,stuff,and,saw,that,its,true,no,available,spaces,pls,call,the,embassy,or,send,a,mail,to,them"
normal,"nope,juz,off,from,work"
normal,"huh,so,fast,dat,means,u,havent,finished,painting"
normal,"what,number,do,u,live,at,is,it,11"
normal,"no,we,put,party,7,days,a,week,and,study,lightly,i,think,we,need,to,draw,in,some,custom,checkboxes,so,they,know,we're,hardcore"
normal,"sac,will,score,big,hundredhe,is,set,batsman"
normal,"send,me,yetty's,number,pls"
normal,"how,much,it,will,cost,approx,per,month"
normal,"ok,the,theory,test,when,are,ü,going,to,book,i,think,it's,on,21,may,coz,thought,wanna,go,out,with,jiayin,but,she,isnt,free"
normal,"that's,fine,have,him,give,me,a,call,if,he,knows,what,he,wants,or,has,any,questions"
normal,"sorry,got,a,late,start,we're,on,the,way"
normal,"then,u,go,back,urself,lor"
normal,"i,am,at,the,gas,station,go,there"
normal,"k,if,u,bored,up,just,come,to,my,home"
normal,"babe,i,love,you,covers,your,face,in,kisses"
normal,"like,i,made,him,throw,up,when,we,were,smoking,in,our,friend's,car,one,time,it,was,awesome"
normal,"still,i,have,not,checked,it,da"
normal,"you,will,go,to,walmart,ill,stay"
normal,"i,haven't,forgotten,you,i,might,have,a,couple,bucks,to,send,you,tomorrow,k,i,love,ya,too"
normal,"oh,great,ill,disturb,him,more,so,that,we,can,talk"
normal,"reverse,is,cheating,that,is,not,mathematics"
normal,"u're,welcome,caught,u,using,broken,english,again"
normal,"no,problem,baby,is,this,is,a,good,time,to,talk,i,called,and,left,a,message"
normal,"sorry,i'll,call,later"
normal,"oh,is,it,which,brand"
normal,"sorry,i,cant,take,your,call,right,now,it,so,happens,that,there,r,2waxsto,do,wat,you,want,she,can,come,and,ill,get,her,medical,insurance,and,she'll,be,able,to,deliver,and,have,basic,care,i'm,currently,shopping,for,the,right,medical,insurance,for,her,so,just,give,me,til,friday,morning,thats,when,ill,see,the,major,person,that,can,guide,me,to,the,right,insurance"
normal,"at,what,time,are,you,coming"
normal,"call,him,and,say,you,not,coming,today,ok,and,tell,them,not,to,fool,me,like,this,ok"
normal,"i,emailed,yifeng,my,part,oredi,can,ü,get,it,fr,him"
normal,"r,u,sure,they'll,understand,that,wine,good,idea,just,had,a,slurp"
normal,"minimum,walk,is,3miles,a,day"
normal,"ok,not,a,problem,will,get,them,a,taxi,c,ing,tomorrow,and,tuesday,on,tuesday,think,we,r,all,going,to,the,cinema"
normal,"brainless,baby,dolld,vehicle,sariyag,drive,madoke,barolla"
normal,"i,don't,run,away,frm,u,i,walk,slowly,amp,it,kills,me,that,u,don't,care,enough,to,stop,me"
normal,"please,attend,the,phone"
normal,"you,only,hate,me,you,can,call,any,but,you,didnt,accept,even,a,single,call,of,mine,or,even,you,messaged"
normal,"no,messages,on,her,phone,i'm,holding,it,now"
normal,"can,i'm,free"
normal,"yo,my,trip,got,postponed,you,still,stocked,up"
normal,"sorry,i'll,call,later"
normal,"i,am,waiting,for,your,call,sir"
normal,"hey,what,are,you,doing,y,no,reply,pa"
normal,"hey,elaine,is,today's,meeting,still,on"
normal,"sorry,i've,not,gone,to,that,place,ill,do,so,tomorrow,really,sorry"
normal,"most,of,the,tiime,when,i,don't,let,you,hug,me,it's,so,i,don't,break,into,tears"
normal,"tomorrow,i,am,not,going,to,theatre,so,i,can,come,wherever,u,call,me,tell,me,where,and,when,to,come,tomorrow"
normal,"and,now,electricity,just,went,out,fml"
normal,"looks,like,you,found,something,to,do,other,than,smoke,great,job"
normal,"also,andros,ice,etc,etc"
normal,
normal,"good,afternon,my,love,how,are,today,i,hope,your,good,and,maybe,have,some,interviews,i,wake,and,miss,you,babe,a,passionate,kiss,from,across,the,sea"
normal,"yup,wun,believe,wat,u,really,neva,c,e,msg,i,sent,shuhui"
normal,"hows,that,watch,resizing"
normal,"dear,umma,she,called,me,now"
normal,"just,finished,missing,you,plenty"
normal,"well,i,meant,as,opposed,to,my,drunken,night,of,before"
normal,"k,must,book,a,not,huh,so,going,for,yoga,basic,on,sunday"
normal,"ok,can"
normal,"oops,am,at,my,mum's,in,somerset,bit,far,back,tomo,see,you,soon,x"
normal,"so,u,workin,overtime,nigpun"
normal,"same,as,kallis,dismissial,in,2nd,test"
normal,"o,guess,they,both,got,screwd"
normal,"i'm,in,a,meeting,call,me,later,at"
normal,"what,r,u,cooking,me,for,dinner"
normal,"ok,thanx"
normal,"bull,your,plan,was,to,go,floating,off,to,ikea,with,me,without,a,care,in,the,world,so,i,have,to,live,with,your,mess,another,day"
normal,"then,i,buy"
normal,"heehee,that,was,so,funny,tho"
normal,"it,only,does,simple,arithmetic,not,percentages"
normal,"yeah,we,wouldn't,leave,for,an,hour,at,least,how's,4,sound"
normal,"thanks,honey,have,a,great,day"
normal,"an,amazing,quote,sometimes,in,life,its,difficult,to,decide,whats,wrong,a,lie,that,brings,a,smile,or,the,truth,that,brings,a,tear"
normal,"good,night,my,dear,sleepwellamptake,care"
normal,"then,ü,ask,dad,to,pick,ü,up,lar,ü,wan,2,stay,until,6,meh"
normal,"jus,chillaxin,what,up"
normal,"hey,das,cool,iknow,all,2,wellda,peril,of,studentfinancial,crisisspk,2,u,l8r"
normal,"beautiful,truth,against,gravity,read,carefully,our,heart,feels,light,when,someone,is,in,it,but,it,feels,very,heavy,when,someone,leaves,it,goodmorning"
normal,"whats,that,coming,over,the,hill,is,it,a,monster,hope,you,have,a,great,day,things,r,going,fine,here,busy,though"
normal,"joy's,father,is,john,then,john,is,the,of,joy's,father,if,u,ans,ths,you,hav,ltgt,iq,tis,s,ias,question,try,to,answer"
normal,"only,once,then,after,ill,obey,all,yours"
normal,"no,she,didnt,i,will,search,online,and,let,you,know"
normal,"where,do,you,need,to,go,to,get,it"
normal,"no,pic,please,resend"
normal,"he,remains,a,bro,amongst,bros"
normal,"uhhhhrmm,isnt,having,tb,test,bad,when,youre,sick"
normal,"but,i,haf,enuff,space,got,like,4,mb"
normal,"true,its,easier,with,her,here"
normal,"sure,but,since,my,parents,will,be,working,on,tuesday,i,don't,really,need,a,cover,story"
normal,"haha,okay,today,weekend,leh"
normal,"hi,darlin,did,youphone,me,im,athome,if,youwanna,chat"
normal,"i,don't,know,jack,shit,about,anything,or,i'd,sayask,something,helpful,but,if,you,want,you,can,pretend,that,i,did,and,just,text,me,whatever,in,response,to,the,hypotheticalhuagauahahuagahyuhagga"
normal,"you've,always,been,the,brainy,one"
normal,"yeah,if,we,do,have,to,get,a,random,dude,we,need,to,change,our,info,sheets,to,party,ltgt,7,never,study,just,to,be,safe"
normal,"christmas,is,an,occasion,that,is,celebrated,as,a,reflection,of,ur,values,desires,affectionsamp,traditions,have,an,ideal,christmas"
normal,"sending,you,greetings,of,joy,and,happiness,do,have,a,gr8,evening"
normal,"hi,darlin,i,cantdo,anythingtomorrow,as,myparents,aretaking,me,outfor,a,meal,when,are,u,free,katexxx"
normal,"if,india,win,or,level,series,means,this,is,record"
normal,"then,what,about,further,plan"
normal,"its,good,to,hear,from,you"
normal,"awesome,how,do,i,deal,with,the,gate,charles,told,me,last,night,but,uh,yeah"
normal,"what,time,you,thinkin,of,goin"
normal,"your,board,is,working,fine,the,issue,of,overheating,is,also,reslove,but,still,software,inst,is,pending,i,will,come,around,8'o,clock"
normal,"yes,but,i,don't,care,cause,i,know,its,there"
normal,"wiskey,brandy,rum,gin,beer,vodka,scotch,shampain,wine,kudiyarasu,dhina,vaazhthukkal"
normal,"mon,okie,lor,haha,best,is,cheap,n,gd,food,la,ex,oso,okie,depends,on,whether,wana,eat,western,or,chinese,food,den,which,u,prefer"
normal,"sitting,ard,nothing,to,do,lor,u,leh,busy,w,work"
normal,"its,ltgt,k,here,oh,should,i,send,home,for,sale"
normal,"sorry,mail"
normal,"ya,just,telling,abt,tht,incident"
normal,"yes,we,were,outside,for,like,2,hours,and,i,called,my,whole,family,to,wake,them,up,cause,it,started,at,1,am"
normal,"ugh,just,got,outta,class"
normal,"nowadays,people,are,notixiquating,the,laxinorficated,opportunity,for,bambling,of,entropication,have,you,ever,oblisingately,opted,ur,books,for,the,masteriastering,amplikater,of,fidalfication,it,is,very,champlaxigating,i,think,it,is,atrocious,wotz,ur,opinion,junna"
normal,"i,dont,have,any,of,your,file,in,my,bagi,was,in,work,when,you,called,mei,ll,tell,you,if,i,find,anything,in,my,room"
normal,"no,need,lar,jus,testing,e,phone,card,dunno,network,not,gd,i,thk,me,waiting,4,my,sis,2,finish,bathing,so,i,can,bathe,dun,disturb,u,liao,u,cleaning,ur,room"
normal,"ok,ill,do,you,right,later"
normal,"friendship,poem,dear,o,dear,u,r,not,near,but,i,can,hear,dont,get,fear,live,with,cheer,no,more,tear,u,r,always,my,dear,gud,ni8"
normal,"have,your,lunch,and,come,quickly,and,open,the,door"
normal,"i,am,back,bit,long,cos,of,accident,on,a30,had,to,divert,via,wadebridgei,had,a,brilliant,weekend,thanks,speak,soon,lots,of,love"
normal,"k,i,yan,jiu,liao,sat,we,can,go,4,bugis,vill,one,frm,10,to,3,den,hop,to,parco,4,nb,sun,can,go,cine,frm,1030,to,2,den,hop,to,orc,mrt,4,hip,hop,at,4"
normal,"i,am,seeking,a,lady,in,the,street,and,a,freak,in,the,sheets,is,that,you"
normal,"my,phone"
normal,"haha,figures,well,i,found,the,piece,and,priscilla's,bowl"
normal,"actually,fuck,that,just,do,whatever,do,find,an,excuse,to,be,in,tampa,at,some,point,before,january,though"
normal,"yay,finally,lol,i,missed,our,cinema,trip,last,week"
normal,"all,day,working,dayexcept,saturday,and,sunday"
normal,"aathiwhere,are,you,dear"
normal,"heart,is,empty,without,love,mind,is,empty,without,wisdom,eyes,r,empty,without,dreams,amp,life,is,empty,without,frnds,so,alwys,be,in,touch,good,night,amp,sweet,dreams"
normal,"i,think,im,waiting,for,the,same,bus,inform,me,when,you,get,there,if,you,ever,get,there"
normal,"you,getting,back,any,time,soon"
normal,"how's,things,just,a,quick,question"
normal,"night,has,ended,for,another,day,morning,has,come,in,a,special,way,may,you,smile,like,the,sunny,rays,and,leaves,your,worries,at,the,blue,blue,bay,gud,mrng"
normal,"i,can,probably,come,by,everybody's,done,around,ltgt,right"
normal,"i,got,it,before,the,new,year,cos,yetunde,said,she,wanted,to,surprise,you,with,it,but,when,i,didnt,see,money,i,returned,it,mid,january,before,the,ltgt,day,return,period,ended"
normal,"i,can,ask,around,but,there's,not,a,lot,in,terms,of,mids,up,here"
normal,"be,sure,to,check,your,yahoo,email,we,sent,photos,yesterday"
normal,"what,was,she,looking,for"
normal,"wherre's,my,boytoy"
normal,"hello,my,love,how,goes,that,day,i,wish,your,well,and,fine,babe,and,hope,that,you,find,some,job,prospects,i,miss,you,boytoy,a,teasing,kiss"
normal,"tell,my,bad,character,which,u,dnt,lik,in,me,i'll,try,to,change,in,ltgt,i,ll,add,tat,2,my,new,year,resolution,waiting,for,ur,replybe,frankgood,morning"
normal,"noi,got,rumour,that,you,going,to,buy,apartment,in,chennai"
normal,"yeah,probably,earlier,than,that"
normal,"change,windows,logoff,sound"
normal,"still,i,have,not,checked,it,da"
normal,"i'm,also,came,to,room"
normal,"huh,but,i,got,lesson,at,4,lei,n,i,was,thinkin,of,going,to,sch,earlier,n,i,tot,of,parkin,at,kent,vale"
normal,ok
normal,"i,will,reach,office,around,ltdecimalgt,amp,my,mobile,have,problem,you,cann't,get,my,voice,so,call,you,asa,i'll,free"
normal,"cool,text,me,when,you,head,out"
normal,"happy,birthday,may,u,find,ur,prince,charming,soon,n,dun,work,too,hard"
normal,"oh,the,grand,is,having,a,bit,of,a,party,but,it,doesn't,mention,any,cover,charge,so,it's,probably,first,come,first,served"
normal,"you,said,to,me,before,i,went,back,to,bed,that,you,can't,sleep,for,anything"
normal,"i,hope,you,arnt,pissed,off,but,id,would,really,like,to,see,you,tomorrow,love,me,xxxxxxxxxxxxxx"
normal,"says,the,ltgt,year,old,with,a,man,and,money,i'm,down,to,my,last,ltgt,still,waiting,for,that,check"
normal,"i,will,come,to,ur,home,now"
normal,"free,any,day,but,i,finish,at,6,on,mon,n,thurs"
normal,"will,you,be,here,for,food"
normal,"life,alle,moneeppolum,oru,pole,allalo"
normal,nite
normal,"two,fundamentals,of,cool,life,walk,like,you,are,the,king,or,walk,like,you,dont,carewhoever,is,the,king,gud,nyt"
normal,"camera,quite,good,101mega,pixels,3optical,and,5digital,dooms,have,a,lovely,holiday,be,safe,and,i,hope,you,hav,a,good,journey,happy,new,year,to,you,both,see,you,in,a,couple,of,weeks"
normal,"hi,peteynoim,ok,just,wanted,2,chat,coz,avent,spoken,2,u,4,a,long,timehope,ur,doin,alritehave,good,nit,at,js,love,ya,amx"
normal,"i,just,saw,ron,burgundy,captaining,a,party,boat,so,yeah"
normal,"i'm,serious,you,are,in,the,money,base"
normal,"already,one,guy,loving,you"
normal,"staff,of,placement,training,in,amrita,college"
normal,"i,always,chat,with,you,in,fact,i,need,money,can,you,raise,me"
normal,"i'm,job,profile,seems,like,bpo"
normal,"well,i,was,about,to,give,up,cos,they,all,said,no,they,didnt,do,one,nighters,i,persevered,and,found,one,but,it,is,very,cheap,so,i,apologise,in,advance,it,is,just,somewhere,to,sleep,isnt,it"
normal,"so,you,think,i,should,actually,talk,to,him,not,call,his,boss,in,the,morning,i,went,to,this,place,last,year,and,he,told,me,where,i,could,go,and,get,my,car,fixed,cheaper,he,kept,telling,me,today,how,much,he,hoped,i,would,come,back,in,how,he,always,regretted,not,getting,my,number,etc"
normal,"are,you,willing,to,go,for,apps,class"
normal,"hanging,out,with,my,brother,and,his,family"
normal,"no,it,will,reach,by,9,only,she,telling,she,will,be,there,i,dont,know"
normal,"hey,are,you,going,to,quit,soon,xuhui,and,i,working,till,end,of,the,month"
normal,"im,sorry,bout,last,nite,it,wasnt,ur,fault,it,was,me,spouse,it,was,pmt,or,sumthin,u,4give,me,i,think,u,shldxxxx"
normal,"try,neva,mate"
normal,"yeah,that'd,pretty,much,be,the,best,case,scenario"
normal,"i,not,free,today,i,haf,2,pick,my,parents,up,tonite"
normal,"hey,babe,far,2,spunout,2,spk,at,da,mo,dead,2,da,wrld,been,sleeping,on,da,sofa,all,day,had,a,cool,nytho,tx,4,fonin,hon,call,2mwen,im,bk,frmcloud,9,j,x"
normal,"should,i,send,you,naughty,pix"
normal,"tyler,getting,an,8th,has,to,leave,not,long,after,9,can,you,get,here,in,like,an,hour"
normal,"prepare,to,be,pounded,every,night"
normal,"actually,my,mobile,is,full,of,msg,and,i,m,doing,a,work,online,where,i,need,to,send,them,ltgt,sent,msg,i,wil,explain,u,later"
normal,"sorry,i'll,call,later"
normal,"good,evening,how,are,you"
normal,"i'm,at,home,please,call"
normal,"oic,cos,me,n,my,sis,got,no,lunch,today,my,dad,went,out,so,dunno,whether,2,eat,in,sch,or,wat"
normal,"mmmmm,it,was,sooooo,good,to,wake,to,your,words,this,morning,my,love,mmmm,fuck,i,love,you,too,my,lion,devouring,kiss,from,across,the,sea"
normal,"we,are,pleased,to,inform,that,your,application,for,airtel,broadband,is,processed,successfully,your,installation,will,happen,within,3,days"
normal,"what,happen,dear,why,you,silent,i,am,tensed"
normal,"i'll,get,there,at,3,unless,you,guys,want,me,to,come,some,time,sooner"
normal,"if,you,are,not,coughing,then,its,nothing"
normal,"ü,come,lt,25,n,pass,to,me,lar"
normal,"i'm,e,person,who's,doing,e,sms,survey"
normal,"lol,ok,ill,try,to,send,be,warned,sprint,is,dead,slow,you'll,prolly,get,it,tomorrow"
normal,"thank,you,meet,you,monday"
normal,"so,is,th,gower,mate,which,is,where,i,am,how,r,u,man,all,is,good,in,wales,ill,b,back,morrow,c,u,this,wk,who,was,the,msg,4,random"
normal,"single,line,with,a,big,meaning,miss,anything,4,ur,best,life,but,don't,miss,ur,best,life,for,anything,gud,nyt"
normal,"i,got,like,ltgt,i,can,get,some,more,later,though,get,whatever,you,feel,like"
normal,"dad,wanted,to,talk,about,the,apartment,so,i,got,a,late,start,omw,now"
normal,"i,love,you,both,too"
normal,"lol,u,still,feeling,sick"
normal,"din,i,tell,u,jus,now,420"
normal,"am,up,to,my,eyes,in,philosophy"
normal,"ok,lor,i'm,in,town,now,lei"
normal,"i,had,it,alreadysabarish,asked,me,to,go"
normal,"no,da,vijay,going,to,talk,in,jaya,tv"
normal,"lol,i,know,hey,someone,did,a,great,inpersonation,of,flea,on,the,forums,i,love,it"
normal,"still,chance,there,if,you,search,hard,you,will,get,itlet,have,a,try"
normal,"do,you,always,celebrate,ny's,with,your,family"
normal,"we,know,taj,mahal,as,symbol,of,love,but,the,other,lesser,known,facts,1,mumtaz,was,shahjahan's,4th,wife,out,of,his,7,wifes,2,shahjahan,killed,mumtaz's,husband,to,marry,her,3,mumtaz,died,in,her,ltgt,th,delivery,4,he,then,married,mumtaz's,sister,question,arises,where,the,hell,is,the,love,the,great,hari"
normal,"its,okcome,to,my,home,it,vl,nice,to,meet,and,v,can,chat"
normal,"sent,me,de,webadres,for,geting,salary,slip"
normal,"she's,fine,sends,her,greetings"
normal,"but,you,dint,in,touch,with,me"
normal,"yup,leaving,right,now,be,back,soon"
normal,"yeah,sure,i'll,leave,in,a,min"
normal,"and,do,you,have,any,one,that,can,teach,me,how,to,ship,cars"
normal,"the,sign,of,maturity,is,not,when,we,start,saying,big,things,but,actually,it,is,when,we,start,understanding,small,things,have,a,nice,evening,bslvyl"
normal,"yeah,confirmed,for,you,staying,at,that,weekend"
normal,"they,said,ü,dun,haf,passport,or,smth,like,dat,or,ü,juz,send,to,my,email,account"
normal,"multiply,the,numbers,independently,and,count,decimal,points,then,for,the,division,push,the,decimal,places,like,i,showed,you"
normal,"have,a,lovely,night,and,when,you,wake,up,to,see,this,message,i,hope,you,smile,knowing,all,is,as,should,be,have,a,great,morning"
normal,"ard,4,lor"
normal,"you,are,right,meanwhile,how's,project,twins,comin,up"
normal,"i,sent,your,maga,that,money,yesterday,oh"
normal,"heart,is,empty,without,love,mind,is,empty,without,wisdom,eyes,r,empty,without,dreams,amp,life,is,empty,without,frnds,so,alwys,be,in,touch,good,night,amp,sweet,dreams"
normal,"our,ride,equally,uneventful,not,too,many,of,those,pesky,cyclists,around,at,that,time,of,night"
normal,"if,you,wereare,free,i,can,give,otherwise,nalla,adi,entey,nattil,kittum"
normal,"i've,sent,my,wife,your,text,after,we,buy,them,she'll,tell,you,what,to,do,so,just,relax,we,should,go,get,them,this,wkend"
normal,"i,am,in,escape,theatre,now,going,to,watch,kavalan,in,a,few,minutes"
normal,"how,much,would,it,cost,to,hire,a,hitman"
normal,"i,anything,lor"
normal,"sorry,i'll,call,later"
normal,"huh,but,i,cant,go,2,ur,house,empty,handed,right"
normal,"good,morning,princess,happy,new,year"
normal,"aight,we'll,head,out,in,a,few"
normal,"then,wat,r,u,doing,now,busy,wif,work"
normal,"i,know,you,mood,off,today"
normal,"jay,told,me,already,will,do"
normal,"cps,is,causing,the,outages,to,conserve,energy"
normal,"i'm,not,sure,i,was,just,checking,out,what,was,happening,around,the,area"
normal,"hey,morning,what,you,come,to,ask,pa"
normal,"jordan,got,voted,out,last,nite"
normal,"that,means,you,got,an,a,in,epi,shes,fine,shes,here,now"
normal,"i,have,no,idea,where,you,are"
normal,"pls,come,quick,cant,bare,this"
normal,"joy's,father,is,john,then,john,is,the,of,joy's,father,if,u,ans,ths,you,hav,ltgt,iq,tis,s,ias,question,try,to,answer"
normal,"call,me,i,m,unable,to,cal,lets,meet,bhaskar,and,deep"
normal,"no,ill,meet,you,in,the,library"
normal,"k,my,roommate,also,wants,a,dubsack,and,another,friend,may,also,want,some,so,plan,on,bringing,extra,i'll,tell,you,when,they,know,for,sure"
normal,"depends,on,individual,lor,e,hair,dresser,say,pretty,but,my,parents,say,look,gong,u,kaypoh,i,also,dunno,wat,she,collecting"
normal,"ok,c,ü,then"
normal,"i,enjoy,watching,and,playing,football,and,basketball,anything,outdoors,and,you"
normal,"can,you,please,ask,macho,what,his,price,range,is,does,he,want,something,new,or,used,plus,it,he,only,interfued,in,the,blackberry,bold,ltgt,or,any,bb"
normal,"sorry,sent,blank,msg,again,yup,but,trying,2,do,some,serious,studying,now"
normal,"hey,check,it,da,i,have,listed,da"
normal,"i,meant,as,an,apology,from,me,for,texting,you,to,get,me,drugs,at,ltgt,at,night"
normal,"that,means,from,february,to,april,i'll,be,getting,a,place,to,stay,down,there,so,i,don't,have,to,hustle,back,and,forth,during,audition,season,as,i,have,since,my,sister,moved,away,from,harlem"
normal,"goin,to,workout,lor,muz,lose,e,fats"
normal,"damn,poor,zac,doesn't,stand,a,chance"
normal,"no,messageno,responcewhat,happend"
normal,"i,want,to,tel,u,one,thing,u,should,not,mistake,me,k,this,is,the,message,that,you,sent"
normal,"yeah,right,i'll,bring,my,tape,measure,fri"
normal,"still,chance,there,if,you,search,hard,you,will,get,itlet,have,a,try"
normal,"meeting,u,is,my,work,tel,me,when,shall,i,do,my,work,tomorrow"
normal,"should,i,head,straight,there,or,what"
normal,"thank,you,princess,you,are,so,sexy"
normal,"oooh,i,got,plenty,of,those"
normal,"hui,xin,is,in,da,lib"
normal,"its,a,big,difference,ltgt,versus,ltgt,every,ltgt,hrs"
normal,"it's,not,that,you,make,me,cry,it's,just,that,when,all,our,stuff,happens,on,top,of,everything,else,it,pushes,me,over,the,edge,you,don't,underdtand,how,often,i,cry,over,my,sorry,sorry,life"
normal,"me,2,babe,i,feel,the,same,lets,just,4get,about,itboth,try,cheer,upnot,fit,soo,muchxxlove,u,locaxx"
normal,"you,know,what,hook,up,means,right"
normal,"wat's,da,model,num,of,ur,phone"
normal,"he's,really,into,skateboarding,now,despite,the,fact,that,he,gets,thrown,off,of,it,and,winds,up,with,bandages,and,shit,all,over,his,arms,every,five,minutes"
normal,"my,house,here,e,sky,quite,dark,liao,if,raining,then,got,excuse,not,2,run,already,rite,hee"
normal,"sorry,left,phone,upstairs,ok,might,be,hectic,but,would,be,all,my,birds,with,one,fell,swoop,it's,a,date"
normal,"thought,i,didn't,see,you"
normal,"carlos,says,we,can,pick,up,from,him,later,so,yeah,we're,set"
normal,"hey,babe,my,friend,had,to,cancel,still,up,for,a,visit"
normal,"as,per,your,request,maangalyam,alaipayuthe,has,been,set,as,your,callertune,for,all,callers,press,9,to,copy,your,friends,callertune"
normal,"hmm,ill,have,to,think,about,it,ok,you're,forgiven,d"
normal,"we,are,hoping,to,get,away,by,7,from,langport,you,still,up,for,town,tonight"
normal,"want,to,send,me,a,virtual,hug,i,need,one"
normal,"probably,not,still,going,over,some,stuff,here"
normal,"it,has,issues,right,now,ill,fix,for,her,by,tomorrow"
normal,"why,i,come,in,between,you,people"
normal,"senthil,group,company,apnt,5pm"
normal,"oh,really,did,you,make,it,on,air,what's,your,talent"
normal,"studying,but,ill,be,free,next,weekend"
normal,"r,u,here,yet,i'm,wearing,blue,shirt,n,black,pants"
normal,"waiti,will,come,out,ltgt,min"
normal,"i,will,reach,ur,home,in,ltgt,minutes"
normal,"well,then,you,have,a,great,weekend"
normal,"what,are,you,doing,in,langport,sorry,but,i'll,probably,be,in,bed,by,9pm,it,sucks,being,ill,at,xmas,when,do,you,and,go2sri,lanka"
normal,"frnd,s,not,juz,a,wordnot,merely,a,relationshipits,a,silent,promise,which,says,i,will,be,with,you,wherevr,whenevr,forevr,gudnyt,dear"
normal,"huh,6,also,cannot,then,only,how,many,mistakes"
normal,"ha,u,jus,ate,honey,ar,so,sweet"
normal,"i'm,turning,off,my,phone,my,moms,telling,everyone,i,have,cancer,and,my,sister,won't,stop,calling,it,hurts,to,talk,can't,put,up,with,it,see,u,when,u,get,home,love,u"
normal,"honey,sweetheart,darling,sexy,buns,sugar,plum,loverboy,i,miss,you,boytoy,smacks,your,ass,did,you,go,to,the,gym,too"
normal,"thanks,for,loving,me,so,you,rock"
normal,"yeah,imma,come,over,cause,jay,wants,to,do,some,drugs"
normal,"ok,thanx,take,care,then"
normal,"yup,thk,of,u,oso,boring,wat"
normal,"came,to,look,at,the,flat,seems,ok,in,his,50s,is,away,alot,wiv,work,got,woman,coming,at,630,too"
normal,"moji,just,informed,me,that,you,saved,our,lives,thanks"
normal,"whos,this,am,in,class"
normal,"hey,r,ü,still,online,i've,finished,the,formatting"
normal,"great,so,what,attracts,you,to,the,brothas"
normal,"stupidits,not,possible"
normal,"i,cant,pick,the,phone,right,now,pls,send,a,message"
normal,"lol,what,happens,in,vegas,stays,in,vegas"
normal,"hello,hello,hi,lou,sorry,it,took,so,long,2,reply,i,left,mobile,at,friends,in,lancaster,just,got,it,bak,neway,im,sorry,i,couldnt,make,ur,bday,2,hun"
normal,"when,did,i,use,soc,i,use,it,only,at,home,ü,dunno,how,2,type,it,in,word,ar"
normal,"dad,says,hurry,the,hell,up"
normal,"wake,me,up,at,ltgt,am,morning"
normal,"i,get,out,of,class,in,bsn,in,like,ltgt,minutes,you,know,where,advising,is"
normal,"great,i,shoot,big,loads,so,get,ready"
normal,"i'll,meet,you,in,the,lobby"
normal,"you,still,coming,tonight"
normal,"what,happen,dear,tell,me"
normal,"sir,i,am,waiting,for,your,call,once,free,please,call,me"
normal,"no,i,am,not,having,not,any,movies,in,my,laptop"
normal,"i,was,about,to,do,it,when,i,texted,i,finished,a,long,time,ago,and,showered,and,er'ything"
normal,"ok,im,not,sure,what,time,i,finish,tomorrow,but,i,wanna,spend,the,evening,with,you,cos,that,would,be,vewy,vewy,lubly,love,me,xxx"
normal,"hello,as,per,request,from,ltgt,rs5,has,been,transfered,to,you"
normal,"i,am,in,tirupur,call,you,da"
normal,"sbut,he,had,some,luck2,catches,put,down"
normal,"how,i,noe,did,ü,specify,da,domain,as,nusstu,ü,still,in,sch"
normal,"ohi,asked,for,fun,hahatake,care,ü"
normal,"shall,i,get,my,pouch"
normal,"hey,loverboy,i,love,you,i,had,to,tell,i,look,at,your,picture,and,ache,to,feel,you,between,my,legs,fuck,i,want,you,i,need,you,i,crave,you"
normal,"how,is,my,boy,no,sweet,words,left,for,me,this,morning,sighs,how,goes,you,day,my,love,did,you,start,your,studying"
normal,"kent,vale,lor,ü,wait,4,me,there,ar"
normal,"ok,very,good,its,all,about,making,that,money"
normal,"reading,gud,habit,nan,bari,hudgi,yorge,pataistha,ertini,kano"
normal,"aight,do,you,still,want,to,get,money"
normal,"okok,okthenwhats,ur,todays,plan"
normal,"are,you,in,town,this,is,v,important"
normal,"sorry,pa,i,dont,knw,who,ru,pa"
normal,"wat,u,doing,there"
normal,"if,i,not,meeting,ü,all,rite,then,i'll,go,home,lor,if,ü,dun,feel,like,comin,it's,ok"
normal,"oh,i,will,get,paid,the,most,outstanding,one,is,for,a,commercial,i,did,for,hasbroin,august,they,made,us,jump,through,so,many,hoops,to,get,paid,still,not"
normal,"i,am,lateso,call,you,tomorrow,morningtake,care,sweet,dreamsu,and,meummifyingbye"
normal,"networking,technical,support,associate"
normal,"i'm,gonna,rip,out,my,uterus"
normal,"cool,do,you,like,swimming,i,have,a,pool,and,jacuzzi,at,my,house"
normal,"yeah,why,not,is,the,gang,all,ready"
normal,"blank,is,blank,but,wat,is,blank,lol"
normal,"i'm,in,a,movie,collect,car,oredi"
normal,"we,left,already,we,at,orchard,now"
normal,"nothing,splwat,abt,u,and,whr,ru"
normal,"no,chikku,nt,yet,ya,i'm,free"
normal,"aldrine,rakhesh,ex,rtm,herepls,callurgent"
normal,"the,search,4,happiness,is,1,of,d,main,sources,of,unhappiness,accept,life,the,way,it,comes,u,will,find,happiness,in,every,moment,u,live"
normal,"i'm,at,home,please,call"
normal,"i,guess,you,could,be,as,good,an,excuse,as,any,lol"
normal,"isn't,frnd,a,necesity,in,life,imagine,urself,witout,a,frnd,hw'd,u,feel,at,ur,colleg,wat'll,u,do,wth,ur,cell,wat,abt,functions,thnk,abt,events,espe'll,cared,missed,amp,irritated,u,4wrd,it,to,all,those,dearloving,frnds,wthout,whom,u,cant,live,i,jst,did,it,takecare,goodmorning"
normal,"gud,mrng,dear,hav,a,nice,day"
normal,"old,orchard,near,univ,how,about,you"
normal,"4,tacos,1,rajas,burrito,right"
normal,"its,6,to,get,in,is,that,ok"
normal,"hows,the,street,where,the,end,of,library,walk,is"
normal,"plz,note,if,anyone,calling,from,a,mobile,co,amp,asks,u,to,type,ltgt,or,ltgt,do,not,do,so,disconnect,the,callcoz,it,iz,an,attempt,of,terrorist,to,make,use,of,the,sim,card,no,itz,confirmd,by,nokia,n,motorola,n,has,been,verified,by,cnn,ibn"
normal,"we,stopped,to,get,ice,cream,and,will,go,back,after"
normal,"did,you,stitch,his,trouser"
normal,"no,da,vijay,going,to,talk,in,jaya,tv"
normal,"hey,i'm,bored,so,i'm,thinking,of,u,so,wat,r,u,doing"
normal,"nah,wednesday,when,should,i,bring,the,mini,cheetos,bag,over"
normal,"nobody,names,their,penis,a,girls,name,this,story,doesn't,add,up,at,all"
normal,"aight,let,me,know,when,you're,gonna,be,around,usf"
normal,"i'm,not,she,lip,synced,with,shangela"
normal,"ü,neva,tell,me,how,i,noe,i'm,not,at,home,in,da,aft,wat"
normal,"a,bit,of,ur,smile,is,my,hppnss,a,drop,of,ur,tear,is,my,sorrow,a,part,of,ur,heart,is,my,life,a,heart,like,mine,wil,care,for,u,forevr,as,my,goodfriend"
normal,"buzz,hey,my,love,i,think,of,you,and,hope,your,day,goes,well,did,you,sleep,in,i,miss,you,babe,i,long,for,the,moment,we,are,together,againloving,smile"
normal,"haha,sounds,crazy,dunno,can,tahan,anot"
normal,"why,are,u,up,so,early"
normal,"ya,that,one,is,slow,as,poo"
normal,"im,on,gloucesterroad,what,are,uup,to,later"
normal,"yeshere,tv,is,always,available,in,work,place"
normal,"lol,no,ouch,but,wish,i'd,stayed,out,a,bit,longer"
normal,"god,asked,what,is,forgiveness,a,little,child,gave,lovely,reply,it,is,d,wonderful,fruit,that,a,tree,gives,when,it,is,being,hurt,by,a,stone,good,night"
normal,"we'll,join,the,ltgt,bus"
normal,"was,just,about,to,ask,will,keep,this,one,maybe,that's,why,you,didn't,get,all,the,messages,we,sent,you,on,glo"
normal,"ki,will,send,in,ltgt,min"
normal,"would,me,smoking,you,out,help,us,work,through,this,difficult,time"
normal,"yesmum,lookin,strong"
normal,"sir,goodmorning,once,free,call,me"
normal,"where,are,you,call,me"
normal,"was,gr8,to,see,that,message,so,when,r,u,leaving,congrats,dear,what,school,and,wat,r,ur,plans"
normal,"love,it,the,girls,at,the,office,may,wonder,why,you,are,smiling,but,sore"
normal,"hi,wlcome,back,did,wonder,if,you,got,eaten,by,a,lion,or,something,nothing,much"
normal,"does,uncle,timi,help,in,clearing,cars"
normal,"i,came,hostel,i,m,going,to,sleep,plz,call,me,up,before,class,hrishi"
normal,"ok,but,bag,again"
normal,"hi,you,just,spoke,to,maneesha,v,we'd,like,to,know,if,you,were,satisfied,with,the,experience,reply,toll,free,with,yes,or,no"
normal,"ok,lor,msg,me,b4,u,call"
normal,"once,a,fishrman,woke,early,in,d,mrng,it,was,very,dark,he,waited,a,while,amp,found,a,sack,ful,of,stones,he,strtd,throwin,thm,in2,d,sea,2,pass,time,atlast,he,had,jus,1stone,sun,rose,up,amp,he,found,out,tht,those,r,nt,stones,those,were,diamonds,moraldont,wake,up,early,in,d,mrng,good,night"
normal,"then,ur,physics,get,a"
normal,"dear,friends,sorry,for,the,late,information,today,is,the,birthday,of,our,loving,arpraveesh,for,more,details,log,on,to,face,book,and,see,its,his,number,ltgt,dont,miss,a,delicious,treat"
normal,"how,r,ü,going,to,send,it,to,me"
normal,"can,you,do,online,transaction"
normal,"dear,got,train,and,seat,mine,lower,seat"
normal,"let,me,know,if,you,need,anything,else,salad,or,desert,or,something,how,many,beers,shall,i,get"
normal,"wat,r,u,doing"
normal,"whore,you,are,unbelievable"
normal,"are,you,sure,you,don't,mean,get,here,we,made,you,hold,all,the,weed"
normal,"i,love,you,you,know,can,you,feel,it,does,it,make,your,belly,warm,i,wish,it,does,my,love,i,shall,meet,you,in,your,dreams,ahmad,adoring,kiss"
normal,"love,it,i,want,to,flood,that,pretty,pussy,with,cum"
normal,"hey,are,you,angry,with,me,reply,me,dr"
normal,"short,but,cute,be,a,good,person,but,dont,try,to,prove,it,gud,noon"
normal,"also,remember,the,beads,don't,come,off,ever"
normal,"they,have,a,thread,on,the,wishlist,section,of,the,forums,where,ppl,post,nitro,requests,start,from,the,last,page,and,collect,from,the,bottom,up"
normal,"for,the,first,time,in,the,history,need,comfort,and,luxury,are,sold,at,same,price,in,india,onionrs,ltgt,petrolrs,ltgt,beerrs,ltgt,shesil,ltgt"
normal,"feb,ltgt,is,i,love,u,day,send,dis,to,all,ur,valued,frnds,evn,me,if,3,comes,back,u'll,gt,married,d,person,u,luv,if,u,ignore,dis,u,will,lose,ur,luv,4,evr"
normal,"actually,nvm,got,hella,cash,we,still,on,for,ltgt,ish"
normal,"it's,ok,at,least,armand's,still,around"
normal,"no,da,i,am,happy,that,we,sit,together,na"
normal,"yup,song,bro,no,creative,neva,test,quality,he,said,check,review,online"
normal,"no,dude,its,not,fakemy,frnds,got,money,thts,y,i'm,reffering,uif,u,member,wit,my,mail,link,u,vl,be,credited,ltgt,rs,and,il,be,getiing,ltgt,rsi,can,draw,my,acc,wen,it,is,ltgt,rs"
normal,"dude,while,were,makin,those,weirdy,brownies,my,sister,made,awesome,cookies,i,took,pics"
normal,"pls,dont,restrict,her,from,eating,anythin,she,likes,for,the,next,two,days"
normal,"mm,you,ask,him,to,come,its,enough"
normal,"at,the,funeral,home,with,audrey,and,dad"
normal,"aight,can,you,text,me,the,address"
normal,"excellent,wish,we,were,together,right,now"
normal,"yep,then,is,fine,730,or,830,for,ice,age"
normal,"pls,i,wont,belive,godnot,only,jesus"
normal,"can,dunno,wat,to,get,4,her"
normal,"not,yet,chikkuk,then,wat,abt,tht,guy,did,he,stopped,irritating,or,msging,to,u"
normal,"how,long,does,it,take,to,get,it"
normal,"this,is,my,number,by,vivek"
normal,"sorry,brah,just,finished,the,last,of,my,exams,what,up"
normal,"i,got,arrested,for,possession,at,i,shit,you,not,lttimegt,pm"
normal,"you,are,right,though,i,can't,give,you,the,space,you,want,and,need,this,is,really,starting,to,become,an,issue,i,was,going,to,suggest,setting,a,definite,move,outif,i'm,still,there,after,greece,but,maybe,you,are,ready,and,should,do,it,now"
normal,"just,normal,only,here"
normal,"please,protect,yourself,from,ethreats,sib,never,asks,for,sensitive,information,like,passwordsatmsms,pin,thru,email,never,share,your,password,with,anybody"
normal,"i,miss,you,so,much,i'm,so,desparate,i,have,recorded,the,message,you,left,for,me,the,other,day,and,listen,to,it,just,to,hear,the,sound,of,your,voice,i,love,you"
normal,"hi,i'm,always,online,on,yahoo,and,would,like,to,chat,with,you,someday"
normal,"goodmorningmy,grandfather,expiredso,am,on,leave,today"
normal,"where,are,you,what,are,you,doing,are,yuou,working,on,getting,the,pc,to,your,mom's,did,you,find,a,spot,that,it,would,work,i,need,you"
normal,"sure,i'll,see,if,i,can,come,by,in,a,bit"
normal,"i,agree,so,i,can,stop,thinkin,about,ipad,can,you,please,ask,macho,the,same,question"
normal,"let's,pool,our,money,together,and,buy,a,bunch,of,lotto,tickets,if,we,win,i,get,ltgt,u,get,ltgt,deal"
normal,ok
normal,"i,had,askd,u,a,question,some,hours,before,its,answer"
normal,"watching,tv,lor,nice,one,then,i,like,lor"
normal,"i'm,thinking,that,chennai,forgot,to,come,for,auction"
normal,"then,ü,come,n,pick,me,at,530,ar"
normal,"early,bird,any,purchases,yet"
normal,"went,to,pay,rent,so,i,had,to,go,to,the,bank,to,authorise,the,payment"
normal,"erm,ill,pick,you,up,at,about,645pm,that'll,give,enough,time,to,get,there,park,and,that"
normal,"hey,mate,hows,u,honeydid,u,ave,good,holiday,gimmi,de,gossx"
normal,"howz,painit,will,come,down,todaydo,as,i,said,ystrdayice,and,medicine"
normal,"chile,please,it's,only,a,ltdecimalgt,hour,drive,for,me,i,come,down,all,the,time,and,will,be,subletting,febapril,for,audition,season"
normal,"yes,ammaelife,takes,lot,of,turns,you,can,only,sit,and,try,to,hold,the,steering"
normal,"yeah,that's,what,i,thought,lemme,know,if,anything's,goin,on,later"
normal,"mmmm,i,cant,wait,to,lick,it"
normal,"pls,go,there,today,ltgt,i,dont,want,any,excuses"
normal,"can,you,plz,tell,me,the,ans,bslvyl,sent,via,fullonsmscom"
normal,"u,in,town,alone"
normal,"i,to,am,looking,forward,to,all,the,sex,cuddling,only,two,more,sleeps"
normal,"we,have,all,rounderso,not,required"
normal,"no,its,truekdo,u,knw,dis,no,ltgt"
normal,"dont,worry,1,day,very,big,lambu,ji,vl,cometil,then,enjoy,batchlor,party"
normal,"oh,ya,got,hip,hop,open,haha,i,was,thinking,can,go,for,jazz,then,zoom,to,cine,actually,tonight,i'm,free,leh,and,there's,a,kb,lesson,tonight"
normal,"i'm,ok,will,do,my,part,tomorrow"
normal,"no,but,we,found,a,diff,farm,shop,to,buy,some,cheese,on,way,back,now,can,i,call,in"
normal,"r,u,still,working,now"
normal,"yep,i,do,like,the,pink,furniture,tho"
normal,"customer,place,i,wil,cal,u,sir"
normal,"a,pure,hearted,person,can,have,a,wonderful,smile,that,makes,even,hisher,enemies,to,feel,guilty,for,being,an,enemy,so,catch,the,world,with,your,smile,goodmorning,amp,have,a,smiley,sunday"
normal,"thats,alrite,girl,u,know,gail,is,neva,wrongtake,care,sweet,and,dont,worryc,u,l8tr,hunlove,yaxxx"
normal,"theoretically,yeah,he,could,be,able,to,come"
normal,"alright,we're,hooked,up,where,you,guys,at"
normal,"not,that,i,know,of,most,people,up,here,are,still,out,of,town"
normal,"no,let,me,do,the,math,your,not,good,at,it"
normal,"oh,ok,wait,4,me,there,my,lect,havent,finish"
normal,"yeah,my,usual,guy's,out,of,town,but,there're,definitely,people,around,i,know"
normal,"i,am,joining,today,formallypls,keep,prayingwill,talk,later"
normal,"happy,or,sad,one,thing,about,past,is,its,no,more,good,morning"
normal,"no,did,you,multimedia,message,them,or,email"
normal,"okie,but,i,scared,u,say,i,fat,then,u,dun,wan,me,already"
normal,"did,u,get,that,message"
normal,"sorry,sir,i,will,call,you,tomorrow,senthilhsbc"
normal,"what,you,need,you,have,a,person,to,give,na"
normal,"she,left,it,very,vague,she,just,said,she,would,inform,the,person,in,accounting,about,the,delayed,rent,and,that,i,should,discuss,with,the,housing,agency,about,my,renting,another,place,but,checking,online,now,and,all,places,around,usc,are,ltgt,and,up"
normal,"hi,juan,im,coming,home,on,fri,hey,of,course,i,expect,a,welcome,party,and,lots,of,presents,ill,phone,u,when,i,get,back,loads,of,love,nicky,x,x,x,x,x,x,x,x,x"
normal,"can,you,plz,tell,me,the,ans,bslvyl,sent,via,fullonsmscom"
normal,"short,but,cute,be,a,good,person,but,dont,try,to,prove,it,gud,noon"
normal,"gumby's,has,a,special,where,a,ltgt,cheese,pizza,is,2,so,i,know,what,we're,doin,tonight"
normal,"like,a,personal,sized,or,what"
normal,"same,i'm,at,my,great,aunts,anniversary,party,in,tarpon,springs"
normal,"cab,is,availablethey,pick,up,and,drop,at,door,steps"
normal,"oktake,careumma,to,you,too"
normal,"unlimited,texts,limited,minutes"
normal,"no,problem,we,will,be,spending,a,lot,of,quality,time,together"
normal,"have,you,heard,from,this,week"
normal,"yes,last,practice"
normal,"no,thank,you,you've,been,wonderful"
normal,"otherwise,had,part,time,job,natuition"
normal,"ü,mean,it's,confirmed,i,tot,they,juz,say,oni,ok,then"
normal,okie
normal,"that,depends,how,would,you,like,to,be,treated"
normal,"right,on,brah,see,you,later"
normal,"waiting,in,e,car,4,my,mum,lor,u,leh,reach,home,already"
normal,"went,fast,asleep,deartake,care"
normal,"no,that,just,means,you,have,a,fat,head"
normal,"sounds,like,a,plan,cardiff,is,still,here,and,still,cold,i'm,sitting,on,the,radiator"
normal,"serious,what,like,proper,tongued,her"
normal,"shes,good,she,was,wondering,if,you,wont,say,hi,but,shes,smiling,now,so,how,are,you,coping,with,the,long,distance"
normal,"how,i,noe,she's,in,da,car,now,later,then,c,lar,i'm,wearing,shorts"
normal,"yeah,whatever,lol"
normal,"today,is,accept,dayu,accept,me,as,brother,sister,lover,dear1,best1,clos1,lvblefrnd,jstfrnd,cutefrnd,lifpartnr,belovd,swtheart,bstfrnd,no,rply,means,enemy"
normal,"ard,530,lor,i,ok,then,message,ü,lor"
normal,"ok,c,u,then"
normal,"eh,ur,laptop,got,no,stock,lei,he,say,mon,muz,come,again,to,take,a,look,c,got,a,not"
normal,"no,need,to,ke,qi,ü,too,bored,izzit,y,suddenly,thk,of,this"
normal,"i,wish,i,don't,think,its,gonna,snow,that,much,but,it,will,be,more,than,those,flurries,we,usually,get,that,melt,before,they,hit,the,ground,eek,we,haven't,had,snow,since,ltgt,before,i,was,even,born"
normal,"do,1,thing,change,that,sentence,into,because,i,want,2,concentrate,in,my,educational,career,im,leaving,here"
normal,"oh,really,perform,write,a,paper,go,to,a,movie,and,be,home,by,midnight,huh"
normal,"okay,lor,will,they,still,let,us,go,a,not,ah,coz,they,will,not,know,until,later,we,drop,our,cards,into,the,box,right"
normal,"how,izzit,still,raining"
normal,"as,if,i,wasn't,having,enough,trouble,sleeping"
normal,"i,havent,add,ü,yet,right"
normal,"lol,i,really,need,to,remember,to,eat,when,i'm,drinking,but,i,do,appreciate,you,keeping,me,company,that,night,babe,smiles"
normal,"babe,i,lost,you,will,you,try,rebooting"
normal,"yes,nigh,you,cant,aha"
normal,"i,thk,ü,gotta,go,home,by,urself,cos,i'll,b,going,out,shopping,4,my,frens,present"
normal,"nooooooo,i'm,gonna,be,bored,to,death,all,day,cable,and,internet,outage"
normal,"sos,any,amount,i,can,get,pls"
normal,"playin,space,poker,u"
normal,"how,come,guoyang,go,n,tell,her,then,u,told,her"
normal,"you,need,to,get,up,now"
normal,"they,r,giving,a,second,chance,to,rahul,dengra"
normal,"yeah,in,fact,he,just,asked,if,we,needed,anything,like,an,hour,ago,when,and,how,much"
normal,"when,the,first,strike,is,a,red,one,the,bird,antelope,begin,toplay,in,the,fieldof,selfindependence,believe,this,the,flower,of,contention,will,growrandom"
normal,"y,ü,wan,to,go,there,c,doctor"
normal,"does,daddy,have,a,bb,now"
normal,"she's,borderline,but,yeah,whatever"
normal,"i,got,a,call,from,a,landline,number,i,am,asked,to,come,to,anna,nagar,i,will,go,in,the,afternoon"
normal,"until,545,lor,ya,can,go,4,dinner,together"
normal,"i,will,be,gentle,princess,we,will,make,sweet,gentle,love"
normal,"how,u,doin,baby,girl,hope,u,are,okay,every,time,i,call,ure,phone,is,off,i,miss,u,get,in,touch"
normal,"sorry,went,to,bed,early,nightnight"
normal,"i,like,to,think,there's,always,the,possibility,of,being,in,a,pub,later"
normal,"hmm,yeah,if,your,not,too,grooved,out,and,im,looking,forward,to,my,pound,special"
normal,"i,got,to,video,tape,pple,type,in,message,lor,u,so,free,wan,2,help,me,hee,cos,i,noe,u,wan,2,watch,infernal,affairs,so,ask,u,along,asking,shuhui,oso"
normal,"hi,dude,hw,r,u,da,realy,mising,u,today"
normal,"me,hungry,buy,some,food,good,lei,but,mum,n,yun,dun,wan,juz,buy,a,little,bit"
normal,"i,probably,won't,eat,at,all,today,i,think,i'm,gonna,pop,how,was,your,weekend,did,u,miss,me"
normal,"i,knew,it,u,slept,v,late,yest,wake,up,so,late"
normal,"haha,dont,be,angry,with,yourself,take,it,as,a,practice,for,the,real,thing"
normal,"where,is,that,one,day,training"
normal,"so,i,could,kiss,and,feel,you,next,to,me"
normal,"have,a,nice,day,my,dear"
normal,"i,sent,lanre,fakeye's,eckankar,details,to,the,mail,box"
normal,"your,dad,is,back,in,ph"
normal,"if,you,ask,her,or,she,say,any,please,message"
normal,"if,e,timing,can,then,i,go,w,u,lor"
normal,"love,you,aathilove,u,lot"
normal,"i,was,just,callin,to,say,hi,take,care,bruv"
normal,"did,u,turn,on,the,heater,the,heater,was,on,and,set,to,ltgt,degrees"
normal,"thanks,for,your,message,i,really,appreciate,your,sacrifice,i'm,not,sure,of,the,process,of,direct,pay,but,will,find,out,on,my,way,back,from,the,test,tomorrow,i'm,in,class,now,do,have,a,wonderful,day"
normal,"that's,the,trouble,with,classes,that,go,well,you're,due,a,dodgey,one,expecting,mine,tomo,see,you,for,recovery,same,time,same,place"
normal,"wot,u,up,2,j"
normal,"night,night,see,you,tomorrow"
normal,"roger,that,were,probably,going,to,rem,in,about,20"
normal,"do,u,think,that,any,girl,will,propose,u,today,by,seing,ur,bloody,funky,shit,fucking,faceasssssholeeee"
normal,"i,wish,u,were,here,i,feel,so,alone"
normal,"reason,is,if,the,team,budget,is,available,at,last,they,buy,the,unsold,players,for,at,base,rate"
normal,"ceri,u,rebel,sweet,dreamz,me,little,buddy,c,ya,2moro,who,needs,blokes"
normal,"huh,i,cant,thk,of,more,oredi,how,many,pages,do,we,have"
normal,"his,frens,go,then,he,in,lor,not,alone,wif,my,mum,n,sis,lor"
normal,"nationwide,auto,centre,or,something,like,that,on,newport,road,i,liked,them,there"
normal,"hey,i,missed,you,tm,of,last,night,as,my,phone,was,on,the,charge,smiles,i,am,meeting,a,friend,shortly"
normal,"whatever,juliana,do,whatever,you,want"
normal,"friendship,is,not,a,game,to,play,it,is,not,a,word,to,say,it,doesn't,start,on,march,and,ends,on,may,it,is,tomorrow,yesterday,today"
normal,"hello,sort,of,out,in,town,already,that,so,dont,rush,home,i,am,eating,nachos,will,let,you,know,eta"
normal,"ok,lor,anyway,i,thk,we,cant,get,tickets,now,cos,like,quite,late,already,u,wan,2,go,look,4,ur,frens,a,not,darren,is,wif,them,now"
normal,"i,am,on,the,way,to,ur,home"
normal,"dizzamn,aight,i'll,ask,my,suitemates,when,i,get,back"
normal,"nimbomsons,yep,phone,knows,that,one,obviously,cos,thats,a,real,word"
normal,"i,love,to,cuddle,i,want,to,hold,you,in,my,strong,arms,right,now"
normal,"r,u,in,this,continent"
normal,"we'll,you,pay,over,like,ltgt,yrs,so,its,not,too,difficult"
normal,"kkwhen,will,you,give,treat"
normal,"he's,just,gonna,worry,for,nothing,and,he,won't,give,you,money,its,no,use"
normal,"did,you,get,any,gift,this,year,i,didnt,get,anything,so,bad"
normal,"somewhere,out,there,beneath,the,pale,moon,light,someone,think,in,of,u,some,where,out,there,where,dreams,come,true,goodnite,amp,sweet,dreams"
normal,"well,there's,a,pattern,emerging,of,my,friends,telling,me,to,drive,up,and,come,smoke,with,them,and,then,telling,me,that,i'm,a,weed,fiendmake,them,smoke,too,muchimpede,their,doing,other,things,so,you,see,how,i'm,hesitant"
normal,"ow,u,deyi,paid,60400thousadi,told,u,would,call"
normal,"im,fine,babes,aint,been,up,2,much,tho,saw,scary,movie,yest,its,quite,funny,want,2mrw,afternoon,at,town,or,mall,or,sumthinxx"
normal,"i'm,reaching,home,in,5,min"
normal,"forgot,you,were,working,today,wanna,chat,but,things,are,ok,so,drop,me,a,text,when,you're,free,bored,etc,and,i'll,ring,hope,all,is,well,nose,essay,and,all,xx"
normal,"ha,then,we,must,walk,to,everywhere,cannot,take,tram,my,cousin,said,can,walk,to,vic,market,from,our,hotel"
normal,"discussed,with,your,mother,ah"
normal,ok
normal,"sorry,i,can't,text,amp,drive,coherently,see,you,in,twenty"
normal,"in,which,place,i,can,get,rooms,cheap"
normal,"eek,that's,a,lot,of,time,especially,since,american,pie,is,like,8,minutes,long,i,can't,stop,singing,it"
normal,"gran,onlyfound,out,afew,days,agocusoon,honi"
normal,"university,of,southern,california"
normal,"we,have,to,pick,rayan,macleran,there"
normal,"u,gd,lor,go,shopping,i,got,stuff,to,do,u,wan,2,watch,infernal,affairs,a,not,come,lar"
normal,"well,balls,time,to,make,calls"
normal,"wat,time,ü,wan,today"
normal,"ltgt,in,mca,but,not,conform"
normal,"oh,ok,wat's,ur,email"
normal,"yes,princess,are,you,going,to,make,me,moan"
normal,"lol,its,ok,i,didn't,remember,til,last,nite"
normal,"anyway,many,good,evenings,to,u,s"
normal,"cool,i'll,text,you,in,a,few"
normal,"sorry,vikky,i'm,watching,olave,mandara,movie,kano,in,trishul,theatre,wit,my,frnds"
normal,"i'm,very,happy,for,you,babe,woo,hoo,party,on,dude"
normal,"i,am,taking,you,for,italian,food,how,about,a,pretty,dress,with,no,panties"
normal,"wot,u,up,2,thout,u,were,gonna,call,me,txt,bak,luv,k"
normal,"how,are,you,holding,up"
normal,"dont,flatter,yourself,tell,that,man,of,mine,two,pints,of,carlin,in,ten,minutes,please"
normal,"hope,you,are,not,scared"
normal,"i,cant,pick,the,phone,right,now,pls,send,a,message"
normal,"i'm,at,home,n,ready"
normal,"what,time,do,u,get,out"
normal,"i,am,literally,in,bed,and,have,been,up,for,like,ltgt,hours"
normal,"yes,my,reg,is,ciao"
normal,"if,you,mean,the,website,yes"
normal,"lol,or,i,could,just,starve,and,lose,a,pound,by,the,end,of,the,day"
normal,"yeah,that's,the,impression,i,got"
normal,"ok,ok,take,care,i,can,understand"
normal,"motivate,behind,every,darkness,there,is,a,shining,light,waiting,for,you,to,find,it,behind,every,best,friend,there,is,always,trust,and,love,bslvyl"
normal,"ya,ok,then,had,dinner"
normal,"i,was,slept,that,timeyou,there"
normal,"dont,make,ne,plans,for,nxt,wknd,coz,she,wants,us,to,come,down,then,ok"
normal,"when,is,school,starting,where,will,you,stay,what's,the,weather,like,and,the,food,do,you,have,a,social,support,system,like,friends,in,the,school,all,these,things,are,important"
normal,"ha,ha,nan,yalrigu,heltiniiyo,kothi,chikku,u,shared,many,things,wit,meso,far,i,didn't,told,any,body,and,even,uttered,a,word,abt,u,if,ur,trusting,me,so,much,how,can,i,tell,these,to,others,plz,nxt,time,dont,use,those,words,to,meok,chikkub"
normal,"noice,text,me,when,you're,here"
normal,"hi,di,is,yijue,we're,meeting,at,7,pm,at,esaplanade,tonight"
normal,"aight,i've,been,set,free,think,you,could,text,me,blake's,address,it,occurs,to,me,i'm,not,quite,as,sure,what,i'm,doing,as,i,thought,i,was"
normal,"hi,dear,we,saw,dear,we,both,are,happy,where,you,my,battery,is,low"
normal,"how,are,you,its,been,ages,how's,abj"
normal,"prof,you,have,passed,in,all,the,papers,in,this,sem,congrats,student,enna,kalaachutaarama,prof,gud,mrng"
normal,"dont,kick,coco,when,he's,down"
normal,"fyi,i'm,gonna,call,you,sporadically,starting,at,like,ltgt,bc,we,are,not,not,doin,this,shit"
normal,"hope,youre,not,having,too,much,fun,without,me,see,u,tomorrow,love,jess,x"
normal,"ok,i,wont,call,or,disturb,any,one,i,know,all,are,avoiding,me,i,am,a,burden,for,all"
normal,"i've,reached,home,n,i,bathe,liao,u,can,call,me,now"
normal,"was,the,actual,exam,harder,than,nbme"
normal,"a,lot,of,this,sickness,thing,going,round,take,it,easy,hope,u,feel,better,soon,lol"
normal,"god,picked,up,a,flower,and,dippeditinadew,lovingly,touched,itwhichturnedinto,u,and,the,he,gifted,tomeandsaidthis,friend,is,4u"
normal,"hey,sathya,till,now,we,dint,meet,not,even,a,single,time,then,how,can,i,saw,the,situation,sathya"
normal,"gam,gone,after,outstanding,innings"
normal,"o,i,played,smash,bros,ltgt,religiously"
normal,"sir,good,morning,hope,you,had,a,good,weekend,i,called,to,let,you,know,that,i,was,able,to,raise,ltgt,from,my,dad,he,however,said,he,would,make,the,rest,available,by,mid,feb,this,amount,is,still,quite,short,and,i,was,hoping,you,would,help,do,have,a,good,day,abiola"
normal,"hurry,home,soup,is,done"
normal,"no,no,i,will,check,all,rooms,befor,activities"
normal,"good,afternoon,my,love,it,was,good,to,see,your,words,on,ym,and,get,your,tm,very,smart,move,my,slave,smiles,i,drink,my,coffee,and,await,you"
normal,"quite,ok,but,a,bit,ex,u,better,go,eat,smth,now,else,i'll,feel,guilty"
normal,"lemme,know,when,you're,here"
normal,"he,needs,to,stop,going,to,bed,and,make,with,the,fucking,dealing"
normal,"how,are,you,my,love,are,you,with,your,brother,time,to,talk,english,with,him,grins,say,hey,muhommad,penny,says,hello,from,across,the,sea"
normal,"hey,doc,pls,i,want,to,get,nice,t,shirt,for,my,hubby,nice,fiting,ones,my,budget,is,ltgt,k,help,pls,i,will,load,d,card,abi,hwkeep,me,posted,luv,2,mj"
normal,"i,remain,unconvinced,that,this,isn't,an,elaborate,test,of,my,willpower"
normal,"life,is,nothing,wen,v,get,everything,but,life,is,everything,wen,v,miss,something,real,value,of,people,wil,be,realized,only,in,their,absence,gud,mrng"
normal,"how,are,you,i,miss,you"
normal,"i,ain't,answerin,no,phone,at,what,is,actually,a,pretty,reasonable,hour,but,i'm,sleepy"
normal,"hey,is,rite,u,put,10,evey,mnth,is,that,all"
normal,"i,am,going,to,bed,now,prin"
normal,"i,think,just,yourself,thanks,and,see,you,tomo"
normal,"if,u,dun,drive,then,how,i,go,2,sch"
normal,"i,not,at,home,now,lei"
normal,"ok,then,i,will,come,to,ur,home,after,half,an,hour"
normal,"do,u,hav,any,frnd,by,name,ashwini,in,ur,college"
normal,"jus,finish,my,lunch,on,my,way,home,lor,i,tot,u,dun,wan,2,stay,in,sch,today"
normal,"k,then,2marrow,are,you,coming,to,class"
normal,"pls,send,me,your,address,sir"
normal,"i,want,to,lick,your,pussy,now"
normal,"yo,you,gonna,still,be,in,stock,tomorrowtoday,i'm,trying,to,get,a,dubsack"
normal,"i'll,see,but,prolly,yeah"
normal,"thought,we,could,go,out,for,dinner,i'll,treat,you,seem,ok"
normal,"where,are,you,what,do,you,do,how,can,you,stand,to,be,away,from,me,doesn't,your,heart,ache,without,me,don't,you,wonder,of,me,don't,you,crave,me"
normal,"sorry,you,never,hear,unless,you,book,it,one,was,kinda,a,jokethet,were,really,looking,for,skinny,white,girls,the,other,was,one,lineyou,can,only,do,so,much,on,camera,with,that,something,like,that,they're,casting,on,the,look"
normal,"what,you,doinghow,are,you"
normal,"sure,thing,big,man,i,have,hockey,elections,at,6,shouldnt,go,on,longer,than,an,hour,though"
normal,"watch,lor,i,saw,a,few,swatch,one,i,thk,quite,ok,ard,116,but,i,need,2nd,opinion,leh"
normal,"hiya,do,u,like,the,hlday,pics,looked,horrible,in,them,so,took,mo,out,hows,the,camp,amrca,thing,speak,soon,serena"
normal,"babe,how,goes,that,day,what,are,you,up,to,i,miss,you,already,my,love,loving,kiss,i,hope,everything,goes,well"
normal,"yunny,i'm,goin,to,be,late"
normal,"doc,prescribed,me,morphine,cause,the,other,pain,meds,aren't,enough,waiting,for,my,mom,to,bring,it,that,med,should,kick,in,fast,so,i'm,gonna,try,to,be,on,later"
normal,"cool,want,me,to,go,to,kappa,or,should,i,meet,you,outside,mu"
normal,"hey,sexy,buns,have,i,told,you,i,adore,you,loverboy,i,hope,you,remember,to,thank,your,sister,in,law,for,those,meatballs,grins,i,love,you,babe"
normal,"may,b,approve,panalambut,it,should,have,more,posts"
normal,"sorry,i'll,call,later"
normal,"i,dont,thnk,its,a,wrong,calling,between,us"
normal,"me,i'm,not,workin,once,i,get,job"
normal,"and,by,when,you're,done,i,mean,now"
normal,"its,ur,luck,to,love,someone,its,ur,fortune,to,love,the,one,who,loves,u,but,its,a,miracle,to,love,a,person,who,can't,love,anyone,except,u,gud,nyt"
normal,"hi,baby,ive,just,got,back,from,work,and,i,was,wanting,to,see,u,allday,i,hope,i,didnt,piss,u,off,on,the,phone,today,if,u,are,up,give,me,a,call,xxx"
normal,"is,it,your,yahoo,boys,that,bring,in,the,perf,or,legal"
normal,"no,need,to,say,anything,to,me,i,know,i,am,an,outsider"
normal,"have,you,ever,had,one,foot,before"
normal,"just,got,to,ltgt"
normal,"good,no,dont,need,any,receiptswell,done,yes,please,tell,whats,her,number,i,could,ring,her"
normal,"ever,green,quote,ever,told,by,jerry,in,cartoon,a,person,who,irritates,u,always,is,the,one,who,loves,u,vry,much,but,fails,to,express,it,gud,nyt"
normal,"leave,it,wif,me,lar,ü,wan,to,carry,meh,so,heavy,is,da,num,98321561,familiar,to,ü"
normal,"beautiful,truth,expression,of,the,face,could,be,seen,by,everyone,but,the,depression,of,heart,could,be,understood,only,by,the,loved,ones,gud,ni8"
normal,"infact,happy,new,year,how,are,you,where,are,you,when,are,we,seeing"
normal,"that's,a,shame,maybe,cld,meet,for,few,hrs,tomo"
normal,"lol,i,would,but,despite,these,cramps,i,like,being,a,girl"
normal,"i,cant,wait,for,cornwall,hope,tonight,isnt,too,bad,as,well,but,its,rock,night,shite,anyway,im,going,for,a,kip,now,have,a,good,night,speak,to,you,soon"
normal,"pls,help,me,tell,sura,that,i'm,expecting,a,battery,from,hont,and,that,if,should,pls,send,me,a,message,about,how,to,download,movies,thanks"
normal,"haven't,found,a,way,to,get,another,app,for,your,phone,eh,will,you,go,to,the,net,cafe,did,you,take,that,job,geeee,i,need,you,babe,i,crave,to,see,you"
normal,"i,only,work,from,mon,to,thurs,but,sat,i,cant,leh,booked,liao,which,other,day,u,free"
normal,"ü,comin,to,fetch,us,oredi"
normal,"what's,nannys,address"
normal,"haf,u,eaten,wat,time,u,wan,me,2,come"
normal,"yo,call,me,when,you,get,the,chance,a,friend,of,mine,wanted,me,to,ask,you,about,a,big,order"
normal,"this,single,single,answers,are,we,fighting,plus,i,said,am,broke,and,you,didnt,reply"
normal,"it,certainly,puts,things,into,perspective,when,something,like,this,happens"
normal,"now,got,tv,2,watch,meh,u,no,work,today"
normal,"i,felt,sonot,any,conveying,reason,ese,he,what,about,me"
normal,"how's,it,going,got,any,exciting,karaoke,type,activities,planned,i'm,debating,whether,to,play,football,this,eve,feeling,lazy,though"
normal,"i,told,that,am,coming,on,wednesday"
normal,"its,ok,called,mom,instead,have,fun"
normal,"well,if,i'm,that,desperate,i'll,just,call,armand,again"
normal,"are,you,at,work,right,now"
normal,"haven't,heard,anything,and,he's,not,answering,my,texts,so,i'm,guessing,he,flaked,that,said,the,jb,is,fantastic"
normal,"mmmmmm,i,love,youso,much,ahmad,i,can't,wait,for,this,year,to,begin,as,every,second,takes,me,closer,to,being,at,your,side,happy,new,year,my,love"
normal,"pls,what's,the,full,name,of,joke's,school,cos,fees,in,university,of,florida,seem,to,actually,be,ltgt,k,pls,holla,back"
normal,"sorry,i'll,call,later"
normal,"ok,but,they,said,i've,got,wisdom,teeth,hidden,inside,n,mayb,need,2,remove"
normal,"and,pls,pls,drink,plenty,plenty,water"
normal,"how,are,you,doing,how's,the,queen,are,you,going,for,the,royal,wedding"
normal,"he's,in,lag,that's,just,the,sad,part,but,we,keep,in,touch,thanks,to,skype"
normal,"ok,lor,then,we,go,tog,lor"
normal,"two,teams,waiting,for,some,players"
normal,"can,ü,send,me,a,copy,of,da,report"
normal,"swhrt,how,u,deyhope,ur,ok,tot,about,u,2daylove,n,misstake,care"
normal,"ok,da,i,already,planned,i,wil,pick,you"
normal,"sorry,i'll,call,later,in,meeting"
normal,"i,just,really,need,shit,before,tomorrow,and,i,know,you,won't,be,awake,before,like,6"
normal,"i'm,good,have,you,registered,to,vote"
normal,"hmm,ok,i'll,stay,for,like,an,hour,cos,my,eye,is,really,sore"
normal,"dear,got,bus,directly,to,calicut"
normal,"mm,umma,ask,vava,also,to,come,tell,him,can,play,later,together"
normal,"well,the,general,price,is,ltgt,oz,let,me,know,ifwhenhow,much,you,want"
normal,"sorry,i'll,call,later"
normal,"each,moment,in,a,dayhas,its,own,valuemorning,brings,hopeafternoon,brings,faithevening,brings,luvnight,brings,restwish,u,find,them,all,todaygood,morning"
normal,"ltgt,w,jetton,ave,if,you,forgot"
normal,"ok,i'm,coming,home,now"
normal,"can,not,use,foreign,stamps,in,this,country"
normal,"sorry,it's,a,lot,of,friendofafriend,stuff,i'm,just,now,about,to,talk,to,the,actual,guy,who,wants,to,buy"
normal,"i,will,come,tomorrow,di"
normal,"wylie,update,my,weed,dealer,carlos,went,to,freedom,and,had,a,class,with,lunsford"
normal,"are,you,happy,baby,are,you,alright,did,you,take,that,job,i,hope,your,fine,i,send,you,a,kiss,to,make,you,smile,from,across,the,sea,kiss,kiss"
normal,"c,movie,is,juz,last,minute,decision,mah,juz,watch,2,lar,but,i,tot,ü,not,interested"
normal,"how,are,you,enjoying,this,semester,take,care,brother"
normal,"get,the,door,i'm,here"
normal,"lets,use,it,next,week,princess"
normal,"or,i,go,home,first,lar,ü,wait,4,me,lor,i,put,down,my,stuff,first"
normal,"i,want,kfc,its,tuesday,only,buy,2,meals,only,2,no,gravy,only,2,mark,2"
normal,"no,dahe,is,stupid,daalways,sending,like,thisdon,believe,any,of,those,messagepandy,is,a,mental"
normal,"oi,when,you,gonna,ring"
normal,"i,attended,but,nothing,is,there"
normal,"ard,530,like,dat,lor,we,juz,meet,in,mrt,station,then,ü,dun,haf,to,come,out"
normal,"no,dear,i,was,sleeping,p"
normal,"er,mw,im,filled,tuth,is,aight"
normal,"will,be,office,around,4,pm,now,i,am,going,hospital"
normal,"actually,i'm,waiting,for,2,weeks,when,they,start,putting,ad"
normal,"anything,lor,if,they,all,go,then,i,go,lor"
normal,"u,free,on,sat,rite,u,wan,2,watch,infernal,affairs,wif,me,n,darren,n,mayb,xy"
normal,"plz,note,if,anyone,calling,from,a,mobile,co,amp,asks,u,to,type,ltgt,or,ltgt,do,not,do,so,disconnect,the,callcoz,it,iz,an,attempt,of,terrorist,to,make,use,of,the,sim,card,no,itz,confirmd,by,nokia,n,motorola,n,has,been,verified,by,cnn,ibn"
normal,"yo,you,around,a,friend,of,mine's,lookin,to,pick,up,later,tonight"
normal,"stupid,auto,correct,on,my,phone"
normal,"double,eviction,this,week,spiral,and,michael,and,good,riddance,to,them"
normal,"the,world,suffers,a,lot,not,because,of,the,violence,of,bad,people,but,because,of,the,silence,of,good,people,gud,night"
normal,"ok,thats,cool,its,just,off,either,raglan,rd,or,edward,rd,behind,the,cricket,ground,gimme,ring,when,ur,closeby,see,you,tuesday"
normal,"buy,one,egg,for,me,daplease"
normal,"have,you,started,in,skye"
normal,"have,you,bookedthe,hut,and,also,your,time,off,how,are,you,by,the,way"
normal,"and,several,to,you,sir"
normal,"u,really,pig,leh,sleep,so,much,my,dad,wake,me,up,at,10,smth,2,eat,lunch,today"
normal,"i'm,at,home,please,call"
normal,"my,love,i,hope,your,not,doing,anything,drastic,don't,you,dare,sell,your,pc,or,your,phone"
normal,"now,only,i,reached,home,i,am,very,tired,now,i,will,come,tomorro"
normal,"life,style,garments,account,no,please"
normal,"lol,wtf,random,btw,is,that,your,lunch,break"
normal,"sez,hows,u,de,arab,boy,hope,u,r,all,good,give,my,love,2,evry1,love,ya,eshxxxxxxxxxxx"
normal,"the,lay,man,just,to,let,you,know,you,are,missed,and,thought,off,do,have,a,great,day,and,if,you,can,send,me,bimbo,and,ugo's,numbers,ill,appreciate,safe"
normal,"detroit,the,home,of,snow,enjoy,it"
normal,okie
normal,"aight,i'm,chillin,in,a,friend's,room,so,text,me,when,you're,on,the,way"
normal,"is,toshiba,portege,m100,gd"
normal,"well,welp,is,sort,of,a,semiobscure,internet,thing"
normal,"loosu,go,to,hospital,de,dont,let,it,careless"
normal,"how,much,for,an,eighth"
normal,"omg,joanna,is,freaking,me,out,she's,looked,thru,all,my,friends,to,find,photos,of,me,and,then,she's,asking,about,stuff,on,my,myspace,which,i,haven't,even,logged,on,in,like,a,year"
normal,"send,ur,birthdate,with,month,and,year,i,will,tel,u,ur,life,partner's,name,and,the,method,of,calculation,reply,must"
normal,"juz,now,havent,woke,up,so,a,bit,blur,blur,can,dad,went,out,liao,i,cant,cum,now,oso"
normal,"how,about,clothes,jewelry,and,trips"
normal,"aah,a,cuddle,would,be,lush,i'd,need,lots,of,tea,and,soup,before,any,kind,of,fumbling"
normal,"i,am,late,i,will,be,there,at"
normal,"sad,story,of,a,man,last,week,was,my,b'day,my,wife,did'nt,wish,me,my,parents,forgot,n,so,did,my,kids,i,went,to,work,even,my,colleagues,did,not,wish"
normal,"are,you,plans,with,your,family,set,in,stone"
normal,"pls,dont,forget,to,study"
normal,"you'll,never,believe,this,but,i,have,actually,got,off,at,taunton,wow"
normal,"den,only,weekdays,got,special,price,haiz,cant,eat,liao,cut,nails,oso,muz,wait,until,i,finish,drivin,wat,lunch,still,muz,eat,wat"
normal,"she,just,broke,down,a,list,of,reasons,why,nobody's,in,town,and,i,can't,tell,if,she's,being,sarcastic,or,just,faggy"
normal,"ltdecimalgt,m,but,its,not,a,common,car,here,so,its,better,to,buy,from,china,or,asia,or,if,i,find,it,less,expensive,ill,holla"
normal,"the,greatest,test,of,courage,on,earth,is,to,bear,defeat,without,losing,heartgn,tc"
normal,"sorry,im,stil,fucked,after,last,nite,went,tobed,at,430,got,up,4,work,at,630"
normal,"hey,so,whats,the,plan,this,sat"
normal,"beauty,sleep,can,help,ur,pimples,too"
normal,"great,hope,you,are,using,your,connections,from,mode,men,also,cos,you,can,never,know,why,old,friends,can,lead,you,to,today"
normal,"where,to,get,those"
normal,"kind,of,just,missed,train,cos,of,asthma,attack,nxt,one,in,half,hr,so,driving,in,not,sure,where,to,park"
normal,"ball,is,moving,a,lotwill,spin,in,last,so,very,difficult,to,bat"
normal,"haiyoh,maybe,your,hamster,was,jealous,of,million"
normal,"can,you,please,send,me,my,aunty's,number"
normal,"i'm,glad,you,are,following,your,dreams"
normal,"i've,reached,home,finally"
normal,"wn,u,r,hurt,by,d,prsn,who,s,close,2,u,do,fight,wit,dem,coz,somtimes,dis,fight,saves,a,relation,bt,being,quiet,leaves,nothin,in,a,relation,gud,eveb"
normal,"u,can,call,now"
normal,"science,tells,that,chocolate,will,melt,under,the,sunlight,please,don't,walk,under,the,sunlight,bcozi,don't,want,to,loss,a,sweet,friend"
normal,"yes,i,come,to,nyc,for,audiitions,and,am,trying,to,relocate"
normal,"i,pocked,you,up,there,before"
normal,"congrats,that's,great,i,wanted,to,tell,you,not,to,tell,me,your,score,cos,it,might,make,me,relax,but,its,motivating,me,so,thanks,for,sharing"
normal,"i,wud,never,mind,if,u,dont,miss,me,or,if,u,dont,need,me,but,u,wil,really,hurt,me,wen,u,need,me,amp,u,dont,tell,me,take,care"
normal,"hey,mr,whats,the,name,of,that,bill,brison,book,the,one,about,language,and,words"
normal,"okay,good,no,problem,and,thanx"
normal,"for,you,information,ikea,is,spelled,with,all,caps,that,is,not,yelling,when,you,thought,i,had,left,you,you,were,sitting,on,the,bed,among,the,mess,when,i,came,in,i,said,we,were,going,after,you,got,home,from,class,please,don't,try,and,bullshit,me,it,makes,me,want,to,listen,to,you,less"
normal,"call,me,when,u're,done"
normal,gwr
normal,"you,best,watch,what,you,say,cause,i,get,drunk,as,a,motherfucker"
normal,"hurt,me,tease,me,make,me,cry,but,in,the,end,of,my,life,when,i,die,plz,keep,one,rose,on,my,grave,and,say,stupid,i,miss,u,have,a,nice,day,bslvyl"
normal,"erm,woodland,avenue,somewhere,do,you,get,the,parish,magazine,his,telephone,number,will,be,in,there"
normal,"are,there,ta,jobs,available,let,me,know,please,cos,i,really,need,to,start,working"
normal,"aiyar,hard,2,type,u,later,free,then,tell,me,then,i,call,n,scold,n,tell,u"
normal,"yup,i'm,free"
normal,"good,good,billy,mates,all,gone,just,been,jogging,again,did,enjoy,concert"
normal,"yo,come,over,carlos,will,be,here,soon"
normal,"awww,dat,is,sweet,we,can,think,of,something,to,do,he,he,have,a,nice,time,tonight,ill,probably,txt,u,later,cos,im,lonely,xxx"
normal,"i,guess,it,is,useless,calling,u,4,something,important"
normal,"ha,ha,had,popped,down,to,the,loo,when,you,helloed,me,hello"
normal,"he,dint,tell,anything,he,is,angry,on,me,that,why,you,told,to,abi"
normal,"it,so,happens,that,there,r,2waxsto,do,wat,you,want,she,can,come,and,ill,get,her,medical,insurance,and,she'll,be,able,to,deliver,and,have,basic,care,i'm,currently,shopping,for,the,right,medical,insurance,for,her,so,just,give,me,til,friday,morning,thats,when,ill,see,the,major,person,that,can,guide,me,to,the,right,insurance"
normal,"i,keep,ten,rs,in,my,shelf,buy,two,egg"
normal,"i,wasn't,well,babe,i,have,swollen,glands,at,my,throat,what,did,you,end,up,doing"
normal,"is,ur,changes,2,da,report,big,cos,i've,already,made,changes,2,da,previous,report"
normal,"captain,is,in,our,room"
normal,"i,can't,speak,bcaz,mobile,have,problem,i,can,listen,you,but,you,cann't,listen,my,voice,so,i,calls,you,later"
normal,"hiya,stu,wot,u,up,2im,in,so,much,truble,at,home,at,moment,evone,hates,me,even,u,wot,the,hell,av,i,done,now,y,wont,u,just,tell,me,text,bck,please,luv,dan"
normal,"si,will,take,mokka,players,only"
normal,"are,you,still,playing,with,gautham"
normal,"hey,mr,and,i,are,going,to,the,sea,view,and,having,a,couple,of,gays,i,mean,games,give,me,a,bell,when,ya,finish"
normal,"k,jason,says,he's,gonna,be,around,so,i'll,be,up,there,around,ltgt"
normal,"sorry,i,will,be,able,to,get,to,you,see,you,in,the,morning"
normal,"aight,well,keep,me,informed"
normal,"i,am,not,having,her,number,sir"
normal,"am,only,searching,for,good,dual,sim,mobile,pa"
normal,"that,seems,unnecessarily,hostile"
normal,"dude,got,a,haircut,now,its,breezy,up,there"
normal,"1appledayno,doctor,1tulsi,leafdayno,cancer,1lemondayno,fat,1cup,milkdayno,bone,problms,3,litres,watrdayno,diseases,snd,ths,2,whom,u,care"
normal,"i,thought,we,were,doing,a,king,of,the,hill,thing,there"
normal,"nope,i'll,come,online,now"
normal,"also,tell,him,i,said,happy,birthday"
normal,"y,bishan,lei,i,tot,ü,say,lavender"
normal,"boo,what,time,u,get,out,u,were,supposed,to,take,me,shopping,today"
normal,"now,u,sound,like,manky,scouse,boy,stevelike,i,is,travelling,on,da,bus,homewot,has,u,inmind,4,recreation,dis,eve"
normal,"fyi,i'm,taking,a,quick,shower,be,at,epsilon,in,like,ltgt,min"
normal,"on,a,tuesday,night,r,u,4,real"
normal,"yes,when,is,the,appt,again"
normal,"just,got,outta,class,gonna,go,gym"
normal,"i,want,to,sent,ltgt,mesages,today,thats,y,sorry,if,i,hurts"
normal,"ü,all,write,or,wat"
normal,"ha,i,wouldn't,say,that,i,just,didn't,read,anything,into,way,u,seemed,i,don't,like,2,be,judgementali,save,that,for,fridays,in,the,pub"
normal,"its,a,valentine,game,send,dis,msg,to,all,ur,friends,if,5,answers,r,d,same,then,someone,really,loves,u,ques,which,colour,suits,me,the,best"
normal,"hidid,you,asked,to,waheeda,fathima,about,leave"
normal,"enjoy,urself,tmr"
normal,"you,still,around,i,could,use,a,half8th"
normal,"you,give,us,back,my,id,proof,and,ltgt,rs,we,wont,allow,you,to,work,we,will,come,to,your,home,within,days"
normal,"ü,bot,notes,oredi,cos,i,juz,rem,i,got"
normal,"yes,rent,is,very,expensive,so,its,the,way,we,save"
normal,"night,has,ended,for,another,day,morning,has,come,in,a,special,way,may,you,smile,like,the,sunny,rays,and,leaves,your,worries,at,the,blue,blue,bay,gud,mrng"
normal,"hows,the,pain,deary,r,u,smiling"
normal,"fun,fact,although,you,would,think,armand,would,eventually,build,up,a,tolerance,or,some,shit,considering,how,much,he,smokes,he,gets,fucked,up,in,like,2,hits"
normal,"sorry,i,can't,help,you,on,this"
normal,"great,so,should,i,send,you,my,account,number"
normal,"hellogorgeous,hows,u,my,fone,was,on,charge,lst,nitw,wen,u,texd,me,hopeu,ad,a,nice,wkend,as,im,sure,u,did,lookin,4ward,2,cin,u,2mrw,luv,jaz"
normal,"ü,only,send,me,the,contents,page"
normal,"night,sweet,sleep,well,i've,just,been,to,see,the,exorcism,of,emily,rose,and,may,never,sleep,again,hugs,and,snogs"
normal,"don't,think,about,what,u,have,got,think,about,how,to,use,it,that,you,have,got,good,ni8"
normal,"i,can't,right,this,second,gotta,hit,people,up,first"
normal,"evry,emotion,dsn't,hav,wordsevry,wish,dsn't,hav,prayrs,if,u,smiled,world,is,wit,uothrwise,even,d,drop,of,tear,dsn't,lik,2,stay,wit,uso,b,happy,good,morning,keep,smiling"
normal,"so,what,about,you,what,do,you,remember"
normal,"ujhhhhhhh,computer,shipped,out,with,address,to,sandiago,and,parantella,lane,wtf,poop"
normal,"mm,yes,dear,look,how,i,am,hugging,you,both,p"
normal,"i,like,dis,sweater,fr,mango,but,no,more,my,size,already,so,irritating"
normal,"1,i,don't,have,her,number,and,2,its,gonna,be,a,massive,pain,in,the,ass,and,i'd,rather,not,get,involved,if,that's,possible"
normal,"anytime,lor"
normal,"purity,of,friendship,between,two,is,not,about,smiling,after,reading,the,forwarded,messageits,about,smiling,just,by,seeing,the,name,gud,evng"
normal,"me,fineabsolutly,fine"
normal,"k,and,you're,sure,i,don't,have,to,have,consent,forms,to,do,it,v"
normal,"how,much,is,torch,in,9ja"
normal,"doing,nothing,then,u,not,having,dinner,w,us"
normal,"how,are,you,just,checking,up,on,you"
normal,"done,it,but,internet,connection,v,slow,and,cant,send,it,will,try,again,later,or,first,thing,tomo"
normal,"mathews,or,tait,or,edwards,or,anderson"
normal,"yeah,sure,thing,mate,haunt,got,all,my,stuff,sorted,but,im,going,sound,anyway,promoting,hex,for,by,the,way,who,is,this,dont,know,number,joke"
normal,"no,need,lar,i,go,engin,cos,my,sis,at,arts,today"
normal,"thanks,honey,but,still,haven't,heard,anything,i,will,leave,it,a,bit,longer,so,not,2,crowd,him,and,will,try,later,great,advice,thanks,hope,cardiff,is,still,there"
normal,"im,on,the,snowboarding,trip,i,was,wondering,if,your,planning,to,get,everyone,together,befor,we,goa,meet,and,greet,kind,of,affair,cheers"
normal,"si'm,watching,it,in,live"
normal,"see,you,then,we're,all,christmassy,here"
normal,"k,i'm,ready,ltgt"
normal,"do,you,know,why,god,created,gap,between,your,fingers,so,that,one,who,is,made,for,you,comes,amp,fills,those,gaps,by,holding,your,hand,with,love"
normal,"the,greatest,test,of,courage,on,earth,is,to,bear,defeat,without,losing,heartgn,tc"
normal,"what,are,your,new,years,plans"
normal,"baaaaaaaabe,wake,up,i,miss,you,i,crave,you,i,need,you"
normal,"only,just,got,this,message,not,ignoring,you,yes,i,was,shopping,that,is"
normal,"dear,why,you,mood,off,i,cant,drive,so,i,brother,to,drive"
normal,"when,did,dad,get,back"
normal,"can,you,tell,shola,to,please,go,to,college,of,medicine,and,visit,the,academic,department,tell,the,academic,secretary,what,the,current,situation,is,and,ask,if,she,can,transfer,there,she,should,ask,someone,to,check,sagamu,for,the,same,thing,and,lautech,its,vital,she,completes,her,medical,education,in,nigeria,its,less,expensive,much,less,expensive,unless,she,will,be,getting,citizen,rates,in,new,zealand"
normal,"yes,just,finished,watching,days,of,our,lives,i,love,it"
normal,"juz,go,google,n,search,4,qet"
normal,"many,times,we,lose,our,best,ones,bcoz,we,are"
normal,"good,friends,care,for,each,other,close,friends,understand,each,other,and,true,friends,stay,forever,beyond,words,beyond,time,gud,ni8"
normal,"just,getting,back,home"
normal,"sorry,i'll,call,later,ltgt,mins"
normal,"dun,need,to,use,dial,up,juz,open,da,browser,n,surf"
normal,"awesome,plan,to,get,here,any,time,after,like,ltgt,i'll,text,you,details,in,a,wee,bit"
normal,"take,care,and,sleep,wellyou,need,to,learn,to,change,in,lifeyou,only,need,to,get,convinced,on,thati,will,wait,but,no,more,conversations,between,usget,convinced,by,that,timeyour,family,is,over,for,you,in,many,sensesrespect,them,but,not,overemphasiseor,u,have,no,role,in,my,life"
normal,"you,also,didnt,get,na,hi,hi,hi,hi,hi"
normal,"ya,but,it,cant,display,internal,subs,so,i,gotta,extract,them"
normal,"if,i,said,anything,wrong,sorry,de"
normal,"sad,story,of,a,man,last,week,was,my,b'day,my,wife,did'nt,wish,me,my,parents,forgot,n,so,did,my,kids,i,went,to,work,even,my,colleagues,did,not,wish"
normal,"how,stupid,to,say,that,i,challenge,godyou,dont,think,at,all,on,what,i,write,instead,you,respond,immed"
normal,"yeah,i,should,be,able,to,i'll,text,you,when,i'm,ready,to,meet,up"
normal,"v,skint,too,but,fancied,few,bevieswaz,gona,go,meet,othrs,in,spoon,but,jst,bin,watchng,planet,earthsofa,is,v,comfey,if,i,dont,make,it,hav,gd,night"
normal,"says,that,he's,quitting,at,least5times,a,day,so,i,wudn't,take,much,notice,of,that,nah,she,didn't,mind,are,you,gonna,see,him,again,do,you,want,to,come,to,taunton,tonight,u,can,tell,me,all,about"
normal,"when,you,get,free,call,me"
normal,"how,have,your,little,darlings,been,so,far,this,week,need,a,coffee,run,tomocan't,believe,it's,that,time,of,week,already"
normal,"ok,i,msg,u,b4,i,leave,my,house"
normal,"still,at,west,coast,haiz,ü'll,take,forever,to,come,back"
normal,"mmm,fuck,merry,christmas,to,me"
normal,"alright,thanks,for,the,advice,enjoy,your,night,out,i'ma,try,to,get,some,sleep"
normal,"update,your,face,book,status,frequently"
normal,"just,now,saw,your,messageit,k,da"
normal,"was,it,something,u,ate"
normal,"so,what,did,the,bank,say,about,the,money"
normal,"aiyar,dun,disturb,u,liao,thk,u,have,lots,2,do,aft,ur,cupboard,come"
normal,"hey,they,r,not,watching,movie,tonight,so,i'll,prob,b,home,early"
normal,"yar,lor,how,u,noe,u,used,dat,route,too"
normal,"2mro,i,am,not,coming,to,gym,machan,goodnight"
normal,"dont,think,you,need,yellow,card,for,uk,travel,ask,someone,that,has,gone,before,if,you,do,its,just,ltgt,bucks"
normal,"can,u,look,4,me,in,da,lib,i,got,stuff,havent,finish,yet"
normal,"sounds,great,im,going,to,sleep,now,have,a,good,night"
normal,"housemaid,is,the,murderer,coz,the,man,was,murdered,on,ltgt,th,january,as,public,holiday,all,govtinstituitions,are,closedincluding,post,officeunderstand"
normal,"how,come,u,got,nothing,to,do"
normal,"nothing,will,ever,be,easy,but,don't,be,looking,for,a,reason,not,to,take,a,risk,on,life,and,love"
normal,"i,want,to,grasp,your,pretty,booty"
normal,"i've,got,it,down,to,a,tea,not,sure,which,flavour"
normal,"i'm,going,2,orchard,now,laready,me,reaching,soon,u,reaching"
normal,"dear,i,am,not,denying,your,words,please"
normal,"you,know,my,old,dom,i,told,you,about,yesterday,his,name,is,roger,he,got,in,touch,with,me,last,night,and,wants,me,to,meet,him,today,at,2,pm"
normal,"come,back,to,tampa,ffffuuuuuuu"
normal,"2,celebrate,my,bday,y,else"
normal,"merry,christmas,to,u,too,annie"
normal,"please,tell,me,you,have,some,of,that,special,stock,you,were,talking,about"
normal,"i,sent,them,do,you,like"
normal,"awesome,be,there,in,a,minute"
normal,"and,that,is,the,problem,you,walk,around,in,julianaland,oblivious,to,what,is,going,on,around,you,i,say,the,same,things,constantly,and,they,go,in,one,ear,and,out,the,other,while,you,go,off,doing,whatever,you,want,to,do,it's,not,that,you,don't,know,why,i'm,upsetit's,that,you,don't,listen,when,i,tell,you,what,is,going,to,upset,me,then,you,want,to,be,surprised,when,i'm,mad"
normal,"i've,told,you,everything,will,stop,just,dont,let,her,get,dehydrated"
normal,"or,i,guess,ltgt,min"
normal,"i'm,home,ard,wat,time,will,u,reach"
normal,"storming,msg,wen,u,lift,d,phne,u,say,hello,do,u,knw,wt,is,d,real,meaning,of,hello,it's,d,name,of,a,girl,yes,and,u,knw,who,is,dat,girl,margaret,hello,she,is,d,girlfrnd,f,grahmbell,who,invnted,telphone,moralone,can,4get,d,name,of,a,person,bt,not,his,girlfrnd,g,o,o,d,n,i,g,h,t"
normal,"if,you,want,to,mapquest,it,or,something,look,up,usf,dogwood,drive,that's,the,tiny,street,where,the,parking,lot,is"
normal,"aight,should,i,just,plan,to,come,up,later,tonight"
normal,"die,i,accidentally,deleted,e,msg,i,suppose,2,put,in,e,sim,archive,haiz,i,so,sad"
normal,"this,is,wishing,you,a,great,day,moji,told,me,about,your,offer,and,as,always,i,was,speechless,you,offer,so,easily,to,go,to,great,lengths,on,my,behalf,and,its,stunning,my,exam,is,next,friday,after,that,i,will,keep,in,touch,more,sorry"
normal,"thanks,again,for,your,reply,today,when,is,ur,visa,coming,in,and,r,u,still,buying,the,gucci,and,bags,my,sister,things,are,not,easy,uncle,john,also,has,his,own,bills,so,i,really,need,to,think,about,how,to,make,my,own,money,later,sha"
normal,"sorry,i,flaked,last,night,shit's,seriously,goin,down,with,my,roommate,what,you,up,to,tonight"
normal,"he,said,i,look,pretty,wif,long,hair,wat,but,i,thk,he's,cutting,quite,short,4,me,leh"
normal,"ranjith,cal,drpd,deeraj,and,deepak,5min,hold"
normal,"cheers,for,callin,babesozi,culdnt,talkbut,i,wannatell,u,details,later,wenwecan,chat,properly,x"
normal,"hey,u,still,at,the,gym"
normal,"she,said,do,u,mind,if,i,go,into,the,bedroom,for,a,minute,ok,i,sed,in,a,sexy,mood,she,came,out,5,minuts,latr,wid,a,caken,my,wife"
normal,"much,better,now,thanks,lol"
normal,"nothing,smsing,u,n,xy,lor,sorry,lor,da,guys,neva,c,u,in,person,but,they,sort,of,know,u,lor,so,u,wan,2,meet,them,xy,ask,me,2,bring,u,along,4,our,next,meeting"
normal,"lemme,know,when,i,can,swing,by,and,pick,up,i'm,free,basically,any,time,after,1,all,this,semester"
normal,"wa,u,so,efficient,gee,thanx"
normal,"s,but,not,able,to,sleep"
normal,"we,will,meet,soon,princess,ttyl"
normal,"i'll,pick,you,up,at,about,515pm,to,go,to,taunton,if,you,still,want,to,come"
normal,"oh,only,4,outside,players,allowed,to,play,know"
normal,"i,anything,lor"
normal,"erutupalam,thandiyachu"
normal,"y,cant,u,try,new,invention,to,flyi'm,not,joking"
normal,"noits,ful,of,song,lyrics"
normal,"what,do,u,reckon,as,need,2,arrange,transport,if,u,can't,do,it,thanks"
normal,"true,lov,n,care,wil,nevr,go,unrecognized,though,somone,often,makes,mistakes,when,valuing,it,but,they,will,definitly,undrstnd,once,when,they,start,missing,it"
normal,"shopping,eh,ger,i,toking,abt,syd,lehhaha"
normal,"what,not,under,standing"
normal,"have,good,weekend"
normal,"miss,call,miss,call,khelate,kintu,opponenter,miss,call,dhorte,lage,thats,d,rule,one,with,great,phone,receiving,quality,wins"
normal,"call,me,when,you,get,the,chance,plz,lt3"
normal,"the,new,deus,ex,game,comin,early,next,yr"
normal,"my,computer,just,fried,the,only,essential,part,we,don't,keep,spares,of,because,my,fucking,idiot,roommates,looovvve,leaving,the,thing,running,on,full,ltgt,7"
normal,"my,friend,she's,studying,at,warwick,we've,planned,to,go,shopping,and,to,concert,tmw,but,it,may,be,canceled,havn't,seen,for,ages,yeah,we,should,get,together,sometime"
normal,"probably,a,couple,hours,tops"
normal,"lol,grins,i'm,not,babe,but,thanks,for,thinking,of,me"
normal,"man,this,bus,is,so,so,so,slow,i,think,you're,gonna,get,there,before,me"
normal,"hope,this,text,meets,you,smiling,if,not,then,let,this,text,give,you,a,reason,to,smile,have,a,beautiful,day"
normal,"in,case,you,wake,up,wondering,where,i,am,i,forgot,i,have,to,take,care,of,something,for,grandma,today,should,be,done,before,the,parade"
normal,ok
normal,"nvm,take,ur,time"
normal,"so,wat's,da,decision"
normal,"wot,is,u,up,2,then,bitch"
normal,"stupidits,not,possible"
normal,"she,told,to,hr,that,he,want,posting,in,chennaibecause,i'm,working,here"
normal,"when,are,you,guys,leaving"
normal,"he,neva,grumble,but,i,sad,lor,hee,buy,tmr,lor,aft,lunch,but,we,still,meetin,4,lunch,tmr,a,not,neva,hear,fr,them,lei,ü,got,a,lot,of,work,ar"
normal,"not,able,to,do,anything"
normal,"ü,takin,linear,algebra,today"
normal,"this,weekend,is,fine,an,excuse,not,to,do,too,much,decorating"
normal,"sorry,i,missed,you,babe,i,was,up,late,and,slept,in,i,hope,you,enjoy,your,driving,lesson,boytoy,i,miss,you,too,teasing,kiss"
normal,"now,project,pa,after,that,only,i,can,come"
normal,"sure,whenever,you,show,the,fuck,up,gt"
normal,"that,was,random,saw,my,old,roomate,on,campus,he,graduated"
normal,"men,always,needs,a,beautiful,intelligent,caring,loving,adjustable,cooperative,wife,but,the,law,allows,only,one,wife"
normal,"that,sucks,so,what,do,you,got,planned,for,your,yo,valentine,i,am,your,yo,valentine,aren't,i"
normal,"just,got,part,nottingham,3,hrs,63miles,good,thing,i,love,my,man,so,much,but,only,doing,40mph,hey,ho"
normal,"what,to,think,no,one,saying,clearly,ok,leave,no,need,to,ask,her,i,will,go,if,she,come,or,not"
normal,"hi,good,mornin,thanku,wish,u,d,same"
normal,"do,u,want,2,meet,up,2morro"
normal,"actually,i,decided,i,was,too,hungry,so,i,haven't,left,yet,v"
normal,"i've,sent,ü,my,part"
normal,"cos,i,was,out,shopping,wif,darren,jus,now,n,i,called,him,2,ask,wat,present,he,wan,lor,then,he,started,guessing,who,i,was,wif,n,he,finally,guessed,darren,lor"
normal,"understand,his,loss,is,my,gain,so,do,you,work,school"
normal,"how,are,u,i,have,missed,u,i,havent,been,up,2,much,a,bit,bored,with,the,holiday,want,2,go,bak,2,college,sad,isnt,itxx"
normal,"hiya,probably,coming,home,weekend,after,next"
normal,"don't,forget,though,that,i,love,you,and,i,walk,beside,you,watching,over,you,and,keeping,your,heart,warm"
normal,"i,wish,things,were,different,i,wonder,when,i,will,be,able,to,show,you,how,much,i,value,you,pls,continue,the,brisk,walks,no,drugs,without,askin,me,please,and,find,things,to,laugh,about,i,love,you,dearly"
normal,"ok,both,our,days,so,what,are,you,making,for,dinner,tonite,am,i,invited"
normal,"i,have,no,money,4,steve,mate"
normal,"im,late,tellmiss,im,on,my,way"
normal,"never,blame,a,day,in,ur,life,good,days,give,u,happiness,bad,days,give,u,experience,both,are,essential,in,life,all,are,gods,blessings,good,morning"
normal,"normally,i,use,to,drink,more,water,daily"
normal,"dare,i,ask,any,luck,with,sorting,out,the,car"
normal,"party's,at,my,place,at,usf,no,charge,but,if,you,can,contribute,in,any,way,it,is,greatly,appreciated,and,yeah,we,got,room,for,one,more"
normal,"urgh,coach,hot,smells,of,chip,fat,thanks,again,especially,for,the,duvet,not,a,predictive,text,word"
normal,"hiya,how,was,last,night,i've,been,naughty,and,bought,myself,clothes,and,very,little,ready,for,more,shopping,tho,what,kind,of,time,do,you,wanna,meet"
normal,"i've,been,trying,to,reach,him,without,success"
normal,"when,you,and,derek,done,with,class"
normal,"never,y,lei,i,v,lazy,got,wat,dat,day,ü,send,me,da,url,cant,work,one"
normal,"never,try,alone,to,take,the,weight,of,a,tear,that,comes,out,of,ur,heart,and,falls,through,ur,eyes,always,remember,a,stupid,friend,is,here,to,share,bslvyl"
normal,"hey,mate,spoke,to,the,mag,people,were,on,the,is,deliver,by,the,end,of,the,month,deliver,on,the,24th,sept,talk,later"
normal,"hope,you,are,having,a,good,week,just,checking,in"
normal,"haha,my,friend,tyler,literally,just,asked,if,you,could,get,him,a,dubsack"
normal,"hey,do,u,fancy,meetin,me,at,4,at,cha,hav,a,lil,beverage,on,me,if,not,txt,or,ring,me,and,we,can,meet,up,l8r,quite,tired,got,in,at,3,vpist,love,pete,x,x,x"
normal,"great,have,a,safe,trip,dont,panic,surrender,all"
normal,"symptoms,when,u,are,in,love,1u,like,listening,songs,2u,get,stopped,where,u,see,the,name,of,your,beloved,3u,won't,get,angry,when,your"
normal,"sun,ah,thk,mayb,can,if,dun,have,anythin,on,thk,have,to,book,e,lesson,e,pilates,is,at,orchard,mrt,u,noe,hor"
normal,"try,to,do,something,dear,you,read,something,for,exams"
normal,"7,wonders,in,my,world,7th,you,6th,ur,style,5th,ur,smile,4th,ur,personality,3rd,ur,nature,2nd,ur,sms,and,1st,ur,lovely,friendship,good,morning,dear"
normal,"gettin,rdy,to,ship,comp"
normal,"i,am,in,hospital,da,i,will,return,home,in,evening"
normal,"piss,is,talking,is,someone,that,realise,u,that,point,this,at,is,itnow,read,it,backwards"
normal,"think,da,you,wil,do"
normal,"i'm,awake,oh,what's,up"
normal,"good,afternoon,my,boytoy,how,goes,that,walking,here,and,there,day,did,you,get,that,police,abstract,are,you,still,out,and,about,i,wake,and,miss,you,babe"
normal,"how,much,u,trying,to,get"
normal,"come,around,ltdecimalgt,pm,vikkyi'm,otside,nw,il,come,by,tht,time"
normal,"tell,me,again,what,your,address,is"
normal,"honeybee,said,i'm,d,sweetest,in,d,world,god,laughed,amp,said,waitu,havnt,met,d,person,reading,this,msg,moral,even,god,can,crack,jokes,gmgngegn"
normal,"should,i,buy,him,a,blackberry,bold,2,or,torch,should,i,buy,him,new,or,used,let,me,know,plus,are,you,saying,i,should,buy,the,ltgt,g,wifi,ipad,and,what,are,you,saying,about,the,about,the,ltgt,g"
normal,"but,you,were,together,so,you,should,be,thinkin,about,him"
normal,"hiya,hows,it,going,in,sunny,africa,hope,u,r,avin,a,good,time,give,that,big,old,silver,back,a,big,kiss,from,me"
normal,"at,what,time,should,i,come,tomorrow"
normal,"omg,how,did,u,know,what,i,ate"
normal,"but,your,not,here"
normal,"not,directly,behind,abt,4,rows,behind,ü"
normal,"no,plans,yet,what,are,you,doing"
normal,"hi,my,engagement,has,been,fixd,on,ltgt,th,of,next,month,i,know,its,really,shocking,bthmm,njan,vilikkamt,ws,al,of,a,sudn"
normal,"not,course,only,maths,one,day,one,chapter,with,in,one,month,we,can,finish"
normal,"wow,didn't,think,it,was,that,common,i,take,it,all,back,ur,not,a,freak,unless,u,chop,it,off"
normal,"noooooooo,please,last,thing,i,need,is,stress,for,once,in,your,life,be,fair"
normal,"i'll,see,if,i,can,swing,by,in,a,bit,got,some,things,to,take,care,of,here,firsg"
normal,"i,wanted,to,wish,you,a,happy,new,year,and,i,wanted,to,talk,to,you,about,some,legal,advice,to,do,with,when,gary,and,i,split,but,in,person,i'll,make,a,trip,to,ptbo,for,that,i,hope,everything,is,good,with,you,babe,and,i,love,ya"
normal,"have,you,not,finished,work,yet,or,something"
normal,"tomorrow,i,am,not,going,to,theatre,so,i,can,come,wherever,u,call,me,tell,me,where,and,when,to,come,tomorrow"
normal,"right,it,wasnt,you,who,phoned,it,was,someone,with,a,number,like,yours"
normal,"it's,ok,i,wun,b,angry,msg,u,aft,i,come,home,tonight"
normal,"i,had,a,good,time,too,its,nice,to,do,something,a,bit,different,with,my,weekends,for,a,change,see,ya,soon"
normal,"yo,sorry,was,in,the,shower,sup"
normal,"carlos,is,down,but,i,have,to,pick,it,up,from,him,so,i'll,swing,by,usf,in,a,little,bit"
normal,"full,heat,pa,i,have,applyed,oil,pa"
normal,"i'm,stuck,in,da,middle,of,da,row,on,da,right,hand,side,of,da,lt"
normal,"have,you,laid,your,airtel,line,to,rest"
normal,"hi,did,u,decide,wot,2,get,4,his,bday,if,not,ill,prob,jus,get,him,a,voucher,frm,virgin,or,sumfing"
normal,"hey,j,r,u,feeling,any,better,hopeso,hunny,i,amnow,feelin,ill,ithink,i,may,have,tonsolitusaswell,damn,iam,layin,in,bedreal,bored,lotsof,luv,me,xxxx"
normal,"and,i,don't,plan,on,staying,the,night,but,i,prolly,won't,be,back,til,late"
normal,"thanx,4,puttin,da,fone,down,on,me"
normal,"i,need,an,8th,but,i'm,off,campus,atm,could,i,pick,up,in,an,hour,or,two"
normal,"oh,haha,den,we,shld,had,went,today,too,gee,nvm,la,kaiez,i,dun,mind,goin,jazz,oso,scared,hiphop,open,cant,catch,up"
normal,"been,running,but,only,managed,5,minutes,and,then,needed,oxygen,might,have,to,resort,to,the,roller,option"
normal,"we,live,in,the,next,ltgt,mins"
normal,"y,de,asking,like,this"
normal,"just,glad,to,be,talking,to,you"
normal,"wat,time,ü,finish"
normal,"sorry,da,i,gone,mad,so,many,pending,works,what,to,do"
normal,"how,much,you,got,for,cleaning"
normal,"hows,my,favourite,person,today,r,u,workin,hard,couldn't,sleep,again,last,nite,nearly,rang,u,at,430"
normal,"ü,called,dad,oredi"
normal,"good,do,you,think,you,could,send,me,some,pix,i,would,love,to,see,your,top,and,bottom"
normal,"nvm,i'm,going,to,wear,my,sport,shoes,anyway,i'm,going,to,be,late,leh"
normal,"sorry,i'll,call,later,in,meeting"
normal,"this,is,a,long,fuckin,showr"
normal,"received,understood,n,acted,upon"
normal,"they,finally,came,to,fix,the,ceiling"
normal,"u,need,my,presnts,always,bcz,u,cant,mis,love,jeevithathile,irulinae,neekunna,prakasamanu,sneham,prakasam,ennal,prabha,that,mns,prabha,is'love,got,it,dont,mis,me"
normal,"jus,finish,blowing,my,hair,u,finish,dinner,already"
normal,"i'm,on,the,bus,love,you"
normal,"lol,i,knew,that,i,saw,him,in,the,dollar,store"
normal,"only,saturday,and,sunday,holiday,so,its,very,difficult"
normal,"everybody,had,fun,this,evening,miss,you"
normal,"got,hella,gas,money,want,to,go,on,a,grand,nature,adventure,with,galileo,in,a,little,bit"
normal,"i'm,in,a,meeting,call,me,later,at"
normal,"oh,wow,thats,gay,will,firmware,update,help"
normal,"these,won't,do,have,to,move,on,to,morphine"
normal,"how,come,i,din,c,ü,yup,i,cut,my,hair"
normal,"k,k,pa,had,your,lunch,aha"
normal,"oh,ho,is,this,the,first,time,u,use,these,type,of,words"
normal,"captain,vijaykanth,is,doing,comedy,in,captain,tvhe,is,drunken"
normal,"of,course,i,guess,god's,just,got,me,on,hold,right,now"
normal,"do,you,hide,anythiing,or,keeping,distance,from,me"
normal,havent
normal,"sorry,i,din,lock,my,keypad"
normal,"did,u,got,that,persons,story"
normal,"are,you,planning,to,come,chennai"
normal,"god,created,gap,btwn,ur,fingers,so,dat,sum1,vry,special,will,fill,those,gaps,by,holding,ur,hands,now,plz,dont,ask,y,he,created,so,much,gap,between,legs"
normal,"we,are,okay,going,to,sleep,now,later"
normal,"please,protect,yourself,from,ethreats,sib,never,asks,for,sensitive,information,like,passwordsatmsms,pin,thru,email,never,share,your,password,with,anybody"
normal,"finally,it,has,happened,aftr,decades,beer,is,now,cheaper,than,petrol,the,goverment,expects,us,to,drink,but,don't,drive"
normal,"where,r,e,meeting,tmr"
normal,"lol,yes,but,it,will,add,some,spice,to,your,day"
normal,"hope,you,are,having,a,great,day"
normal,"our,prasanth,ettans,mother,passed,away,last,night,just,pray,for,her,and,family"
normal,"k,i'll,work,something,out"
normal,"this,message,is,from,a,great,doctor,in,india,1,do,not,drink,appy,fizz,it,contains,cancer,causing,age"
normal,"i,cant,pick,the,phone,right,now,pls,send,a,message"
normal,"you,call,him,and,tell,now,infront,of,them,call,him,now"
normal,"ok,no,prob"
normal,"ladies,first,and,genus,second,k"
normal,"no,yes,please,been,swimming"
normal,"mum,not,going,robinson,already"
normal,"ok,set,let,u,noe,e,details,later"
normal,"nottel,software,name"
normal,"i,send,the,print,outs,da"
normal,"im,realy,soz,imat,my,mums,2nite,what,about,2moro"
normal,"when,i,was,born,god,said,oh,no,another,idiot,when,you,were,born,god,said,oh,no,competition,who,knew,one,day,these,two,will,become,freinds,forever"
normal,"i,didnt,get,ur,full,msgsometext,is,missing,send,it,again"
normal,"probably,not,i'm,almost,out,of,gas,and,i,get,some,cash,tomorrow"
normal,"i,forgot,2,ask,ü,all,smth,there's,a,card,on,da,present,lei,how,ü,all,want,2,write,smth,or,sign,on,it"
normal,"i'm,leaving,my,house,now"
normal,"ü,ready,then,call,me"
normal,"wewa,is,130,iriver,255,all,128,mb"
normal,"it,is,a,good,thing,i'm,now,getting,the,connection,to,bw"
normal,"sry,dajst,nw,only,i,came,to,home"
normal,"that's,cool,he'll,be,here,all,night,lemme,know,when,you're,around"
normal,"are,you,staying,in,town"
normal,"haha,yeah,2,oz,is,kind,of,a,shitload"
normal,"ok,u,can,take,me,shopping,when,u,get,paid,d"
normal,"my,life,means,a,lot,to,me,not,because,i,love,my,life,but,because,i,love,the,people,in,my,life,the,world,calls,them,friends,i,call,them,my,world,ge"
normal,"alright,we'll,bring,it,to,you,see,you,in,like,ltgt,mins"
normal,"but,pls,dont,play,in,others,life"
normal,"eatin,my,lunch"
normal,"hmmmbut,you,should,give,it,on,one,day"
normal,"didn't,try,g,and,i,decided,not,to,head,out"
normal,"ok,no,prob"
normal,"surly,ill,give,it,to,you,while,coming,to,review"
normal,"by,march,ending,i,should,be,ready,but,will,call,you,for,sure,the,problem,is,that,my,capital,never,complete,how,far,with,you,how's,work,and,the,ladies"
normal,"tessypls,do,me,a,favor,pls,convey,my,birthday,wishes,to,nimyapls,dnt,forget,it,today,is,her,birthday,shijas"
normal,"pls,give,her,the,food,preferably,pap,very,slowly,with,loads,of,sugar,you,can,take,up,to,an,hour,to,give,it,and,then,some,water,very,very,slowly"
normal,"a,guy,who,gets,used,but,is,too,dumb,to,realize,it"
normal,"okey,dokey,ill,be,over,in,a,bit,just,sorting,some,stuff,out"
normal,"don,no,dawhats,you,plan"
normal,"yes,fine"
normal,"i,liked,the,new,mobile"
normal,anytime
normal,"mmmmmmm,snuggles,into,you,deep,contented,sigh,whispers,i,fucking,love,you,so,much,i,can,barely,stand,it"
normal,"yar,but,they,say,got,some,error"
normal,"hey,anyway,i,have,to"
normal,"wow,so,healthy,old,airport,rd,lor,cant,thk,of,anything,else,but,i'll,b,bathing,my,dog,later"
normal,"wif,my,family,booking,tour,package"
normal,"did,you,say,bold,then,torch,later,or,one,torch,and,2bold"
normal,"haha,awesome,i,might,need,to,take,you,up,on,that,what,you,doin,tonight"
normal,"ya,i,knw,u,vl,givits,ok,thanks,kanoanyway,enjoy,wit,ur,family,wit,1st,salary"
normal,"huh,so,slow,i,tot,u,reach,long,ago,liao,u,2,more,days,only,i,4,more,leh"
normal,"thats,cool,princess,i,will,cover,your,face,in,hot,sticky,cum"
normal,"big,brothers,really,scraped,the,barrel,with,this,shower,of,social,misfits"
normal,"oops,i,thk,i,dun,haf,enuff,i,go,check,then,tell,ü"
normal,"s8,min,to,go,for,lunch"
normal,"hey,what,happened,u,switch,off,ur,cell,d,whole,day,this,isnt,good,now,if,u,do,care,give,me,a,call,tomorrow"
normal,"k,will,do,addie,amp,i,are,doing,some,art,so,i'll,be,here,when,you,get,home"
normal,"my,uncles,in,atlanta,wish,you,guys,a,great,semester"
normal,"aiyo,her,lesson,so,early,i'm,still,sleepin,haha,okie,u,go,home,liao,den,confirm,w,me,lor"
normal,"forgot,to,tell,ü,smth,can,ü,like,number,the,sections,so,that,it's,clearer"
normal,"yup,anything,lor,if,u,dun,wan,it's,ok"
normal,"i'm,home,my,love,if,your,still,awake,loving,kiss"
normal,"hello,peach,my,cake,tasts,lush"
normal,"there'll,be,a,minor,shindig,at,my,place,later,tonight,you,interested"
normal,"jason,says,it's,cool,if,we,pick,some,up,from,his,place,in,like,an,hour"
normal,"i,career,tel,have,added,u,as,a,contact,on,indyarockscom,to,send,free,sms,to,remove,from,phonebook,sms,no,to,ltgt"
normal,"i've,reached,already"
normal,"i,dont,know,ask,to,my,brother,nothing,problem,some,thing,that,just,i,told"
normal,"keng,rocking,in,ashes"
normal,"wat,time,r,ü,going,to,xin's,hostel"
normal,"good,morning,my,dear,shijutta,have,a,great,amp,successful,day"
normal,"oh,kafter,that,placement,there,ah"
normal,"not,for,possession,especially,not,first,offense"
normal,"nt,only,for,driving,even,for,many,reasons,she,is,called,bbdthts,it,chikku,then,hw,abt,dvg,coldheard,tht,vinobanagar,violence,hw,is,the,conditionand,hw,ru,any,problem"
normal,"i,bought,the,test,yesterday,its,something,that,lets,you,know,the,exact,day,u,ovulatewhen,will,get,2u,in,about,2,to,3wks,but,pls,pls,dont,fret,i,know,u,r,worried,pls,relax,also,is,there,anything,in,ur,past,history,u,need,to,tell,me"
normal,"we,have,pizza,if,u,want"
normal,"i,keep,seeing,weird,shit,and,bein,all,woah,then,realising,it's,actually,reasonable,and,i'm,all,oh"
normal,"many,more,happy,returns,of,the,day,i,wish,you,happy,birthday"
normal,"ya,very,nice,be,ready,on,thursday"
normal,"i,am,in,hospital,da,i,will,return,home,in,evening"
normal,"thinking,of,u,x"
normal,"orh,i,tot,u,say,she,now,still,dun,believe"
normal,"when,you,just,put,in,the,sign,choose,my,number,and,the,pin,will,show,right"
normal,"the,beauty,of,life,is,in,next,second,which,hides,thousands,of,secrets,i,wish,every,second,will,be,wonderful,in,ur,life,gud,n8"
normal,"thanx,u,darlinim,cool,thanx,a,few,bday,drinks,2,nite,2morrow,off,take,care,c,u,soonxxx"
normal,"if,you're,still,up,maybe,leave,the,credit,card,so,i,can,get,gas,when,i,get,back,like,he,told,me,to"
normal,"well,boy,am,i,glad,g,wasted,all,night,at,applebees,for,nothing"
normal,"ok,lor,or,u,wan,me,go,look,4,u"
normal,"u,wan,2,haf,lunch,i'm,in,da,canteen,now"
normal,"don't,make,life,too,stressfull,always,find,time,to,laugh,it,may,not,add,years,to,your,life,but,surely,adds,more,life,to,ur,years,gud,ni8swt,dreams"
normal,"hey,looks,like,i,was,wrong,and,one,of,the,kappa,guys,numbers,is,still,on,my,phone,if,you,want,i,can,text,him,and,see,if,he's,around"
normal,"i'm,home,doc,gave,me,pain,meds,says,everything,is,fine"
normal,"it's,é,only,140,ardé,rest,all,ard,180,at,leastwhich,is,é,price,4,é,2,bedrm,900"
normal,"me,too,have,a,lovely,night,xxx"
normal,"prepare,to,be,pleasured"
normal,"hitechnical,supportproviding,assistance,to,us,customer,through,call,and,email"
normal,"if,you,text,on,your,way,to,cup,stop,that,should,work,and,that,should,be,bus"
normal,"whens,your,radio,show"
normal,"i'm,not,sure,if,its,still,available,though"
normal,"watever,relation,u,built,up,in,dis,world,only,thing,which,remains,atlast,iz,lonlines,with,lotz,n,lot,memories,feeling"
normal,"cheers,lou,yeah,was,a,goodnite,shame,u,neva,came,c,ya,gailxx"
normal,"hii,got,the,money,da"
normal,"hi,mobile,no,ltgt,has,added,you,in,their,contact,list,on,wwwfullonsmscom,it,s,a,great,place,to,send,free,sms,to,people,for,more,visit,fullonsmscom"
normal,"ok,then,u,tell,me,wat,time,u,coming,later,lor"
normal,"u,repeat,e,instructions,again,wat's,e,road,name,of,ur,house"
normal,"so,many,people,seems,to,be,special,at,first,sight,but,only,very,few,will,remain,special,to,you,till,your,last,sight,maintain,them,till,life,ends,shjas"
normal,"quite,lor,but,dun,tell,him,wait,he,get,complacent"
normal,"sorry,completely,forgot,will,pop,em,round,this,week,if,your,still,here"
normal,"u,r,the,most,beautiful,girl,ive,ever,seen,u,r,my,baby,come,and,c,me,in,the,common,room"
normal,"o,we,cant,see,if,we,can,join,denis,and,mina,or,does,denis,want,alone,time"
normal,"sen,told,that,he,is,going,to,join,his,uncle,finance,in,cbe"
normal,"yup,hey,then,one,day,on,fri,we,can,ask,miwa,and,jiayin,take,leave,go,karaoke"
normal,"call,me,i,am,senthil,from,hsbc"
normal,"especially,since,i,talk,about,boston,all,up,in,my,personal,statement,lol,i,woulda,changed,that,if,i,had,realized,it,said,nyc,it,says,boston,now"
normal,"indeed,and,by,the,way,it,was,either,or,not,both"
normal,"holy,living,christ,what,is,taking,you,so,long"
normal,"ü,thk,of,wat,to,eat,tonight"
normal,"thanx,yup,we,coming,back,on,sun,finish,dinner,going,back,2,hotel,now,time,flies,we're,tog,4,exactly,a,mth,today,hope,we'll,haf,many,more,mths,to,come"
normal,"we're,on,the,opposite,side,from,where,we,dropped,you,off"
normal,"yup,izzit,still,raining,heavily,cos,i'm,in,e,mrt,i,can't,c,outside"
normal,"send,me,your,resume"
normal,"gd,luck,4,ur,exams"
normal,"or,u,ask,they,all,if,next,sat,can,a,not,if,all,of,them,can,make,it,then,i'm,ok,lor"
normal,"sorry,that,was,my,uncle,ill,keep,in,touch"
normal,"saw,guys,and,dolls,last,night,with,patrick,swayze,it,was,great"
normal,"just,come,home,i,don't,want,u,to,be,miserable"
normal,"i,dont,know,why,shes,not,getting,your,messages"
normal,"its,cool,but,tyler,had,to,take,off,so,we're,gonna,buy,for,him,and,drop,it,off,at,his,place,later,tonight,our,total,order,is,a,quarter,you,got,enough"
normal,"the,guy,at,the,car,shop,who,was,flirting,with,me,got,my,phone,number,from,the,paperwork,and,called,and,texted,me,i'm,nervous,because,of,course,now,he,may,have,my,address,should,i,call,his,boss,and,tell,him,knowing,this,may,get,him,fired"
normal,"reverse,is,cheating,that,is,not,mathematics"
normal,"how,do,you,plan,to,manage,that"
normal,"er,hello,things,didnt,quite,go,to,plan,is,limping,slowly,home,followed,by,aa,and,with,exhaust,hanging,off"
normal,"sorry,for,the,delay,yes,masters"
normal,"call,me,when,u,finish,then,i,come,n,pick,u"
normal,"what's,up,my,own,oga,left,my,phone,at,home,and,just,saw,ur,messages,hope,you,are,good,have,a,great,weekend"
normal,"don't,worry,though,i,understand,how,important,it,is,that,i,be,put,in,my,place,with,a,poorly,thought,out,punishment,in,the,face,of,the,worst,thing,that,has,ever,happened,to,me,brb,gonna,go,kill,myself"
normal,"honey,can,you,pls,find,out,how,much,they,sell,predicte,in,nigeria,and,how,many,times,can,it,be,used,its,very,important,to,have,a,reply,before,monday"
normal,"e,admin,building,there,i,might,b,slightly,earlier,i'll,call,u,when,i'm,reaching"
normal,"fyi,i'm,at,usf,now,swing,by,the,room,whenever"
normal,"i,can,call,in,ltgt,min,if,thats,ok"
normal,"ummmmmaah,many,many,happy,returns,of,d,day,my,dear,sweet,heart,happy,birthday,dear"
normal,"ü,no,home,work,to,do,meh"
normal,"anything,is,valuable,in,only,2,situations,first,before,getting,it,second,after,loosing,it"
normal,"me,too,mark,is,taking,forever,to,pick,up,my,prescription,and,the,pain,is,coming,back"
normal,"how's,ur,paper"
normal,"got,smaller,capacity,one,quite,ex"
normal,"im,good,i,have,been,thinking,about,you"
normal,"not,thought,bout,it,drink,in,tap,spile,at,seven,is,that,pub,on,gas,st,off,broad,st,by,canal,ok"
normal,"i,am,going,to,sleep,i,am,tired,of,travel"
normal,"haha,just,what,i,was,thinkin"
normal,"yup,but,it's,not,giving,me,problems,now,so,mayb,i'll,jus,leave,it"
normal,"lol,no,just,trying,to,make,your,day,a,little,more,interesting"
normal,"how,long,before,you,get,reply,just,defer,admission,til,next,semester"
normal,"the,word,checkmate,in,chess,comes,from,the,persian,phrase,shah,maat,which,means,the,king,is,dead,goodmorning,have,a,good,day"
normal,"po,de,no,need,job,aha"
normal,"rats,hey,did,u,ever,vote,for,the,next,themes"
normal,"i,hope,your,pee,burns,tonite"
normal,"oh,rite,well,im,with,my,best,mate,pete,who,i,went,out,with,4,a,week,now,were,2geva,again,its,been,longer,than,a,week"
normal,"yay,can't,wait,to,party,together"
normal,"photoshop,makes,my,computer,shut,down"
normal,"all,boys,made,fun,of,me,today,ok,i,have,no,problem,i,just,sent,one,message,just,for,fun"
normal,"that's,one,of,the,issues,but,california,is,okay,no,snow,so,its,manageable"
normal,"hmmm,mayb,can,try,e,shoppin,area,one,but,forgot,e,name,of,hotel"
normal,"awesome,that,gonna,be,soon,or,later,tonight"
normal,"i,need,details,about,that,online,job"
normal,"missing,you,toopray,inshah,allah"
normal,"pls,help,me,tell,ashley,that,i,cant,find,her,number,oh"
normal,"i,am,in,escape,theatre,now,going,to,watch,kavalan,in,a,few,minutes"
normal,"sthis,will,increase,the,chance,of,winning"
normal,"either,way,works,for,me,i,am,ltgt,years,old,hope,that,doesnt,bother,you"
normal,"maybe,you,should,find,something,else,to,do,instead"
normal,"gain,the,rights,of,a,wifedont,demand,iti,am,trying,as,husband,toolets,see"
normal,"i,liked,your,new,house"
normal,"i'm,fine,hope,you,are,also"
normal,"also,north,carolina,and,texas,atm,you,would,just,go,to,the,gre,site,and,pay,for,the,test,results,to,be,sent"
normal,"same,to,u"
normal,"yes,baby,i,need,to,stretch,open,your,pussy"
normal,"thanks,and,or,bomb,and,date,as,my,phone,wanted,to,say"
normal,ok
normal,"hey,a,guy,i,know,is,breathing,down,my,neck,to,get,him,some,bud,anyway,you'd,be,able,to,get,a,half,track,to,usf,tonight"
normal,"response,is,one,of,d,powerful,weapon,2,occupy,a,place,in,others,heart,so,always,give,response,2,who,cares,4,u,gud,nightswt,dreamstake,care"
normal,"nokia,phone,is,lovly"
normal,"sorry,datoday,i,wont,come,to,playi,have,driving,clas"
normal,"i'm,really,sorry,i,lit,your,hair,on,fire"
normal,"oh,shit,i,thought,that,was,your,trip,loooooool,that,just,makes,so,much,more,sense,now,grins,and,the,sofa,reference,was,the,sleep,on,a,couch,link,you,sent,me,wasn't,that,how,you,went,on,your,trip,oh,and,didn't,your,babe,go,with,you,for,that,celebration,with,your,rents"
normal,"okey,dokey,swashbuckling,stuff,what,oh"
normal,"watching,cartoon,listening,music,amp,at,eve,had,to,go,temple,amp,church,what,about,u"
normal,"1,tension,face,2,smiling,face,3,waste,face,4,innocent,face,5terror,face,6cruel,face,7romantic,face,8lovable,face,9decent,face,ltgt,joker,face"
normal,"dip's,cell,dead,so,i,m,coming,with,him,u,better,respond,else,we,shall,come,back"
normal,"well,you,know,what,i,mean,texting"
normal,"hi,dis,is,yijue,i,would,be,happy,to,work,wif,ü,all,for,gek1510"
normal,"lol,oops,sorry,have,fun"
normal,"wat,happened,to,the,cruise,thing"
normal,"i,know,dat,feelin,had,it,with,pete,wuld,get,with,em,nuther,place,nuther,time,mayb"
normal,"the,world's,most,happiest,frnds,never,have,the,same,characters,dey,just,have,the,best,understanding,of,their,differences"
normal,"yeah,just,open,chat,and,click,friend,lists,then,make,the,list,easy,as,pie"
normal,"alright,tyler's,got,a,minor,crisis,and,has,to,be,home,sooner,than,he,thought,so,be,here,asap"
normal,"whenwhere,do,i,pick,you,up"
normal,"as,usual,u,can,call,me,ard,10,smth"
normal,"new,theory,argument,wins,d,situation,but,loses,the,person,so,dont,argue,with,ur,friends,just,kick,them,amp,say,i'm,always,correct"
normal,"for,many,things,its,an,antibiotic,and,it,can,be,used,for,chest,abdomen,and,gynae,infections,even,bone,infections"
normal,"poor,girl,can't,go,one,day,lmao"
normal,"or,just,do,that,6times"
normal,"you,have,to,pls,make,a,note,of,all,shes,exposed,to,also,find,out,from,her,school,if,anyone,else,was,vomiting,is,there,a,dog,or,cat,in,the,house,let,me,know,later"
normal,"japanese,proverb,if,one,can,do,it,u,too,can,do,it,if,none,can,do,itu,must,do,it,indian,version,if,one,can,do,it,let,him,do,it,if,none,can,do,itleave,it,and,finally,kerala,version,if,one,can,do,it,stop,him,doing,it,if,none,can,do,it,make,a,strike,against,it"
normal,"sounds,like,there,could,be,a,lot,of,time,spent,in,that,chastity,device,boy,grins,or,take,your,beatings,like,a,good,dog,going,to,lounge,in,a,nice,long,bath,now"
normal,"its,worse,if,if,uses,half,way,then,stops,its,better,for,him,to,complete,it"
normal,"miserable,they,don't,tell,u,that,the,side,effects,of,birth,control,are,massive,gut,wrenching,cramps,for,the,first,2,months,i,didn't,sleep,at,all,last,night"
normal,"send,me,the,new,number"
normal,"convey,my,regards,to,him"
normal,"2,and,half,years,i,missed,your,friendship"
normal,"i,cant,pick,the,phone,right,now,pls,send,a,message"
normal,"oh,for,fuck's,sake,she's,in,like,tallahassee"
normal,"haha,that,was,the,first,person,i,was,gonna,ask"
normal,"taka,lor,wat,time,u,wan,2,come,n,look,4,us"
normal,"im,reaching,in,another,2,stops"
normal,"no,i,didn't,mean,to,post,it,i,wrote,it,and,like,so,many,other,times,i've,ritten,stuff,to,you,i,let,it,sit,there,it,was,what,i,was,feeling,at,the,time,i,was,angry,before,i,left,i,hit,send,then,stop,it,wasn't,there,i,checked,on,my,phone,when,i,got,to,my,car,it,wasn't,there,you,said,you,didn't,sleep,you,were,bored,so,why,wouldn't,that,be,the,time,to,clean,fold,laundry,etc,at,least,make,the,bed"
normal,"will,you,come,online,today,night"
normal,"then,anything,special"
normal,"i'm,in,solihull,do,you,want,anything"
normal,"will,do,have,a,good,day"
normal,"we,regret,to,inform,u,that,the,nhs,has,made,a,mistakeu,were,never,actually,bornplease,report,2,yor,local,hospital,2b,terminatedwe,r,sorry,4,the,inconvenience"
normal,"love,that,holiday,monday,feeling,even,if,i,have,to,go,to,the,dentists,in,an,hour"
normal,"i,am,on,the,way,to,tirupur"
normal,"you've,already,got,a,flaky,parent,it'snot,supposed,to,be,the,child's,job,to,support,the,parentnot,until,they're,the,ride,age,anyway,i'm,supposed,to,be,there,to,support,you,and,now,i've,hurt,you,unintentional,but,hurt,nonetheless"
normal,"we,took,hooch,for,a,walk,toaday,and,i,fell,over,splat,grazed,my,knees,and,everything,should,have,stayed,at,home,see,you,tomorrow"
normal,"just,dropped,em,off,omw,back,now"
normal,"sitting,in,mu,waiting,for,everyone,to,get,out,of,my,suite,so,i,can,take,a,shower"
normal,"re,your,call,you,didn't,see,my,facebook,huh"
normal,"g,says,you,never,answer,your,texts,confirmdeny"
normal,"its,so,common,hearin,how,r,u,wat,r,u,doing,how,was,ur,day,so,let,me,ask,u,something,different,did,u,smile,today,if,not,do,it,now,gud,evng"
normal,"hi,dear,call,me,its,urgnt,i,don't,know,whats,your,problem,you,don't,want,to,work,or,if,you,have,any,other,problem,at,least,tell,me,wating,for,your,reply"
normal,"oh,yah,we,never,cancel,leh,haha"
normal,"we,can,go,4,e,normal,pilates,after,our,intro"
normal,"ok,let,u,noe,when,i,leave,my,house"
normal,"oh,yes,why,is,it,like,torture,watching,england"
normal,"wanna,do,some,art,d"
normal,"just,hopeing,that,wasnt,too,pissed,up,to,remember,and,has,gone,off,to,his,sisters,or,something"
normal,"good,morning,my,boytoy,how's,those,yummy,lips,where's,my,sexy,buns,now,what,do,you,do,do,you,think,of,me,do,you,crave,me,do,you,need,me"
normal,"match,startedindia,ltgt,for,2"
normal,"once,free,call,me,sir"
normal,"hey,do,you,want,anything,to,buy"
normal,"hey,babe,how's,it,going,did,you,ever,figure,out,where,your,going,for,new,years"
normal,kkcongratulation
normal,"g,wants,to,know,where,the,fuck,you,are"
normal,"no,it,was,cancelled,yeah,baby,well,that,sounds,important,so,i,understand,my,darlin,give,me,a,ring,later,on,this,fone,love,kate,x"
normal,"tomarrow,i,want,to,got,to,court,at,ltdecimalgt,so,you,come,to,bus,stand,at,9"
normal,"ü,go,home,liao,ask,dad,to,pick,me,up,at,6"
normal,"omg,you,can,make,a,wedding,chapel,in,frontierville,why,do,they,get,all,the,good,stuff"
normal,"i'm,eatin,now,lor,but,goin,back,to,work,soon,e,mountain,deer,show,huh,i,watch,b4,liao,very,nice"
normal,"check,maili,have,mailed,varma,and,kept,copy,to,you,regarding,membershiptake,careinsha,allah"
normal,"wrong,phone,this,phone,i,answer,this,one,but,assume,the,other,is,people,i,don't,well"
normal,"anyway,i,don't,think,i,can,secure,anything,up,here,lemme,know,if,you,want,me,to,drive,down,south,and,chill"
normal,"i'm,already,back,home,so,no,probably,not"
normal,"i,am,in,bus,on,the,way,to,calicut"
normal,"hi,its,me,you,are,probably,having,too,much,fun,to,get,this,message,but,i,thought,id,txt,u,cos,im,bored,and,james,has,been,farting,at,me,all,night"
normal,"hi,baby,im,sat,on,the,bloody,bus,at,the,mo,and,i,wont,be,home,until,about,730,wanna,do,somethin,later,call,me,later,ortxt,back,jess,xx"
normal,"i,lost,4,pounds,since,my,doc,visit,last,week,woot,woot,now,i'm,gonna,celebrate,by,stuffing,my,face"
normal,"u,coming,back,4,dinner,rite,dad,ask,me,so,i,re,confirm,wif,u"
normal,"doing,my,masters,when,will,you,buy,a,bb,cos,i,have,for,sale,and,how's,bf"
normal,"ahhhhjust,woken,uphad,a,bad,dream,about,u,thoso,i,dont,like,u,right,now,i,didnt,know,anything,about,comedy,night,but,i,guess,im,up,for,it"
normal,"i'm,viveki,got,call,from,your,number"
normal,"why,didn't,u,call,on,your,lunch"
normal,"what,i,mean,was,i,left,too,early,to,check,cos,i'm,working,a,96"
normal,"i,want,ltgt,rs,dado,you,have,it"
normal,"a,bit,of,ur,smile,is,my,hppnss,a,drop,of,ur,tear,is,my,sorrow,a,part,of,ur,heart,is,my,life,a,heart,like,mine,wil,care,for,u,forevr,as,my,goodfriend"
normal,"yup,ok"
normal,"i,want,to,see,your,pretty,pussy"
normal,"a,few,people,are,at,the,game,i'm,at,the,mall,with,iouri,and,kaila"
normal,"future,is,not,what,we,planned,for,tomorrow,it,is,the,result,of,what,we,do,today,do,the,best,in,present,enjoy,the,future"
normal,"i,will,cme,i,want,to,go,to,hos,2morow,after,that,i,wil,cme,this,what,i,got,from,her,dear,what,to,do,she,didnt,say,any,time"
normal,"we,are,supposed,to,meet,to,discuss,abt,our,trip,thought,xuhui,told,you,in,the,afternoon,thought,we,can,go,for,lesson,after,that"
normal,"hey,come,online,use,msn,we,are,all,there"
normal,"i'm,fine,hope,you,are,good,do,take,care"
normal,"oops,i,was,in,the,shower,when,u,called,hey,a,parking,garage,collapsed,at,university,hospital,see,i'm,not,crazy,stuff,like,that,does,happen"
normal,"aiyo,u,so,poor,thing,then,u,dun,wan,2,eat,u,bathe,already"
normal,"yar,i,tot,u,knew,dis,would,happen,long,ago,already"
normal,"you,are,gorgeous,keep,those,pix,cumming,thank,you"
normal,"a,boy,was,late,2,home,his,father,power,of,frndship"
normal,"jade,its,paul,y,didnt,u,txt,me,do,u,remember,me,from,barmed,i,want,2,talk,2,u,txt,me"
normal,"spending,new,years,with,my,brother,and,his,family,lets,plan,to,meet,next,week,are,you,ready,to,be,spoiled"
normal,"so,what,u,doing,today"
normal,"i,said,its,okay,sorry"
normal,"slept,i,thinkthis,time,ltgt,pm,is,not,dangerous"
normal,"networking,job,is,there"
normal,"dont,let,studying,stress,you,out,l8r"
normal,"that's,y,u,haf,2,keep,me,busy"
normal,"no,rushing,i'm,not,working,i'm,in,school,so,if,we,rush,we,go,hungry"
normal,"which,channel"
normal,"so,your,telling,me,i,coulda,been,your,real,valentine,and,i,wasn't,u,never,pick,me,for,nothing"
normal,"we,made,it,eta,at,taunton,is,1230,as,planned,hope,thats,still,okday,good,to,see,you,xx"
normal,"i'm,hungry,buy,smth,home"
normal,"hey,kate,hope,ur,ok,will,give,u,a,buz,wedlunch,go,outsomewhere,4,adrink,in,towncud,go,2watershd,4,a,bit,ppl,fromwrk,will,bthere,love,petexxx"
normal,"my,drive,can,only,be,read,i,need,to,write"
normal,"just,looked,it,up,and,addie,goes,back,monday,sucks,to,be,her"
normal,"happy,new,year,hope,you,are,having,a,good,semester"
normal,"esplanade,lor,where,else"
normal,"can,you,talk,with,me"
normal,"hmph,go,head,big,baller"
normal,"well,its,not,like,you,actually,called,someone,a,punto,that,woulda,been,worse"
normal,"nope,since,ayo,travelled,he,has,forgotten,his,guy"
normal,"you,still,around,looking,to,pick,up,later"
normal,"there's,someone,here,that,has,a,year,ltgt,toyota,camry,like,mr,olayiwola's,own,mileage,is,ltgt,kits,clean,but,i,need,to,know,how,much,will,it,sell,for,if,i,can,raise,the,dough,for,it,how,soon,after,landing,will,it,sell,holla,back"
normal,"guess,which,pub,im,in,im,as,happy,as,a,pig,in,clover,or,whatever,the,saying,is"
normal,"ill,b,down,soon"
normal,"oh,k,i,will,come,tomorrow"
normal,"go,fool,dont,cheat,others,ok"
normal,"my,mobile,numberpls,sms,ur,mail,idconvey,regards,to,achanammarakheshqatar"
normal,"by,the,way,rencontre,is,to,meet,again,mountains,dont"
normal,"u,attend,ur,driving,lesson,how,many,times,a,wk,n,which,day"
normal,"uncle,g,just,checking,up,on,you,do,have,a,rewarding,month"
normal,"hello,boytoy,geeee,i'm,missing,you,today,i,like,to,send,you,a,tm,and,remind,you,i'm,thinking,of,you,and,you,are,loved,loving,kiss"
normal,"i,think,the,other,two,still,need,to,get,cash,but,we,can,def,be,ready,by,9"
normal,"hey,galsu,all,wanna,meet,4,dinner,at,nìte"
normal,"babe,what,are,you,doing,where,are,you,who,are,you,talking,to,do,you,think,of,me,are,you,being,a,good,boy,are,you,missing,me,do,you,love,me"
normal,"great,how,is,the,office,today"
normal,"it's,cool,we,can,last,a,little,while,getting,more,any,time,soon"
normal,"sad,puppy,noise"
normal,"yes,its,possible,but,dint,try,pls,dont,tell,to,any,one,k"
normal,"anyway,holla,at,me,whenever,you're,around,because,i,need,an,excuse,to,go,creep,on,people,in,sarasota"
normal,"where,you,what,happen"
normal,"i,was,gonna,ask,you,lol,but,i,think,its,at,7"
normal,"go,chase,after,her,and,run,her,over,while,she's,crossing,the,street"
normal,"is,there,coming,friday,is,leave,for,pongaldo,you,get,any,news,from,your,work,place"
normal,"hey,very,inconvenient,for,your,sis,a,not,huh"
normal,"ok,i,vldo,u,know,i,got,adsense,approved"
normal,"was,really,good,to,see,you,the,other,day,dudette,been,missing,you"
normal,"i,want,to,go,to,perumbavoor"
normal,"how,many,times,i,told,in,the,stage,all,use,to,laugh,you,not,listen,aha"
normal,"you,didn't,hear,it,from,me"
normal,"thanks,for,being,there,for,me,just,to,talk,to,on,saturday,you,are,very,dear,to,me,i,cherish,having,you,as,a,brother,and,role,model"
normal,"pls,clarify,back,if,an,open,return,ticket,that,i,have,can,be,preponed,for,me,to,go,back,to,kerala"
normal,"she,ran,off,with,a,younger,man,we,will,make,pretty,babies,together"
normal,"o,ic,lol,should,play,9,doors,sometime,yo"
normal,"dunno,my,dad,said,he,coming,home,2,bring,us,out,4,lunch,yup,i,go,w,u,lor,i,call,u,when,i,reach,school,lor"
normal,"we,have,sent,jd,for,customer,service,cum,accounts,executive,to,ur,mail,id,for,details,contact,us"
normal,"desires,u,going,to,doctor,4,liver,and,get,a,bit,stylish,get,ur,hair,managed,thats,it"
normal,"hmmmstill,we,dont,have,opener"
normal,"yeah,so,basically,any,time,next,week,you,can,get,away,from,your,mom,amp,get,up,before,3"
normal,"edison,has,rightly,said,a,fool,can,ask,more,questions,than,a,wise,man,can,answer,now,you,know,why,all,of,us,are,speechless,during,viva,gmgngegnt"
normal,"i,will,vote,for,wherever,my,heart,guides,me"
normal,"with,my,sis,lor,we,juz,watched,italian,job"
normal,"tick,tick,tick,where,are,you,i,could,die,of,loneliness,you,know,pouts,stomps,feet,i,need,you"
normal,"lmao,you,know,me,so,well"
normal,"am,on,a,train,back,from,northampton,so,i'm,afraid,not,i'm,staying,skyving,off,today,ho,ho,will,be,around,wednesday,though,do,you,fancy,the,comedy,club,this,week,by,the,way"
normal,"goodnight,da,thangam,i,really,miss,u,dear"
normal,"hey,next,sun,1030,there's,a,basic,yoga,course,at,bugis,we,can,go,for,that,pilates,intro,next,sat,tell,me,what,time,you,r,free"
normal,"geeeee,your,internet,is,really,bad,today,eh"
normal,"i,think,i,am,disturbing,her,da"
normal,"sorry,i'll,call,you,later,i,am,in,meeting,sir"
normal,"havent,stuck,at,orchard,in,my,dad's,car,going,4,dinner,now,u,leh,so,r,they,free,tonight"
normal,"ok,i,also,wan,2,watch,e,9,pm,show"
normal,"i,dunno,lei,like,dun,haf"
normal,"but,your,brother,transfered,only,ltgt,ltgt,pa"
normal,"i,calls,you,later,afternoon,onwords,mtnl,service,get,problem,in,south,mumbai,i,can,hear,you,but,you,cann't,listen,me"
normal,"talk,to,g,and,x,about,that"
normal,"hai,dear,friends,this,is,my,new,amp,present,number,by,rajitha,raj,ranju"
normal,"as,in,different,styles"
normal,"gud,ni8,dearslp,welltake,careswt,dreamsmuah"
normal,"i,want,to,sent,ltgt,mesages,today,thats,y,sorry,if,i,hurts"
normal,"well,i'm,glad,you,didn't,find,it,totally,disagreeable,lol"
normal,"guy,no,flash,me,now,if,you,go,call,me,call,me,how,madam,take,care,oh"
normal,"mark,works,tomorrow,he,gets,out,at,5,his,work,is,by,your,house,so,he,can,meet,u,afterwards"
normal,"keep,ur,problems,in,ur,heart,b'coz,nobody,will,fight,for,u,only,u,amp,u,have,to,fight,for,ur,self,amp,win,the,battle,vivekanand,g,9t,sd,normal,yeah,give,me,a,call,if,you've,got,a,minute,normal,hi,babe,uawakefeellikw,shitjustfound,out,via,aletter,thatmum,gotmarried,4thnovbehind,ourbacks,fuckinniceselfishdeviousbitchanywayil,call,u"
normal,"amazing,if,you,rearrange,these,letters,it,gives,the,same,meaning,dormitory,dirty,room,astronomer,moon,starer,the,eyes,they,see,election,results,lies,lets,recount,motherinlaw,woman,hitler,eleven,plus,two,twelve,plus,one,its,amazing"
normal,"aiya,we,discuss,later,lar,pick,ü,up,at,4,is,it"
normal,"hey,happy,birthday"
normal,"sorry,i,missed,your,call,can,you,please,call,back"
normal,"omg,if,its,not,one,thing,its,another,my,cat,has,worms,when,does,this,bad,day,end"
normal,"good,morning,im,suffering,from,fever,and,dysentry,will,not,be,able,to,come,to,office,today"
normal,"i,wont,do,anything,de"
normal,"what,type,of,stuff,do,you,sing"
normal,"st,andre,virgil's,cream"
normal,"no,no,i,will,check,all,rooms,befor,activities"
normal,"my,fri,ah,okie,lorgoin,4,my,drivin,den,go,shoppin,after,tt"
normal,"gokila,is,talking,with,you,aha"
normal,"hi,shanilrakhesh,herethanksi,have,exchanged,the,uncut,diamond,stuffleaving,back,excellent,service,by,dino,and,prem"
normal,"kkthis,month,kotees,birthday,know"
normal,"but,i'm,really,really,broke,oh,no,amount,is,too,small,even,ltgt"
normal,"sorry,about,that,this,is,my,mates,phone,and,i,didnt,write,it,love,kate"
normal,"ah,well,that,confuses,things,doesnt,it,i,thought,was,friends,with,now,maybe,i,did,the,wrong,thing,but,i,already,sort,of,invited,tho,he,may,not,come,cos,of,money"
normal,"aight,call,me,once,you're,close"
normal,"nope,thats,fine,i,might,have,a,nap,tho"
normal,"in,other,news,after,hassling,me,to,get,him,weed,for,a,week,andres,has,no,money,haughaighgtujhyguj"
normal,"a,boy,loved,a,gal,he,propsd,bt,she,didnt,mind,he,gv,lv,lttrs,bt,her,frnds,threw,thm,again,d,boy,decided,2,aproach,d,gal,dt,time,a,truck,was,speeding,towards,d,gal,wn,it,was,about,2,hit,d,girld,boy,ran,like,hell,n,saved,her,she,asked,hw,cn,u,run,so,fast,d,boy,replied,boost,is,d,secret,of,my,energy,n,instantly,d,girl,shouted,our,energy,n,thy,lived,happily,2gthr,drinking,boost,evrydy,moral,of,d,story,i,hv,free,msgsd,gud,ni8"
normal,"i,wnt,to,buy,a,bmw,car,urgentlyits,vry,urgentbut,hv,a,shortage,of,ltgt,lacsthere,is,no,source,to,arng,dis,amt,ltgt,lacsthats,my,prob"
normal,"ding,me,on,ya,break,fassyole,blacko,from,londn"
normal,"i,really,need,2,kiss,u,i,miss,u,my,baby,from,ur,baby,4eva"
normal,"the,sign,of,maturity,is,not,when,we,start,saying,big,things,but,actually,it,is,when,we,start,understanding,small,things,have,a,nice,evening,bslvyl"
normal,"oh,you,got,many,responsibilities"
normal,"i've,reached,sch,already"
normal,"u,definitely,need,a,module,from,e,humanities,dis,sem,izzit,u,wan,2,take,other,modules,1st"
normal,"argh,why,the,fuck,is,nobody,in,town"
normal,"thanks,fills,me,with,complete,calm,and,reassurance"
normal,"aslamalaikkuminsha,allah,tohar,beeen,muht,albi,mufti,mahfuuzmeaning,same,here"
normal,"are,you,driving,or,training"
normal,"lol,for,real,she,told,my,dad,i,have,cancer"
normal,"oops,i,did,have,it,ltgt"
normal,"not,enufcredeit,tocallshall,ileave,uni,at,6,get,a,bus,to,yor,house"
normal,"hi,chikku,send,some,nice,msgs"
normal,"he,is,impossible,to,argue,with,and,he,always,treats,me,like,his,sub,like,he,never,released,me,which,he,did,and,i,will,remind,him,of,that,if,necessary"
normal,"after,my,work,ah,den,6,plus,lor,u,workin,oso,rite,den,go,orchard,lor,no,other,place,to,go,liao"
normal,"to,the,wonderful,okors,have,a,great,month,we,cherish,you,guys,and,wish,you,well,each,day,mojibiola"
normal,"cuz,ibored,and,don,wanna,study"
normal,"wot,about,on,wed,nite,i,am,3,then,but,only,til,9"
normal,"rose,for,redred,for,bloodblood,for,heartheart,for,u,but,u,for,me,send,tis,to,all,ur,friends,including,me,if,u,like,me,if,u,get,back,1u,r,poor,in,relation,2u,need,some,1,to,support,3u,r,frnd,2,many,4some1,luvs,u,5,some1,is,praying,god,to,marry,u,try,it"
normal,"any,way,where,are,you,and,what,doing"
normal,"that,sucks,i'll,go,over,so,u,can,do,my,hair,you'll,do,it,free,right"
normal,"it's,still,not,working,and,this,time,i,also,tried,adding,zeros,that,was,the,savings,the,checking,is,ltgt"
normal,"hmm,dunno,leh,mayb,a,bag,4,goigng,out,dat,is,not,too,small,or,jus,anything,except,perfume,smth,dat,i,can,keep"
normal,"sday,only,joinedso,training,we,started,today"
normal,"sorry,was,at,the,grocers"
normal,"there,are,some,nice,pubs,near,here,or,there,is,frankie,n,bennys,near,the,warner,cinema"
normal,"yup,i,havent,been,there,before,you,want,to,go,for,the,yoga,i,can,call,up,to,book"
normal,"oh,shut,it,omg,yesterday,i,had,a,dream,that,i,had,2,kids,both,boys,i,was,so,pissed,not,only,about,the,kids,but,them,being,boys,i,even,told,mark,in,my,dream,that,he,was,changing,diapers,cause,i'm,not,getting,owed,in,the,face"
normal,"yeah,i,imagine,he,would,be,really,gentle,unlike,the,other,docs,who,treat,their,patients,like,turkeys"
normal,"now,that,you,have,started,dont,stop,just,pray,for,more,good,ideas,and,anything,i,see,that,can,help,you,guys,ill,forward,you,a,link"
normal,"hi,darlin,im,on,helens,fone,im,gonna,b,up,the,princes,2,nite,please,come,up,tb,love,kate"
normal,"i'm,in,office,now,dawhere,are,you"
normal,"aiyar,u,so,poor,thing,i,give,u,my,support,k,jia,you,i'll,think,of,u"
normal,"oh,unintentionally,not,bad,timing,great,fingers,the,trains,play,along,will,give,fifteen,min,warning"
normal,"kthen,come,wenever,u,lik,to,come,and,also,tel,vikky,to,come,by,getting,free,time"
normal,"pls,call,me,da,what,happen"
normal,"happy,new,year,to,u,and,ur,familymay,this,new,year,bring,happiness,stability,and,tranquility,to,ur,vibrant,colourful,life"
normal,"no,problem,with,the,renewal,ill,do,it,right,away,but,i,dont,know,his,details"
normal,"idk,i'm,sitting,here,in,a,stop,and,shop,parking,lot,right,now,bawling,my,eyes,out,because,i,feel,like,i'm,a,failure,in,everything,nobody,wants,me,and,now,i,feel,like,i'm,failing,you"
normal,"haven't,left,yet,so,probably,gonna,be,here,til,dinner"
normal,"like,ltgt,same,question"
normal,"my,new,years,eve,was,ok,i,went,to,a,party,with,my,boyfriend,who,is,this,si,then,hey"
normal,"sir,i,need,velusamy,sir's,date,of,birth,and,company,bank,facilities,details"
normal,"k,k,sms,chat,with,me"
normal,"i,will,come,with,karnan,car,please,wait,till,6pm,will,directly,goto,doctor"
normal,"no,but,the,bluray,player,can"
normal,"ok,then,r,we,meeting,later"
normal,"lol,no,i,just,need,to,cash,in,my,nitros,hurry,come,on,before,i,crash,out"
normal,"just,send,a,text,we'll,skype,later"
normal,"ok,leave,no,need,to,ask"
normal,"ü,still,got,lessons,ü,in,sch"
normal,"y,she,dun,believe,leh,i,tot,i,told,her,it's,true,already,i,thk,she,muz,c,us,tog,then,she,believe"
normal,"oh,did,you,charge,camera"
normal,"ive,got,some,salt,you,can,rub,it,in,my,open,wounds,if,you,like"
normal,"now,i'm,going,for,lunch"
normal,"i'm,in,school,now,n,i'll,be,in,da,lab,doing,some,stuff,give,me,a,call,when,ü,r,done"
normal,"oh,k,i,will,come,tomorrow"
normal,"aight,text,me,tonight,and,we'll,see,what's,up"
normal,"water,logging,in,desert,geoenvironmental,implications"
normal,"rajipls,do,me,a,favour,pls,convey,my,birthday,wishes,to,nimya,pls,today,is,her,birthday"
normal,"company,is,very,goodenvironment,is,terrific,and,food,is,really,nice"
normal,"very,strange,and,are,watching,the,2nd,one,now,but,i'm,in,bed,sweet,dreams,miss,u"
normal,"hi,hope,u,r,both,ok,he,said,he,would,text,and,he,hasn't,have,u,seen,him,let,me,down,gently,please"
normal,"babe,i,fucking,love,you,too,you,know,fuck,it,was,so,good,to,hear,your,voice,i,so,need,that,i,crave,it,i,can't,get,enough,i,adore,you,ahmad,kisses"
normal,"k,sure,am,in,my,relatives,home,sms,me,de,pls"
normal,"i,sent,them,do,you,like"
normal,"fuuuuck,i,need,to,stop,sleepin,sup"
normal,"i'm,in,town,now,so,i'll,jus,take,mrt,down,later"
normal,"i,just,cooked,a,rather,nice,salmon,a,la,you"
normal,"i,uploaded,mine,to,facebook"
normal,"what,time,u,wrkin"
normal,"sorry,i'll,call,later"
normal,"oh,oh,den,muz,change,plan,liao,go,back,have,to,yan,jiu,again"
normal,"it's,wylie,you,in,tampa,or,sarasota"
normal,"ok,take,ur,time,n,enjoy,ur,dinner"
normal,"darren,was,saying,dat,if,u,meeting,da,ge,den,we,dun,meet,4,dinner,cos,later,u,leave,xy,will,feel,awkward,den,u,meet,him,4,lunch,lor"
normal,"i,like,cheap,but,im,happy,to,splash,out,on,the,wine,if,it,makes,you,feel,better"
normal,"shes,fine,i,have,had,difficulties,with,her,phone,it,works,with,mine,can,you,pls,send,her,another,friend,request"
normal,"ugh,my,leg,hurts,musta,overdid,it,on,mon"
normal,"wot,student,discount,can,u,get,on,books"
normal,"me,fineabsolutly,fine"
normal,"how,come,she,can,get,it,should,b,quite,diff,to,guess,rite"
normal,"i,will,reach,ur,home,in,ltgt,minutes"
normal,"babe,i'm,answering,you,can't,you,see,me,maybe,you'd,better,reboot,ym,i,got,the,photo,it's,great"
normal,"hiwhat,you,think,about,match"
normal,"i,know,you,are,thinkin,malaria,but,relax,children,cant,handle,malaria,she,would,have,been,worse,and,its,gastroenteritis,if,she,takes,enough,to,replace,her,loss,her,temp,will,reduce,and,if,you,give,her,malaria,meds,now,she,will,just,vomit,its,a,self,limiting,illness,she,has,which,means,in,a,few,days,it,will,completely,stop"
normal,"dai,i,downloaded,but,there,is,only,exe,file,which,i,can,only,run,that,exe,after,installing"
normal,"it,is,only,yesterday,true,true"
normal,"kkhow,is,your,business,now"
normal,"3,pa,but,not,selected"
normal,"i,keep,ten,rs,in,my,shelf,buy,two,egg"
normal,"i,am,late,i,will,be,there,at"
normal,"well,thats,nice,too,bad,i,cant,eat,it"
normal,"i,accidentally,brought,em,home,in,the,box"
normal,"pls,she,needs,to,dat,slowly,or,she,will,vomit,more"
normal,"i,have,to,take,exam,with,in,march,3"
normal,"jane,babes,not,goin,2,wrk,feel,ill,after,lst,nite,foned,in,already,cover,4,me,chuck"
normal,"5,nightswe,nt,staying,at,port,step,liaotoo,ex"
normal,"if,i,die,i,want,u,to,have,all,my,stuffs"
normal,"oh,fuck,juswoke,up,in,a,bed,on,a,boatin,the,docks,slept,wid,25,year,old,spinout,giv,u,da,gossip,l8r,xxx"
normal,"smile,in,pleasure,smile,in,pain,smile,when,trouble,pours,like,rain,smile,when,sum1,hurts,u,smile,becoz,someone,still,loves,to,see,u,smiling"
normal,"prabhai'm,sorydarealyfrm,heart,i'm,sory"
normal,"i,remet,alex,nichols,from,middle,school,and,it,turns,out,he's,dealing"
normal,"it,means,u,could,not,keep,ur,words"
normal,"nope,i'm,still,in,the,market"
normal,"i,realise,you,are,a,busy,guy,and,i'm,trying,not,to,be,a,bother,i,have,to,get,some,exams,outta,the,way,and,then,try,the,cars,do,have,a,gr8,day"
normal,"hey,what,how,about,your,project,started,aha,da"
normal,"ok,cool,see,ya,then"
normal,"am,on,the,uworld,site,am,i,buying,the,qbank,only,or,am,i,buying,it,with,the,self,assessment,also"
normal,"your,opinion,about,me,1,over,2,jada,3,kusruthi,4,lovable,5,silent,6,spl,character,7,not,matured,8,stylish,9,simple,pls,reply"
normal,"yeah,i,can,still,give,you,a,ride"
normal,"jay,wants,to,work,out,first,how's,4,sound"
normal,"gud,gudk,chikku,tke,care,sleep,well,gud,nyt"
normal,"its,a,part,of,checking,iq"
normal,"hmm,thinking,lor"
normal,"of,course,don't,tease,me,you,know,i,simply,must,see,grins,do,keep,me,posted,my,prey,loving,smile,devouring,kiss"
normal,"thanks,for,the,temales,it,was,wonderful,thank,have,a,great,week"
normal,"thank,you,princess,i,want,to,see,your,nice,juicy,booty"
normal,"haven't,eaten,all,day,i'm,sitting,here,staring,at,this,juicy,pizza,and,i,can't,eat,it,these,meds,are,ruining,my,life"
normal,"gud,ni8,dearslp,welltake,careswt,dreamsmuah"
normal,"u,come,n,search,tat,vidnot,finishd"
normal,"k,i'm,leaving,soon,be,there,a,little,after,9"
normal,"yeah,work,is,fine,started,last,week,all,the,same,stuff,as,before,dull,but,easy,and,guys,are,fun"
normal,"you,do,your,studies,alone,without,anyones,help,if,you,cant,no,need,to,study"
normal,"please,tell,me,not,all,of,my,car,keys,are,in,your,purse"
normal,"i,didnt,get,anything,da"
normal,"ok,sweet,dreams"
normal,"well,she's,in,for,a,big,surprise"
normal,"as,usualiam,fine,happy,amp,doing,well"
normal,"1,in,cbe,2,in,chennai"
normal,"can,help,u,swoop,by,picking,u,up,from,wherever,ur,other,birds,r,meeting,if,u,want"
normal,"if,anyone,calls,for,a,treadmill,say,you'll,buy,it,make,sure,its,working,i,found,an,ad,on,craigslist,selling,for,ltgt"
normal,"i,absolutely,love,south,park,i,only,recently,started,watching,the,office"
normal,"did,you,see,that,film"
normal,"pls,speak,with,me,i,wont,ask,anything,other,then,you,friendship"
normal,"storming,msg,wen,u,lift,d,phne,u,say,hello,do,u,knw,wt,is,d,real,meaning,of,hello,it's,d,name,of,a,girl,yes,and,u,knw,who,is,dat,girl,margaret,hello,she,is,d,girlfrnd,f,grahmbell,who,invnted,telphone,moralone,can,4get,d,name,of,a,person,bt,not,his,girlfrnd,g,o,o,d,n,i,g,h,t"
normal,"gud,ni8swt,drmstake,care"
normal,"hi,darlin,its,kate,are,u,up,for,doin,somethin,tonight,im,going,to,a,pub,called,the,swan,or,something,with,my,parents,for,one,drink,so,phone,me,if,u,can"
normal,"anything,lar,then,ü,not,going,home,4,dinner"
normal,"er,enjoyin,indians,at,the,moyep,sall,good,hehe,hows,bout,u,shexy,pete,xx"
normal,"did,u,fix,the,teethif,not,do,it,asapok,take,care"
normal,"so,u,wan,2,come,for,our,dinner,tonight,a,not"
normal,"hellohow,u,doingwhat,u,been,up,2when,will,u,b,moving,out,of,the,flat,cos,i,will,need,to,arrange,to,pick,up,the,lamp,etc,take,care,hello,caroline"
normal,"its,too,latebut,its,kwish,you,the,same"
normal,"hi,hope,ur,day,good,back,from,walk,table,booked,for,half,eight,let,me,know,when,ur,coming,over"
normal,"oh,yeah,clearly,it's,my,fault"
normal,"dunno,leh,cant,remember,mayb,lor,so,wat,time,r,we,meeting,tmr"
normal,"best,msg,it's,hard,to,be,with,a,person,when,u,know,that,one,more,step,foward,will,make,u,fall,in,love,amp,one,step,back,can,ruin,ur,friendship,good,night"
normal,"helloooo,wake,up,sweet,morning,welcomes,you,enjoy,this,day,with,full,of,joy,gud,mrng"
normal,"vikky,come,around,lttimegt"
normal,"and,how,you,will,do,that,princess"
normal,"i,have,gone,into,get,info,bt,dont,know,what,to,do"
normal,"yeah,probably,here,for,a,while"
normal,"sent,me,ur,email,id,soon"
normal,"i'm,still,pretty,weak,today,bad,day"
normal,"hey,don't,forget,you,are,mine,for,me,my,possession,my,property,mmm,childish,smile"
normal,"an,excellent,thought,by,a,misundrstud,frnd,i,knw,u,hate,me,bt,the,day,wen,u'll,knw,the,truth,u'll,hate,urself,gn"
normal,"hey,congrats,2u2,id,luv,2,but,ive,had,2,go,home"
normal,"dear,where,you,call,me"
normal,"xy,trying,smth,now,u,eat,already,we,havent"
normal,"i,donno,its,in,your,genes,or,something"
normal,"alex,says,he's,not,ok,with,you,not,being,ok,with,it"
normal,"are,u,coming,to,the,funeral,home"
normal,"my,darling,sister,how,are,you,doing,when's,school,resuming,is,there,a,minimum,wait,period,before,you,reapply,do,take,care"
normal,"ill,hand,her,my,phone,to,chat,wit,u"
normal,"well,good,morning,mr,hows,london,treatin,ya,treacle"
normal,"i,can't,make,it,tonight"
normal,"at,what,time,should,i,come,tomorrow"
normal,"about,ltgt,bucks,the,banks,fees,are,fixed,better,to,call,the,bank,and,find,out"
normal,"i,can,but,it,will,tell,quite,long,cos,i,haven't,finish,my,film,yet"
normal,"pls,ask,macho,how,much,is,budget,for,bb,bold,2,is,cos,i,saw,a,new,one,for,ltgt,dollars"
normal,"hi,missed,your,call,and,my,mumhas,beendropping,red,wine,all,over,theplace,what,is,your,adress"
normal,"ill,be,at,yours,in,about,3,mins,but,look,out,for,me"
normal,"what,you,did,in,leave"
normal,"i'm,coming,back,on,thursday,yay,is,it,gonna,be,ok,to,get,the,money,cheers,oh,yeah,and,how,are,you,everything,alright,hows,school,or,do,you,call,it,work,now"
normal,"jolly,good,by,the,way,will,give,u,tickets,for,sat,eve,730,speak,before,then,x"
normal,"yeah,that's,what,i,was,thinking"
normal,"kki'm,going,to,tirunelvali,this,week,to,see,my,uncle,i,already,spend,the,amount,by,taking,dress,so,only,i,want,moneyi,will,give,it,on,feb,1"
normal,"here,got,ur,favorite,oyster,n,got,my,favorite,sashimi,ok,lar,i,dun,say,already,wait,ur,stomach,start,rumbling"
normal,"my,sister,going,to,earn,more,than,me,da"
normal,"hahahause,your,brain,dear"
normal,"jus,finish,watching,tv,u"
normal,"k,fyi,i'm,back,in,my,parents,place,in,south,tampa,so,i,might,need,to,do,the,deal,somewhere,else"
normal,"good,morning,my,love,i,go,to,sleep,now,and,wish,you,a,great,day,full,of,feeling,better,and,opportunity,you,are,my,last,thought,babe,i,love,you,kiss"
normal,"kothi,print,out,marandratha"
normal,"but,we,havent,got,da,topic,yet,rite"
normal,"ok,no,problem,yup,i'm,going,to,sch,at,4,if,i,rem,correctly"
normal,"thanks,i'll,keep,that,in,mind"
normal,"aah,bless,how's,your,arm"
normal,"dear,sirsalam,alaikkumpride,and,pleasure,meeting,you,today,at,the,tea,shopwe,are,pleased,to,send,you,our,contact,number,at,qatarrakhesh,an,indianpls,save,our,numberrespectful,regards"
normal,"gal,n,boy,walking,in,d,park,galcan,i,hold,ur,hand,boyy,do,u,think,i,would,run,away,galno,jst,wana,c,how,it,feels,walking,in,heaven,with,an,princegn"
normal,"what,makes,you,most,happy"
normal,"wishing,you,a,wonderful,week"
normal,"sweet,heart,how,are,you"
normal,"sir,waiting,for,your,letter"
normal,"dude,im,no,longer,a,pisces,im,an,aquarius,now"
normal,"x,course,it,2yrs,just,so,her,messages,on,messenger,lik,you,r,sending,me"
normal,"i,think,steyn,surely,get,one,wicket"
normal,"neither,in,sterm,voice,i'm,studying,all,fine,with,me,not,sure,the,thing,will,be,resolved,tho,anyway,have,a,fab,hols"
normal,"garbage,bags,eggs,jam,bread,hannaford,wheat,chex"
normal,"no,it's,not,pride,i'm,almost,ltgt,years,old,and,shouldn't,be,takin,money,from,my,kid,you're,not,supposed,to,have,to,deal,with,this,stuff,this,is,grownup,stuffwhy,i,don't,tell,you"
normal,"sounds,better,than,my,evening,im,just,doing,my,costume,im,not,sure,what,time,i,finish,tomorrow,but,i,will,txt,you,at,the,end"
normal,"my,birthday,is,on,feb,ltgt,da"
normal,"so,when,do,you,wanna,gym"
normal,"you'd,like,that,wouldn't,you,jerk"
normal,"are,u,awake,is,there,snow,there"
normal,"and,of,course,you,should,make,a,stink"
normal,"no,go,no,openings,for,that,room,til,after,thanksgiving,without,an,upcharge"
normal,"when,you,guys,planning,on,coming,over"
normal,"wat,ü,doing,now"
normal,"my,parents,my,kidz,my,friends,n,my,colleagues,all,screaming,surprise,and,i,was,waiting,on,the,sofa,naked"
normal,"no,sir,that's,why,i,had,an,8hr,trip,on,the,bus,last,week,have,another,audition,next,wednesday,but,i,think,i,might,drive,this,time"
normal,"do,i,i,thought,i,put,it,back,in,the,box"
normal,"i'm,home"
normal,"no,one,interested,may,be,some,business,plan"
normal,"yup,it's,at,paragon,i,havent,decided,whether,2,cut,yet,hee"
normal,"good,morning,princess,have,a,great,day"
normal,"guai,ü,shd,haf,seen,him,when,he's,naughty,ü,so,free,today,can,go,jogging"
normal,"aiyo,cos,i,sms,ü,then,ü,neva,reply,so,i,wait,4,ü,to,reply,lar,i,tot,ü,havent,finish,ur,lab,wat"
normal,"living,is,very,simple,loving,is,also,simple,laughing,is,too,simple,winning,is,tooo,simple,but,being,simple,is,very,difficult"
normal,"tell,me,something,thats,okay"
normal,ok
normal,"hmm,shall,i,bring,a,bottle,of,wine,to,keep,us,amused,just,joking,i'll,still,bring,a,bottle,red,or,white,see,you,tomorrow"
normal,"this,is,ur,face,test,1,2,3,4,5,6,7,8,9,ltgt,select,any,number,i,will,tell,ur,face,astrology,am,waiting,quick,reply"
normal,"hey,iouri,gave,me,your,number,i'm,wylie,ryan's,friend"
normal,"yep,get,with,the,program,you're,slacking"
normal,"i'm,in,inside,officestill,filling,formsdon,know,when,they,leave,me"
normal,"i,think,your,mentor,is,but,not,100,percent,sure"
normal,"just,trying,to,figure,out,when,i'm,suppose,to,see,a,couple,different,people,this,week,we,said,we'd,get,together,but,i,didn't,set,dates"
normal,"hi,mom,we,might,be,back,later,than,ltgt"
normal,"lol,oh,you,got,a,friend,for,the,dog"
normal,"ok,is,any,problem,to,u,frm,him,wats,matter"
normal,"k,i'll,head,out,in,a,few,mins,see,you,there"
normal,"do,u,konw,waht,is,rael,friendship,im,gving,yuo,an,exmpel,jsut,ese,tihs,msg,evrey,splleing,of,tihs,msg,is,wrnog,bt,sitll,yuo,can,raed,it,wihtuot,ayn,mitsake,goodnight,amp,have,a,nice,sleepsweet,dreams"
normal,"i,cant,pick,the,phone,right,now,pls,send,a,message"
normal,"i,don't,want,you,to,leave,but,i'm,barely,doing,what,i,can,to,stay,sane,fighting,with,you,constantly,isn't,helping"
normal,"somebody,set,up,a,website,where,you,can,play,hold,em,using,eve,online,spacebucks"
normal,"its,sunny,in,california,the,weather's,just,cool"
normal,"i,can,make,it,up,there,squeezed,ltgt,bucks,out,of,my,dad"
normal,"good,day,to,you,toopray,for,meremove,the,teeth,as,its,painful,maintaining,other,stuff"
normal,"how,are,you,babes,hope,your,doing,ok,i,had,a,shit,nights,sleep,i,fell,asleep,at,5im,knackered,and,im,dreading,work,tonight,what,are,thou,upto,tonight,x"
normal,"how,do,friends,help,us,in,problems,they,give,the,most,stupid,suggestion,that,lands,us,into,another,problem,and,helps,us,forgt,the,previous,problem"
normal,"i'm,at,work,please,call"
normal,"i,will,be,gentle,baby,soon,you,will,be,taking,all,ltgt,inches,deep,inside,your,tight,pussy"
normal,"not,much,no,fights,it,was,a,good,nite"
normal,"okok,okthenwhats,ur,todays,plan"
normal,"nt,joking,seriously,i,told"
normal,"watching,ajith,film,ah"
normal,"ooooooh,i,forgot,to,tell,u,i,can,get,on,yoville,on,my,phone"
normal,"all,done,all,handed,in,don't,know,if,mega,shop,in,asda,counts,as,celebration,but,thats,what,i'm,doing"
normal,"i,dont,know,exactly,could,you,ask,chechi"
normal,"dunno,lei,shd,b,driving,lor,cos,i,go,sch,1,hr,oni"
normal,"as,in,i,want,custom,officer,discount,oh"
normal,"that's,necessarily,respectful"
normal,"hi,hope,you,had,a,good,day,have,a,better,night"
normal,"and,he's,apparently,bffs,with,carly,quick,now"
normal,"hard,but,true,how,much,you,show,amp,express,your,love,to,someonethat,much,it,will,hurt,when,they,leave,you,or,you,get,seperatedud,evening"
normal,"babes,i,think,i,got,ur,brolly,i,left,it,in,english,wil,bring,it,in,2mrw,4,u,luv,franxx"
normal,"hi,babe,its,me,thanks,for,coming,even,though,it,didnt,go,that,welli,just,wanted,my,bed,hope,to,see,you,soon,love,and,kisses,xxx"
normal,"so,gd,got,free,ice,cream,i,oso,wan"
normal,"pls,give,her,prometazine,syrup,5mls,then,ltgt,mins,later,feed"
normal,"so,how,many,days,since,then"
normal,"dear,are,you,angry,i,was,busy,dear"
normal,"yup,he,msg,me,is,tat,yijue,then,i,tot,it's,my,group,mate,cos,we,meeting,today,mah,i'm,askin,if,ü,leaving,earlier,or,wat,mah,cos,mayb,ü,haf,to,walk,v,far"
normal,"are,you,in,the,pub"
normal,"there,is,a,first,time,for,everything"
normal,"daddy,shu,shu,is,looking,4,u,u,wan,me,2,tell,him,u're,not,in,singapore,or,wat"
normal,"i,ask,if,u,meeting,da,ge,tmr,nite"
normal,"gr8,so,how,do,you,handle,the,victoria,island,traffic,plus,when's,the,album,due"
normal,"nite,nite,pocay,wocay,luv,u,more,than,n,e,thing,4eva,i,promise,ring,u,2morrowxxxx"
normal,"east,coast"
normal,"you,should,get,more,chicken,broth,if,you,want,ramen,unless,there's,some,i,don't,know,about"
normal,"my,slave,i,want,you,to,take,2,or,3,pictures,of,yourself,today,in,bright,light,on,your,cell,phone,bright,light"
normal,"nope,i,just,forgot,will,show,next,week"
normal,"so,how,are,you,really,what,are,you,up,to,how's,the,masters,and,so,on"
normal,"i'm,at,bruce,amp,fowler,now,but,i'm,in,my,mom's,car,so,i,can't,park,long,story"
normal,"i,dont,know,oh,hopefully,this,month"
normal,"hi,elaine,is,today's,meeting,confirmed"
normal,"ok,ksry,i,knw,2,sivatats,y,i,askd"
normal,"sorry,i'll,call,later"
normal,"u,horrible,gal,u,knew,dat,i,was,going,out,wif,him,yest,n,u,still,come,n,ask,me"
normal,"otherwise,had,part,time,job,natuition"
normal,"oh,yeah,and,my,diet,just,flew,out,the,window"
normal,"you,didnt,complete,your,gist,oh"
normal,"er,yeah,i,will,b,there,at,1526,sorry,just,tell,me,which,pubcafe,to,sit,in,and,come,wen,u,can"
normal,"if,you,can,make,it,any,time,tonight,or,whenever,you,can,it's,cool,just,text,me,whenever,you're,around"
normal,"if,i,was,i,wasn't,paying,attention"
normal,"thanx,a,lot,4,ur,help"
normal,"you're,gonna,have,to,be,way,more,specific,than,that"
normal,"jesus,armand,really,is,trying,to,tell,everybody,he,can,find"
normal,"i'm,wif,him,now,buying,tix,lar"
normal,"mode,men,or,have,you,left"
normal,"am,slow,in,using,biola's,fne"
normal,"what,are,you,doing,later"
normal,"hey,i've,booked,the,2,lessons,on,sun,liao"
normal,"thank,you,do,you,generally,date,the,brothas"
normal,"by,the,way,make,sure,u,get,train,to,worc,foregate,street,not,shrub,hill,have,fun,night,x"
normal,"i,thought,i'd,get,him,a,watch,just,cos,thats,the,kind,of,thing,u,get4an18th,and,he,loves,so,much"
normal,"good,morning,at,the,repair,shopthe,only,reason,i'm,up,at,this,hour"
normal,"and,that's,fine,i,got,enough,bud,to,last,most,of,the,night,at,least"
normal,"i,am,back,good,journey,let,me,know,if,you,need,any,of,the,receipts,shall,i,tell,you,like,the,pendent"
normal,"so,that,takes,away,some,money,worries"
normal,"aight,we,can,pick,some,up,you,open,before,tonight"
normal,"sac,needs,to,carry,on"
normal,"just,sing,hu,i,think,its,also,important,to,find,someone,female,that,know,the,place,well,preferably,a,citizen,that,is,also,smart,to,help,you,navigate,through,even,things,like,choosing,a,phone,plan,require,guidance,when,in,doubt,ask,especially,girls"
normal,"what,hello,wats,talks,email,address"
normal,"except,theres,a,chick,with,huge,boobs"
normal,"im,just,wondering,what,your,doing,right,now"
normal,"wishing,you,a,beautiful,day,each,moment,revealing,even,more,things,to,keep,you,smiling,do,enjoy,it"
normal,"arun,can,u,transfr,me,d,amt"
normal,"sorry,i'll,call,later"
normal,"if,you,hear,a,loud,scream,in,about,ltgt,minutes,its,cause,my,gyno,will,be,shoving,things,up,me,that,don't,belong"
normal,"ok,i,thk,i,got,it,then,u,wan,me,2,come,now,or,wat"
normal,"u,goin,out,2nite"
normal,"i,will,treasure,every,moment,we,spend,together"
normal,"shall,i,bring,us,a,bottle,of,wine,to,keep,us,amused,only,joking,ill,bring,one,anyway"
normal,"ok,lor"
normal,"i,thought,slide,is,enough"
normal,yup
normal,"well,obviously,not,because,all,the,people,in,my,cool,college,life,went,home"
normal,"ok,lor,ü,reaching,then,message,me"
normal,"where's,mummy's,boy,is,he,being,good,or,bad,is,he,being,positive,or,negative,why,is,mummy,being,made,to,wait,hmmmm"
normal,"dhoni,have,luck,to,win,some,big,titleso,we,will,win"
normal,"yes,princess,i,want,to,please,you,every,night,your,wish,is,my,command"
normal,"what,todaysundaysunday,is,holidayso,no,work"
normal,"no,probably,ltgt"
normal,"really,do,hope,the,work,doesnt,get,stressful,have,a,gr8,day"
normal,"have,you,seen,who's,back,at,holby"
normal,"shall,call,now,dear,having,food"
normal,"so,li,hai,me,bored,now,da,lecturer,repeating,last,weeks,stuff,waste,time"
normal,"and,picking,them,up,from,various,points,going,2,yeovil,and,they,will,do,the,motor,project,4,3,hours,and,then,u,take,them,home,12,2,530,max,very,easy"
normal,"also,fuck,you,and,your,family,for,going,to,rhode,island,or,wherever,the,fuck,and,leaving,me,all,alone,the,week,i,have,a,new,bong,gt"
normal,"ofcourse,i,also,upload,some,songs"
normal,"k,i,will,sent,it,again"
normal,"oh,thanks,a,loti,already,bought,2,eggs"
normal,"k,i,will,sent,it,again"
normal,"i,think,if,he,rule,tamilnaduthen,its,very,tough,for,our,people"
normal,"cool,we,shall,go,and,see,have,to,go,to,tip,anyway,are,you,at,home,got,something,to,drop,in,later,so,lets,go,to,town,tonight,maybe,mum,can,take,us,in"
normal,"good,afternoon,my,love,how,goes,your,day,how,did,you,sleep,i,hope,your,well,my,boytoy,i,think,of,you"
normal,"yes,i,trust,u,to,buy,new,stuff,asap,so,i,can,try,it,out"
normal,"why,did,i,wake,up,on,my,own,gt"
normal,"now,get,step,2,outta,the,way,congrats,again"
normal,"love,has,one,law,make,happy,the,person,you,love,in,the,same,way,friendship,has,one,law,never,make,ur,friend,feel,alone,until,you,are,alive,gud,night"
normal,"apo,all,other,are,mokka,players,only"
normal,"perhaps,is,much,easy,give,your,account,identification,so,i,will,tomorrow,at,uni"
normal,"wait,i,will,msg,after,ltgt,min"
normal,"what,i,told,before,i,tell,stupid,hear,after,i,wont,tell,anything,to,you,you,dad,called,to,my,brother,and,spoken,not,with,me"
normal,"god's,love,has,no,limit,god's,grace,has,no,measure,god's,power,has,no,boundaries,may,u,have,god's,endless,blessings,always,in,ur,life,gud,ni8"
normal,"i,want,to,be,inside,you,every,night"
normal,"machan,you,go,to,gym,tomorrow,i,wil,come,late,goodnight"
normal,"lol,they,were,mad,at,first,but,then,they,woke,up,and,gave,in"
normal,"i,went,to,project,centre"
normal,"its,reassuring,in,this,crazy,world"
normal,"just,making,dinner,you"
normal,"yes,please,leave,at,ltgt,so,that,at,ltgt,we,can,leave"
normal,"oh,okie,lorwe,go,on,sat"
normal,"you,are,a,great,role,model,you,are,giving,so,much,and,i,really,wish,each,day,for,a,miracle,but,god,as,a,reason,for,everything,and,i,must,say,i,wish,i,knew,why,but,i,dont,i've,looked,up,to,you,since,i,was,young,and,i,still,do,have,a,great,day"
normal,"ya,i'm,referin,to,mei's,ex,wat,no,ah,waitin,4,u,to,treat,somebody,shld,b,rich,liaoso,gd,den,u,dun,have,to,work,frm,tmr,onwards"
normal,"miles,and,smiles,r,made,frm,same,letters,but,do,u,know,d,difference,smile,on,ur,face,keeps,me,happy,even,though,i,am,miles,away,from,u,keep,smiling,good,nyt"
normal,"by,the,way,i've,put,a,skip,right,outside,the,front,of,the,house,so,you,can,see,which,house,it,is,just,pull,up,before,it"
normal,"can,you,pls,send,me,that,company,name,in,saibaba,colany"
normal,"no,i,dont,want,to,hear,anything"
normal,"you,are,a,big,chic,common,declare"
normal,"thats,cool,i,want,to,please,you"
normal,"going,to,join,tomorrow"
normal,"i,want,to,tell,you,how,bad,i,feel,that,basically,the,only,times,i,text,you,lately,are,when,i,need,drugs"
normal,"total,disappointment,when,i,texted,you,was,the,craziest,shit,got"
normal,"its,just,the,effect,of,irritation,just,ignore,it"
normal,"what,about,this,one,then"
normal,"i,think,that,tantrum's,finished,so,yeah,i'll,be,by,at,some,point"
normal,"compliments,to,you,was,away,from,the,system,how,your,side"
normal,"happened,here,while,you,were,adventuring"
normal,"hey,chief,can,you,give,me,a,bell,when,you,get,this,need,to,talk,to,you,about,this,royal,visit,on,the,1st,june"
normal,"ok,which,your,another,number"
normal,"i,know,you,are,thinkin,malaria,but,relax,children,cant,handle,malaria,she,would,have,been,worse,and,its,gastroenteritis,if,she,takes,enough,to,replace,her,loss,her,temp,will,reduce,and,if,you,give,her,malaria,meds,now,she,will,just,vomit,its,a,self,limiting,illness,she,has,which,means,in,a,few,days,it,will,completely,stop"
normal,"aiyah,ok,wat,as,long,as,got,improve,can,already,wat"
normal,"i,can't,believe,how,attached,i,am,to,seeing,you,every,day,i,know,you,will,do,the,best,you,can,to,get,to,me,babe,i,will,go,to,teach,my,class,at,your,midnight"
normal,"just,sleepingand,surfing"
normal,"yeah,it's,jus,rite"
normal,"armand,says,get,your,ass,over,to,epsilon"
normal,"u,still,havent,got,urself,a,jacket,ah"
normal,"i'm,taking,derek,amp,taylor,to,walmart,if,i'm,not,back,by,the,time,you're,done,just,leave,the,mouse,on,my,desk,and,i'll,text,you,when,priscilla's,ready"
normal,"hi,its,in,durban,are,you,still,on,this,number"
normal,"ic,there,are,a,lotta,childporn,cars,then"
normal,"no,i,was,trying,it,all,weekend,v"
normal,"you,know,wot,people,wear,t,shirts,jumpers,hat,belt,is,all,we,know,we,r,at,cribbs"
normal,"cool,what,time,you,think,you,can,get,here"
normal,"wen,did,you,get,so,spiritual,and,deep,that's,great"
normal,"have,a,safe,trip,to,nigeria,wish,you,happiness,and,very,soon,company,to,share,moments,with"
normal,"hahahause,your,brain,dear"
normal,"well,keep,in,mind,i've,only,got,enough,gas,for,one,more,round,trip,barring,a,sudden,influx,of,cash"
normal,"yeh,indians,was,nice,tho,it,did,kane,me,off,a,bit,he,he,we,shud,go,out,4,a,drink,sometime,soon,mite,hav,2,go,2,da,works,4,a,laugh,soon,love,pete,x,x"
normal,"yes,i,have,so,that's,why,u,texted,pshewmissing,you,so,much"
normal,"no,i,meant,the,calculation,is,the,same,that,ltgt,units,at,ltgt,this,school,is,really,expensive,have,you,started,practicing,your,accent,because,its,important,and,have,you,decided,if,you,are,doing,4years,of,dental,school,or,if,you'll,just,do,the,nmde,exam"
normal,"sorry,i'll,call,later"
normal,"if,you,aren't,here,in,the,next,ltgt,hours,imma,flip,my,shit"
normal,"anything,lor,juz,both,of,us,lor"
normal,"get,me,out,of,this,dump,heap,my,mom,decided,to,come,to,lowes,boring"
normal,"ok,lor,sony,ericsson,salesman,i,ask,shuhui,then,she,say,quite,gd,2,use,so,i,considering"
normal,"ard,6,like,dat,lor"
normal,"why,don't,you,wait,til,at,least,wednesday,to,see,if,you,get,your"
normal,"huh,y,lei"
normal,"will,ü,b,going,to,esplanade,fr,home"
normal,"pity,was,in,mood,for,that,soany,other,suggestions"
normal,"the,guy,did,some,bitching,but,i,acted,like,i'd,be,interested,in,buying,something,else,next,week,and,he,gave,it,to,us,for,free"
normal,"rofl,its,true,to,its,name"
