label,year,message
fraud,2015,"hello,i,m,bank,manager,of,sbi,ur,debit,card,is,about,to,expire,would,u,want,to,issue,new,card"
fraud,2023,"todays,vodafone,numbers,ending,with,4882,are,selected,to,a,receive,a,350,award,if,your,number,matches,call,09064019014,to,receive,your,350,award"
fraud,2015,"you,have,won,1000,cash,or,a,2000,prize,to,claim,call,09050000327"
fraud,2019,"hello,sir,i,am,from,jio,customer,care,in,23,hours,your,sim,will,be,closed,do,u,want,to,activate,it"
fraud,2023,"hello,sir,i,am,from,airtel,customer,care,in,23,hours,your,sim,will,be,closed,do,u,want,to,activate,it"
fraud,2013,"hello,sir,i,am,from,idea,customer,care,in,23,hours,your,sim,will,be,closed,do,u,want,to,activate,it"
fraud,2011,"hello,sir,i,am,from,vodafone,customer,care,in,23,hours,your,sim,will,be,closed,do,u,want,to,activate,it"
fraud,2021,"hello,sir,i,am,from,bsnl,customer,care,in,23,hours,your,sim,will,be,closed,do,u,want,to,activate,it"
fraud,2013,"hello,sir,i,am,from,mtnl,customer,care,in,23,hours,your,sim,will,be,closed,do,u,want,to,activate,it"
fraud,2013,"hello,sir,i,am,from,jio,customer,care,in,23,hours,your,sim,will,be,deactivate,do,u,want,to,activate,it"
fraud,2021,"hello,sir,i,am,from,airtel,customer,care,in,23,hours,your,sim,will,be,deactivate,do,u,want,to,activate,it"
fraud,2021,"hello,sir,i,am,from,idea,customer,care,in,23,hours,your,sim,will,be,deactivate,do,u,want,to,activate,it"
fraud,2015,"hello,sir,i,am,from,vodafone,customer,care,in,23,hours,your,sim,will,be,deactivate,do,u,want,to,activate,it"
fraud,2022,"hello,sir,i,am,from,bsnl,customer,care,in,23,hours,your,sim,will,be,deactivate,do,u,want,to,activate,it"
fraud,2024,"hello,sir,i,am,from,jio,customer,care,center,we,are,doing,verification,of,yours,number,that's,why,in,your,phone,four,digit,opt,will,have,send,tell,me,that,otp"
fraud,2023,"hello,sir,i,am,from,airtel,customer,care,center,we,are,doing,verification,of,yours,number,that's,why,in,your,phone,four,digit,opt,will,have,send,tell,me,that,otp"
fraud,2019,"hello,sir,i,am,from,idea,customer,care,center,we,are,doing,verification,of,yours,number,that's,why,in,your,phone,four,digit,opt,will,have,send,tell,me,that,otp"
fraud,2014,"hello,sir,i,am,from,vodafone,customer,care,center,we,are,doing,verification,of,yours,number,that's,why,in,your,phone,four,digit,opt,will,have,send,tell,me,that,otp"
fraud,2019,"hello,sir,i,am,from,bsnl,customer,care,center,we,are,doing,verification,of,yours,number,that's,why,in,your,phone,four,digit,opt,will,have,send,tell,me,that,otp"
fraud,2019,"hello,sir,this,is,your,hdfc,bank,manager,your,kyc,has,been,expiredso,you,have,to,kyc,your,self,but,due,to,covid,setuation,we,are,doing,kyc,online,pleae,tell,me,your,account,detail"
fraud,2025,"hello,sir,this,is,your,icici,bank,manager,your,kyc,has,been,expiredso,you,shave,to,kyc,your,self,but,due,to,covid,setuation,we,are,doing,kyc,online,pleae,tell,me,your,account,detail"
fraud,2022,"hello,sir,this,is,your,axis,bank,manager,your,kyc,has,been,expiredso,you,have,to,kyc,your,self,but,due,to,covid,setuation,we,are,doing,kyc,online,pleae,tell,me,your,account,detail"
fraud,2025,"hello,sir,this,is,your,uniun,bank,manager,your,kyc,has,been,expiredso,you,have,to,kyc,your,self,but,due,to,covid,setuation,we,are,doing,kyc,online,pleae,tell,me,your,account,detail"
fraud,2018,"hello,sir,this,is,your,sbi,bank,manager,your,kyc,has,been,expiredso,you,have,to,kyc,your,self,but,due,to,covid,setuation,we,are,doing,kyc,online,pleae,tell,me,your,account,detail"
fraud,2024,"hello,sir,this,is,your,allahabad,bank,manager,your,kyc,has,been,expiredso,you,have,to,kyc,your,self,but,due,to,covid,setuation,we,are,doing,kyc,online,pleae,tell,me,your,account,detail"
fraud,2018,"hello,sir,are,you,using,bhimupi,sir,you,have,to,upgrate,your,bhimupi,othr,wise,you,account,will,be,block"
fraud,2020,"hello,sir,tell,me,your,creditdebit,card,mobile,number,and,aadhar,card"
fraud,2022,"hello,i,am,from,income,text,department,you,have,not,registered,your,aadhar,to,your,pan,card,please,tell,me,your,aadhar,number,to,coonect,to,your,pan,card"
fraud,2013,"hello,sir,i,am,from,bank,please,tell,me,your,card,cvv,number,for,your,bank,verification"
fraud,2024,"hello,sir,i,am,from,union,bank,sir,i,have,call,you,for,your,bank,account,verification,do,you,want,verify,your,account,sir,then,tell,me,your,aadhar,card,number,and,pan,card,and,your,debitcredit,card,number"
fraud,2018,"hello,sir,i,am,from,sbi,bank,sir,i,have,call,you,for,your,bank,account,verification,do,you,want,verify,your,account,sir,then,tell,me,your,aadhar,card,number,and,pan,card,and,your,debitcredit,card,number"
fraud,2025,"hello,sir,i,am,from,hdfc,bank,sir,i,have,call,you,for,your,bank,account,verification,do,you,want,verify,your,account,sir,then,tell,me,your,aadhar,card,number,and,pan,card,and,your,debitcredit,card,number"
fraud,2016,"hello,sir,i,am,from,india,bank,sir,i,have,call,you,for,your,bank,account,verification,do,you,want,verify,your,account,sir,then,tell,me,your,aadhar,card,number,and,pan,card,and,your,debitcredit,card,number"
fraud,2024,"hello,sir,i,am,from,obi,bank,sir,i,have,call,you,for,your,bank,account,verification,do,you,want,verify,your,account,sir,then,tell,me,your,aadhar,card,number,and,pan,card,and,your,debitcredit,card,number"
fraud,2019,"hello,sir,i,am,from,allahabad,bank,sir,i,have,call,you,for,your,bank,account,verification,do,you,want,verify,your,account,sir,then,tell,me,your,aadhar,card,number,and,pan,card,and,your,debitcredit,card,number"
fraud,2016,"hello,sir,i,am,from,bank,of,baroda,sir,i,have,call,you,for,your,bank,account,verification,do,you,want,verify,your,account,sir,then,tell,me,your,aadhar,card,number,and,pan,card,and,your,debitcredit,card,number"
fraud,2024,"hello,sir,i,am,from,unoin,bank,of,india,do,you,have,fill,application,form,for,loan,i,called,you,for,verify,your,document,tell,me,your,aadhar,number,and,otp,of,your,mobile,number"
fraud,2013,"hello,sir,i,am,from,sbi,bank,of,india,do,you,have,fill,application,form,for,loan,i,called,you,for,verify,your,document,tell,me,your,aadhar,number,and,otp,of,your,mobile,number"
fraud,2011,"hello,sir,i,am,from,axis,bank,of,india,do,you,have,fill,application,form,for,loan,i,called,you,for,verify,your,document,tell,me,your,aadhar,number,and,otp,of,your,mobile,number"
fraud,2020,"hello,sir,i,am,from,hdfc,bank,of,india,do,you,have,fill,application,form,for,loan,i,called,you,for,verify,your,document,tell,me,your,aadhar,number,and,otp,of,your,mobile,number"
fraud,2020,"hello,sir,i,am,from,bank,of,baroda,india,do,you,have,fill,application,form,for,loan,i,called,you,for,verify,your,document,tell,me,your,aadhar,number,and,otp,of,your,mobile,number"
fraud,2022,"hello,sir,i,am,from,paytm,there,are,offer,in,paytm,upgrade,your,account,so,you,can,enjoy,better,cashback,offrs"
fraud,2016,"you,won,a,lucky,draw,for,shopping,on,an,amazon,provide,your,bank,details,for,deposit,your,amount,towards,logistics,charge"
fraud,2023,"you,won,a,lucky,draw,for,shopping,on,an,flipkard,provide,your,bank,details,for,deposit,your,amount,towards,logistics,charge"
fraud,2017,"you,won,a,lucky,draw,for,shopping,on,an,myntra,provide,your,bank,details,for,deposit,your,amount,towards,logistics,charge"
fraud,2022,"hello,sir,we,are,from,covid19,health,care,center,for,vaccination,call,7845963214"
fraud,2024,"hello,sir,i,am,from,covid19,center,you,have,filled,the,form,for,vaccination,we,are,for,vefication,of,your,document"
fraud,2011,"hello,sir,i,am,from,covid19,center,those,who,are,vaccinated,they,will,get,money,by,indian,goverment,please,tell,me,account,detail,to,deposit,money,in,your,account"
fraud,2016,"hello,sir,i,am,from,covid19,center,for,vaccination,you,have,to,pay,money,please,pay,your,money,on,this,upi,myupiaxis"
fraud,2016,"hello,you,have,won,10000,inr,do,you,want,to,deposit,it,in,your,bank,account"
fraud,2025,"give,me,your,bank,account,number,and,debit,card,number,for,deposit,money,in,your,bank,account"
fraud,2017,"hello,siri,am,from,sbi,bankdo,you,want,a,new,credit,cardgive,your,aadhar,and,mobile,number,for,issue,a,credit,card"
fraud,2011,"hello,sir,to,get,a,500,inr,voucher,for,play,rummy,go,to,this,link,httpxyzabc"
fraud,2014,"hello,i,am,from,indian,army,by,mistakely,i,have,given,your,mobile,number,in,amozon,during,online,shopping,that,why,you,have,got,an,otp,please,tell,me,that,otp"
fraud,2025,"as,a,valued,network,customer,you,have,been,selected,to,receive,9000,inr,prize,reward,to,claim,call,09061701461,claim,code,kl341,valid,12,hours,only"
fraud,2016,"had,your,mobile,11,months,or,more,you,are,entitled,to,update,to,the,latest,colour,mobiles,with,camera,for,free,call,the,mobile,update,co,free,on,08002986030"
fraud,2018,"congrats,1,year,special,cinema,pass,for,2,is,yours,dont,miss,out"
fraud,2013,"hi,babe,i,am,at,home,now,wanna,do,something,xxx"
fraud,2016,"your,2004,account,statement,for,07742676969,shows,786,unredeemed,bonus,points,to,claim,call,08719180248,identifier,code,45239,expires"
fraud,2016,"your,mobile,no,was,awarded,2000,inr,bonus,caller,prize,on,590021,this,is,our,final,try,to,contact,u,download,xyz,application,to,get,it"
fraud,2016,"todays,vodafone,numbers,ending,7548,are,selected,to,receive,a,350,award,if,you,have,a,match,please,call,08712300220,quoting,claim,code,4041,standard,rates,app"
fraud,2018,"sunshine,quiz,weekly,quize,win,a,top,sony,dvd,call,789654123"
fraud,2022,"customer,service,annoncement,you,have,a,new,years,delivery,waiting,for,you,please,call,07046744435,now,to,arrange,delivery"
fraud,2024,"you,are,a,winner,you,have,been,specially,selected,to,receive,1000,cash,or,a,4,holiday,flights,inc,speak,to,a,live,operator,to,claim,0871277810810"
fraud,2021,"sir,i,need,axis,bank,account,number,and,bank,address"
fraud,2016,"please,call,our,customer,service,representative,on,freephone,0808,145,4742,between,9am11pm,as,you,have,won,a,guaranteed,1000,rupees,cash,or,5000,prize"
fraud,2024,"congratulations,you,are,awarded,500,of,cd,vouchers,or,125gift,guaranteed,free,entry,to,100,wkly,draw,txt,music,to,87066,tncs,wwwldewcom1win150ppmx3age16"
fraud,2012,"we,tried,to,contact,you,are,your,reply,to,our,offer,of,a,video,handset,750,anytime,networks,mins,unlimited,text,camcorder"
fraud,2023,"hey,i,am,really,horny,want,to,chat,or,see,me,naked,text,hot,to,69698,text,charged,at,150pm,to,unsubscribe,text,stop,69698"
fraud,2017,"your,ringtone,service,has,changed,25,free,credits,go,to,club4mobilescom,to,choose,content,now,stop"
fraud,2025,"ringtone,club,get,the,uk,singles,chart,on,your,mobile,each,week,and,choose,any,top,quality,ringtone,this,message,is,free,of,charge"
fraud,2019,"themob,check,out,our,newest,selection,of,content,games,tones,gossip,babes,and,sport,keep,your,mobile,fit,and,funky,text,wap,to,82468"
fraud,2023,"think,your,smart,win,200,this,week,in,our,weekly,quiz,text,play,to,85222,nowtcs,winnersclub,po,box,84,m26,3uz,16,gbp150week"
fraud,2019,"valentines,day,special,win,over,1000,in,our,quiz,and,take,your,partner,on,the,trip,of,a,lifetime,send,go,to,83600,now,150pmsg,received,custcare08718720201"
fraud,2025,"congratulations,you,are,awarded,500,of,cd,vouchers,or,125gift,guaranteed,free,entry,2,100,wkly,draw,txt,music,to,87066,tncs,wwwldewcom1win150ppmx3age16"
fraud,2016,"you,are,cashbalance,is,currently,500,inr,to,maximize,ur,cashin,now,send,cash,to,86688,only,150pmsg,cc,08708800282,hgsuite3422lands,roww1j6hl"
fraud,2019,"thanks,for,your,ringtone,order,reference,t91,you,will,be,charged,gbp,4,per,week,you,can,unsubscribe,at,anytime,by,calling,customer,services,on,09057039994"
fraud,2015,"double,mins,and,texts,for,six,months,free,bluetooth,on,orange,available,on,sony,nokia,motorola,phones,call,mobileupd8,on,08000839402,or,call2optoutn9dx"
fraud,2020,"four,months,half,price,orange,line,rental,latest,camera,phones,4,free,had,your,phone,11mths,call,mobilesdirect,free,on,08000938767,to,update,now"
fraud,2023,"free,entry,into,our,250,weekly,competition,just,text,the,word,win,to,80086,now,18,tc,wwwtxttowincouk"
fraud,2019,"send,a,logo,your,lover,two,names,joined,by,a,heart,text,love,name1,name2,mobno,eg,love,adam,eve,07123456789,to,87077,yahoo,pobox36504w45wq,txtno,4,no,ads,150p"
fraud,2017,"someone,has,contacted,our,dating,service,and,entered,your,phone,because,they,fancy,you,to,find,out,who,it,is,call,from,a,landline,09111032124,pobox12n146tf150p"
fraud,2025,"booked,ticket,for,pongal"
fraud,2019,"you,available,now,i'm,like,right,around,hillsborough,amp,ltgt,th"
fraud,2021,"ok,mail,dear,dave,this,is,your,final,notice,to,collect,your,4,tenerife,holiday,or,5000,cash,award,call,09061743806,from,landline"
fraud,2015,"free,message,activate,your,500,free,text,messages,by,replying,to,this,message,with,the,word,free,for,terms,conditions,visit,www07781482378com"
fraud,2024,"urgent,your,mobile,number,was,awarded,a,2000,bonus,caller,prize,on,020903,this,is,our,second,attempt,to,contact,you,call,08718729755,box95qu"
fraud,2020,"today's,offer,claim,your,150,worth,of,discount,vouchers,text,yes,to,85023,now,savamob,member,offers,mobile,t,cs,08717898035,300,sub,16,unsub,reply,x"
fraud,2016,"you,will,recieve,your,tone,within,the,next,24hrs,for,terms,and,conditions,please,see,channel,you,teletext,pg,750"
fraud,2020,"you,have,won,1000,cash,or,a,2000,prize,to,claim,call,09050000327"
fraud,2024,"our,mobile,number,has,won,5000,to,claim,calls,us,back,or,ring,the,claims,hot,line,on,09050005321"
fraud,2025,"we,tried,to,contact,you,are,your,reply,to,our,offer,of,750,mins,150,textand,a,new,video,phone,call,08002988890,now,or,reply,for,free,delivery,tomorrow"
fraud,2019,"for,your,chance,to,win,a,250,wkly,shopping,spree,text,shop,to,80878,t'sc's,wwwtxt2shopcom,custcare,08715705022,1x150pwk"
fraud,2016,"you,have,been,specially,selected,to,receive,a,2000,pound,award,call,08712402050,before,the,lines,close,cost,10ppm,16,tcs,apply,ag,promo"
fraud,2023,"you,have,an,important,customer,service,announcement,call,freephone,0800,542,0825,now"
fraud,2024,"speaking,of,does,he,have,any,cash,yet"
fraud,2020,"22,days,to,kick,off,for,euro2004,you,will,be,kept,up,to,date,with,the,latest,news,and,results,daily,to,be,removed,send,get,txt,stop,to,83222"
fraud,2017,"todays,vodafone,numbers,ending,with,4882,are,selected,to,a,receive,a,350,award,if,your,number,matches,call,09064019014,to,receive,your,350,award"
fraud,2021,"you,have,won,1000,cash,or,a,2000,prize,to,claim,call,09050000327"
fraud,2015,"hi,i'm,sure,i,am,20,years,old,and,work,as,a,lapdancer,i,love,sex,text,me,live,i'm,i,my,bedroom,now,text,sue,to,89555,by,textoperator,g2,1da,150ppmsg,18"
fraud,2014,"save,yourself,the,stress,if,the,person,has,a,dorm,account,just,send,your,account,details,and,the,money,will,be,sent,to,you"
fraud,2015,"you,have,won,a,guaranteed,1000,cash,or,a,2000,prize,to,claim,yr,prize,call,our,customer,service,representative,on,08714712394,between,10am7pm"
fraud,2025,"you,are,awarded,a,city,break,and,could,win,a,200,summer,shopping,spree,every,week,text,store,to,88039"
fraud,2019,"you,have,an,important,customer,service,announcement,from,premier,call,freephone,0800,542,0578,now"
fraud,2017,"congratulations,your,awarded,either,500,of,cd,gift,vouchers,free,entry,to,our,100,weekly,draw,text,music,to,87066"
fraud,2017,"you,have,a,secret,admirer,reveal,who,thinks,you,are,so,special,call,09065174042,to,opt,out,reply,reveal,stop,150,per,message,record,customer,care,07821230901"
fraud,2016,"dear,voucher,holder,to,claim,this,weeks,offer,at,you,pc,please,go,to,httpwwwetlpcoukexpressoffer,tscs,apply,to,stop,texts,txt,stop,to,80062"
fraud,2024,"do,you,want,750,anytime,any,network,mins,150,text,and,a,new,video,phone,for,only,five,pounds,per,week,call,08002888812,or,reply,for,delivery,tomorrow"
fraud,2020,"urgent,call,09066350750,from,your,landline,your,complimentary,4,ibiza,holiday,or,10000,cash,await,collection,sae,tcs,po,box,434,sk3,8wp,150,ppm,18"
fraud,2024,"talk,sexy,make,new,friends,or,fall,in,love,in,the,worlds,most,discreet,text,dating,service,just,text,vip,to,83110,and,see,who,you,could,meet"
fraud,2021,"private,your,2003,account,statement,for,07808,xxxxxx,shows,800,unredeemed,s,i,m,points,call,08719899217,identifier,code,41685,expires,071104"
fraud,2013,"hello,we,need,some,posh,birds,and,chaps,to,user,trial,prods,for,champneys,can,i,put,you,down,i,need,your,address,and,dob,asap"
fraud,2022,"what,do,you,want,for,xmas,how,about,100,free,text,messages,a,new,video,phone,with,half,price,line,rental,call,free,now,on,0800,0721072,to,find,out,more"
fraud,2025,"shop,till,you,drop,is,it,you,either,10k,5k,500,cash,or,100,travel,voucher,call,now,09064011000,ntt,po,box,cr01327bt,fixedline,cost,150ppm,mobile,vary"
fraud,2025,"sunshine,quiz,wkly,q,win,a,top,sony,dvd,player,if,u,know,which,country,liverpool,played,in,mid,week,txt,ansr,to,82277,150,sptyrone"
fraud,2024,"reminder,you,have,not,downloaded,the,content,you,have,already,paid,for,goto,httpdoit,mymoby,tv,to,collect,your,content"
fraud,2022,"your,free,ringtone,is,waiting,to,be,collected,simply,text,the,password,mix,to,85069,to,verify,get,usher,and,britney"
fraud,2023,"dear,matthew,please,call,09063440451,from,a,landline,your,complimentary,4lux,tenerife,holiday,or,1000,cash,await,collection"
fraud,2015,"how,about,getting,in,touch,with,folks,waiting,for,company,just,text,back,your,name,and,age,to,opt,in,enjoy,the,community,150psms"
fraud,2021,"your,cashbalance,is,currently,500,pounds,to,maximize,your,cashin,now,send,go,to,86688,only,150pmsg,cc,08718720201,po,box,11414,tcrw1"
fraud,2020,"filthy,stories,and,girls,waiting,for,your"
fraud,2024,"urgent,we,are,trying,to,contact,you,todays,draw,shows,that,you,have,won,a,800,prize,guaranteed,call,09050001808,from,land,line,claim,m95,valid12hrs,only"
fraud,2020,"what,is,your,bank,account,number"
fraud,2017,"please,call,our,customer,service,representative,on,freephone,0808,145,4742,between,9am11pm,as,you,have,won,a,guaranteed,1000,cash,or,5000,prize"
fraud,2021,"panasonic,bluetoothhdset,free,nokia,free,motorola,free,doublemins,doubletxt,on,orange,contract"
fraud,2023,"free,for,1st,week,no1,nokia,tone,for,your,mobile,every,week,just,text,nokia,to,8007,get,txting,and,tell,your,mates,wwwgetzedcouk,pobox,36504,w45wq,norm150ptone,16"
fraud,2019,"we,know,someone,who,you,know,that,fancies,you,call,09058097218,to,find,out,who"
fraud,2016,"1000's,flirting,now,txt,girl,or,bloke,ur,name,age,eg,girl,zoe,18,to,8007,to,join,and,get,chatting"
fraud,2011,"18,days,to,euro2004,kickoff,you,will,be,kept,informed,of,all,the,latest,news,and,results,daily,unsubscribe,send,get,euro,stop,to,83222"
fraud,2024,"we,have,new,local,dates,in,your,area,lots,of,new,people,registered,in,your,area"
fraud,2022,"someone,you,know,has,asked,our,dating,service,2,contact,you,can't,guess,who,call,09058091854,now,all,will,be,revealed,po,box385,m6,6wu"
fraud,2016,"urgent,we,are,trying,to,contact,you,todays,draw,shows,that,you,have,won,a,800,prize,guaranteed,call,09050003091,from,land,line,claim,c52,valid12hrs,only"
fraud,2011,"dear,you,have,been,invited,to,xchat,this,is,our,final,attempt,to,contact,you,text,chat,to,86688"
fraud,2019,"dear,subscriber,your,draw,for,100,gift,voucher,will,be,entered,on,receipt,of,a,correct,ans,when,was,elvis,presleys,birthday,txt,answer,to,80062"
fraud,2014,"449050000301,you,have,won,a,2000,price,to,claim,call,09050000301"
fraud,2016,"do,you,want,750,anytime,any,network,mins,150,text,and,a,new,video,phone,for,only,five,pounds,per,week,call,08000776320,now,or,reply,for,delivery,tomorrow"
fraud,2017,"for,taking,part,in,our,mobile,survey,yesterday,you,can,now,have,500,texts,to,use,however,you,wish,to,get,txts,just,send,text,to,80160,tc,wwwtxt43com,150p"
fraud,2013,"thank,you,winner,notified,by,sms,good,luck,no,future,marketing,reply,stop,to,84122,customer,services,08450542832"
fraud,2025,"1000's,of,girls,many,local,to,you,who,are,virgins,to,this,are,ready,to,for,flil,your,every,sexual,need,can,you,forefil,theirs,text,cute,to,69911150p,m"
fraud,2016,"sex,up,ur,mobile,with,a,free,sexy,pic,of,jordan,just,text,babe,to,88600,then,every,wk,get,a,sexy,celeb,pocketbabecouk,4,more,pics,16,3wk,087016248"
fraud,2024,"you,have,1,new,voicemail,please,call,08719181503"
fraud,2011,"win,a,year,supply,of,cds,4,a,store,of,ur,choice,worth,500,enter,our,100,weekly,draw,txt,music,to,87066,tscs,wwwldewcomsubs161win150ppmx3"
fraud,2019,"as,a,sim,subscriber,you,are,selected,to,receive,a,bonus,get,it,delivered,to,your,door,txt,the,word,ok,to,no,88600,to,claim,150pmsg,exp,30apr"
fraud,2016,"you,have,1,new,voicemail,please,call,08719181513"
fraud,2015,"no,1,nokia,tone,4,ur,mob,every,week,just,txt,nok,to,87021,1st,tone,free,so,get,txtin,now,and,tell,ur,friends,150ptone,16,reply,hl,4info"
fraud,2025,"you,are,a,winner,u,have,been,specially,selected,2,receive,1000,cash,or,a,4,holiday,flights,inc,speak,to,a,live,operator,2,claim,0871277810810"
fraud,2025,"reply,with,your,name,and,address,and,you,will,receive,by,post,a,weeks,completely,free,accommodation,at,various,global,locations,wwwphb1com,ph08700435505150p"
fraud,2021,"free,entry,into,our,250,weekly,comp,just,send,the,word,enter,to,84128,now,18,tc,wwwtextcompcom,cust,care,08712405020"
fraud,2021,"please,call,08712402779,immediately,as,there,is,an,urgent,message,waiting,for,you"
fraud,2020,"hot,live,fantasies,call,now,08707509020,just,20p,per,min,ntt,ltd,po,box,1327,croydon,cr9,5wb,0870k"
fraud,2014,"bears,pic,nick,and,tom,pete,and,dick,in,fact,all,types,try,gay,chat,with,photo,upload,call,08718730666,10pmin,2,stop,texts,call,08712460324"
fraud,2012,"500,new,mobiles,from,2004,must,go,txt,nokia,to,no,89545,collect,yours,todayfrom,only,1,www4tcbiz,2optout,08718726270150gbpmtmsg18,txtauction"
fraud,2023,"double,mins,double,txt,12,price,linerental,on,latest,orange,bluetooth,mobiles,call,mobileupd8,for,the,very,latest,offers,08000839402,or,call2optoutlf56"
fraud,2025,"no,1,nokia,tone,4,ur,mob,every,week,just,txt,nok,to,87021,1st,tone,free,so,get,txtin,now,and,tell,ur,friends,150ptone,16,reply,hl,4info"
fraud,2024,"congratulations,ur,awarded,either,500,of,cd,gift,vouchers,free,entry,2,our,100,weekly,draw,txt,music,to,87066,tncs,wwwldewcom,1,win150ppmx3age16"
fraud,2012,"as,a,registered,optin,subscriber,ur,draw,4,100,gift,voucher,will,be,entered,on,receipt,of,a,correct,ans,to,80062,whats,no1,in,the,bbc,charts"
fraud,2023,"claire,here,am,havin,borin,time,am,now,alone,u,wanna,cum,over,2nite,chat,now,09099725823,hope,2,c,u,luv,claire,xx,calls1minmoremobsemspobox45po139wa"
fraud,2017,"bought,one,ringtone,and,now,getting,texts,costing,3,pound,offering,more,tones,etc"
fraud,2017,"09066362231,urgent,your,mobile,no,07xxxxxxxxx,won,a,2000,bonus,caller,prize,on,020603,this,is,the,2nd,attempt,to,reach,you,call,09066362231,asap"
fraud,2022,"you,07801543489,are,guaranteed,the,latests,nokia,phone,a,40gb,ipod,mp3,player,or,a,500,prize,txt,wordcollect,to,no83355,tcllc,nyusa,150pmt,msgrcvd18"
fraud,2019,"hi,its,lucy,hubby,at,meetins,all,day,fri,i,will,b,alone,at,hotel,u,fancy,cumin,over,pls,leave,msg,2day,09099726395,lucy,x,calls1minmobsmorelkpobox177hp51fl"
fraud,2017,"your,account,has,been,credited,with,500,free,text,messages,to,activate,just,txt,the,word,credit,to,no,80488,tcs,www80488biz"
fraud,2019,"sms,ac,jsco,energy,is,high,but,u,may,not,know,where,2channel,it,2day,ur,leadership,skills,r,strong,psychic,reply,ans,wquestion,end,reply,end,jsco"
fraud,2020,"hot,live,fantasies,call,now,08707509020,just,20p,per,min,ntt,ltd,po,box,1327,croydon,cr9,5wb,0870,is,a,national,rate,call"
fraud,2021,"thanks,for,the,vote,now,sing,along,with,the,stars,with,karaoke,on,your,mobile,for,a,free,link,just,reply,with,sing,now"
fraud,2021,"our,brand,new,mobile,music,service,is,now,live,the,free,music,player,will,arrive,shortly,just,install,on,your,phone,to,browse,content,from,the,top,artists"
fraud,2021,"urgent,your,mobile,no,was,awarded,a,2000,bonus,caller,prize,on,10803,this,is,our,2nd,attempt,to,contact,you,call,08714719523,box95qu,bt,national,rate"
fraud,2021,"you,have,won,a,nokia,7250i,this,is,what,you,get,when,you,win,our,free,auction,to,take,part,send,nokia,to,86021,now"
fraud,2022,"hello,from,orange,for,1,month's,free,access,to,games,news,and,sport,plus,10,free,texts,and,20,photo,messages,reply,yes,terms,apply,wwworangecoukow"
fraud,2013,"urgent,your,mobile,number,has,been,awarded,with,a,2000,prize,guaranteed,call,09061790121,from,land,line,claim,3030,valid,12hrs,only,150ppm"
fraud,2022,"you,have,been,selected,to,stay,in,1,of,250,top,british,hotels,for,nothing,holiday,worth,350,to,claim"
fraud,2019,"hi,if,ur,lookin,4,saucy,daytime,fun,wiv,busty,married,woman,am,free,all,next,week,chat,now,2,sort,time,09099726429,janinexx,calls1minmobsmorelkpobox177hp51fl"
fraud,2023,"todays,vodafone,numbers,ending,with,0089my,last,four,digits,are,selected,to,received,a,350,award,if,your,number,matches,please,call,09063442151,to,claim,your,350,award"
fraud,2015,"free,top,ringtone,sub,to,weekly,ringtoneget,1st,week,freesend,subpoly,to,816183,per,weekstop,sms08718727870"
fraud,2016,"sunshine,quiz,wkly,q,win,a,top,sony,dvd,player,if,u,know,which,country,the,algarve,is,in,txt,ansr,to,82277,150,sptyrone"
fraud,2023,"free,msg,sorry,a,service,you,ordered,from,81303,could,not,be,delivered,as,you,do,not,have,sufficient,credit,please,top,up,to,receive,the,service"
fraud,2012,"hard,live,121,chat,just,60pmin,choose,your,girl,and,connect,live,call,09094646899,now,cheap,chat,uk's,biggest,live,service,vu,bcm1896wc1n3xx"
fraud,2019,"wow,the,boys,r,back,take,that,2007,uk,tour,win,vip,tickets,prebook,with,vip,club,txt,club,to,81303,trackmarque,ltd,infovipclub4u"
fraud,2018,"hi,this,is,mandy,sullivan,calling,from,hotmix,fmyou,are,chosen,to,receive,500000,in,our,easter,prize,drawplease,telephone,09041940223,to,claim,before,290305,or,your,prize,will,be,transferred,to,someone,else"
fraud,2017,"someone,has,conacted,our,dating,service,and,entered,your,phone,because,they,fancy,youto,find,out,who,it,is,call,from,landline,09111030116,pobox12n146tf15"
fraud,2012,"win,we,have,a,winner,mr,t,foley,won,an,ipod,more,exciting,prizes,soon,so,keep,an,eye,on,ur,mobile,or,visit,wwwwin82050couk"
fraud,2019,"todays,voda,numbers,ending,1225,are,selected,to,receive,a,50award,if,you,have,a,match,please,call,08712300220,quoting,claim,code,3100,standard,rates,app"
fraud,2020,"hottest,pics,straight,to,your,phone,see,me,getting,wet,and,wanting,just,for,you,xx,text,pics,to,89555,now,txt,costs,150p,textoperator,g696ga,18,xxx"
fraud,2014,"free,nokia,or,motorola,with,upto,12mths,12price,linerental,500,free,xnet,mins100txtmth,free,b'tooth,call,mobileupd8,on,08001950382,or,call,2optoutd3wv"
fraud,2017,"this,is,the,2nd,time,we,have,tried,2,contact,u,u,have,won,the,750,pound,prize,2,claim,is,easy,call,08718726970,now,only,10p,per,min,btnationalrate"
fraud,2012,"you,have,won,a,guaranteed,1000,cash,or,a,2000,prizeto,claim,yr,prize,call,our,customer,service,representative,on"
fraud,2024,"would,you,like,to,see,my,xxx,pics,they,are,so,hot,they,were,nearly,banned,in,the,uk"
fraud,2022,"u,have,a,secret,admirer,who,is,looking,2,make,contact,with,ufind,out,who,they,rreveal,who,thinks,ur,so,specialcall,on,09058094594"
fraud,2018,"dear,0776xxxxxxx,u've,been,invited,to,xchat,this,is,our,final,attempt,to,contact,u,txt,chat,to,86688,150pmsgrcvdhgsuite3422landsroww1j6hl,ldn,18yrs"
fraud,2013,"urgent,please,call,09061743811,from,landline,your,abta,complimentary,4,tenerife,holiday,or,5000,cash,await,collection,sae,tcs,box,326,cw25wx,150ppm"
fraud,2023,"call,09090900040,listen,to,extreme,dirty,live,chat,going,on,in,the,office,right,now,total,privacy,no,one,knows,your,sic,listening,60p,min,247mp,0870753331018"
fraud,2020,"freemsg,hey,u,i,just,got,1,of,these,videopic,fones,reply,wild,to,this,txt,ill,send,u,my,pics,hurry,up,im,so,bored,at,work,xxx,18,150prcvd,stop2stop"
fraud,2014,"free,entry,in,2,a,weekly,comp,for,a,chance,to,win,an,ipod,txt,pod,to,80182,to,get,entry,std,txt,rate,tc's,apply,08452810073,for,details,18"
fraud,2013,"more,people,are,dogging,in,your,area,now,call,09090204448,and,join,like,minded,guys,why,not,arrange,1,yourself,there's,1,this,evening,a150,minapn,ls278bb"
fraud,2016,"you,have,won,a,guaranteed,200,award,or,even,1000,cashto,claim,ur,award,call,free,on,08000407165,18,2,stop,getstop,on,88222,php"
fraud,2025,"urgent,your,mobile,no,won,a,2000,bonus,caller,prize,on,020603,this,is,the,2nd,attempt,to,reach,you,call,09066362220"
fraud,2021,"sexy,singles,are,waiting,for,you,text,your,age,followed,by,your,gender,as,wither,m,or,f,eg23f,for,gay,men,text,your,age,followed,by,a,g,eg23g"
fraud,2022,"freemsg,claim,ur,250,sms,messagestext,ok,to,84025,nowuse,web2mobile,2,ur,mates,etc,join,txt250com,for,150pwk"
fraud,2020,"well,done,england,get,the,official,poly,ringtone,or,colour,flag,on,yer,mobile,text,tone,or,flag,to,84199,now,optout,txt,eng,stop,box39822,w111wx,150"
fraud,2021,"final,chance,claim,ur,150,worth,of,discount,vouchers,today,text,yes,to,85023,now,savamob,member,offers,mobile,t,cs,savamob,pobox84,m263uz,300,subs,16"
fraud,2018,"private,your,2004,account,statement,for,07742676969,shows,786,unredeemed,bonus,points,to,claim,call,08719180248,identifier,code,45239,expires"
fraud,2025,"sms,services,for,your,inclusive,text,credits,pls,goto,wwwcomuknet,login,unsubscribe,with,stop,no,extra,charge"
fraud,2021,"free2day,sexy,st,george's,day,pic,of,jordantxt,pic,to,89080,dont,miss,out,then,every,wk,a,saucy,celeb4,more,pics,c,pocketbabecouk,0870241182716,3wk"
fraud,2021,"you,are,a,winner,you,have,been,specially,selected,to,receive,1000,cash,or,a,2000,award,speak,to,a,live,operator,to,claim,call,087123002209am7pm,cost,10p"
fraud,2022,"sunshine,hols,to,claim,ur,med,holiday,send,a,stamped,self,address,envelope,to,drinks,on,us,uk,po,box,113,bray,wicklow,eire,quiz,starts,saturday,unsub,stop"
fraud,2017,"u,can,win,100,of,music,gift,vouchers,every,week,starting,now,txt,the,word,draw,to,87066,tscs,wwwidewcom,skillgame,1winaweek,age16,150p,per,messsubscription"
fraud,2024,"123,congratulations,in,this,week's,competition,draw,u,have,won,the,1450,prize,to,claim,just,call,09050002311,b4280703,tcsstop,sms,08718727868,over,18,only,150ppm"
fraud,2024,"your,b4u,voucher,wc,2703,is,marsms,log,onto,wwwb4utelecom,for,discount,credit,to,opt,out,reply,stop,customer,care,call,08717168528"
fraud,2019,"freemsg,hey,i'm,buffy,25,and,love,to,satisfy,men,home,alone,feeling,randy,reply,2,c,my,pix,qlynnbv,help08700621170150p,a,msg,send,stop,to,stop,txts"
fraud,2019,"sunshine,hols,to,claim,ur,med,holiday,send,a,stamped,self,address,envelope,to,drinks,on,us,uk,po,box,113,bray,wicklow,eire,quiz,starts,saturday,unsub,stop"
fraud,2022,"free,for,1st,week,no1,nokia,tone,4,ur,mob,every,week,just,txt,nokia,to,87077,get,txting,and,tell,ur,mates,zed,pobox,36504,w45wq,norm150ptone,16"
fraud,2013,"shop,till,u,drop,is,it,you,either,10k,5k,500,cash,or,100,travel,voucher,call,now,09064011000,ntt,po,box,cr01327bt,fixedline,cost,150ppm,mobile,vary"
fraud,2020,"free,camera,phones,with,linerental,from,449month,with,750,cross,ntwk,mins,12,price,txt,bundle,deals,also,avble,call,08001950382"
fraud,2025,"urgent,your,mobile,no,07xxxxxxxxx,won,a,2000,bonus,caller,prize,on,020603,this,is,the,2nd,attempt,to,reach,you,call,09066362231,asap,box97n7qp,150ppm"
fraud,2023,"urgent,your,4,costa,del,sol,holiday,or,5000,await,collection,call,09050090044,now,toclaim,sae,tc,s,pobox334,stockport,sk38xh,cost150pm,max10mins"
fraud,2017,"you,have,won,a,guaranteed,1000,cash,or,a,2000,prize,to,claim,yr,prize,call,our,customer,service,representative,on,08714712379,between,10am7pm,cost,10p"
fraud,2014,"thanks,for,your,ringtone,order,ref,number,k718,your,mobile,will,be,charged,450,should,your,tone,not,arrive,please,call,customer,services,on,09065069120"
fraud,2011,"thanks,for,your,ringtone,order,ref,number,r836,your,mobile,will,be,charged,450,should,your,tone,not,arrive,please,call,customer,services,on,09065069154"
fraud,2014,"splashmobile,choose,from,1000s,of,gr8,tones,each,wk,this,is,a,subscrition,service,with,weekly,tones,costing,300p,u,have,one,credit,kick,back,and,enjoy"
fraud,2022,"forwarded,from,88877free,entry,into,our,250,weekly,comp,just,send,the,word,enter,to,88877,now,18,tc,wwwtextcompcom"
fraud,2017,"had,your,mobile,11mths,update,for,free,to,oranges,latest,colour,camera,mobiles,unlimited,weekend,calls,call,mobile,08000839402"
fraud,2011,"you,have,1,new,message,please,call,08718738034"
fraud,2023,"forwarded,from,21870000hi,this,is,your,mailbox,messaging,sms,alert,you,have,4,messages,you,have,21,matches,please,call,back,on,09056242159,to,retrieve,your,messages,and,matches"
fraud,2025,"congrats,1,year,special,cinema,pass,for,2,is,yours,call,09061209465,now,c,suprman,v,matrix3,starwars3,etc,all,4,free,bx420ip45we,150pm,dont,miss,out"
fraud,2013,"win,a,year,supply,of,cds,4,a,store,of,ur,choice,worth,500,enter,our,100,weekly,draw,txt,music,to,87066,tscs,wwwldewcomsubs161win150ppmx3"
fraud,2020,"moby,pub,quizwin,a,100,high,street,prize,if,u,know,who,the,new,duchess,of,cornwall,will,be,txt,her,first,name,to,82277unsub,stop,150,008704050406,sp,arrow"
fraud,2025,"you,have,won,a,nokia,7250i,this,is,what,you,get,when,you,win,our,free,auction,to,take,part,send,nokia,to,86021,now,hgsuite3422lands,roww1jhl,16"
fraud,2020,"congratulations,thanks,to,a,good,friend,u,have,won,the,2000,xmas,prize,2,claim,is,easy,just,call,08718726971,now,only,10p,per,minute,btnationalrate"
fraud,2021,"urgent,your,mobile,number,won,a,2000,bonus,caller,prize,on,100603,this,is,the,2nd,attempt,to,reach,you,call,09066368753,asap,box,97n7qp,150ppm"
fraud,2024,"double,your,mins,txts,on,orange,or,12,price,linerental,motorola,and,sonyericsson,with,btooth,freenokia,free,call,mobileupd8,on,08000839402,or2optouthv9d"
fraud,2013,"download,as,many,ringtones,as,u,like,no,restrictions,1000s,2,choose,u,can,even,send,2,yr,buddys,txt,sir,to,80082,3"
fraud,2014,"please,call,08712402902,immediately,as,there,is,an,urgent,message,waiting,for,you"
fraud,2022,"spook,up,your,mob,with,a,halloween,collection,of,a,logo,pic,message,plus,a,free,eerie,tone,txt,card,spook,to,8007,zed,08701417012150p,per,logopic"
fraud,2024,"fantasy,football,is,back,on,your,tv,go,to,sky,gamestar,on,sky,active,and,play,250k,dream,team,scoring,starts,on,saturday,so,register,nowsky,opt,out,to,88088"
fraud,2016,"someone,has,contacted,our,dating,service,and,entered,your,phone,becausethey,fancy,you,to,find,out,who,it,is,call,from,a,landline,09058098002,pobox1,w14rg,150p"
fraud,2021,"babe,u,want,me,dont,u,baby,im,nasty,and,have,a,thing,4,filthyguys,fancy,a,rude,time,with,a,sexy,bitch,how,about,we,go,slo,n,hard,txt,xxx,slo4msgs"
fraud,2015,"valentines,day,special,win,over,1000,in,our,quiz,and,take,your,partner,on,the,trip,of,a,lifetime,send,go,to,83600,now,150pmsg,rcvd,custcare08718720201"
fraud,2011,"winner,as,a,valued,network,customer,you,hvae,been,selected,to,receive,a,900,reward,to,collect,call,09061701444,valid,24,hours,only,acl03530150pm"
fraud,2025,"hello,sir,i,am,from,paytm,your,kyc,is,finished,with,paytm,will,you,get,kyc,done"
fraud,2014,"hello,sir,i,am,speaking,from,paytm,have,you,ever,had,kyc,if,not,done,please,get,it,done"
fraud,2020,"sir,i'm,speaking,through,phonepe,you,have,received,a,cashback,of,5000,why,haven't,you,received,yet,for,receive,it,tell,us,about,your,bank,account,number"
fraud,2020,"sir,give,me,your,atm,number"
fraud,2020,"hello,sir,you,are,ending,atm,card,validity,today,please,turn,it,on"
fraud,2017,"hello,sir,i,am,speaking,from,sbi,bank,you,want,to,open,a,new,account,so,please,share,your,aadhaar,number,with,us"
fraud,2020,"hello,sir,i,am,speaking,from,sbi,bank,5000,has,been,deducted,from,your,account,please,share,your,account,number,to,withdraw,it"
fraud,2016,"sir,i,am,speaking,from,icici,bank,do,you,want,to,open,your,new,account"
fraud,2023,"hello,sir,i,am,speaking,from,icici,bank,your,atm,card,date,has,expired,please,share,your,aadhaar,number,to,run,a,new,atm,card"
fraud,2014,"sir,i,can,know,your,aadhar,card,number"
fraud,2019,"sir,can,i,know,your,account,number"
fraud,2020,"sir,i,can,know,your,cvv,pin"
fraud,2012,"sir,i,can,know,your,atm,card,number"
fraud,2017,"hello,sir,i,am,talking,to,the,insurance,company,a,new,offer,has,come,would,you,like,to,take"
fraud,2025,"hello,sir,i,am,talking,to,lic,a,new,policy,has,come,would,you,like,to,have,it"
fraud,2019,"brother,how,are,you,i,am,speaking,raju,will,you,give,me,your,atm,card"
fraud,2015,"hello,yes,brother,i,am,speaking,vimal,what,are,you,doing,hey,i,wanted,your,atm,card,will,you"
fraud,2017,"hello,friend,i,am,speaking,vimali,wanted,your,bank,account,number,there,was,some,work"
fraud,2017,"hello,i,am,a,military,man,i,need,some,help,from,you,will,help,me"
fraud,2015,"hello,i,am,from,maharashtra,police,your,account,number,has,been,hacked,please,share,your,account,number,with,me"
fraud,2025,"hello,i,am,from,mumbai,police,your,mobile,number,is,used,in,crime,please,share,the,data"
fraud,2024,"i,am,from,icici,bank,you,have,received,an,offer,to,avail,this,a,4,digit,otp,has,been,placed,on,your,mobile,number,please,share,otp,with,me"
fraud,2020,"hello,sir,i,am,from,hdfc,bank"
fraud,2025,"hello,sir,i,am,from,kotak,mahindra,bank,bank"
fraud,2023,"hello,sir,i,am,from,sbi,bank"
fraud,2020,"hello,sir,i,am,from,bank,of,baroda"
fraud,2021,"hello,sir,i,am,from,corporation,bank"
fraud,2017,"hello,sir,i,am,from,panjab,national,bank"
fraud,2012,"hello,sir,i,am,from,paytm,bank"
fraud,2021,"hello,sir,i,am,from,icici,bank"
fraud,2025,"hello,sir,do,you,want,to,make,your,license,from,home"
fraud,2023,"dear,7977xxxx34,win,1st,prize,of,rs,2,lakhs,create,your,team,for,ind,vs,eng,1st,odi,on,paytm,first,games,win,up,to,rs,10,cr,click,mpaytmmefnpt,tc"
fraud,2019,"freemsg,you,have,been,awarded,a,free,mini,digital,camera,just,reply,snap,to,collect,your,prize,quizclub,opt,out,stop,80122300pwk,sprwm,ph08704050406"
fraud,2016,"this,message,is,brought,to,you,by,gmw,ltd,and,is,not,connected,to,the"
fraud,2020,"congrats,2,mobile,3g,videophones,r,yours,call,09063458130,now,videochat,wid,ur,mates,play,java,games,dload,polyph,music,noline,rentl,bx420,ip4,5we,150p"
fraud,2019,"your,next,amazing,xxx,picsfree1,video,will,be,sent,to,you,enjoy,if,one,vid,is,not,enough,for,2day,text,back,the,keyword,picsfree1,to,get,the,next,video"
fraud,2021,"u,are,subscribed,to,the,best,mobile,content,service,in,the,uk,for,3,per,ten,days,until,you,send,stop,to,83435"
fraud,2025,"3,free,tarot,texts,find,out,about,your,love,life,now,try,3,for,free,text,chance,to,85555,16,only"
fraud,2024,"sunshine,quiz,wkly,q,win,a,top,sony,dvd,player,if,u,know,which,country,liverpool,played,in,mid,week,txt,ansr,to,82277,150,sptyrone"
fraud,2019,"knock,knock,txt,whose,there,to,80082,to,enter,r,weekly,draw,4,a,250,gift,voucher,4,a,store,of,yr,choice,tcs,wwwtklscom,age16,to,stoptxtstop150week"
fraud,2021,"free,ring,tone,just,text,polys,to,87131,then,every,week,get,a,new,tone,0870737910216yrs,only,150wk"
fraud,2022,"you,are,guaranteed,the,latest,nokia,phone,a,40gb,ipod,mp3,player,or,a,500,prize,txt,word,collect,to,no,83355,ibhltd,ldnw15h,150pmtmsgrcvd18"
fraud,2018,"hello,darling,how,are,you,today,i,would,love,to,have,a,chat,why,dont,you,tell,me,what,you,look,like,and,what,you,are,in,to,sexy"
fraud,2019,"8007,free,for,1st,week,no1,nokia,tone,4,ur,mob,every,week,just,txt,nokia,to,8007,get,txting,and,tell,ur,mates,wwwgetzedcouk,pobox,36504,w4,5wq,norm,150ptone,16"
fraud,2024,"wanna,get,laid,2nite,want,real,dogging,locations,sent,direct,to,ur,mobile,join,the,uk's,largest,dogging,network,txt,park,to,69696,now,nyt,ec2a,3lp,150msg"
fraud,2012,"we,tried,to,contact,you,re,your,response,to,our,offer,of,a,new,nokia,fone,and,camcorder,hit,reply,or,call,08000930705,for,delivery"
fraud,2023,"new,tones,this,week,include,1mcflyall,ab,2,sara,jorgeshock,3,will,smithswitch,to,order,follow,instructions,on,next,message"
fraud,2025,"urgent,we,are,trying,to,contact,u,todays,draw,shows,that,you,have,won,a,800,prize,guaranteed,call,09050003091,from,land,line,claim,c52,valid,12hrs,only"
fraud,2016,"urgent,urgent,we,have,800,free,flights,to,europe,to,give,away,call,b4,10th,sept,take,a,friend,4,free,call,now,to,claim,on,09050000555,ba128nnfwfly150ppm"
fraud,2020,"from,88066,lost,12,help"
fraud,2016,"freemsg,fancy,a,flirt,reply,date,now,join,the,uks,fastest,growing,mobile,dating,service,msgs,rcvd,just,25p,to,optout,txt,stop,to,83021,reply,date,now"
fraud,2012,"great,new,offer,double,mins,double,txt,on,best,orange,tariffs,and,get,latest,camera,phones,4,free,call,mobileupd8,free,on,08000839402,now,or,2stoptxt,tcs"
fraud,2022,"hope,you,enjoyed,your,new,content,text,stop,to,61610,to,unsubscribe,help08712400602450p,provided,by,tones2youcouk"
fraud,2011,"urgent,please,call,09066612661,from,landline,5000,cash,or,a,luxury,4,canary,islands,holiday,await,collection,tcs,sae,award,20m12aq,150ppm,16"
fraud,2025,"urgent,please,call,09066612661,from,your,landline,your,complimentary,4,lux,costa,del,sol,holiday,or,1000,cash,await,collection,ppm,150,sae,tcs,james,28,eh74rr"
fraud,2021,"i,don't,know,u,and,u,don't,know,me,send,chat,to,86688,now,and,let's,find,each,other,only,150pmsg,rcvd"
fraud,2013,"married,local,women,looking,for,discreet,action,now,5,real,matches,instantly,to,your,phone"
fraud,2021,"burger,king,wanna,play,footy,at,a,top,stadium,get,2,burger,king,before,1st,sept,and,go,large,or,super,with,cocacola,and,walk,out,a,winner"
fraud,2014,"how,come,it,takes,so,little,time,for,a,child,who,is,afraid,of,the,dark,to,become,a,teenager,who,wants,to,stay,out,all,night"
fraud,2018,"for,ur,chance,to,win,a,250,cash,every,wk,txt,action,to,80608,t'sc's,wwwmovietriviatv,custcare,08712405022,1x150pwk"
fraud,2025,"uve,bin,awarded,50,to,play,4,instant,cash,call,08715203028,to,claim,every,9th,player,wins,min,50500,optout,08718727870"
fraud,2016,"freemsgfav,xmas,tonesreply,real"
fraud,2011,"december,only,had,your,mobile,11mths,you,are,entitled,to,update,to,the,latest,colour,camera,mobile,for,free,call,the,mobile,update,co,free,on,08002986906"
fraud,2018,"gr8,poly,tones,4,all,mobs,direct,2u,rply,with,poly,title,to,8007,eg,poly,breathe1,titles,crazyin,sleepingwith,finest,ymca,getzedcouk,pobox365o4w45wq,300p"
fraud,2025,"interflora,it's,not,too,late,to,order,interflora,flowers,for,christmas,call,0800,505060,to,place,your,order,before,midnight,tomorrow"
fraud,2021,"everyone,around,should,be,responding,well,to,your,presence,since,you,are,so,warm,and,outgoing,you,are,bringing,in,a,real,breath,of,sunshine"
fraud,2021,"congratulations,thanks,to,a,good,friend,u,have,won,the,2000,xmas,prize,2,claim,is,easy,just,call,08712103738,now,only,10p,per,minute,btnationalrate"
fraud,2012,"send,a,logo,2,ur,lover,2,names,joined,by,a,heart,txt,love,name1,name2,mobno,eg,love,adam,eve,07123456789,to,87077,yahoo,pobox36504w45wq,txtno,4,no,ads,150p"
fraud,2023,"you've,won,tkts,to,the,euro2004,cup,final,or,800,cash,to,collect,call,09058099801,b4190604,pobox,7876150ppm"
fraud,2021,"freemessage,jamsterget,the,crazy,frog,sound,now,for,poly,text,mad1,for,real,text,mad2,to,88888,6,crazy,sounds,for,just,3,gbpweek,16only,tc's,apply"
fraud,2024,"your,chance,to,be,on,a,reality,fantasy,show,call,now,08707509020,just,20p,per,min,ntt,ltd,po,box,1327,croydon,cr9,5wb,0870,is,a,national,rate,call"
fraud,2021,"adult,18,content,your,video,will,be,with,you,shortly"
fraud,2017,"your,chance,to,be,on,a,reality,fantasy,show,call,now,08707509020,just,20p,per,min,ntt,ltd,po,box,1327,croydon,cr9,5wb,0870,is,a,national,rate,call"
fraud,2023,"hey,boys,want,hot,xxx,pics,sent,direct,2,ur,phone,txt,porn,to,69855,24hrs,free,and,then,just,50p,per,day,to,stop,text,stopbcm,sf,wc1n3xx"
fraud,2024,"last,chance,claim,ur,150,worth,of,discount,vouchers,today,text,shop,to,85023,now,savamob,offers,mobile,t,cs,savamob,pobox84,m263uz,300,sub,16"
fraud,2020,"pdatenow,double,mins,and,1000,txts,on,orange,tariffs,latest,motorola,sonyericsson,nokia,bluetooth,free,call,mobileupd8,on,08000839402,or,call2optoutyhl"
fraud,2016,"ur,cashbalance,is,currently,500,pounds,to,maximize,ur,cashin,now,send,cash,to,86688,only,150pmsg,cc,08718720201,po,box,11414,tcrw1"
fraud,2025,"urgent,your,mobile,number,has,been,awarded,with,a,2000,prize,guaranteed,call,09058094454,from,land,line,claim,3030,valid,12hrs,only"
fraud,2013,"sorry,u,can,not,unsubscribe,yet,the,mob,offer,package,has,a,min,term,of,54,weeks,pls,resubmit,request,after,expiry,reply,themob,help,4,more,info"
fraud,2020,"you,have,1,new,message,please,call,08712400200"
fraud,2024,"we,currently,have,a,message,awaiting,your,collection,to,collect,your,message,just,call,08718723815"
fraud,2017,"urgent,your,mobile,was,awarded,a,1500,bonus,caller,prize,on,27603,our,final,attempt,2,contact,u,call,08714714011"
fraud,2014,"u,have,a,secret,admirer,reveal,who,thinks,u,r,so,special,call,09065174042,to,opt,out,reply,reveal,stop,150,per,msg,recd,cust,care,07821230901"
fraud,2018,"do,you,ever,notice,that,when,you're,driving,anyone,going,slower,than,you,is,an,idiot,and,everyone,driving,faster,than,you,is,a,maniac"
fraud,2021,"xmas,offer,latest,motorola,sonyericsson,nokia,free,bluetooth,or,dvd,double,mins,1000,txt,on,orange"
fraud,2025,"reply,to,win,100,weekly,what,professional,sport,does,tiger,woods,play,send,stop,to,87239,to,end,service"
fraud,2014,"no,1,polyphonic,tone,4,ur,mob,every,week,just,txt,pt2,to,87575,1st,tone,free,so,get,txtin,now,and,tell,ur,friends,150ptone,16,reply,hl,4info"
fraud,2014,"hot,live,fantasies,call,now,08707509020,just,20p,per,min,ntt,ltd,po,box,1327,croydon,cr9,5wb,0870,is,a,national,rate,call"
fraud,2022,"this,message,is,free,call,welcome,to,the,new,improved,sex,dogging,club,to,unsubscribe,from,this,service,reply,stop,msgs150p,18only"
fraud,2024,"you've,won,tkts,to,the,euro2004,cup,final,or,800,cash,to,collect,call,09058099801,b4190604,pobox,7876150ppm"
fraud,2012,"loan,for,any,purpose,500,75000,homeowners,tenants,welcome,have,you,been,previously,refused,we,can,still,help,call,free,0800,1956669,or,text,back,help"
fraud,2013,"updatenow,12mths,half,price,orange,line,rental,400minscall,mobileupd8,on,08000839402,or,call2optoutj5q"
fraud,2022,"free,unlimited,hardcore,porn,direct,2,your,mobile,txt,porn,to,69200,get,free,access,for,24,hrs,then,chrgd50p,per,day,txt,stop,2exit,this,msg,is,free"
fraud,2018,"you,are,now,unsubscribed,all,services,get,tons,of,sexy,babes,or,hunks,straight,to,your,phone,go,to,httpgotbabescouk,no,subscriptions"
fraud,2014,"hi,babe,its,jordan,how,r,u,im,home,from,abroad,and,lonely,text,me,back,if,u,wanna,chat,xxsp,visionsmscom,text,stop,to,stopcost,150p,08712400603"
fraud,2012,"get,a,brand,new,mobile,phone,by,being,an,agent,of,the,mob,plus,loads,more,goodies,for,more,info,just,text,mat,to,87021"
fraud,2014,"lord,of,the,ringsreturn,of,the,king,in,store,nowreply,lotr,by,2,june,4,chance,2,win,lotr,soundtrack,cds,stdtxtrate,reply,stop,to,end,txts"
fraud,2017,"good,luck,draw,takes,place,28th,feb,06,good,luck,for,removal,send,stop,to,87239,customer,services,08708034412"
fraud,2024,"free,entry,in,2,a,weekly,comp,for,a,chance,to,win,an,ipod,txt,pod,to,80182,to,get,entry,std,txt,rate,tc's,apply,08452810073,for,details,18"
fraud,2022,"1st,wk,free,gr8,tones,str8,2,u,each,wk,txt,nokia,on,to,8007,for,classic,nokia,tones,or,hit,on,to,8007,for,polys,nokia150p,poly200p,16"
fraud,2021,"lookatme,thanks,for,your,purchase,of,a,video,clip,from,lookatme,you've,been,charged,35p,think,you,can,do,better,why,not,send,a,video,in,a,mmsto,32323"
fraud,2016,"sexy,sexy,cum,and,text,me,im,wet,and,warm,and,ready,for,some,porn,u,up,for,some,fun,this,msg,is,free,recd,msgs,150p,inc,vat,2,cancel,text,stop"
fraud,2018,"hard,live,121,chat,just,60pmin,choose,your,girl,and,connect,live,call,09094646899,now,cheap,chat,uk's,biggest,live,service,vu,bcm1896wc1n3xx"
fraud,2018,"not,heard,from,u4,a,while,call,4,rude,chat,private,line,01223585334,to,cum,wan,2c,pics,of,me,gettin,shagged,then,text,pix,to,8552,2end,send,stop,8552,sam,xxx"
fraud,2012,"this,is,the,2nd,time,we,have,tried,to,contact,u,u,have,won,the,1450,prize,to,claim,just,call,09053750005,b4,310303,tcsstop,sms,08718725756,140ppm"
fraud,2020,"hot,live,fantasies,call,now,08707509020,just,20p,per,min,ntt,ltd,po,box,1327,croydon,cr9,5wb,0870k"
fraud,2020,"dear,voucher,holder,to,claim,this,weeks,offer,at,you,pc,please,go,to,httpwwwetlpcoukreward,tscs,apply"
fraud,2017,"ur,going,2,bahamas,callfreefone,08081560665,and,speak,to,a,live,operator,to,claim,either,bahamas,cruise,of2000,cash,18only,to,opt,out,txt,x,to,07786200117"
fraud,2023,"this,is,the,2nd,time,we,have,tried,2,contact,u,u,have,won,the,750,pound,prize,2,claim,is,easy,call,08712101358,now,only,10p,per,min,btnationalrate"
fraud,2022,"ur,awarded,a,city,break,and,could,win,a,200,summer,shopping,spree,every,wk,txt,store,to,88039skilgmetscs087147403231winawkage16150perwksub"
fraud,2022,"urgent,we,are,trying,to,contact,u,todays,draw,shows,that,you,have,won,a,2000,prize,guaranteed,call,09066358361,from,land,line,claim,y87,valid,12hrs,only"
fraud,2018,"thanks,for,your,ringtone,order,reference,number,x29,your,mobile,will,be,charged,450,should,your,tone,not,arrive,please,call,customer,services,09065989180"
fraud,2011,"six,chances,to,win,cash,from,100,to,20000,pounds,txt,csh11,and,send,to,87575,cost,150pday,6days,16,tsandcs,apply,reply,hl,4,info"
fraud,2011,"ur,cashbalance,is,currently,500,pounds,to,maximize,ur,cashin,now,send,collect,to,83600,only,150pmsg,cc,08718720201,po,box,11414,tcrw1"
fraud,2025,"congratulations,thanks,to,a,good,friend,u,have,won,the,2000,xmas,prize,2,claim,is,easy,just,call,08718726978,now,only,10p,per,minute,btnationalrate"
fraud,2018,"44,7732584351,do,you,want,a,new,nokia,3510i,colour,phone,deliveredtomorrow,with,300,free,minutes,to,any,mobile,100,free,texts,free,camcorder,reply,or,call,08000930705"
fraud,2023,"you,have,1,new,voicemail,please,call,08719181513"
fraud,2017,"someone,u,know,has,asked,our,dating,service,2,contact,you,cant,guess,who,call,09058097189,now,all,will,be,revealed,pobox,6,ls15hb,150p"
fraud,2025,"camera,you,are,awarded,a,sipix,digital,camera,call,09061221066,fromm,landline,delivery,within,28,days"
fraud,2022,"todays,voda,numbers,ending,5226,are,selected,to,receive,a,350,award,if,you,hava,a,match,please,call,08712300220,quoting,claim,code,1131,standard,rates,app"
fraud,2018,"this,message,is,free,welcome,to,the,new,improved,sex,dogging,club,to,unsubscribe,from,this,service,reply,stop,msgs150p,18,only"
fraud,2023,"free,message,activate,your,500,free,text,messages,by,replying,to,this,message,with,the,word,free,for,terms,conditions,visit,www07781482378com"
fraud,2022,"you,are,being,contacted,by,our,dating,service,by,someone,you,know,to,find,out,who,it,is,call,from,a,land,line,09050000928,pobox45w2tg150p"
fraud,2015,"sorry,i,missed,your,call,let's,talk,when,you,have,the,time,i'm,on,07090201529"
fraud,2024,"complimentary,4,star,ibiza,holiday,or,10000,cash,needs,your,urgent,collection,09066364349,now,from,landline,not,to,lose,out,box434sk38wp150ppm18"
fraud,2011,"free,msgwe,billed,your,mobile,number,by,mistake,from,shortcode,83332please,call,08081263000,to,have,charges,refundedthis,call,will,be,free,from,a,bt,landline"
fraud,2025,"please,call,08712402972,immediately,as,there,is,an,urgent,message,waiting,for,you"
fraud,2013,"urgent,your,mobile,number,has,been,awarded,with,a,2000,bonus,caller,prize,call,09058095201,from,land,line,valid,12hrs,only"
fraud,2022,"as,a,valued,customer,i,am,pleased,to,advise,you,that,following,recent,review,of,your,mob,no,you,are,awarded,with,a,1500,bonus,prize,call,09066364589"
fraud,2020,"do,you,want,a,new,nokia,3510i,colour,phone,deliveredtomorrow,with,300,free,minutes,to,any,mobile,100,free,texts,free,camcorder,reply,or,call,08000930705"
fraud,2023,"life,has,never,been,this,much,fun,and,great,until,you,came,in,you,made,it,truly,special,for,me,i,won't,forget,you,enjoy,one,gbpsms"
fraud,2025,"do,you,want,a,new,video,phone,600,anytime,any,network,mins,400,inclusive,video,calls,and,downloads,5,per,week,free,deltomorrow,call,08002888812,or,reply,now"
fraud,2019,"as,a,valued,customer,i,am,pleased,to,advise,you,that,following,recent,review,of,your,mob,no,you,are,awarded,with,a,1500,bonus,prize,call,09066368470"
fraud,2016,"welcome,please,reply,with,your,age,and,gender,to,begin,eg,24m"
fraud,2018,"freemsg,1month,unlimited,free,calls,activate,smartcall,txt,call,to,no,68866,subscriptn3gbpwk,unlimited,calls,help,08448714184,stoptxt,stop,landlineonly"
fraud,2019,"had,your,mobile,10,mths,update,to,latest,orange,cameravideo,phones,for,free,save,s,with,free,textsweekend,calls,text,yes,for,a,callback,orno,to,opt,out"
fraud,2020,"am,new,2,club,dont,fink,we,met,yet,will,b,gr8,2,c,u,please,leave,msg,2day,wiv,ur,area,09099726553,reply,promised,carlie,x,calls1minmobsmore,lkpobox177hp51fl"
fraud,2012,"camera,you,are,awarded,a,sipix,digital,camera,call,09061221066,fromm,landline,delivery,within,28,days"
fraud,2018,"get,a,free,mobile,video,player,free,movie,to,collect,text,go,to,89105,its,free,extra,films,can,be,ordered,t's,and,c's,apply,18,yrs,only"
fraud,2021,"save,money,on,wedding,lingerie,at,wwwbridalpetticoatdreamscouk,choose,from,a,superb,selection,with,national,delivery,brought,to,you,by,weddingfriend"
fraud,2012,"not,heard,from,u4,a,while,call,me,now,am,here,all,night,with,just,my,knickers,on,make,me,beg,for,it,like,u,did,last,time,01223585236,xx,luv,nikiyu4net"
fraud,2025,"bloomberg,message,center,447797706009,why,wait,apply,for,your,future,httpcareers,bloombergcom"
fraud,2021,"urgent,we,are,trying,to,contact,u,todays,draw,shows,that,you,have,won,a,800,prize,guaranteed,call,09050001808,from,land,line,claim,m95,valid12hrs,only"
fraud,2023,"do,you,want,a,new,video,phone750,anytime,any,network,mins,150,text,for,only,five,pounds,per,week,call,08000776320,now,or,reply,for,delivery,tomorrow"
fraud,2025,"you,are,being,contacted,by,our,dating,service,by,someone,you,know,to,find,out,who,it,is,call,from,a,land,line,09050000878,pobox45w2tg150p"
fraud,2018,"wan2,win,a,meetgreet,with,westlife,4,u,or,a,m8,they,are,currently,on,what,tour,1unbreakable,2untamed,3unkempt,text,12,or,3,to,83049,cost,50p,std,text"
fraud,2018,"you,are,a,1000,winner,or,guaranteed,caller,prize,this,is,our,final,attempt,to,contact,you,to,claim,call,09071517866,now,150ppmpobox10183bhamb64xe"
fraud,2016,"xmas,new,years,eve,tickets,are,now,on,sale,from,the,club,during,the,day,from,10am,till,8pm,and,on,thurs,fri,sat,night,this,week,they're,selling,fast"
fraud,2024,"rock,yr,chik,get,100's,of,filthy,films,xxx,pics,on,yr,phone,now"
fraud,2020,"from,next,month,get,upto,50,more,calls,4,ur,standard,network,charge,2,activate,call,9061100010,c,wire3"
fraud,2012,"urgent,we,are,trying,to,contact,u,todays,draw,shows,that,you,have,won,a,800,prize,guaranteed"
fraud,2017,"text,banneduk,to,89555,to,see,cost,150p,textoperator,g696ga,18,xxx"
fraud,2020,"collect,your,valentine's,weekend,to,paris,inc,flight,hotel,200,prize,guaranteed,text,paris,to,no,69101,wwwrtfsphostingcom"
fraud,2018,"customer,loyalty,offerthe,new,nokia6650,mobile,from,only,10,at,txtauction,txt,word,start,to,no,81151,get,yours,now,4tctxt,tc,150pmtmsg"
fraud,2018,"you,won't,believe,it,but,it's,true,it's,incredible,txts,reply,g,now,to,learn,truly,amazing,things,that,will,blow,your,mind,from,o2fwd,only,18ptxt"
fraud,2017,"i,am,hot,n,horny,and,willing,i,live,local,to,you,text,a,reply,to,hear,strt,back,from,me,150p,per,msg,netcollex,ltdhelpdesk"
fraud,2021,"do,you,want,a,new,nokia,3510i,colour,phone,delivered,tomorrow,with,200,free,minutes,to,any,mobile,100,free,text,free,camcorder,reply,or,call,08000930705"
fraud,2023,"congratulations,you've,won,you're,a,winner,in,our,august,1000,prize,draw"
fraud,2024,"get,the,official,england,poly,ringtone,or,colour,flag,on,yer,mobile,for,tonights,game,text,tone,or,flag,to,84199,optout,txt,eng,stop,box39822,w111wx,150"
fraud,2017,"customer,service,announcement,we,recently,tried,to,make,a,delivery,to,you,but,were,unable,to,do,so,please,call,07090298926,to,reschedule,ref9307622"
fraud,2018,"you,can,stop,further,club,tones,by,replying,stop,mix,see,mytonecomenjoy,html,for,terms,club,tones,cost,gbp450week,mfl,po,box,1146,mk45,2wt,23"
fraud,2025,"wamma,get,laidwant,real,doggin,locations,sent,direct,to,your,mobile,join,the,uks,largest,dogging,network,txt,dogs,to,69696,nownyt,ec2a,3lp,150msg"
fraud,2016,"you,have,won,a,nokia,7250i,this,is,what,you,get,when,you,win,our,free,auction,to,take,part,send,nokia,to,86021,now,hgsuite3422lands,roww1jhl,16"
fraud,2024,"promotion,number,8714714,ur,awarded,a,city,break,and,could,win,a,200,summer,shopping,spree,every,wk,txt,store,to,88039,skilgme,tscs087147403231winawkage16,150perwksub"
fraud,2022,"you,are,a,winner,you,have,been,specially,selected,to,receive,1000,cash,or,a,2000,award,speak,to,a,live,operator,to,claim,call,087147123779am7pm,cost,10p"
fraud,2014,"free,top,ringtone,sub,to,weekly,ringtoneget,1st,week,freesend,subpoly,to,816183,per,weekstop,sms08718727870"
fraud,2023,"thanks,for,your,ringtone,order,reference,number,x49,your,mobile,will,be,charged,450,should,your,tone,not,arrive,please,call,customer,services,09065989182,from,colourredtextcolourtxtstar"
fraud,2016,"hi,there,2nights,ur,lucky,night,uve,been,invited,2,xchat,the,uks,wildest,chat,txt,chat,to,86688,now"
fraud,2015,"22,146tf150p"
fraud,2016,"dear,voucher,holder,2,claim,your,1st,class,airport,lounge,passes,when,using,your,holiday,voucher,call,08704439680,when,booking,quote,1st,class,x,2"
fraud,2021,"bloomberg,message,center,447797706009,why,wait,apply,for,your,future,httpcareers,bloombergcom"
fraud,2021,"yes,the,only,place,in,town,to,meet,exciting,adult,singles,is,now,in,the,uk,txt,chat,to,86688,now,150pmsg"
fraud,2017,"free,for,1st,week,no1,nokia,tone,4,ur,mob,every,week,just,txt,nokia,to,8007,get,txting,and,tell,ur,mates,wwwgetzedcouk,pobox,36504,w45wq,norm150ptone,16"
fraud,2024,"someone,u,know,has,asked,our,dating,service,2,contact,you,cant,guess,who,call,09058095107,now,all,will,be,revealed,pobox,7,s3xy,150p"
fraud,2025,"mila,age23,blonde,new,in,uk,i,look,sex,with,uk,guys,if,u,like,fun,with,me,text,mtalk,to,6986618,30pptxt,1st,5free,150,increments,help08718728876"
fraud,2011,"claim,a,200,shopping,spree,just,call,08717895698,now,have,you,won,mobstorequiz10ppm"
fraud,2020,"want,to,funk,up,ur,fone,with,a,weekly,new,tone,reply,tones2u,2,this,text,wwwringtonescouk,the,original,n,best,tones,3gbp,network,operator,rates,apply"
fraud,2016,"we,tried,to,contact,you,re,your,reply,to,our,offer,of,a,video,handset,750,anytime,any,networks,mins,unlimited,text,camcorder,reply,or,call,08000930705,now"
fraud,2025,"urgent,we,are,trying,to,contact,you,last,weekends,draw,shows,that,you,have,won,a,900,prize,guaranteed,call,09061701851,claim,code,k61,valid,12hours,only"
fraud,2022,"74355,xmas,iscoming,ur,awarded,either,500,cd,gift,vouchers,free,entry,2,r,100,weekly,draw,txt,music,to,87066,tnc"
fraud,2019,"congratulations,u,can,claim,2,vip,row,a,tickets,2,c,blu,in,concert,in,november,or,blu,gift,guaranteed,call,09061104276,to,claim,tscs,wwwsmsconet,cost375max"
fraud,2017,"fantasy,football,is,back,on,your,tv,go,to,sky,gamestar,on,sky,active,and,play,250k,dream,team,scoring,starts,on,saturday,so,register,nowsky,opt,out,to,88088"
fraud,2020,"free,msg,single,find,a,partner,in,your,area,1000s,of,real,people,are,waiting,to,chat,nowsend,chat,to,62220cncl,send,stopcs,08717890890150,per,msg"
fraud,2024,"win,the,newest,harry,potter,and,the,order,of,the,phoenix,book,5,reply,harry,answer,5,questions,chance,to,be,the,first,among,readers"
fraud,2022,"free,msg,ringtonefrom,httptms,widelivecomindex,wmlid1b6a5ecef91ff937819firsttrue180430jul05"
fraud,2024,"oh,my,god,i've,found,your,number,again,i'm,so,glad,text,me,back,xafter,this,msgs,cst,std,ntwk,chg,150"
fraud,2021,"a,link,to,your,picture,has,been,sent,you,can,also,use,httpalto18coukwavewaveaspo44345"
fraud,2018,"double,mins,1000,txts,on,orange,tariffs,latest,motorola,sonyericsson,nokia,with,bluetooth,free,call,mobileupd8,on,08000839402,or,call2optouthf8"
fraud,2020,"urgent,this,is,our,2nd,attempt,to,contact,u,your,900,prize,from,yesterday,is,still,awaiting,collection,to,claim,call,now,09061702893,acl03530150pm"
fraud,2016,"dear,dave,this,is,your,final,notice,to,collect,your,4,tenerife,holiday,or,5000,cash,award,call,09061743806,from,landline,tcs,sae,box326,cw25wx,150ppm"
fraud,2019,"tells,u,2,call,09066358152,to,claim,5000,prize,u,have,2,enter,all,ur,mobile,personal,details,the,prompts,careful"
fraud,2014,"your,2004,account,for,07xxxxxxxxx,shows,786,unredeemed,points,to,claim,call,08719181259,identifier,code,xxxxx,expires,260305"
fraud,2025,"do,you,want,a,new,video,handset,750,anytime,any,network,mins,half,price,line,rental,camcorder,reply,or,call,08000930705,for,delivery,tomorrow"
fraud,2016,"you,have,an,important,customer,service,announcement,call,freephone,0800,542,0825,now"
fraud,2020,"freeringtone,reply,real,or,poly,eg,real1,1,pushbutton,2,dontcha,3,babygoodbye,4,golddigger,5,webeburnin,1st,tone,free,and,6,more,when,u,join,for,3wk"
fraud,2013,"you,have,been,specially,selected,to,receive,a,3000,award,call,08712402050,before,the,lines,close,cost,10ppm,16,tcs,apply,ag,promo"
fraud,2016,"you,have,won,as,a,valued,vodafone,customer,our,computer,has,picked,you,to,win,a,150,prize,to,collect,is,easy,just,call,09061743386"
fraud,2021,"free,video,camera,phones,with,half,price,line,rental,for,12,mths,and,500,cross,ntwk,mins,100,txts,call,mobileupd8,08001950382,or,call2optout674"
fraud,2023,"great,new,offer,double,mins,double,txt,on,best,orange,tariffs,and,get,latest,camera,phones,4,free,call,mobileupd8,free,on,08000839402,now,or,2stoptxt,tcs"
fraud,2017,"bank,of,granite,issues,strongbuy,explosive,pick,for,our,members,up,over,300,nasdaq,symbol,cdgt,that,is,a,500,per"
fraud,2011,"bored,housewives,chat,n,date,now,08717507711,btnational,rate,10pmin,only,from,landlines"
fraud,2018,"we,tried,to,call,you,re,your,reply,to,our,sms,for,a,video,mobile,750,mins,unlimited,text,free,camcorder,reply,or,call,now,08000930705,del,thurs"
fraud,2024,"this,is,the,2nd,time,we,have,tried,to,contact,u,u,have,won,the,400,prize,2,claim,is,easy,just,call,087104711148,now,only,10p,per,minute,btnationalrate"
fraud,2020,"wan2,win,a,meetgreet,with,westlife,4,u,or,a,m8,they,are,currently,on,what,tour,1unbreakable,2untamed,3unkempt,text,12,or,3,to,83049,cost,50p,std,text"
fraud,2012,"please,call,our,customer,service,representative,on,freephone,0808,145,4742,between,9am11pm,as,you,have,won,a,guaranteed,1000,cash,or,5000,prize"
fraud,2025,"you,will,be,receiving,this,week's,triple,echo,ringtone,shortly,enjoy,it"
fraud,2022,"u've,been,selected,to,stay,in,1,of,250,top,british,hotels,for,nothing,holiday,valued,at,350,dial,08712300220,to,claim,national,rate,call,bx526,sw73ss"
fraud,2018,"you,are,chosen,to,receive,a,350,award,pls,call,claim,number,09066364311,to,collect,your,award,which,you,are,selected,to,receive,as,a,valued,mobile,customer"
fraud,2019,"please,call,our,customer,service,representative,on,freephone,0808,145,4742,between,9am11pm,as,you,have,won,a,guaranteed,1000,cash,or,5000,prize"
fraud,2019,"win,a,1000,cash,prize,or,a,prize,worth,5000"
fraud,2012,"thanks,for,your,ringtone,order,reference,number,x49your,mobile,will,be,charged,450,should,your,tone,not,arrive,please,call,customer,services,09065989182"
fraud,2024,"you,are,being,contacted,by,our,dating,service,by,someone,you,know,to,find,out,who,it,is,call,from,your,mobile,or,landline,09064017305,pobox75ldns7"
fraud,2012,"tbspersolvo,been,chasing,us,since,sept,for38,definitely,not,paying,now,thanks,to,your,information,we,will,ignore,them,kath,manchester"
fraud,2013,"loans,for,any,purpose,even,if,you,have,bad,credit,tenants,welcome,call,noworriesloanscom,on,08717111821"
fraud,2018,"orange,brings,you,ringtones,from,all,time,chart,heroes,with,a,free,hit,each,week,go,to,ringtones,pics,on,wap,to,stop,receiving,these,tips,reply,stop"
fraud,2016,"private,your,2003,account,statement,for,07973788240,shows,800,unredeemed,s,i,m,points,call,08715203649,identifier,code,40533,expires,311004"
fraud,2019,"we,tried,to,call,you,re,your,reply,to,our,sms,for,a,video,mobile,750,mins,unlimited,text,free,camcorder,reply,of,call,08000930705,now"
fraud,2017,"gsoh,good,with,spam,the,ladiesu,could,b,a,male,gigolo,2,join,the,uk's,fastest,growing,mens,club,reply,oncall,mjzgroup,087143423992stop,reply,stop,msg150rcvd"
fraud,2025,"u,have,a,secret,admirer,who,is,looking,2,make,contact,with,ufind,out,who,they,rreveal,who,thinks,ur,so,specialcall,on,09058094599"
fraud,2016,"hot,live,fantasies,call,now,08707500020,just,20p,per,min,ntt,ltd,po,box,1327,croydon,cr9,5wb,0870,is,a,national,rate,call"
fraud,2024,"urgent,your,mobile,number,has,been,awarded,a,ukp2000,prize,guaranteed,call,09061790125,from,landline,claim,3030,valid,12hrs,only,150ppm"
fraud,2024,"spjanuary,male,sale,hot,gay,chat,now,cheaper,call,08709222922,national,rate,from,15pmin,cheap,to,78pmin,peak,to,stop,texts,call,08712460324,10pmin"
fraud,2011,"freemsg,today's,the,day,if,you,are,ready,i'm,horny,live,in,your,town,i,love,sex,fun,games,netcollex,ltd,08700621170150p,per,msg,reply,stop,to,end"
fraud,2014,"in,the,simpsons,movie,released,in,july,2007,name,the,band,that,died,at,the,start,of,the,film,agreen,day,bblue,day,cred,day,send,a,b,or,c"
fraud,2025,"please,call,amanda,with,regard,to,renewing,or,upgrading,your,current,tmobile,handset,free,of,charge,offer,ends,today,tel,0845,021,3680,subject,to,t's,and,c's"
fraud,2011,"urgent,your,4,costa,del,sol,holiday,or,5000,await,collection,call,09050090044,now,toclaim,sae,tc,s,pobox334,stockport,sk38xh,cost150pm,max10mins"
fraud,2022,"want,a,new,video,phone,750,anytime,any,network,mins,half,price,line,rental,free,text,for,3,months,reply,or,call,08000930705,for,free,delivery"
fraud,2016,"had,your,mobile,11,months,or,more,u,r,entitled,to,update,to,the,latest,colour,mobiles,with,camera,for,free,call,the,mobile,update,co,free,on,08002986030"
fraud,2023,"dear,voucher,holder,to,claim,this,weeks,offer,at,your,pc,please,go,to,httpwwwwtlpcouktext,tscs,apply"
fraud,2011,"congrats,nokia,3650,video,camera,phone,is,your,call,09066382422,calls,cost,150ppm,ave,call,3mins,vary,from,mobiles,16,close,300603,post,bcm4284,ldn,wc1n3xx"
fraud,2016,"urgent,please,call,0906346330,your,abta,complimentary,4,spanish,holiday,or,10000,cash,await,collection,sae,tcs,box,47,po19,2ez,150ppm,18"
fraud,2022,"double,mins,and,txts,4,6months,free,bluetooth,on,orange,available,on,sony,nokia,motorola,phones,call,mobileupd8,on,08000839402,or,call2optoutn9dx"
fraud,2021,"free,for,1st,week,no1,nokia,tone,4,ur,mob,every,week,just,txt,nokia,to,8007,get,txting,and,tell,ur,mates,wwwgetzedcouk,pobox,36504,w45wq,norm150ptone,16"
fraud,2019,"want,to,funk,up,ur,fone,with,a,weekly,new,tone,reply,tones2u,2,this,text,wwwringtonescouk,the,original,n,best,tones,3gbp,network,operator,rates,apply"
fraud,2021,"important,information,4,orange,user,0796xxxxxx,today,is,ur,lucky,day2,find,out,why,log,onto,httpwwwurawinnercom,there's,a,fantastic,prizeawaiting,you"
fraud,2023,"missed,call,alert,these,numbers,called,but,left,no,message,07008009200"
fraud,2023,"freemsg,our,records,indicate,you,may,be,entitled,to,3750,pounds,for,the,accident,you,had,to,claim,for,free,reply,with,yes,to,this,msg,to,opt,out,text,stop"
fraud,2011,"u,can,win,100,of,music,gift,vouchers,every,week,starting,now,txt,the,word,draw,to,87066,tscs,wwwidewcom,skillgame,1winaweek,age16,150ppermesssubscription"
fraud,2019,"show,ur,colours,euro,2004,241,offer,get,an,england,flag,3lions,tone,on,ur,phone,click,on,the,following,service,message,for,info"
fraud,2025,"text,pass,to,69669,to,collect,your,polyphonic,ringtones,normal,gprs,charges,apply,only,enjoy,your,tones"
fraud,2025,"accordingly,i,repeat,just,text,the,word,ok,on,your,mobile,phone,and,send"
fraud,2020,"block,breaker,now,comes,in,deluxe,format,with,new,features,and,great,graphics,from,tmobile,buy,for,just,5,by,replying,get,bbdeluxe,and,take,the,challenge"
fraud,2022,"important,information,4,orange,user,today,is,your,lucky,day2find,out,why,log,onto,httpwwwurawinnercom,there's,a,fantastic,surprise,awaiting,you"
fraud,2017,"natalja,25f,is,inviting,you,to,be,her,friend,reply,yes440,or,no440,see,her,wwwsmsacunat27081980,stop,send,stop,frnd,to,62468"
fraud,2013,"urgent,important,information,for,02,user,today,is,your,lucky,day,2,find,out,why,log,onto,httpwwwurawinnercom,there,is,a,fantastic,surprise,awaiting,you"
fraud,2024,"winner,as,a,valued,network,customer,you,have,been,selected,to,receivea,900,prize,reward,to,claim,call,09061701461,claim,code,kl341,valid,12,hours,only"
fraud,2020,"kit,strip,you,have,been,billed,150p,netcollex,ltd,po,box,1013,ig11,oja"
fraud,2020,"hmv,bonus,special,500,pounds,of,genuine,hmv,vouchers,to,be,won,just,answer,4,easy,questions,play,now,send,hmv,to,86688,more,infowww100percentrealcom"
fraud,2021,"please,call,08712402578,immediately,as,there,is,an,urgent,message,waiting,for,you"
fraud,2019,"thesmszonecom,lets,you,send,free,anonymous,and,masked,messagesim,sending,this,message,from,theredo,you,see,the,potential,for,abuse"
fraud,2019,"well,done,your,4,costa,del,sol,holiday,or,5000,await,collection,call,09050090044,now,toclaim,sae,tcs,pobox334,stockport,sk38xh,cost150pm,max10mins"
fraud,2023,"someone,u,know,has,asked,our,dating,service,2,contact,you,cant,guess,who,call,09058091854,now,all,will,be,revealed,po,box385,m6,6wu"
fraud,2013,"congrats,2,mobile,3g,videophones,r,yours,call,09061744553,now,videochat,wid,ur,mates,play,java,games,dload,polyh,music,noline,rentl,bx420,ip4,5we,150pm"
fraud,2011,"u,447801259231,have,a,secret,admirer,who,is,looking,2,make,contact,with,ufind,out,who,they,rreveal,who,thinks,ur,so,specialcall,on,09058094597"
fraud,2021,"important,information,4,orange,user,0789xxxxxxx,today,is,your,lucky,day2find,out,why,log,onto,httpwwwurawinnercom,there's,a,fantastic,surprise,awaiting,you"
fraud,2022,"our,dating,service,has,been,asked,2,contact,u,by,someone,shy,call,09058091870,now,all,will,be,revealed,pobox84,m26,3uz,150p"
fraud,2018,"do,you,want,a,new,video,handset,750,any,time,any,network,mins,unlimited,text,camcorder,reply,or,call,now,08000930705,for,del,sat,am"
fraud,2011,"ur,balance,is,now,600,next,question,complete,the,landmark,big,a,bob,b,barry,or,c,ben,text,a,b,or,c,to,83738,good,luck"
fraud,2022,"ur,tonexs,subscription,has,been,renewed,and,you,have,been,charged,450,you,can,choose,10,more,polys,this,month,wwwclubzedcouk,billing,msg"
fraud,2021,"if,you,don't,your,prize,will,go,to,another,customer,tc,at,wwwtcbiz,18,150pmin,polo,ltd,suite,373,london,w1j,6hl,please,call,back,if,busy"
fraud,2011,"do,you,want,a,new,nokia,3510i,colour,phone,delivered,tomorrow,with,200,free,minutes,to,any,mobile,100,free,text,free,camcorder,reply,or,call,8000930705"
fraud,2017,"recpt,13,you,have,ordered,a,ringtone,your,order,is,being,processed"
fraud,2024,"as,one,of,our,registered,subscribers,u,can,enter,the,draw,4,a,100,gb,gift,voucher,by,replying,with,enter,to,unsubscribe,text,stop"
fraud,2020,"for,your,chance,to,win,a,free,bluetooth,headset,then,simply,reply,back,with,adp"
fraud,2018,"don't,b,floppy,b,snappy,happy,only,gay,chat,service,with,photo,upload,call,08718730666,10pmin,2,stop,our,texts,call,08712460324"
fraud,2021,"urgent,ur,awarded,a,complimentary,trip,to,eurodisinc,trav,acoentry41,or,1000,to,claim,txt,dis,to,87121,186150morefrmmob,shracomorsglsuplt10,ls1,3aj"
fraud,2025,"welcome,to,ukmobiledate,this,msg,is,free,giving,you,free,calling,to,08719839835,future,mgs,billed,at,150p,daily,to,cancel,send,go,stop,to,89123"
fraud,2025,"3,you,have,received,your,mobile,content,enjoy"
fraud,2024,"want,explicit,sex,in,30,secs,ring,02073162414,now,costs,20pmin"
fraud,2023,"latest,nokia,mobile,or,ipod,mp3,player,400,proze,guaranteed,reply,with,win,to,83355,now,norcorp,ltd150mtmsgrcvd18"
fraud,2015,"sms,services,for,your,inclusive,text,credits,pls,goto,wwwcomuknet,login,3qxj9,unsubscribe,with,stop,no,extra,charge,help,08702840625comuk,220cm2,9ae"
fraud,2011,"mobile,club,choose,any,of,the,top,quality,items,for,your,mobile,7cfca1a"
fraud,2024,"money,i,have,won,wining,number,946,wot,do,i,do,next"
fraud,2019,"congrats,2,mobile,3g,videophones,r,yours,call,09061744553,now,videochat,wid,ur,mates,play,java,games,dload,polyh,music,noline,rentl,bx420,ip4,5we,150pm"
fraud,2015,"i,want,some,cock,my,hubby's,away,i,need,a,real,man,2,satisfy,me,txt,wife,to,89938,for,no,strings,action,txt,stop,2,end,txt,rec,150ea,otbox,731,la1,7ws"
fraud,2021,"gr8,new,service,live,sex,video,chat,on,your,mob,see,the,sexiest,dirtiest,girls,live,on,ur,phone,4,details,text,horny,to,89070,to,cancel,send,stop,to,89070"
fraud,2022,"freemsg,hi,baby,wow,just,got,a,new,cam,moby,wanna,c,a,hot,pic,or,fancy,a,chat"
fraud,2020,"wanna,have,a,laugh,try,chitchat,on,your,mobile,now,logon,by,txting,the,word,chat,and,send,it,to,no,8883,cm,po,box,4217,london,w1a,6zf,16,118pmsg,rcvd"
fraud,2021,"urgent,this,is,the,2nd,attempt,to,contact,uu,have,won,1000call,09071512432,b4,300603tcsbcm4235wc1n3xxcallcost150ppmmobilesvary,max7,50"
fraud,2021,"congratulations,ur,awarded,500,of,cd,vouchers,or,125gift,guaranteed,free,entry,2,100,wkly,draw,txt,music,to,87066"
fraud,2016,"had,your,contract,mobile,11,mnths,latest,motorola,nokia,etc,all,free,double,mins,text,on,orange,tariffs,text,yes,for,callback,no,to,remove,from,records"
fraud,2018,"urgent,call,09066350750,from,your,landline,your,complimentary,4,ibiza,holiday,or,10000,cash,await,collection,sae,tcs,po,box,434,sk3,8wp,150,ppm,18"
fraud,2023,"for,ur,chance,to,win,a,250,wkly,shopping,spree,txt,shop,to,80878,t'sc's,wwwtxt2shopcom,custcare,08715705022,1x150pwk"
fraud,2018,"u,have,a,secret,admirer,who,is,looking,2,make,contact,with,ufind,out,who,they,rreveal,who,thinks,ur,so,specialcall,on,09065171142stopsms08718727870150ppm"
fraud,2025,"mila,age23,blonde,new,in,uk,i,look,sex,with,uk,guys,if,u,like,fun,with,me,text,mtalk,to,6986618,30pptxt,1st,5free,150,increments,help08718728876"
fraud,2013,"well,done,england,get,the,official,poly,ringtone,or,colour,flag,on,yer,mobile,text,tone,or,flag,to,84199,now,optout,txt,eng,stop,box39822,w111wx,150"
fraud,2023,"freemsg,txt,call,to,no,86888,claim,your,reward,of,3,hours,talk,time,to,use,from,your,phone,now,subscribe6gbpmnth,inc,3hrs,16,stoptxtstop"
fraud,2021,"sunshine,quiz,win,a,super,sony,dvd,recorder,if,you,canname,the,capital,of,australia,text,mquiz,to,82277,b"
fraud,2024,"please,call,our,customer,service,representative,on,0800,169,6031,between,10am9pm,as,you,have,won,a,guaranteed,1000,cash,or,5000,prize"
fraud,2018,"todays,voda,numbers,ending,with,7634,are,selected,to,receive,a,350,reward,if,you,have,a,match,please,call,08712300220,quoting,claim,code,7684,standard,rates,apply"
fraud,2011,"you,are,being,ripped,off,get,your,mobile,content,from,wwwclubmobycom,call,08717509990,polytruepixringtonesgames,six,downloads,for,only,3"
fraud,2011,"we,tried,to,contact,you,re,your,reply,to,our,offer,of,a,video,phone,750,anytime,any,network,mins,half,price,line,rental,camcorder,reply,or,call,08000930705"
fraud,2023,"a,400,xmas,reward,is,waiting,for,you,our,computer,has,randomly,picked,you,from,our,loyal,mobile,customers,to,receive,a,400,reward,just,call,09066380611"
fraud,2018,"private,your,2003,account,statement,for,shows,800,unredeemed,s,i,m,points,call,08718738002,identifier,code,48922,expires,211104"
fraud,2022,"customer,service,announcement,we,recently,tried,to,make,a,delivery,to,you,but,were,unable,to,do,so,please,call,07099833605,to,reschedule,ref9280114"
fraud,2024,"hi,babe,its,chloe,how,r,u,i,was,smashed,on,saturday,night,it,was,great,how,was,your,weekend,u,been,missing,me,sp,visionsmscom,text,stop,to,stop,150ptext"
fraud,2011,"urgent,your,mobile,no,07808726822,was,awarded,a,2000,bonus,caller,prize,on,020903,this,is,our,2nd,attempt,to,contact,you,call,08718729758,box95qu"
fraud,2022,"win,we,have,a,winner,mr,t,foley,won,an,ipod,more,exciting,prizes,soon,so,keep,an,eye,on,ur,mobile,or,visit,wwwwin82050couk"
fraud,2023,"camera,you,are,awarded,a,sipix,digital,camera,call,09061221066,fromm,landline,delivery,within,28,days"
fraud,2019,"your,weekly,coolmob,tones,are,ready,to,download,this,weeks,new,tones,include,1,crazy,frogaxel,f,2,akonlonely,3,black,eyeddont,p,more,info,in,n"
fraud,2016,"cashbincouk,get,lots,of,cash,this,weekend,wwwcashbincouk,dear,welcome,to,the,weekend,we,have,got,our,biggest,and,best,ever,cash,give,away,these"
fraud,2018,"urgent,your,mobile,number,has,been,awarded,with,a,2000,prize,guaranteed,call,09061790121,from,land,line,claim,3030,valid,12hrs,only,150ppm"
fraud,2024,"thanks,4,your,continued,support,your,question,this,week,will,enter,u,in2,our,draw,4,100,cash,name,the,new,us,president,txt,ans,to,80082"
fraud,2021,"your,unique,user,id,is,1172,for,removal,send,stop,to,87239,customer,services,08708034412"
fraud,2024,"urgent,call,09066649731from,landline,your,complimentary,4,ibiza,holiday,or,10000,cash,await,collection"
fraud,2013,"urgent,this,is,our,2nd,attempt,to,contact,u,your,900,prize,from,yesterday,is,still,awaiting,collection,to,claim,call,now,09061702893"
fraud,2015,"santa,calling,would,your,little,ones,like,a,call,from,santa,xmas,eve,call,09077818151,to,book,you,time,calls150ppm,last,3mins,30s,tc,wwwsantacallingcom"
fraud,2021,"private,your,2004,account,statement,for,0784987,shows,786,unredeemed,bonus,points,to,claim,call,08719180219,identifier,code,45239,expires,060505"
fraud,2015,"check,out,choose,your,babe,videos,smsshsexnetun,fgkslpopw,fgkslpo"
fraud,2013,"new,mobiles,from,2004,must,go,txt,nokia,to,no,89545,collect,yours,today"
fraud,2022,"you,have,won,as,a,valued,vodafone,customer,our,computer,has,picked,you,to,win,a,150,prize,to,collect,is,easy,just,call,09061743386"
fraud,2023,"free,messagethanks,for,using,the,auction,subscription,service,18,150pmsgrcvd,2,skip,an,auction,txt,out,2,unsubscribe,txt,stop,customercare,08718726270"
fraud,2014,"bored,housewives,chat,n,date,now,08717507711,btnational,rate,10pmin,only,from,landlines"
fraud,2014,"lyricalladie21f,is,inviting,you,to,be,her,friend,reply,yes910,or,no910,see,her,wwwsmsacuhmmross,stop,send,stop,frnd,to,62468"
fraud,2019,"no,1,polyphonic,tone,4,ur,mob,every,week,just,txt,pt2,to,87575,1st,tone,free,so,get,txtin,now,and,tell,ur,friends,150ptone,16,reply,hl,4info"
fraud,2020,"todays,vodafone,numbers,ending,with,4882,are,selected,to,a,receive,a,350,award,if,your,number,matches,call,09064019014,to,receive,your,350,award"
fraud,2022,"want,the,latest,video,handset,750,anytime,any,network,mins,half,price,line,rental,reply,or,call,08000930705,for,delivery,tomorrow"
fraud,2024,"ou,are,guaranteed,the,latest,nokia,phone,a,40gb,ipod,mp3,player,or,a,500,prize,txt,word,collect,to,no,83355,ibhltd,ldnw15h,150pmtmsgrcvd18"
fraud,2022,"warner,village,83118,c,colin,farrell,in,swat,this,wkend,warner,village,get,1,free,med,popcornjust,show,msgticketkioskvalid,4712,c,tc,kiosk,reply,sony,4,mre,film,offers"
fraud,2020,"goal,arsenal,4,henry,7,v,liverpool,2,henry,scores,with,a,simple,shot,from,6,yards,from,a,pass,by,bergkamp,to,give,arsenal,a,2,goal,margin,after,78,mins"
fraud,2022,"this,is,the,2nd,time,we,have,tried,2,contact,u,u,have,won,the,750,pound,prize,2,claim,is,easy,call,08712101358,now,only,10p,per,min,btnationalrate"
fraud,2017,"got,what,it,takes,2,take,part,in,the,wrc,rally,in,oz,u,can,with,lucozade,energy,text,rally,le,to,61200,25p,see,packs,or,lucozadecoukwrc,itcould,be,u"
fraud,2018,"hi,the,sexychat,girls,are,waiting,for,you,to,text,them,text,now,for,a,great,night,chatting,send,stop,to,stop,this,service"
fraud,2020,"great,news,call,freefone,08006344447,to,claim,your,guaranteed,1000,cash,or,2000,gift,speak,to,a,live,operator,now"
fraud,2011,"hi,this,is,amy,we,will,be,sending,you,a,free,phone,number,in,a,couple,of,days,which,will,give,you,an,access,to,all,the,adult,parties"
fraud,2016,"welcome,to,select,an,o2,service,with,added,benefits,you,can,now,call,our,specially,trained,advisors,free,from,your,mobile,by,dialling,402"
fraud,2014,"dear,voucher,holder,have,your,next,meal,on,us,use,the,following,link,on,your,pc,2,enjoy,a,2,4,1,dining,experiencehttpwwwvouch4mecometlpdiningasp"
fraud,2018,"urgent,we,are,trying,to,contact,u,todays,draw,shows,that,you,have,won,a,2000,prize,guaranteed,call,09058094507,from,land,line,claim,3030,valid,12hrs,only"
fraud,2018,"you,can,donate,250,to,unicef's,asian,tsunami,disaster,support,fund,by,texting,donate,to,864233,250,will,be,added,to,your,next,bill"
fraud,2013,"phony,350,award,todays,voda,numbers,ending,xxxx,are,selected,to,receive,a,350,award,if,you,have,a,match,please,call,08712300220,quoting,claim,code,3100,standard,rates,app"
fraud,2021,"you,have,won,a,guaranteed,1000,cash,or,a,2000,prize,to,claim,yr,prize,call,our,customer,service,representative,on,08714712412,between,10am7pm,cost,10p"
fraud,2023,"dear,0776xxxxxxx,u've,been,invited,to,xchat,this,is,our,final,attempt,to,contact,u,txt,chat,to,86688,150pmsgrcvdhgsuite3422landsroww1j6hl,ldn,18yrs"
fraud,2022,"ur,cashbalance,is,currently,500,pounds,to,maximize,ur,cashin,now,send,go,to,86688,only,150pmeg,cc,08718720201,hgsuite3422lands,roww1j6hl"
fraud,2018,"private,your,2003,account,statement,for,shows,800,unredeemed,sim,points,call,08715203685,identifier,code4xx26,expires,131004"
fraud,2016,"i'd,like,to,tell,you,my,deepest,darkest,fantasies,call,me,09094646631,just,60pmin,to,stop,texts,call,08712460324,nat,rate"
fraud,2016,"you,won't,believe,it,but,it's,true,it's,incredible,txts,reply,g,now,to,learn,truly,amazing,things,that,will,blow,your,mind,from,o2fwd,only,18ptxt"
fraud,2022,"natalie,20f,is,inviting,you,to,be,her,friend,reply,yes165,or,no165,see,her,wwwsmsacunatalie2k9,stop,send,stop,frnd,to,62468"
fraud,2021,"jamster,to,get,your,free,wallpaper,text,heart,to,88888,now,tc,apply,16,only,need,help,call,08701213186"
fraud,2020,"double,mins,double,txt,12,price,linerental,on,latest,orange,bluetooth,mobiles,call,mobileupd8,for,the,very,latest,offers,08000839402,or,call2optoutlf56"
fraud,2021,"free,video,camera,phones,with,half,price,line,rental,for,12,mths,and,500,cross,ntwk,mins,100,txts,call,mobileupd8,08001950382,or,call2optout674"
fraud,2019,"83039,62735450,uk,break,accommodationvouchers,terms,conditions,apply,2,claim,you,mustprovide,your,claim,number,which,is,15541"
fraud,2018,"5p,4,alfie,moon's,children,in,need,song,on,ur,mob,tell,ur,m8s,txt,tone,charity,to,8007,for,nokias,or,poly,charity,for,polys,zed,08701417012,profit,2,charity"
fraud,2025,"win,a,200,shopping,spree,every,week,starting,now,2,play,text,store,to,88039,skilgme,tscs08714740323,1winawk,age16,150perweeksub"
fraud,2025,"this,is,the,2nd,attempt,to,contract,u,you,have,won,this,weeks,top,prize,of,either,1000,cash,or,200,prize,just,call,09066361921"
fraud,2014,"do,you,want,a,new,nokia,3510i,colour,phone,deliveredtomorrow,with,300,free,minutes,to,any,mobile,100,free,texts,free,camcorder,reply,or,call,08000930705"
fraud,2023,"themobhit,the,link,to,get,a,premium,pink,panther,game,the,new,no,1,from,sugababes,a,crazy,zebra,animation,or,a,badass,hoody,wallpaperall,4,free"
fraud,2021,"this,msg,is,for,your,mobile,content,order,it,has,been,resent,as,previous,attempt,failed,due,to,network,error,queries,to,customersqueriesnetvisionukcom"
fraud,2021,"you,have,1,new,message,please,call,08715205273"
fraud,2019,"december,only,had,your,mobile,11mths,you,are,entitled,to,update,to,the,latest,colour,camera,mobile,for,free,call,the,mobile,update,vco,free,on,08002986906"
fraud,2018,"you,ve,won,your,4,costa,del,sol,holiday,or,5000,await,collection,call,09050090044,now,toclaim,sae,tc,s,pobox334,stockport,sk38xh,cost150pm,max10mins"
fraud,2023,"free,for,1st,week,no1,nokia,tone,4,ur,mobile,every,week,just,txt,nokia,to,8077,get,txting,and,tell,ur,mates,wwwgetzedcouk,pobox,36504,w45wq,16,norm150ptone"
fraud,2018,"get,your,garden,ready,for,summer,with,a,free,selection,of,summer,bulbs,and,seeds,worth,3350,only,with,the,scotsman,this,saturday,to,stop,go2,notxtcouk"
fraud,2013,"sms,auction,a,brand,new,nokia,7250,is,up,4,auction,today,auction,is,free,2,join,take,part,txt,nokia,to,86021,now"
fraud,2025,"spook,up,your,mob,with,a,halloween,collection,of,a,logo,pic,message,plus,a,free,eerie,tone,txt,card,spook,to,8007,zed,08701417012150p,per,logopic"
fraud,2014,"call,germany,for,only,1,pence,per,minute,call,from,a,fixed,line,via,access,number,0844,861,85,85,no,prepayment,direct,access,wwwtelediscountcouk"
fraud,2017,"had,your,mobile,11mths,update,for,free,to,oranges,latest,colour,camera,mobiles,unlimited,weekend,calls,call,mobile,upd8,on,freefone,08000839402,or,2stoptxt"
fraud,2022,"natalja,25f,is,inviting,you,to,be,her,friend,reply,yes440,or,no440,see,her,wwwsmsacunat27081980,stop,send,stop,frnd,to,62468"
fraud,2019,"private,your,2003,account,statement,for,fone,no,shows,800,unredeemed,s,i,m,points,call,08715203656,identifier,code,42049,expires,261004"
fraud,2013,"you,are,chosen,to,receive,a,350,award,pls,call,claim,number,09066364311,to,collect,your,award,which,you,are,selected,to,receive,as,a,valued,mobile,customer"
fraud,2023,"someonone,you,know,is,trying,to,contact,you,via,our,dating,service,to,find,out,who,it,could,be,call,from,your,mobile,or,landline,09064015307,box334sk38ch"
fraud,2023,"if,you,don't,your,prize,will,go,to,another,customer,tc,at,wwwtcbiz,18,150pmin,polo,ltd,suite,373,london,w1j,6hl,please,call,back,if,busy"
fraud,2022,"urgent,your,mobile,number,has,been,awarded,with,a,2000,prize,guaranteed,call,09061790126,from,land,line,claim,3030,valid,12hrs,only,150ppm"
fraud,2024,"urgent,you,have,won,a,1,week,free,membership,in,our,100000,prize,jackpot,txt,the,word,claim,to,no"
fraud,2019,"urgent,please,call,09061213237,from,landline,5000,cash,or,a,luxury,4,canary,islands,holiday,await,collection,tcs,sae,po,box,177,m227xy,150ppm,16"
fraud,2025,"xmas,iscoming,ur,awarded,either,500,cd,gift,vouchers,free,entry,2,r,100,weekly,draw,txt,music,to,87066,tnc,wwwldewcom1win150ppmx3age16subscription"
fraud,2023,"get,the,official,england,poly,ringtone,or,colour,flag,on,yer,mobile,for,tonights,game,text,tone,or,flag,to,84199,optout,txt,eng,stop,box39822,w111wx,150"
fraud,2025,"u,r,subscribed,2,textcomp,250,wkly,comp,1st,wks,free,question,follows,subsequent,wks,charged150pmsg2,unsubscribe,txt,stop,2,84128custcare,08712405020"
fraud,2020,"call,09095350301,and,send,our,girls,into,erotic,ecstacy,just,60pmin,to,stop,texts,call,08712460324,nat,rate"
fraud,2018,"camera,you,are,awarded,a,sipix,digital,camera,call,09061221066,fromm,landline,delivery,within,28,days"
fraud,2023,"a,400,xmas,reward,is,waiting,for,you,our,computer,has,randomly,picked,you,from,our,loyal,mobile,customers,to,receive,a,400,reward,just,call,09066380611"
fraud,2011,"important,message,this,is,a,final,contact,attempt,you,have,important,messages,waiting,out,our,customer,claims,dept,expires,13404,call,08717507382,now"
fraud,2017,"datingi,have,had,two,of,these,only,started,after,i,sent,a,text,to,talk,sport,radio,last,week,any,connection,do,you,think,or,coincidence"
fraud,2015,"the,current,leading,bid,is,151,to,pause,this,auction,send,out,customer,care,08718726270"
fraud,2017,"free,entry,to,the,gr8prizes,wkly,comp,4,a,chance,to,win,the,latest,nokia,8800,psp,or,250,cash,every,wktxt,great,to,80878,httpwwwgr8prizescom,08715705022"
fraud,2018,"santa,calling,would,your,little,ones,like,a,call,from,santa,xmas,eve,call,09058094583,to,book,your,time"
fraud,2013,"you,have,won,a,guaranteed,32000,award,or,maybe,even,1000,cash,to,claim,ur,award,call,free,on,0800,18,its,a,legitimat,efreefone,number,wat,do,u,think"
fraud,2012,"latest,news,police,station,toilet,stolen,cops,have,nothing,to,go,on"
fraud,2016,"for,the,most,sparkling,shopping,breaks,from,45,per,person,call,0121,2025050,or,visit,wwwshortbreaksorguk"
fraud,2019,"december,only,had,your,mobile,11mths,you,are,entitled,to,update,to,the,latest,colour,camera,mobile,for,free,call,the,mobile,update,co,free,on,08002986906"
fraud,2020,"txt,call,to,no,86888,claim,your,reward,of,3,hours,talk,time,to,use,from,your,phone,now,subscribe6gbpmnth,inc,3hrs,16,stoptxtstop,wwwgambtv"
fraud,2021,"urgent,we,are,trying,to,contact,you,last,weekends,draw,shows,u,have,won,a,1000,prize,guaranteed,call,09064017295,claim,code,k52,valid,12hrs,150p,pm"
fraud,2016,"sms,services,for,your,inclusive,text,credits,pls,goto,wwwcomuknet,login,3qxj9,unsubscribe,with,stop,no,extra,charge,help,08702840625comuk,220cm2,9ae"
fraud,2022,"private,your,2003,account,statement,for,07808247860,shows,800,unredeemed,s,i,m,points,call,08719899229,identifier,code,40411,expires,061104"
fraud,2023,"you,are,awarded,a,sipix,digital,camera,call,09061221061,from,landline,delivery,within,28days,t,cs,box177,m221bp,2yr,warranty,150ppm,16,p,p399"
fraud,2012,"private,your,2003,account,statement,for,shows,800,unredeemed,sim,points,call,08718738001,identifier,code,49557,expires,261104"
fraud,2021,"want,explicit,sex,in,30,secs,ring,02073162414,now,costs,20pmin,gsex,pobox,2667,wc1n,3xx"
fraud,2022,"had,your,contract,mobile,11,mnths,latest,motorola,nokia,etc,all,free,double,mins,text,on,orange,tariffs,text,yes,for,callback,no,to,remove,from,records"
fraud,2022,"reminder,from,o2,to,get,250,pounds,free,call,credit,and,details,of,great,offers,pls,reply,2,this,text,with,your,valid,name,house,no,and,postcode"
fraud,2021,"this,is,the,2nd,time,we,have,tried,2,contact,u,u,have,won,the,750,pound,prize,2,claim,is,easy,call,087187272008,now1,only,10p,per,minute,btnationalrate"
fraud,2021,"hello,sir,you,have,won,10000,inr,to,get,money,please,provide,your,bank,account,number"
fraud,2018,"sir,i,am,vikash,bhatiya,from,phonepe,your,kyc,has,been,expired,to,continue,phonepe,service,please,provide,aadhar,card,and,pan,card,number,and,tell,me,otp"
fraud,2019,"to,continue,cloud,service,please,provide,credit,card,number"
fraud,2024,"hello,sir,i,am,madhubala,from,play,rummy,you,have,won,1000,inr,money,to,get,this,click,on,message,box,link"
fraud,2023,"hello,i,am,jojo,from,play,rummy,group,u,have,won,10000,inr,money,to,deposit,it,in,your,account,please,give,your,account,number,and,debit,card,number"
fraud,2025,"please,tell,me,otp,which,is,sended,in,your,phone,by,mistakely"
fraud,2016,"to,get,1000,inr,voucher,please,call,on,889865556178"
fraud,2022,"to,get,free,access,of,google,cloud,account,hit,on,given,message,box,link"
fraud,2024,"to,get,free,aws,cloud,account,hit,on,given,message,box,link"
fraud,2016,"to,get,free,access,of,microsoft,azure,hit,on,given,message,box,link"
fraud,2014,"hello,sir,we,are,from,your,bank,have,you,fill,the,application,form,for,credit,card,verify,your,document"
normal,2025,"please,don't,say,like,that,hi,hi,hi"
normal,2011,"thank,you"
normal,2016,"oh,that,was,a,forwarded,message,i,thought,you,send,that,to,me"
normal,2016,"got,it,seventeen,pounds,for,seven,hundred,ml,hope,ok"
normal,2019,"me,and,him,so,funny"
normal,2020,"sweetheart,hope,you,are,not,having,that,kind,of,day,have,one,with,loads,of,reasons,to,smile,biola"
normal,2013,"when,you,login,date,time,dad,fetching,you,home,now"
normal,2016,"what,will,we,do,in,the,shower,baby"
normal,2018,"i,had,askd,u,a,question,some,hours,before,its,answer"
normal,2016,"well,i,am,definitely,need,to,restock,before,thanksgiving,i'll,let,you,know,when,i'm,out"
normal,2023,"said,kiss,kiss,i,can't,do,the,sound,effects,he,is,a,gorgeous,man,isn't,he,kind,of,person,who,needs,a,smile,to,brighten,his,day"
normal,2017,"probably,gonna,swing,by,in,a,wee,bit"
normal,2013,"ya,very,nice,be,ready,on,thursday"
normal,2020,"allo,we,have,braved,the,buses,and,taken,on,the,trains,and,triumphed,i,mean,were,in,bham,have,a,jolly,good,rest,of,week"
normal,2023,"watching,cartoon,listening,music,amp,at,eve,had,to,go,temple,amp,church,what,about,you"
normal,2017,"do,you,mind,if,i,ask,what,happened,you,don't,have,to,say,if,it,is,uncomfortable"
normal,2020,"no,problem,i,will,send,to,your,email"
normal,2018,"thats,cool,sometimes,slow,and,gentle,sometimes,rough,and,hard"
normal,2018,"i'm,gonna,say,no,sorry,i,would,but,as,normal,am,starting,to,panic,about,time,sorry,again,are,you,seeing,on,tuesday"
normal,2022,"hello,how,are,you,i,am,fine,what,about,you"
normal,2016,hii
normal,2019,hello
normal,2013,"ok,i'm,watching,here"
normal,2022,"is,that,seriously,how,you,spell,his,name"
normal,2025,"im,going,to,try,for,2,monthsha,ha,only,joking"
normal,2017,"did,you,catch,the,bus,are,you,frying,an,egg,did,you,make,a,tea,are,you,eating,your,mom's,left,over,dinner,do,you,feel,my,love"
normal,2017,"i'm,back,amp,we're,packing,the,car,now,i'll,let,you,know,if,there's,room"
normal,2017,"hello,how's,you,and,how,did,saturday,go,i,was,just,texting,to,see,if,you'd,decided,to,do,anything,tomo,not,that,i'm,trying,to,invite,myself,or,anything"
normal,2022,"pls,go,ahead,with,watts,i,just,wanted,to,be,sure,do,have,a,great,weekend"
normal,2016,"ok,tell,me,anything,about,you"
normal,2012,"you,don't,know,how,stubborn,i,am,i,didn't,even,want,to,go,to,the,hospital,i,kept,telling,mark,i'm,not,a,weak,sucker,hospitals,are,for,weak,suckers"
normal,2018,"what,you,thinked,about,me,first,time,you,saw,me,in,class"
normal,2012,"do,you,know,what,mallika,sherawat,did,yesterday"
normal,2024,"sorry,i'll,call,later,in,meeting"
normal,2023,"tell,where,you,reached"
normal,2017,"yesgauti,and,sehwag,out,of,odi,series"
normal,2021,"your,gonna,have,to,pick,up,a,1,burger,for,yourself,on,your,way,home,i,can't,even,move,pain,is,killing,me"
normal,2022,"ha,ha,ha,good,joke,girls,are,situation,seekers"
normal,2015,"its,a,part,of,checking,iq"
normal,2016,"sorry,my,roommates,took,forever,it's,ok,if,i,come,by,now"
normal,2013,"i,plan,to,give,on,this,month,end"
normal,2020,"wah,lucky,man,then,can,save,money,hee"
normal,2014,"finished,class,where,are,you"
normal,2012,"ok,where,are,you,how,did,you,performed"
normal,2024,"you,can,call,me,now"
normal,2012,"i,am,waiting,machan,call,me,once,you,free"
normal,2011,"thats,cool,i,am,a,gentleman,and,will,treat,you,with,dignity,and,respect"
normal,2019,"i,like,you,peoples,very,much,but,i,am,very,shy,pa"
normal,2016,"does,not,operate,after,ltgt,or,what"
normal,2024,"it's,not,the,same,here,still,looking,for,a,job,how,much,do,you,earn,there"
normal,2025,"sorry,i'll,call,later"
normal,2016,"ok,did,you,call,me,just,now"
normal,2016,"ok,i,am,on,the,way,to,home"
normal,2015,"you,will,be,in,the,place,of,that,man"
normal,2018,"yup,next,stop"
normal,2016,"i,call,you,later,don't,have,network,if,urgent,sms,me"
normal,2021,"for,real,when,you,getting,on,you,i,only,need,2,more,tickets,and,one,more,jacket,and,i'm,done,i,already,used,all,my,multis"
normal,2021,"yes,i,started,to,send,requests,to,make,it,but,pain,came,back,so,i'm,back,in,bed,double,coins,at,the,factory,too,i,gotta,cash,in,all,my,nitros"
normal,2014,"i'm,really,not,up,to,it,still,tonight,babe"
normal,2013,"come,when,you,are,free"
normal,2016,"watching,telugu,movie,what,about,you"
normal,2021,"i,see,when,we,finish,we,have,loads,of,loans,to,pay"
normal,2013,"does,that,cause,prob,for,you"
normal,2015,"i,see,a,cup,of,coffee,animation"
normal,2016,"please,don't,text,me,anymore,i,have,nothing,else,to,say"
normal,2019,"okay,name,your,price,as,long,as,its,legal,when,can,i,pick,them,up"
normal,2023,"i'm,still,looking,for,a,car,to,buy,and,have,not,gone,fourth,driving,test,yet"
normal,2013,"as,per,your,request,balle,balle,has,been,set,as,your,callertune,for,all,callers,press,9,to,copy,your,friends,callertune"
normal,2016,"wow,you're,right,i,didn't,mean,to,do,that,i,guess,once,i,gave,up,on,boston,men,and,changed,my,search,location,to,nice,something,changed,cuz,on,my,signin,page,it,still,says,boston"
normal,2023,"umma,my,life,and,vava,umma,love,you,lot,dear"
normal,2019,"thanks,a,lot,for,your,wishes,on,my,birthday,thanks,you,for,making,my,birthday,truly,memorable"
normal,2021,"all,right,i'll,hit,you,up,when,i,get,some,cash"
normal,2014,"how,would,my,ip,address,test,that,considering,my,computer,isn't,a,minecraft,server"
normal,2014,"i,know,grumpy,old,people,my,mom,was,like,you,better,not,be,lying,then,again,i,am,always,the,one,to,play,jokes"
normal,2022,"dont,worry,i,guess,he's,busy"
normal,2023,"what,is,the,plural,of,the,noun,research"
normal,2015,"going,for,dinner,msg,you,after"
normal,2016,"i'm,ok,with,it,because,i,like,to,try,new,things,but,i,scared,you,done,like,me,because,you,said,not,too,loud"
normal,2016,"hmm,my,uncle,just,informed,me,that,he's,paying,the,school,directly,so,please,buy,food"
normal,2018,"here,is,my,new,address,applespairsall,that,malarky"
normal,2023,"i,am,going,to,sao,mu,today,will,be,done,only,at,12"
normal,2015,"you,predict,what,time,you,will,finish,buying"
normal,2020,"good,stuff,will,do"
normal,2023,"just,so,that,you,know,ram,hasn't,sent,money,yet,i,just,sent,her,a,text,not,to,bother,sending,so,its,over,you,dont,have,to,involve,yourself,in,anything,i,shouldn't,have,imposed,anything,on,you,in,the,first,place,so,for,that,i,apologise"
normal,2016,"are,you,there,in,room"
normal,2024,"hey,girl,how,are,you,hope,you,are,well,me,and,ram,are,back,again,long,time,no,see,give,me,a,call,sum,time,from,lucy"
normal,2019,"ok,how,much,does,it,cost"
normal,2024,"i'm,home"
normal,2011,"dear,will,call,tomorrow,please,accomodate"
normal,2019,"first,answer,my,question"
normal,2011,"he,is,there,you,call,and,meet,him"
normal,2018,"no,no,i,will,check,all,rooms,before,activities"
normal,2023,"got,see,i,lazy,to,type,i,forgot,you,in,lecture,i,saw,a,pouch,but,like,not,very,nice"
normal,2012,"ok,text,me,when,you're,on,the,way"
normal,2013,"sir,waiting,for,your,mail"
normal,2022,"a,sweet,thought,never,get,tired,of,doing,little,things,for,lovable,persons,becausesomtimes,those,little,things,occupy,the,biggest,part,in,their,hearts,good,night"
normal,2014,"i,know,you,are,can,you,please,open,the,back"
normal,2013,"yes,see,ya,not,on,the,dot"
normal,2017,"whats,the,staff,name,who,is,taking,class,for,us"
normal,2021,"ummmawill,call,after,check,inour,life,will,begin,from,qatar,so,please,pray,very,hard"
normal,2023,"oki,deleted,my,contact,that,why"
normal,2022,"sindu,got,job,in,birla,soft"
normal,2020,"the,wine,is,flowing,and,i,have,nevering"
normal,2013,"yup,i,think,cine,is,better,cos,no,need,to,go,down,to,plaza"
normal,2024,"ok,your,typical,reply"
normal,2019,"as,per,your,request,melle,melle,has,been,set,as,your,callertune,for,all,callers,press,9,to,copy,your,friends,callertune"
normal,2021,"you,are,everywhere,dirty,on,the,floor,the,windows,even,on,my,shirt,and,sometimes,when,i,open,my,mouth,you,are,all,that,comes,flowing,out,i,dream,of,my,world,without,you,then,half,my,chores,are,out,too,a,time,of,joy,for,me,lots,of,tv,shows,ill,see,but,i,guess,like,all,things,you,just,must,exist,like,rain,hail,and,mist,and,when,my,time,here,is,done,you,and,i,become,one"
normal,2023,"all,right,are,you,at,work"
normal,2019,"i'm,leaving,my,house,now"
normal,2023,"hello,my,love,what,are,you,doing,did,you,get,to,that,interview,today,are,you,you,happy,are,you,being,a,good,boy,do,you,think,of,meare,you,missing,me"
normal,2014,"keep,yourself,safe,for,me,because,i,need,you,and,i,miss,you,already,and,i,envy,everyone,that,see's,you,in,real,life"
normal,2017,"new,car,and,house,for,my,parentsi,have,only,new,job,in,hand"
normal,2025,"i'm,so,in,love,with,you,i'm,excited,each,day,i,spend,with,you,you,make,me,so,happy"
normal,2020,"i,place,all,your,points,one,cultures,module,already"
normal,2024,"hi,friend,which,is,best,way,to,avoid,missunderstding,with,our,beloved,one's"
normal,2017,"great,escape,i,fancy,the,bridge,but,needs,her,lager,see,you,tomarrow"
normal,2020,"yes,it,completely,in,out,of,formclark,also,utter,waste"
normal,2018,"hmmm,thanks,sure,got,time,to,hope,ard,ya,can,go,for,free,about,muz,call,you,to,discuss,liao"
normal,2022,"what,time,you,coming,down,later"
normal,2024,"bloody,hell,can't,believe,you,forgot,my,surname,mr,i,will,give,you,a,clue,its,spanish,and,begins,with,m"
normal,2020,"well,i'm,gonna,finish,my,bath,now,have,a,goodfine,night"
normal,2014,"let,me,know,when,you've,got,the,money,so,carlos,can,make,the,call"
normal,2017,"you,still,going,to,the,mall"
normal,2022,"turns,out,my,friends,are,staying,for,the,whole,show,and,won't,be,back,til,ltgt,so,feel,free,to,go,ahead,and,smoke,that,ltgt,worth"
normal,2024,"text,her,if,she,doesnt,reply,let,me,know,so,i,can,have,her,log,in"
normal,2020,"hi,you,just,spoke,to,maneesha,we'd,like,to,know,if,you,were,satisfied,with,the,experience,reply,toll,free,with,yes,or,no"
normal,2020,"you,lifted,my,hopes,with,the,offer,of,money,i,am,in,need,especially,when,the,end,of,the,month,approaches,and,it,hurts,my,studying,anyways,have,a,great,weekend"
normal,2016,"you,can,trust,me"
normal,2016,"ok,i,am,a,gentleman,and,will,treat,you,with,dignity,and,respect"
normal,2022,"he,will,you,guys,close"
normal,2016,"going,on,nothing,greatbye"
normal,2012,"hello,handsome,are,you,finding,that,job,not,being,lazy,working,towards,getting,back,that,net,for,mummy,where's,my,boytoy,now,does,he,miss,me"
normal,2016,"haha,awesome,be,there,in,a,minute"
normal,2023,"have,you,got,xmas,radio,times,if,not,i,will,get,it,now"
normal,2025,"i,just,reached,home,i,go,bathe,first,but,my,sister,using,net,tell,you,when,she,finishes,k"
normal,2024,"are,you,unique,enough,find,out,from,30th,august,wwwareyouuniquecouk"
normal,2022,"i'm,sorry,i've,joined,the,league,of,people,that,dont,keep,in,touch,you,mean,a,great,deal,to,me,you,have,been,a,friend,at,all,times,even,at,great,personal,cost,do,have,a,great,week"
normal,2021,"hi,finally,i,completed,the,course"
normal,2017,"it,will,stop,on,itself,i,however,suggest,she,stays,with,someone,that,will,be,able,to,give,ors,for,every,stool"
normal,2022,"how,are,you,doing,hope,you've,settled,in,for,the,new,school,year,just,wishing,you,a,great,day"
normal,2022,"good,morning,dear,hav,a,nice,day"
normal,2022,"did,you,got,that,persons,story"
normal,2014,"is,your,hamster,dead,hey,so,tommaro,i,meet,you,at,1pm,orchard,mrt"
normal,2017,"hi,it's,kate,how,is,your,evening,i,hope,i,can,see,you,tomorrow,for,a,bit,but,i,have,to,bloody,babyjontet,text,back,if,you,can"
normal,2023,"found,it,enc,ltgt,where,you,at"
normal,2025,"i,sent,you,ltgt,bucks"
normal,2011,"hello,darlin,i,have,finished,college,now,so,text,me,when,you,finish,if,you,can,love,kate,xxx"
normal,2021,"your,account,has,been,refilled,successfully,by,inr,ltdecimalgt,your,keralacircle,prepaid,account,balance,is,rs,ltdecimalgt,your,transaction,id,is,kr,ltgt"
normal,2014,"goodmorning,sleeping,ram"
normal,2019,"you,call,me,alter,at,11,ok"
normal,2014,"you,say,untill,like,dat,i,done,buy,ericsson,oso,cannot,oredi,lar"
normal,2019,"as,i,entered,my,cabin,my,pa,said,happy,b'day,boss,i,felt,special,she,askd,me,4,lunch,after,lunch,she,invited,me,to,her,apartment,we,went,there"
normal,2021,"aight,yo,dats,straight,dogg"
normal,2022,"you,please,give,us,connection,today,itself,before,ltdecimalgt,or,refund,the,bill"
normal,2024,"both,i,shoot,big,loads,so,get,ready"
normal,2020,"what's,up,bruv,hope,you,had,a,great,break,do,have,a,rewarding,semester"
normal,2020,"home,so,we,can,always,chat"
normal,2025,"ok,goodstudy,well"
normal,2015,"yup,how,you,noe,leh"
normal,2023,"sounds,great,are,you,home,now"
normal,2021,"finally,the,match,heading,towards,draw,as,your,prediction"
normal,2013,"tired,i,haven't,slept,well,the,past,few,nights"
normal,2017,"easy,ahsen,got,selected,means,its,good"
normal,2011,"i,have,to,take,exam,with,march,3"
normal,2013,"yeah,you,should,i,think,you,can,use,your,gt,atm,now,to,register,not,sure,but,if,there's,anyway,i,can,help,let,me,know,but,when,you,do,be,sure,you,are,ready"
normal,2020,"ok,no,prob,take,your,time"
normal,2019,"there,is,os,called,ubandu,which,will,run,without,installing,in,hard,diskyou,can,use,that,os,to,copy,the,important,files,in,system,and,give,it,to,repair,shop"
normal,2025,"sorry,i'll,call,later"
normal,2018,"life,is,more,strict,than,teacher,because,teacher,teaches,lesson,amp,then,conducts,exam,but,life,first,conducts,exam,amp,then,teaches,lessons,happy,morning"
normal,2011,"dear,good,morning,now,only,i,am,up"
normal,2024,"get,down,in,gandhipuram,and,walk,to,cross,cut,road,right,side,ltgt,street,road,and,turn,at,first,right"
normal,2023,"dear,we,are,going,to,our,rubber,place"
normal,2025,"sorry,battery,died,yeah,i'm,here"
normal,2011,"yeshere,tv,is,always,available,in,work,place"
normal,2023,"i,have,printed,it,oh,so,ltgt,come,upstairs"
normal,2019,"or,ill,be,a,little,closer,like,at,the,bus,stop,on,the,same,street"
normal,2022,"where,are,you,when,wil,you,reach,here"
normal,2012,"new,theory,argument,wins,d,situation,but,loses,the,person,so,dont,argue,with,your,friends,just,kick,them,amp,say,i'm,always,correct"
normal,2024,"tomarrow,final,hearing,on,my,laptop,case,so,i,can't"
normal,2018,"please,tell,me,you,want,done,sportsx"
normal,2020,"okay,no,no,just,shining,on,that,was,meant,to,be,signing,but,that,sounds,better"
normal,2022,"although,i,told,you,that,i'm,into,big,face,watches,now,but,i,really,like,e,watch,you,gave,because,it's,from,you,thanks,for,everything,that,you,have,done,today,i'm,touched"
normal,2021,"you,don't,remember,that,old,commercial"
normal,2011,"too,late,i,said,i,have,the,website,i,didn't,i,have,or,dont,have,the,slippers"
normal,2018,"i,asked,you,to,call,him,now,ok"
normal,2024,"kallis,wont,bat,in,2nd,innings"
normal,2011,"it,did,not,work,again,oh,ok,goodnight,then,i,will,fix,and,have,it,ready,by,the,time,you,wake,up,you,are,very,dearly,missed,have,a,good,night,sleep"
normal,2019,"ranjith,cal,drpd,deeraj,and,deepak,five,min,hold"
normal,2019,"when,yor,are,lovable,became,angry,wid,you,do,not,take,it,seriously,because,being,angry,is,the,most,childish,and,true,way,of,showing,deep,affection,care,n,luv,kettoda,manda,have,nice,day,da"
normal,2021,"what,you,doinghow,are,you"
normal,2021,"ups,which,is,three,days,also,and,the,shipping,company,that,takes,two,weeks,the,other,way,is,usps,which,takes,a,week,but,when,it,gets,to,lag,you,may,have,to,bribe,nipost,to,get,your,stuff"
normal,2011,"i'm,back,lemme,know,when,you're,ready"
normal,2011,"don't,necessarily,expect,it,to,be,done,before,you,get,back,though,because,i'm,just,now,heading,out"
normal,2020,"mmm,so,yummy,babe,nice,jolt,to,the,suzy"
normal,2022,"where,are,you,lover,i,need,you"
normal,2018,"im,parked,next,to,a,mini,when,are,you,coming,in,today,do,you,think"
normal,2023,yup
normal,2024,"anyway,i'm,going,shopping,on,my,own,now,because,my,sister,not,done,yet,do,not,disturb,you,liao"
normal,2023,"my,no,in,luton,0125698789,ring,me,if,your,around"
normal,2012,"why,you,did,not,come,with,us"
normal,2019,"same,wana,plan,a,trip,sometime,then"
normal,2011,"not,sure,yet,still,trying,to,get,a,hold,of,him"
normal,2017,"the,evo,i,just,had,to,download,flash,jealous"
normal,2021,"come,to,me,we're,sorting,out,our,narcotics,situation"
normal,2019,"night,has,ended,for,another,day,morning,has,come,in,a,special,way,may,you,smile,like,the,sunny,rays,and,leaves,your,worries,at,the,blue,blue,bay"
normal,2015,"useful,i,guess,might,as,well,take,one,car"
normal,2022,"no,objection,my,boyfriend,not,coming"
normal,2022,thanx
normal,2017,"tell,rob,to,mack,his,girlfriend,in,the,theater"
normal,2025,"awesome,i'll,see,you,in,a,bit"
normal,2018,"just,sent,it,so,what,type,of,food,do,you,like"
normal,2020,"all,done,all,handed,in,celebrations,in,full,swing,yet"
normal,2019,"you,got,called,a,tool"
normal,2022,"when,you,miss,someone,the,person,is,definitely,special,for,you,but,if,the,person,is,so,special,why,to,miss,them,just,keepintouch,good,evening"
normal,2020,"ok,i,asked,for,money,how,far"
normal,2024,ok
normal,2017,"yeah,i,think,my,usual,guy's,still,passed,out,from,last,night,if,you,get,ahold,of,anybody,let,me,know,and,i'll,throw,down"
normal,2022,"ok,i,might,come,by,to,night,then,if,my,class,lets,out,early"
normal,2025,"hi,baby,im,cruisin,with,my,girl,friend,what,are,you,up,to,give,me,a,call,in,and,hour,at,home,if,thats,alright,or,fone,me,on,this,fone,now,love,jenny,xxx"
normal,2017,"my,life,means,a,lot,to,me,not,because,i,love,my,life,but,because,i,love,the,people,in,my,life,the,world,calls,them,friends,i,call,them,my,world"
normal,2023,"dearshall,mail,to,nightbusy,in,the,streetshall,update,you,tonightthings,are,looking,okvarunnathu,edukkukayee,raksha,ollubut,a,good,one,in,real,sense"
normal,2024,"hey,you,told,your,name,to,gautham,ah"
normal,2018,"you,found,him,i,feel,so,stupid"
normal,2021,"oops,for,got,that,bit"
normal,2012,"are,you,this,much,buzy"
normal,2022,"i,accidentally,deleted,the,message,resend,please"
normal,2024,"unless,it's,a,situation,where,you,go,gurl,would,be,more,appropriate"
normal,2025,"hurt,metease,memake,me,cry,but,and,the,end,of,my,life,when,i,die,please,keep,one,rose,on,my,grave,and,say,stupid,i,miss,you,have,a,nice,day"
normal,2024,"i,cant,pick,the,phone,right,now,please,and,a,message"
normal,2024,"need,a,coffee,run,tomocan't,believe,it's,that,time,of,week,already"
normal,2014,"awesome,i,remember,the,last,time,we,got,somebody,high,for,the,first,time,with,diesel"
normal,2013,"shit,that,is,really,shocking,and,scary,can,not,imagine,for,a,second,define,up,for,night,out,do,you,think,there,is,somewhere,i,could,crash,for,night,save,on,taxi"
normal,2022,"oh,and,by,the,way,you,do,have,more,food,in,your,fridge,want,to,go,out,for,a,meal,tonight"
normal,2022,"he,is,a,wondarfull,actor"
normal,2025,"yup,from,what,i,remb,i,think,should,be,can,book"
normal,2019,"just,ask,if,you,wanna,meet,up"
normal,2017,"lol,yes,our,friendship,is,hanging,on,a,thread,because,you,won't,buy,stuff"
normal,2020,"where,are,the,garage,keys,they,aren't,on,the,bookshelf"
normal,2022,"today,is,accept,day,accept,me,as,brother,sister,lover,dear1,best1,clos1,lvblefrnd,jstfrnd,cutefrnd,lifpartnr,belovd,swtheart,bstfrnd,no,rply,means,enemy"
normal,2020,"he,says,he'll,give,me,a,call,when,his,friend's,got,the,money,but,that,he's,definitely,buying,before,the,end,of,the,week"
normal,2015,"hi,the,way,i,was,with,you,to,day,is,the,normal,waythis,is,the,real,me,you,are,uniquei,hope,i,know,you,for,the,rest,of,mylife,hope,you,find,won't,was,lost"
normal,2018,"you,made,my,day,do,have,a,great,day,too"
normal,2013,"ok,advance,happy,pongal"
normal,2015,"hmmm,guess,we,can,go,for,kb,and,power,yogahaha,dunno,we,can,tahan,power,yoga,another,thanks,got,loose,forgot"
normal,2025,"not,really,dude,have,no,friends,i'm,afraid"
normal,2018,"coffee,cake,i,guess"
normal,2020,"merry,christmas,to,you,too,babe,i,love,ya,kisses"
normal,2020,"hey,why,don't,we,just,go,watch,xmen,and,have,lunch,haha"
normal,2023,"could,you,tell,people,i,am,gonna,be,a,bit,late,because,to,buses,have,gone,past,because,they,were,full,im,still,waitin,4,1,pete,x"
normal,2019,"that,would,be,great,we'll,be,at,the,guild,could,meet,on,bristol,road,or,somewhere,will,get,in,touch,over,weekend,our,plans,take,flight,have,a,good,week"
normal,2013,"no,problem,how,are,you,doing"
normal,2022,"no,callsmessagesmissed,calls"
normal,2020,"hi,dahow,is,the,todays,class"
normal,2024,"i'd,say,that's,a,good,sign,but,well,you,know,my,track,record,at,reading,women"
normal,2016,"cool,text,me,when,you're,parked"
normal,2014,"i'm,reading,the,text,i,just,sent,you,it's,meant,to,be,a,joke,so,read,it,in,that,light"
normal,2023,"maybe,i,could,get,book,out,tomorrow,then,return,it,immediately,or,something"
normal,2016,"tadaaaaa,i,am,home,babe,are,you,still,up"
normal,2022,"cool,so,how,come,you,haven't,been,wined,and,dined,before"
normal,2017,"just,sleepingand,surfing"
normal,2018,"you,calling,me,right,call,my,hand,phone"
normal,2012,"ok,that's,great,thanks,a,lot"
normal,2021,"i,take,it,the,post,has,come,then,you,must,have,1000s,of,texts,now,happy,reading,my,one,from,wiv,hello,caroline,at,the,end,is,my,favourite,bless,him"
normal,2017,"where,you,been,hiding,stranger"
normal,2020,"am,not,interested,to,do,like,that"
normal,2023,"my,sister,cleared,two,round,in,birla,soft,yesterday"
normal,2020,"good,nighttakepractice,going,on"
normal,2011,"this,is,yijue,i,just,saw,your,mail,in,case,huiming,haven't,sent,you,my,number,this,is,my,number"
normal,2019,"one,small,prestige,problem,now"
normal,2017,"just,checking,in,on,you,really,do,miss,seeing,jeremiah,do,have,a,great,month"
normal,2019,"no,can't,help,you,there,i've,never,had,an,iphone"
normal,2011,"if,you're,not,in,my,car,in,an,hour,and,a,half,i'm,going,apeshit"
normal,2023,"today,is,sorry,day,if,ever,i,was,angry,with,you,if,ever,i,misbehaved,or,hurt,you,please,please,just,slap,youself,because,its,your,fault,i'm,basically,good"
normal,2014,"yo,you,guys,ever,figure,out,how,much,we,need,for,alcohol,jay,and,i,are,trying,to,figure,out,how,much,we,can,safely,spend,on,weed"
normal,2025,"ltgt,ish,minutes,was,five,minutes,ago,wtf"
normal,2017,"thank,you,for,callingforgot,to,say,happy,onam,to,you,sirjii,am,fine,here,and,remembered,you,when,i,met,an,insurance,personmeet,you,in,qatar,insha,allahrakhesh,ex,tata,aig,who,joined,tisscotayseer"
normal,2022,"i'm,an,actor,when,i,work,i,work,in,the,evening,and,sleep,late,since,i'm,unemployed,at,the,moment,i,always,sleep,late,when,you're,unemployed,every,day,is,saturday"
normal,2015,"hello,just,got,here,st,andrewsboy,its,a,long,way,its,cold,i,will,keep,you,posted"
normal,2013,"ha,ha,cool,cool,chikku,chikku"
normal,2024,"oh,ok,no,prob"
normal,2017,"check,audrey's,status,right,now"
normal,2013,"busy,here,trying,to,finish,for,new,year,i,am,looking,forward,to,finally,meeting,you"
normal,2017,"good,afternoon,sunshine,how,dawns,that,day,are,we,refreshed,and,happy,to,be,alive,do,we,breathe,in,the,air,and,smile,i,think,of,you,my,love,as,always"
normal,2020,"well,i,know,z,will,take,care,of,me,so,no,worries"
normal,2012,"cool,text,me,when,you're,ready"
normal,2022,"hello,my,boytoy,geeee,i,miss,you,already,and,i,just,woke,up,i,wish,you,were,here,in,bed,with,me,cuddling,me,i,love,you"
normal,2021,"i,will,spoil,you,in,bed,as,well"
normal,2020,"i'm,going,for,bath,will,message,you,next,ltgt,min"
normal,2025,"i,can't,keep,talking,to,people,if,am,not,sure,i,can,pay,them,if,they,agree,to,price,so,pls,tell,me,what,you,want,to,really,buy,and,how,much,you,are,willing,to,pay"
normal,2018,"can,you,say,what,happend"
normal,2019,"you,could,have,seen,mei,did't,recognise,you,face"
normal,2022,"well,there's,not,a,lot,of,things,happening,in,lindsay,on,new,years,sighs,some,bars,in,ptbo,and,the,blue,heron,has,something,going"
normal,2022,"keep,my,payasam,there,if,rinu,brings"
normal,2014,"i,taught,that,ranjith,sir,called,me,so,only,i,sms,like,that,becaus,hes,verifying,about,project,prabu,told,today,so,only,pa,dont,mistake,me"
normal,2012,"i,guess,that's,why,you,re,worried,you,must,know,that,there's,a,way,the,body,repairs,itself,and,i'm,quite,sure,you,shouldn't,worry,we'll,take,it,slow,first,the,tests,they,will,guide,when,your,ovulation,is,then,just,relax,nothing,you've,said,is,a,reason,to,worry,but,ill,keep,on,followin,you,up"
normal,2011,"yeah,sure,give,me,a,couple,minutes,to,track,down,my,wallet"
normal,2025,"hey,leave,it,not,a,big,deal,take,care"
normal,2021,"hey,i,will,be,late,ah,meet,you,at,945"
normal,2016,"it,took,mr,owl,three,licks"
normal,2025,"customer,place,i,will,call,you"
normal,2022,"mean,that,time,you,don't,like,fun"
normal,2022,"yup,having,my,lunch,buffet,nowyou,eat,already"
normal,2013,"huh,so,late,for,dinner"
normal,2022,"hey,so,this,sat,are,we,going,for,the,intro,pilates,only,or,the,kickboxing,too"
normal,2022,"morning,only,i,can,ok"
normal,2012,"yes,i,think,so,i,am,in,office,but,my,lap,is,in,room,i,think,thats,on,for,the,last,few,days,i,didn't,shut,that,down"
normal,2025,"pick,you,up,bout,730ish,what,time,are,and,that,going"
normal,2024,"from,here,after,the,performance,award,is,calculated,every,two,monthnot,for,current,one,month,period"
normal,2012,"was,actually,sleeping,and,still,might,when,you,call,back,so,a,text,is,great,you,rock,sister,will,send,you,a,text,when,i,wake"
normal,2023,"you,are,always,putting,your,business,out,there,you,put,pictures,of,your,ass,on,facebook,you,are,one,of,the,most,open,people,i've,ever,met,why,would,i,think,a,picture,of,your,room,would,hurt,you,make,you,feel,violated"
normal,2020,"good,evening,sir,al,salam,wahleykkumsharing,a,happy,newsby,the,grace,of,god,i,got,an,offer,from,tayseertissco,and,i,joinedhope,you,are,fineinshah,allahmeet,you,sometimerakheshvisitor,from,india"
normal,2016,"hmmmokbut,i,want,to,change,the,field,quickly,dai,wanna,get,system,administrator,or,network,administrator"
normal,2023,"dear,how,is,chechi,did,you,talk,to,her"
normal,2020,"the,hair,cream,has,not,been,shipped"
normal,2025,"none,of,that's,happening,til,you,get,here,though"
normal,2019,"yep,the,great,loxahatchee,xmas,tree,burning,of,ltgt,starts,in,an,hour"
normal,2016,"haha,get,used,to,driving,to,usefull,man,i,know,a,lot,of,stoners"
normal,2022,"all,was,well,untill,slightly,disastrous,class,this,pm,with,my,favorite,darlings,hope,day,off,ok,coffee,would,be,good,as,can't,stay,late,tomorrow,same,time,place,as,always"
normal,2018,"hello,good,week,fancy,a,drink,or,something,later"
normal,2014,"because,i,want,it,to,be,your,thing"
normal,2022,"okies,i'll,go,yan,jiu,too,we,can,skip,ard,oso,go,cine,den,go,mrt,one,blah,blah,blah"
normal,2015,"bring,home,some,wendy"
normal,2022,"what's,up,there,don't,you,want,to,sleep"
normal,2013,"alright,i,have,a,new,goal,now"
normal,2022,"alright,i'll,head,out,in,a,few,minutes,text,me,where,to,meet,you"
normal,2017,"yesfrom,last,week,itself,i'm,taking,live,call"
normal,2014,"siva,is,in,hostel,aha"
normal,2015,"send,this,to,your,friends,and,receive,something,about,your,voice,how,is,my,speaking,expression,1childish,2naughty,3sentiment,4rowdy,5full,of,attitude,6romantic,7shy,8attractive,9funny,ltgt,irritating,ltgt,lovable,reply,me"
normal,2020,"ok,she'll,be,ok,i,guess"
normal,2022,"aathiwhere,are,you,dear"
normal,2019,"any,pain,on,urination,any,thing,else"
normal,2017,"seven,at,esplanade,do,ü,mind,giving,me,a,lift,cos,i,got,no,car,today"
normal,2022,"i,want,to,buy,a,bmw,car,urgentlyits,very,urgentbut,have,a,shortage,of,ltgt,lacsthere,is,no,source,to,argument,distance,amt,ltgt,lacsthats,my,problem"
normal,2012,"at,home,watching,tv,lor"
normal,2018,"does,she,usually,take,fifteen,fucking,minutes,to,respond,to,a,yes,or,no,question"
normal,2025,"the,message,sent,is,asking,for,ltgt,dollars,should,i,pay,ltgt,or,ltgt"
normal,2014,"ask,g,or,iouri,i've,told,the,story,like,ten,times,already"
normal,2021,"how,long,does,applebees,fucking,take"
normal,2022,"hi,hope,you,get,this,textjourney,hasn't,been,goodnow,about,50,mins,late,i,think"
normal,2019,"but,i,have,to,i,like,to,have,love,and,arrange"
normal,2024,"yeshe,is,really,greatbhaji,told,kallis,best,cricketer,after,sachin,in,worldvery,tough,to,get,out"
normal,2025,"you,were,supposed,to,wake,me,up,gt"
normal,2025,"oic,i,saw,him,too,but,i,tought,he,did,not,see,me,i,found,a,group,liao"
normal,2025,"hey,hey,we,are,the,monkees,people,say,we,monkeyaround,howdy,gorgeous,howu,doin,foundurself,a,jobyet,sausagelove,jen,xxx"
normal,2020,"sorry,my,battery,died,i,can,come,by,but,i'm,only,getting,a,gram,for,now,where's,your,place"
normal,2012,"well,done,blimey,exercise,yeah,i,kinda,remember,would,that,is,hmm"
normal,2016,"i,wont,get,concentration,dear,you,know,you,are,my,mind,and,everything"
normal,2022,"lol,have,you,made,plans,for,new,years"
normal,2023,"ten,min,later,ok"
normal,2016,"hanks,lotsly"
normal,2017,"thanks,for,this,hope,you,had,a,good,day,today"
normal,2012,"ok,what,are,detail,you,want,to,transferaccount,number,enough"
normal,2024,"ok,i,will,tell,her,to,stay,out,yeah,its,been,tough,but,we,are,optimistic,things,will,improve,this,month"
normal,2016,"si,si,i,think,ill,go,make,those,oreo,truffles"
normal,2016,"look,at,amy,ure,a,beautiful,intelligent,woman,and,i,like,you,a,lot,i,know,you,don't,like,me,like,that,so,don't,worry"
normal,2015,"i,hope,you,that's,the,result,of,being,consistently,intelligent,and,kind,start,asking,him,about,practicum,links,and,keep,your,ears,open,and,all,the,best"
normal,2017,"that,call,cost,which,i,guess,isnt,bad,miss,ya,need,ya,want,ya,love,ya"
normal,2016,"going,through,a,very,different,feeling,wavering,decisions,and,coping,up,with,the,same,is,the,same,individualtime,will,heal,everything,i,believe"
normal,2020,"where,did,you,go,my,phone,is,gonna,die,you,have,to,stay,in,here"
normal,2025,"sorry,i'll,call,later,ok,bye"
normal,2016,"ok,i,am,on,the,way,to,railway"