label,year,message
fraud,2015,hello,i,m,bank,manager,of,sbi,ur,debit,card,is,about,to,expire,would,u,want,to,issue,new,card
fraud,2023,todays,vodafone,numbers,ending,with,4882,are,selected,to,a,receive,a,350,award,if,your,number,matches,call,09064019014,to,receive,your,350,award
fraud,2015,you,have,won,1000,cash,or,a,2000,prize,to,claim,call,09050000327
fraud,2019,hello,sir,i,am,from,jio,customer,care,in,23,hours,your,sim,will,be,closed,do,u,want,to,activate,it
fraud,2023,hello,sir,i,am,from,airtel,customer,care,in,23,hours,your,sim,will,be,closed,do,u,want,to,activate,it
fraud,2013,hello,sir,i,am,from,idea,customer,care,in,23,hours,your,sim,will,be,closed,do,u,want,to,activate,it
fraud,2011,hello,sir,i,am,from,vodafone,customer,care,in,23,hours,your,sim,will,be,closed,do,u,want,to,activate,it
fraud,2021,hello,sir,i,am,from,bsnl,customer,care,in,23,hours,your,sim,will,be,closed,do,u,want,to,activate,it
fraud,2013,hello,sir,i,am,from,mtnl,customer,care,in,23,hours,your,sim,will,be,closed,do,u,want,to,activate,it
fraud,2013,hello,sir,i,am,from,jio,customer,care,in,23,hours,your,sim,will,be,deactivate,do,u,want,to,activate,it
fraud,2021,hello,sir,i,am,from,airtel,customer,care,in,23,hours,your,sim,will,be,deactivate,do,u,want,to,activate,it
fraud,2021,hello,sir,i,am,from,idea,customer,care,in,23,hours,your,sim,will,be,deactivate,do,u,want,to,activate,it
fraud,2015,hello,sir,i,am,from,vodafone,customer,care,in,23,hours,your,sim,will,be,deactivate,do,u,want,to,activate,it
fraud,2022,hello,sir,i,am,from,bsnl,customer,care,in,23,hours,your,sim,will,be,deactivate,do,u,want,to,activate,it
fraud,2024,hello,sir,i,am,from,jio,customer,care,center,we,are,doing,verification,of,yours,number,that's,why,in,your,phone,four,digit,opt,will,have,send,tell,me,that,otp
fraud,2023,hello,sir,i,am,from,airtel,customer,care,center,we,are,doing,verification,of,yours,number,that's,why,in,your,phone,four,digit,opt,will,have,send,tell,me,that,otp
fraud,2019,hello,sir,i,am,from,idea,customer,care,center,we,are,doing,verification,of,yours,number,that's,why,in,your,phone,four,digit,opt,will,have,send,tell,me,that,otp
fraud,2014,hello,sir,i,am,from,vodafone,customer,care,center,we,are,doing,verification,of,yours,number,that's,why,in,your,phone,four,digit,opt,will,have,send,tell,me,that,otp
fraud,2019,hello,sir,i,am,from,bsnl,customer,care,center,we,are,doing,verification,of,yours,number,that's,why,in,your,phone,four,digit,opt,will,have,send,tell,me,that,otp
fraud,2019,hello,sir,this,is,your,hdfc,bank,manager,your,kyc,has,been,expiredso,you,have,to,kyc,your,self,but,due,to,covid,setuation,we,are,doing,kyc,online,pleae,tell,me,your,account,detail
fraud,2025,hello,sir,this,is,your,icici,bank,manager,your,kyc,has,been,expiredso,you,shave,to,kyc,your,self,but,due,to,covid,setuation,we,are,doing,kyc,online,pleae,tell,me,your,account,detail
fraud,2022,hello,sir,this,is,your,axis,bank,manager,your,kyc,has,been,expiredso,you,have,to,kyc,your,self,but,due,to,covid,setuation,we,are,doing,kyc,online,pleae,tell,me,your,account,detail
fraud,2025,hello,sir,this,is,your,uniun,bank,manager,your,kyc,has,been,expiredso,you,have,to,kyc,your,self,but,due,to,covid,setuation,we,are,doing,kyc,online,pleae,tell,me,your,account,detail
fraud,2018,hello,sir,this,is,your,sbi,bank,manager,your,kyc,has,been,expiredso,you,have,to,kyc,your,self,but,due,to,covid,setuation,we,are,doing,kyc,online,pleae,tell,me,your,account,detail
fraud,2024,hello,sir,this,is,your,allahabad,bank,manager,your,kyc,has,been,expiredso,you,have,to,kyc,your,self,but,due,to,covid,setuation,we,are,doing,kyc,online,pleae,tell,me,your,account,detail
fraud,2018,hello,sir,are,you,using,bhimupi,sir,you,have,to,upgrate,your,bhimupi,othr,wise,you,account,will,be,block
fraud,2020,hello,sir,tell,me,your,creditdebit,card,mobile,number,and,aadhar,card
fraud,2022,hello,i,am,from,income,text,department,you,have,not,registered,your,aadhar,to,your,pan,card,please,tell,me,your,aadhar,number,to,coonect,to,your,pan,card
fraud,2013,hello,sir,i,am,from,bank,please,tell,me,your,card,cvv,number,for,your,bank,verification
fraud,2024,hello,sir,i,am,from,union,bank,sir,i,have,call,you,for,your,bank,account,verification,do,you,want,verify,your,account,sir,then,tell,me,your,aadhar,card,number,and,pan,card,and,your,debitcredit,card,number
fraud,2018,hello,sir,i,am,from,sbi,bank,sir,i,have,call,you,for,your,bank,account,verification,do,you,want,verify,your,account,sir,then,tell,me,your,aadhar,card,number,and,pan,card,and,your,debitcredit,card,number
fraud,2025,hello,sir,i,am,from,hdfc,bank,sir,i,have,call,you,for,your,bank,account,verification,do,you,want,verify,your,account,sir,then,tell,me,your,aadhar,card,number,and,pan,card,and,your,debitcredit,card,number
fraud,2016,hello,sir,i,am,from,india,bank,sir,i,have,call,you,for,your,bank,account,verification,do,you,want,verify,your,account,sir,then,tell,me,your,aadhar,card,number,and,pan,card,and,your,debitcredit,card,number
fraud,2024,hello,sir,i,am,from,obi,bank,sir,i,have,call,you,for,your,bank,account,verification,do,you,want,verify,your,account,sir,then,tell,me,your,aadhar,card,number,and,pan,card,and,your,debitcredit,card,number
fraud,2019,hello,sir,i,am,from,allahabad,bank,sir,i,have,call,you,for,your,bank,account,verification,do,you,want,verify,your,account,sir,then,tell,me,your,aadhar,card,number,and,pan,card,and,your,debitcredit,card,number
fraud,2016,hello,sir,i,am,from,bank,of,baroda,sir,i,have,call,you,for,your,bank,account,verification,do,you,want,verify,your,account,sir,then,tell,me,your,aadhar,card,number,and,pan,card,and,your,debitcredit,card,number
fraud,2024,hello,sir,i,am,from,unoin,bank,of,india,do,you,have,fill,application,form,for,loan,i,called,you,for,verify,your,document,tell,me,your,aadhar,number,and,otp,of,your,mobile,number
fraud,2013,hello,sir,i,am,from,sbi,bank,of,india,do,you,have,fill,application,form,for,loan,i,called,you,for,verify,your,document,tell,me,your,aadhar,number,and,otp,of,your,mobile,number
fraud,2011,hello,sir,i,am,from,axis,bank,of,india,do,you,have,fill,application,form,for,loan,i,called,you,for,verify,your,document,tell,me,your,aadhar,number,and,otp,of,your,mobile,number
fraud,2020,hello,sir,i,am,from,hdfc,bank,of,india,do,you,have,fill,application,form,for,loan,i,called,you,for,verify,your,document,tell,me,your,aadhar,number,and,otp,of,your,mobile,number
fraud,2020,hello,sir,i,am,from,bank,of,baroda,india,do,you,have,fill,application,form,for,loan,i,called,you,for,verify,your,document,tell,me,your,aadhar,number,and,otp,of,your,mobile,number
fraud,2022,hello,sir,i,am,from,paytm,there,are,offer,in,paytm,upgrade,your,account,so,you,can,enjoy,better,cashback,offrs
fraud,2016,you,won,a,lucky,draw,for,shopping,on,an,amazon,provide,your,bank,details,for,deposit,your,amount,towards,logistics,charge
fraud,2023,you,won,a,lucky,draw,for,shopping,on,an,flipkard,provide,your,bank,details,for,deposit,your,amount,towards,logistics,charge
fraud,2017,you,won,a,lucky,draw,for,shopping,on,an,myntra,provide,your,bank,details,for,deposit,your,amount,towards,logistics,charge
fraud,2022,hello,sir,we,are,from,covid19,health,care,center,for,vaccination,call,7845963214
fraud,2024,hello,sir,i,am,from,covid19,center,you,have,filled,the,form,for,vaccination,we,are,for,vefication,of,your,document
fraud,2011,hello,sir,i,am,from,covid19,center,those,who,are,vaccinated,they,will,get,money,by,indian,goverment,please,tell,me,account,detail,to,deposit,money,in,your,account
fraud,2016,hello,sir,i,am,from,covid19,center,for,vaccination,you,have,to,pay,money,please,pay,your,money,on,this,upi,myupiaxis
fraud,2016,hello,you,have,won,10000,inr,do,you,want,to,deposit,it,in,your,bank,account
fraud,2025,give,me,your,bank,account,number,and,debit,card,number,for,deposit,money,in,your,bank,account
fraud,2017,hello,siri,am,from,sbi,bankdo,you,want,a,new,credit,cardgive,your,aadhar,and,mobile,number,for,issue,a,credit,card
fraud,2011,hello,sir,to,get,a,500,inr,voucher,for,play,rummy,go,to,this,link,httpxyzabc
fraud,2014,hello,i,am,from,indian,army,by,mistakely,i,have,given,your,mobile,number,in,amozon,during,online,shopping,that,why,you,have,got,an,otp,please,tell,me,that,otp
fraud,2025,as,a,valued,network,customer,you,have,been,selected,to,receive,9000,inr,prize,reward,to,claim,call,09061701461,claim,code,kl341,valid,12,hours,only
fraud,2016,had,your,mobile,11,months,or,more,you,are,entitled,to,update,to,the,latest,colour,mobiles,with,camera,for,free,call,the,mobile,update,co,free,on,08002986030
fraud,2018,congrats,1,year,special,cinema,pass,for,2,is,yours,dont,miss,out
fraud,2013,hi,babe,i,am,at,home,now,wanna,do,something,xxx
fraud,2016,your,2004,account,statement,for,07742676969,shows,786,unredeemed,bonus,points,to,claim,call,08719180248,identifier,code,45239,expires
fraud,2016,your,mobile,no,was,awarded,2000,inr,bonus,caller,prize,on,590021,this,is,our,final,try,to,contact,u,download,xyz,application,to,get,it
fraud,2016,todays,vodafone,numbers,ending,7548,are,selected,to,receive,a,350,award,if,you,have,a,match,please,call,08712300220,quoting,claim,code,4041,standard,rates,app
fraud,2018,sunshine,quiz,weekly,quize,win,a,top,sony,dvd,call,789654123
fraud,2022,customer,service,annoncement,you,have,a,new,years,delivery,waiting,for,you,please,call,07046744435,now,to,arrange,delivery
fraud,2024,you,are,a,winner,you,have,been,specially,selected,to,receive,1000,cash,or,a,4,holiday,flights,inc,speak,to,a,live,operator,to,claim,0871277810810
fraud,2021,sir,i,need,axis,bank,account,number,and,bank,address
fraud,2016,please,call,our,customer,service,representative,on,freephone,0808,145,4742,between,9am11pm,as,you,have,won,a,guaranteed,1000,rupees,cash,or,5000,prize
fraud,2024,congratulations,you,are,awarded,500,of,cd,vouchers,or,125gift,guaranteed,free,entry,to,100,wkly,draw,txt,music,to,87066,tncs,wwwldewcom1win150ppmx3age16
fraud,2012,we,tried,to,contact,you,are,your,reply,to,our,offer,of,a,video,handset,750,anytime,networks,mins,unlimited,text,camcorder
fraud,2023,hey,i,am,really,horny,want,to,chat,or,see,me,naked,text,hot,to,69698,text,charged,at,150pm,to,unsubscribe,text,stop,69698
fraud,2017,your,ringtone,service,has,changed,25,free,credits,go,to,club4mobilescom,to,choose,content,now,stop
fraud,2025,ringtone,club,get,the,uk,singles,chart,on,your,mobile,each,week,and,choose,any,top,quality,ringtone,this,message,is,free,of,charge
fraud,2019,themob,check,out,our,newest,selection,of,content,games,tones,gossip,babes,and,sport,keep,your,mobile,fit,and,funky,text,wap,to,82468
fraud,2023,think,your,smart,win,200,this,week,in,our,weekly,quiz,text,play,to,85222,nowtcs,winnersclub,po,box,84,m26,3uz,16,gbp150week
fraud,2019,valentines,day,special,win,over,1000,in,our,quiz,and,take,your,partner,on,the,trip,of,a,lifetime,send,go,to,83600,now,150pmsg,received,custcare08718720201
fraud,2025,congratulations,you,are,awarded,500,of,cd,vouchers,or,125gift,guaranteed,free,entry,2,100,wkly,draw,txt,music,to,87066,tncs,wwwldewcom1win150ppmx3age16
fraud,2016,you,are,cashbalance,is,currently,500,inr,to,maximize,ur,cashin,now,send,cash,to,86688,only,150pmsg,cc,08708800282,hgsuite3422lands,roww1j6hl
fraud,2019,thanks,for,your,ringtone,order,reference,t91,you,will,be,charged,gbp,4,per,week,you,can,unsubscribe,at,anytime,by,calling,customer,services,on,09057039994
fraud,2015,double,mins,and,texts,for,six,months,free,bluetooth,on,orange,available,on,sony,nokia,motorola,phones,call,mobileupd8,on,08000839402,or,call2optoutn9dx
fraud,2020,four,months,half,price,orange,line,rental,latest,camera,phones,4,free,had,your,phone,11mths,call,mobilesdirect,free,on,08000938767,to,update,now
fraud,2023,free,entry,into,our,250,weekly,competition,just,text,the,word,win,to,80086,now,18,tc,wwwtxttowincouk
fraud,2019,send,a,logo,your,lover,two,names,joined,by,a,heart,text,love,name1,name2,mobno,eg,love,adam,eve,07123456789,to,87077,yahoo,pobox36504w45wq,txtno,4,no,ads,150p
fraud,2017,someone,has,contacted,our,dating,service,and,entered,your,phone,because,they,fancy,you,to,find,out,who,it,is,call,from,a,landline,09111032124,pobox12n146tf150p
fraud,2025,booked,ticket,for,pongal
fraud,2019,you,available,now,i'm,like,right,around,hillsborough,amp,ltgt,th
fraud,2021,ok,mail,dear,dave,this,is,your,final,notice,to,collect,your,4,tenerife,holiday,or,5000,cash,award,call,09061743806,from,landline
fraud,2015,free,message,activate,your,500,free,text,messages,by,replying,to,this,message,with,the,word,free,for,terms,conditions,visit,www07781482378com
fraud,2024,urgent,your,mobile,number,was,awarded,a,2000,bonus,caller,prize,on,020903,this,is,our,second,attempt,to,contact,you,call,08718729755,box95qu
fraud,2020,today's,offer,claim,your,150,worth,of,discount,vouchers,text,yes,to,85023,now,savamob,member,offers,mobile,t,cs,08717898035,300,sub,16,unsub,reply,x
fraud,2016,you,will,recieve,your,tone,within,the,next,24hrs,for,terms,and,conditions,please,see,channel,you,teletext,pg,750
fraud,2020,you,have,won,1000,cash,or,a,2000,prize,to,claim,call,09050000327
fraud,2024,our,mobile,number,has,won,5000,to,claim,calls,us,back,or,ring,the,claims,hot,line,on,09050005321
fraud,2025,we,tried,to,contact,you,are,your,reply,to,our,offer,of,750,mins,150,textand,a,new,video,phone,call,08002988890,now,or,reply,for,free,delivery,tomorrow
fraud,2019,for,your,chance,to,win,a,250,wkly,shopping,spree,text,shop,to,80878,t'sc's,wwwtxt2shopcom,custcare,08715705022,1x150pwk
fraud,2016,you,have,been,specially,selected,to,receive,a,2000,pound,award,call,08712402050,before,the,lines,close,cost,10ppm,16,tcs,apply,ag,promo
fraud,2023,you,have,an,important,customer,service,announcement,call,freephone,0800,542,0825,now
fraud,2024,speaking,of,does,he,have,any,cash,yet
fraud,2020,22,days,to,kick,off,for,euro2004,you,will,be,kept,up,to,date,with,the,latest,news,and,results,daily,to,be,removed,send,get,txt,stop,to,83222
fraud,2017,todays,vodafone,numbers,ending,with,4882,are,selected,to,a,receive,a,350,award,if,your,number,matches,call,09064019014,to,receive,your,350,award
fraud,2021,you,have,won,1000,cash,or,a,2000,prize,to,claim,call,09050000327
fraud,2015,hi,i'm,sure,i,am,20,years,old,and,work,as,a,lapdancer,i,love,sex,text,me,live,i'm,i,my,bedroom,now,text,sue,to,89555,by,textoperator,g2,1da,150ppmsg,18
fraud,2014,save,yourself,the,stress,if,the,person,has,a,dorm,account,just,send,your,account,details,and,the,money,will,be,sent,to,you
fraud,2015,you,have,won,a,guaranteed,1000,cash,or,a,2000,prize,to,claim,yr,prize,call,our,customer,service,representative,on,08714712394,between,10am7pm
fraud,2025,you,are,awarded,a,city,break,and,could,win,a,200,summer,shopping,spree,every,week,text,store,to,88039
fraud,2019,you,have,an,important,customer,service,announcement,from,premier,call,freephone,0800,542,0578,now
fraud,2017,congratulations,your,awarded,either,500,of,cd,gift,vouchers,free,entry,to,our,100,weekly,draw,text,music,to,87066
fraud,2017,you,have,a,secret,admirer,reveal,who,thinks,you,are,so,special,call,09065174042,to,opt,out,reply,reveal,stop,150,per,message,record,customer,care,07821230901
fraud,2016,dear,voucher,holder,to,claim,this,weeks,offer,at,you,pc,please,go,to,httpwwwetlpcoukexpressoffer,tscs,apply,to,stop,texts,txt,stop,to,80062
fraud,2024,do,you,want,750,anytime,any,network,mins,150,text,and,a,new,video,phone,for,only,five,pounds,per,week,call,08002888812,or,reply,for,delivery,tomorrow
fraud,2020,urgent,call,09066350750,from,your,landline,your,complimentary,4,ibiza,holiday,or,10000,cash,await,collection,sae,tcs,po,box,434,sk3,8wp,150,ppm,18
fraud,2024,talk,sexy,make,new,friends,or,fall,in,love,in,the,worlds,most,discreet,text,dating,service,just,text,vip,to,83110,and,see,who,you,could,meet
fraud,2021,private,your,2003,account,statement,for,07808,xxxxxx,shows,800,unredeemed,s,i,m,points,call,08719899217,identifier,code,41685,expires,071104
fraud,2013,hello,we,need,some,posh,birds,and,chaps,to,user,trial,prods,for,champneys,can,i,put,you,down,i,need,your,address,and,dob,asap
fraud,2022,what,do,you,want,for,xmas,how,about,100,free,text,messages,a,new,video,phone,with,half,price,line,rental,call,free,now,on,0800,0721072,to,find,out,more
fraud,2025,shop,till,you,drop,is,it,you,either,10k,5k,500,cash,or,100,travel,voucher,call,now,09064011000,ntt,po,box,cr01327bt,fixedline,cost,150ppm,mobile,vary
fraud,2025,sunshine,quiz,wkly,q,win,a,top,sony,dvd,player,if,u,know,which,country,liverpool,played,in,mid,week,txt,ansr,to,82277,150,sptyrone
fraud,2024,reminder,you,have,not,downloaded,the,content,you,have,already,paid,for,goto,httpdoit,mymoby,tv,to,collect,your,content
fraud,2022,your,free,ringtone,is,waiting,to,be,collected,simply,text,the,password,mix,to,85069,to,verify,get,usher,and,britney
fraud,2023,dear,matthew,please,call,09063440451,from,a,landline,your,complimentary,4lux,tenerife,holiday,or,1000,cash,await,collection
fraud,2015,how,about,getting,in,touch,with,folks,waiting,for,company,just,text,back,your,name,and,age,to,opt,in,enjoy,the,community,150psms
fraud,2021,your,cashbalance,is,currently,500,pounds,to,maximize,your,cashin,now,send,go,to,86688,only,150pmsg,cc,08718720201,po,box,11414,tcrw1
fraud,2020,filthy,stories,and,girls,waiting,for,your
fraud,2024,urgent,we,are,trying,to,contact,you,todays,draw,shows,that,you,have,won,a,800,prize,guaranteed,call,09050001808,from,land,line,claim,m95,valid12hrs,only
fraud,2020,what,is,your,bank,account,number
fraud,2017,please,call,our,customer,service,representative,on,freephone,0808,145,4742,between,9am11pm,as,you,have,won,a,guaranteed,1000,cash,or,5000,prize
fraud,2021,panasonic,bluetoothhdset,free,nokia,free,motorola,free,doublemins,doubletxt,on,orange,contract
fraud,2023,free,for,1st,week,no1,nokia,tone,for,your,mobile,every,week,just,text,nokia,to,8007,get,txting,and,tell,your,mates,wwwgetzedcouk,pobox,36504,w45wq,norm150ptone,16
fraud,2019,we,know,someone,who,you,know,that,fancies,you,call,09058097218,to,find,out,who
fraud,2016,1000's,flirting,now,txt,girl,or,bloke,ur,name,age,eg,girl,zoe,18,to,8007,to,join,and,get,chatting
fraud,2011,18,days,to,euro2004,kickoff,you,will,be,kept,informed,of,all,the,latest,news,and,results,daily,unsubscribe,send,get,euro,stop,to,83222
fraud,2024,we,have,new,local,dates,in,your,area,lots,of,new,people,registered,in,your,area
fraud,2022,someone,you,know,has,asked,our,dating,service,2,contact,you,can't,guess,who,call,09058091854,now,all,will,be,revealed,po,box385,m6,6wu
fraud,2016,urgent,we,are,trying,to,contact,you,todays,draw,shows,that,you,have,won,a,800,prize,guaranteed,call,09050003091,from,land,line,claim,c52,valid12hrs,only
fraud,2011,dear,you,have,been,invited,to,xchat,this,is,our,final,attempt,to,contact,you,text,chat,to,86688
fraud,2019,dear,subscriber,your,draw,for,100,gift,voucher,will,be,entered,on,receipt,of,a,correct,ans,when,was,elvis,presleys,birthday,txt,answer,to,80062
fraud,2014,449050000301,you,have,won,a,2000,price,to,claim,call,09050000301
fraud,2016,do,you,want,750,anytime,any,network,mins,150,text,and,a,new,video,phone,for,only,five,pounds,per,week,call,08000776320,now,or,reply,for,delivery,tomorrow
fraud,2017,for,taking,part,in,our,mobile,survey,yesterday,you,can,now,have,500,texts,to,use,however,you,wish,to,get,txts,just,send,text,to,80160,tc,wwwtxt43com,150p
fraud,2013,thank,you,winner,notified,by,sms,good,luck,no,future,marketing,reply,stop,to,84122,customer,services,08450542832
fraud,2025,1000's,of,girls,many,local,to,you,who,are,virgins,to,this,are,ready,to,for,flil,your,every,sexual,need,can,you,forefil,theirs,text,cute,to,69911150p,m
fraud,2016,sex,up,ur,mobile,with,a,free,sexy,pic,of,jordan,just,text,babe,to,88600,then,every,wk,get,a,sexy,celeb,pocketbabecouk,4,more,pics,16,3wk,087016248
fraud,2024,you,have,1,new,voicemail,please,call,08719181503
fraud,2011,win,a,year,supply,of,cds,4,a,store,of,ur,choice,worth,500,enter,our,100,weekly,draw,txt,music,to,87066,tscs,wwwldewcomsubs161win150ppmx3
fraud,2019,as,a,sim,subscriber,you,are,selected,to,receive,a,bonus,get,it,delivered,to,your,door,txt,the,word,ok,to,no,88600,to,claim,150pmsg,exp,30apr
fraud,2016,you,have,1,new,voicemail,please,call,08719181513
fraud,2015,no,1,nokia,tone,4,ur,mob,every,week,just,txt,nok,to,87021,1st,tone,free,so,get,txtin,now,and,tell,ur,friends,150ptone,16,reply,hl,4info
fraud,2025,you,are,a,winner,u,have,been,specially,selected,2,receive,1000,cash,or,a,4,holiday,flights,inc,speak,to,a,live,operator,2,claim,0871277810810
fraud,2025,reply,with,your,name,and,address,and,you,will,receive,by,post,a,weeks,completely,free,accommodation,at,various,global,locations,wwwphb1com,ph08700435505150p
fraud,2021,free,entry,into,our,250,weekly,comp,just,send,the,word,enter,to,84128,now,18,tc,wwwtextcompcom,cust,care,08712405020
fraud,2021,please,call,08712402779,immediately,as,there,is,an,urgent,message,waiting,for,you
fraud,2020,hot,live,fantasies,call,now,08707509020,just,20p,per,min,ntt,ltd,po,box,1327,croydon,cr9,5wb,0870k
fraud,2014,bears,pic,nick,and,tom,pete,and,dick,in,fact,all,types,try,gay,chat,with,photo,upload,call,08718730666,10pmin,2,stop,texts,call,08712460324
fraud,2012,500,new,mobiles,from,2004,must,go,txt,nokia,to,no,89545,collect,yours,todayfrom,only,1,www4tcbiz,2optout,08718726270150gbpmtmsg18,txtauction
fraud,2023,double,mins,double,txt,12,price,linerental,on,latest,orange,bluetooth,mobiles,call,mobileupd8,for,the,very,latest,offers,08000839402,or,call2optoutlf56
fraud,2025,no,1,nokia,tone,4,ur,mob,every,week,just,txt,nok,to,87021,1st,tone,free,so,get,txtin,now,and,tell,ur,friends,150ptone,16,reply,hl,4info
fraud,2024,congratulations,ur,awarded,either,500,of,cd,gift,vouchers,free,entry,2,our,100,weekly,draw,txt,music,to,87066,tncs,wwwldewcom,1,win150ppmx3age16
fraud,2012,as,a,registered,optin,subscriber,ur,draw,4,100,gift,voucher,will,be,entered,on,receipt,of,a,correct,ans,to,80062,whats,no1,in,the,bbc,charts
fraud,2023,claire,here,am,havin,borin,time,am,now,alone,u,wanna,cum,over,2nite,chat,now,09099725823,hope,2,c,u,luv,claire,xx,calls1minmoremobsemspobox45po139wa
fraud,2017,bought,one,ringtone,and,now,getting,texts,costing,3,pound,offering,more,tones,etc
fraud,2017,09066362231,urgent,your,mobile,no,07xxxxxxxxx,won,a,2000,bonus,caller,prize,on,020603,this,is,the,2nd,attempt,to,reach,you,call,09066362231,asap
fraud,2022,you,07801543489,are,guaranteed,the,latests,nokia,phone,a,40gb,ipod,mp3,player,or,a,500,prize,txt,wordcollect,to,no83355,tcllc,nyusa,150pmt,msgrcvd18
fraud,2019,hi,its,lucy,hubby,at,meetins,all,day,fri,i,will,b,alone,at,hotel,u,fancy,cumin,over,pls,leave,msg,2day,09099726395,lucy,x,calls1minmobsmorelkpobox177hp51fl
fraud,2017,your,account,has,been,credited,with,500,free,text,messages,to,activate,just,txt,the,word,credit,to,no,80488,tcs,www80488biz
fraud,2019,sms,ac,jsco,energy,is,high,but,u,may,not,know,where,2channel,it,2day,ur,leadership,skills,r,strong,psychic,reply,ans,wquestion,end,reply,end,jsco
fraud,2020,hot,live,fantasies,call,now,08707509020,just,20p,per,min,ntt,ltd,po,box,1327,croydon,cr9,5wb,0870,is,a,national,rate,call
fraud,2021,thanks,for,the,vote,now,sing,along,with,the,stars,with,karaoke,on,your,mobile,for,a,free,link,just,reply,with,sing,now
fraud,2021,our,brand,new,mobile,music,service,is,now,live,the,free,music,player,will,arrive,shortly,just,install,on,your,phone,to,browse,content,from,the,top,artists
fraud,2021,urgent,your,mobile,no,was,awarded,a,2000,bonus,caller,prize,on,10803,this,is,our,2nd,attempt,to,contact,you,call,08714719523,box95qu,bt,national,rate
fraud,2021,you,have,won,a,nokia,7250i,this,is,what,you,get,when,you,win,our,free,auction,to,take,part,send,nokia,to,86021,now
fraud,2022,hello,from,orange,for,1,month's,free,access,to,games,news,and,sport,plus,10,free,texts,and,20,photo,messages,reply,yes,terms,apply,wwworangecoukow
fraud,2013,urgent,your,mobile,number,has,been,awarded,with,a,2000,prize,guaranteed,call,09061790121,from,land,line,claim,3030,valid,12hrs,only,150ppm
fraud,2022,you,have,been,selected,to,stay,in,1,of,250,top,british,hotels,for,nothing,holiday,worth,350,to,claim
fraud,2019,hi,if,ur,lookin,4,saucy,daytime,fun,wiv,busty,married,woman,am,free,all,next,week,chat,now,2,sort,time,09099726429,janinexx,calls1minmobsmorelkpobox177hp51fl
fraud,2023,todays,vodafone,numbers,ending,with,0089my,last,four,digits,are,selected,to,received,a,350,award,if,your,number,matches,please,call,09063442151,to,claim,your,350,award
fraud,2015,free,top,ringtone,sub,to,weekly,ringtoneget,1st,week,freesend,subpoly,to,816183,per,weekstop,sms08718727870
fraud,2016,sunshine,quiz,wkly,q,win,a,top,sony,dvd,player,if,u,know,which,country,the,algarve,is,in,txt,ansr,to,82277,150,sptyrone
fraud,2023,free,msg,sorry,a,service,you,ordered,from,81303,could,not,be,delivered,as,you,do,not,have,sufficient,credit,please,top,up,to,receive,the,service
fraud,2012,hard,live,121,chat,just,60pmin,choose,your,girl,and,connect,live,call,09094646899,now,cheap,chat,uk's,biggest,live,service,vu,bcm1896wc1n3xx
fraud,2019,wow,the,boys,r,back,take,that,2007,uk,tour,win,vip,tickets,prebook,with,vip,club,txt,club,to,81303,trackmarque,ltd,infovipclub4u
fraud,2018,hi,this,is,mandy,sullivan,calling,from,hotmix,fmyou,are,chosen,to,receive,500000,in,our,easter,prize,drawplease,telephone,09041940223,to,claim,before,290305,or,your,prize,will,be,transferred,to,someone,else
fraud,2017,someone,has,conacted,our,dating,service,and,entered,your,phone,because,they,fancy,youto,find,out,who,it,is,call,from,landline,09111030116,pobox12n146tf15
fraud,2012,win,we,have,a,winner,mr,t,foley,won,an,ipod,more,exciting,prizes,soon,so,keep,an,eye,on,ur,mobile,or,visit,wwwwin82050couk
fraud,2019,todays,voda,numbers,ending,1225,are,selected,to,receive,a,50award,if,you,have,a,match,please,call,08712300220,quoting,claim,code,3100,standard,rates,app
fraud,2020,hottest,pics,straight,to,your,phone,see,me,getting,wet,and,wanting,just,for,you,xx,text,pics,to,89555,now,txt,costs,150p,textoperator,g696ga,18,xxx
fraud,2014,free,nokia,or,motorola,with,upto,12mths,12price,linerental,500,free,xnet,mins100txtmth,free,b'tooth,call,mobileupd8,on,08001950382,or,call,2optoutd3wv
fraud,2017,this,is,the,2nd,time,we,have,tried,2,contact,u,u,have,won,the,750,pound,prize,2,claim,is,easy,call,08718726970,now,only,10p,per,min,btnationalrate
fraud,2012,you,have,won,a,guaranteed,1000,cash,or,a,2000,prizeto,claim,yr,prize,call,our,customer,service,representative,on
fraud,2024,would,you,like,to,see,my,xxx,pics,they,are,so,hot,they,were,nearly,banned,in,the,uk
fraud,2022,u,have,a,secret,admirer,who,is,looking,2,make,contact,with,ufind,out,who,they,rreveal,who,thinks,ur,so,specialcall,on,09058094594
fraud,2018,dear,0776xxxxxxx,u've,been,invited,to,xchat,this,is,our,final,attempt,to,contact,u,txt,chat,to,86688,150pmsgrcvdhgsuite3422landsroww1j6hl,ldn,18yrs
fraud,2013,urgent,please,call,09061743811,from,landline,your,abta,complimentary,4,tenerife,holiday,or,5000,cash,await,collection,sae,tcs,box,326,cw25wx,150ppm
fraud,2023,call,09090900040,listen,to,extreme,dirty,live,chat,going,on,in,the,office,right,now,total,privacy,no,one,knows,your,sic,listening,60p,min,247mp,0870753331018
fraud,2020,freemsg,hey,u,i,just,got,1,of,these,videopic,fones,reply,wild,to,this,txt,ill,send,u,my,pics,hurry,up,im,so,bored,at,work,xxx,18,150prcvd,stop2stop
fraud,2014,free,entry,in,2,a,weekly,comp,for,a,chance,to,win,an,ipod,txt,pod,to,80182,to,get,entry,std,txt,rate,tc's,apply,08452810073,for,details,18
fraud,2013,more,people,are,dogging,in,your,area,now,call,09090204448,and,join,like,minded,guys,why,not,arrange,1,yourself,there's,1,this,evening,a150,minapn,ls278bb
fraud,2016,you,have,won,a,guaranteed,200,award,or,even,1000,cashto,claim,ur,award,call,free,on,08000407165,18,2,stop,getstop,on,88222,php
fraud,2025,urgent,your,mobile,no,won,a,2000,bonus,caller,prize,on,020603,this,is,the,2nd,attempt,to,reach,you,call,09066362220
fraud,2021,sexy,singles,are,waiting,for,you,text,your,age,followed,by,your,gender,as,wither,m,or,f,eg23f,for,gay,men,text,your,age,followed,by,a,g,eg23g
fraud,2022,freemsg,claim,ur,250,sms,messagestext,ok,to,84025,nowuse,web2mobile,2,ur,mates,etc,join,txt250com,for,150pwk
fraud,2020,well,done,england,get,the,official,poly,ringtone,or,colour,flag,on,yer,mobile,text,tone,or,flag,to,84199,now,optout,txt,eng,stop,box39822,w111wx,150
fraud,2021,final,chance,claim,ur,150,worth,of,discount,vouchers,today,text,yes,to,85023,now,savamob,member,offers,mobile,t,cs,savamob,pobox84,m263uz,300,subs,16
fraud,2018,private,your,2004,account,statement,for,07742676969,shows,786,unredeemed,bonus,points,to,claim,call,08719180248,identifier,code,45239,expires
fraud,2025,sms,services,for,your,inclusive,text,credits,pls,goto,wwwcomuknet,login,unsubscribe,with,stop,no,extra,charge
fraud,2021,free2day,sexy,st,george's,day,pic,of,jordantxt,pic,to,89080,dont,miss,out,then,every,wk,a,saucy,celeb4,more,pics,c,pocketbabecouk,0870241182716,3wk
fraud,2021,you,are,a,winner,you,have,been,specially,selected,to,receive,1000,cash,or,a,2000,award,speak,to,a,live,operator,to,claim,call,087123002209am7pm,cost,10p
fraud,2022,sunshine,hols,to,claim,ur,med,holiday,send,a,stamped,self,address,envelope,to,drinks,on,us,uk,po,box,113,bray,wicklow,eire,quiz,starts,saturday,unsub,stop
fraud,2017,u,can,win,100,of,music,gift,vouchers,every,week,starting,now,txt,the,word,draw,to,87066,tscs,wwwidewcom,skillgame,1winaweek,age16,150p,per,messsubscription
fraud,2024,123,congratulations,in,this,week's,competition,draw,u,have,won,the,1450,prize,to,claim,just,call,09050002311,b4280703,tcsstop,sms,08718727868,over,18,only,150ppm
fraud,2024,your,b4u,voucher,wc,2703,is,marsms,log,onto,wwwb4utelecom,for,discount,credit,to,opt,out,reply,stop,customer,care,call,08717168528
fraud,2019,freemsg,hey,i'm,buffy,25,and,love,to,satisfy,men,home,alone,feeling,randy,reply,2,c,my,pix,qlynnbv,help08700621170150p,a,msg,send,stop,to,stop,txts
fraud,2019,sunshine,hols,to,claim,ur,med,holiday,send,a,stamped,self,address,envelope,to,drinks,on,us,uk,po,box,113,bray,wicklow,eire,quiz,starts,saturday,unsub,stop
fraud,2022,free,for,1st,week,no1,nokia,tone,4,ur,mob,every,week,just,txt,nokia,to,87077,get,txting,and,tell,ur,mates,zed,pobox,36504,w45wq,norm150ptone,16
fraud,2013,shop,till,u,drop,is,it,you,either,10k,5k,500,cash,or,100,travel,voucher,call,now,09064011000,ntt,po,box,cr01327bt,fixedline,cost,150ppm,mobile,vary
fraud,2020,free,camera,phones,with,linerental,from,449month,with,750,cross,ntwk,mins,12,price,txt,bundle,deals,also,avble,call,08001950382
fraud,2025,urgent,your,mobile,no,07xxxxxxxxx,won,a,2000,bonus,caller,prize,on,020603,this,is,the,2nd,attempt,to,reach,you,call,09066362231,asap,box97n7qp,150ppm
fraud,2023,urgent,your,4,costa,del,sol,holiday,or,5000,await,collection,call,09050090044,now,toclaim,sae,tc,s,pobox334,stockport,sk38xh,cost150pm,max10mins
fraud,2017,you,have,won,a,guaranteed,1000,cash,or,a,2000,prize,to,claim,yr,prize,call,our,customer,service,representative,on,08714712379,between,10am7pm,cost,10p
fraud,2014,thanks,for,your,ringtone,order,ref,number,k718,your,mobile,will,be,charged,450,should,your,tone,not,arrive,please,call,customer,services,on,09065069120
fraud,2011,thanks,for,your,ringtone,order,ref,number,r836,your,mobile,will,be,charged,450,should,your,tone,not,arrive,please,call,customer,services,on,09065069154
fraud,2014,splashmobile,choose,from,1000s,of,gr8,tones,each,wk,this,is,a,subscrition,service,with,weekly,tones,costing,300p,u,have,one,credit,kick,back,and,enjoy
fraud,2022,forwarded,from,88877free,entry,into,our,250,weekly,comp,just,send,the,word,enter,to,88877,now,18,tc,wwwtextcompcom
fraud,2017,had,your,mobile,11mths,update,for,free,to,oranges,latest,colour,camera,mobiles,unlimited,weekend,calls,call,mobile,08000839402
fraud,2011,you,have,1,new,message,please,call,08718738034
fraud,2023,forwarded,from,21870000hi,this,is,your,mailbox,messaging,sms,alert,you,have,4,messages,you,have,21,matches,please,call,back,on,09056242159,to,retrieve,your,messages,and,matches
fraud,2025,congrats,1,year,special,cinema,pass,for,2,is,yours,call,09061209465,now,c,suprman,v,matrix3,starwars3,etc,all,4,free,bx420ip45we,150pm,dont,miss,out
fraud,2013,win,a,year,supply,of,cds,4,a,store,of,ur,choice,worth,500,enter,our,100,weekly,draw,txt,music,to,87066,tscs,wwwldewcomsubs161win150ppmx3
fraud,2020,moby,pub,quizwin,a,100,high,street,prize,if,u,know,who,the,new,duchess,of,cornwall,will,be,txt,her,first,name,to,82277unsub,stop,150,008704050406,sp,arrow
fraud,2025,you,have,won,a,nokia,7250i,this,is,what,you,get,when,you,win,our,free,auction,to,take,part,send,nokia,to,86021,now,hgsuite3422lands,roww1jhl,16
fraud,2020,congratulations,thanks,to,a,good,friend,u,have,won,the,2000,xmas,prize,2,claim,is,easy,just,call,08718726971,now,only,10p,per,minute,btnationalrate
fraud,2021,urgent,your,mobile,number,won,a,2000,bonus,caller,prize,on,100603,this,is,the,2nd,attempt,to,reach,you,call,09066368753,asap,box,97n7qp,150ppm
fraud,2024,double,your,mins,txts,on,orange,or,12,price,linerental,motorola,and,sonyericsson,with,btooth,freenokia,free,call,mobileupd8,on,08000839402,or2optouthv9d
fraud,2013,download,as,many,ringtones,as,u,like,no,restrictions,1000s,2,choose,u,can,even,send,2,yr,buddys,txt,sir,to,80082,3
fraud,2014,please,call,08712402902,immediately,as,there,is,an,urgent,message,waiting,for,you
fraud,2022,spook,up,your,mob,with,a,halloween,collection,of,a,logo,pic,message,plus,a,free,eerie,tone,txt,card,spook,to,8007,zed,08701417012150p,per,logopic
fraud,2024,fantasy,football,is,back,on,your,tv,go,to,sky,gamestar,on,sky,active,and,play,250k,dream,team,scoring,starts,on,saturday,so,register,nowsky,opt,out,to,88088
fraud,2016,someone,has,contacted,our,dating,service,and,entered,your,phone,becausethey,fancy,you,to,find,out,who,it,is,call,from,a,landline,09058098002,pobox1,w14rg,150p
fraud,2021,babe,u,want,me,dont,u,baby,im,nasty,and,have,a,thing,4,filthyguys,fancy,a,rude,time,with,a,sexy,bitch,how,about,we,go,slo,n,hard,txt,xxx,slo4msgs
fraud,2015,valentines,day,special,win,over,1000,in,our,quiz,and,take,your,partner,on,the,trip,of,a,lifetime,send,go,to,83600,now,150pmsg,rcvd,custcare08718720201
fraud,2011,winner,as,a,valued,network,customer,you,hvae,been,selected,to,receive,a,900,reward,to,collect,call,09061701444,valid,24,hours,only,acl03530150pm
fraud,2025,hello,sir,i,am,from,paytm,your,kyc,is,finished,with,paytm,will,you,get,kyc,done
fraud,2014,hello,sir,i,am,speaking,from,paytm,have,you,ever,had,kyc,if,not,done,please,get,it,done
fraud,2020,sir,i'm,speaking,through,phonepe,you,have,received,a,cashback,of,5000,why,haven't,you,received,yet,for,receive,it,tell,us,about,your,bank,account,number
fraud,2020,sir,give,me,your,atm,number
fraud,2020,hello,sir,you,are,ending,atm,card,validity,today,please,turn,it,on
fraud,2017,hello,sir,i,am,speaking,from,sbi,bank,you,want,to,open,a,new,account,so,please,share,your,aadhaar,number,with,us
fraud,2020,hello,sir,i,am,speaking,from,sbi,bank,5000,has,been,deducted,from,your,account,please,share,your,account,number,to,withdraw,it
fraud,2016,sir,i,am,speaking,from,icici,bank,do,you,want,to,open,your,new,account
fraud,2023,hello,sir,i,am,speaking,from,icici,bank,your,atm,card,date,has,expired,please,share,your,aadhaar,number,to,run,a,new,atm,card
fraud,2014,sir,i,can,know,your,aadhar,card,number
fraud,2019,sir,can,i,know,your,account,number
fraud,2020,sir,i,can,know,your,cvv,pin
fraud,2012,sir,i,can,know,your,atm,card,number
fraud,2017,hello,sir,i,am,talking,to,the,insurance,company,a,new,offer,has,come,would,you,like,to,take
fraud,2025,hello,sir,i,am,talking,to,lic,a,new,policy,has,come,would,you,like,to,have,it
fraud,2019,brother,how,are,you,i,am,speaking,raju,will,you,give,me,your,atm,card
fraud,2015,hello,yes,brother,i,am,speaking,vimal,what,are,you,doing,hey,i,wanted,your,atm,card,will,you
fraud,2017,hello,friend,i,am,speaking,vimali,wanted,your,bank,account,number,there,was,some,work
fraud,2017,hello,i,am,a,military,man,i,need,some,help,from,you,will,help,me
fraud,2015,hello,i,am,from,maharashtra,police,your,account,number,has,been,hacked,please,share,your,account,number,with,me
fraud,2025,hello,i,am,from,mumbai,police,your,mobile,number,is,used,in,crime,please,share,the,data
fraud,2024,i,am,from,icici,bank,you,have,received,an,offer,to,avail,this,a,4,digit,otp,has,been,placed,on,your,mobile,number,please,share,otp,with,me
fraud,2020,hello,sir,i,am,from,hdfc,bank
fraud,2025,hello,sir,i,am,from,kotak,mahindra,bank,bank
fraud,2023,hello,sir,i,am,from,sbi,bank
fraud,2020,hello,sir,i,am,from,bank,of,baroda
fraud,2021,hello,sir,i,am,from,corporation,bank
fraud,2017,hello,sir,i,am,from,panjab,national,bank
fraud,2012,hello,sir,i,am,from,paytm,bank
fraud,2021,hello,sir,i,am,from,icici,bank
fraud,2025,hello,sir,do,you,want,to,make,your,license,from,home
fraud,2023,dear,7977xxxx34,win,1st,prize,of,rs,2,lakhs,create,your,team,for,ind,vs,eng,1st,odi,on,paytm,first,games,win,up,to,rs,10,cr,click,mpaytmmefnpt,tc
fraud,2019,freemsg,you,have,been,awarded,a,free,mini,digital,camera,just,reply,snap,to,collect,your,prize,quizclub,opt,out,stop,80122300pwk,sprwm,ph08704050406
fraud,2016,this,message,is,brought,to,you,by,gmw,ltd,and,is,not,connected,to,the
fraud,2020,congrats,2,mobile,3g,videophones,r,yours,call,09063458130,now,videochat,wid,ur,mates,play,java,games,dload,polyph,music,noline,rentl,bx420,ip4,5we,150p
fraud,2019,your,next,amazing,xxx,picsfree1,video,will,be,sent,to,you,enjoy,if,one,vid,is,not,enough,for,2day,text,back,the,keyword,picsfree1,to,get,the,next,video
fraud,2021,u,are,subscribed,to,the,best,mobile,content,service,in,the,uk,for,3,per,ten,days,until,you,send,stop,to,83435
fraud,2025,3,free,tarot,texts,find,out,about,your,love,life,now,try,3,for,free,text,chance,to,85555,16,only
fraud,2024,sunshine,quiz,wkly,q,win,a,top,sony,dvd,player,if,u,know,which,country,liverpool,played,in,mid,week,txt,ansr,to,82277,150,sptyrone
fraud,2019,knock,knock,txt,whose,there,to,80082,to,enter,r,weekly,draw,4,a,250,gift,voucher,4,a,store,of,yr,choice,tcs,wwwtklscom,age16,to,stoptxtstop150week
fraud,2021,free,ring,tone,just,text,polys,to,87131,then,every,week,get,a,new,tone,0870737910216yrs,only,150wk
fraud,2022,you,are,guaranteed,the,latest,nokia,phone,a,40gb,ipod,mp3,player,or,a,500,prize,txt,word,collect,to,no,83355,ibhltd,ldnw15h,150pmtmsgrcvd18
fraud,2018,hello,darling,how,are,you,today,i,would,love,to,have,a,chat,why,dont,you,tell,me,what,you,look,like,and,what,you,are,in,to,sexy
fraud,2019,8007,free,for,1st,week,no1,nokia,tone,4,ur,mob,every,week,just,txt,nokia,to,8007,get,txting,and,tell,ur,mates,wwwgetzedcouk,pobox,36504,w4,5wq,norm,150ptone,16
fraud,2024,wanna,get,laid,2nite,want,real,dogging,locations,sent,direct,to,ur,mobile,join,the,uk's,largest,dogging,network,txt,park,to,69696,now,nyt,ec2a,3lp,150msg
fraud,2012,we,tried,to,contact,you,re,your,response,to,our,offer,of,a,new,nokia,fone,and,camcorder,hit,reply,or,call,08000930705,for,delivery
fraud,2023,new,tones,this,week,include,1mcflyall,ab,2,sara,jorgeshock,3,will,smithswitch,to,order,follow,instructions,on,next,message
fraud,2025,urgent,we,are,trying,to,contact,u,todays,draw,shows,that,you,have,won,a,800,prize,guaranteed,call,09050003091,from,land,line,claim,c52,valid,12hrs,only
fraud,2016,urgent,urgent,we,have,800,free,flights,to,europe,to,give,away,call,b4,10th,sept,take,a,friend,4,free,call,now,to,claim,on,09050000555,ba128nnfwfly150ppm
fraud,2020,from,88066,lost,12,help
fraud,2016,freemsg,fancy,a,flirt,reply,date,now,join,the,uks,fastest,growing,mobile,dating,service,msgs,rcvd,just,25p,to,optout,txt,stop,to,83021,reply,date,now
fraud,2012,great,new,offer,double,mins,double,txt,on,best,orange,tariffs,and,get,latest,camera,phones,4,free,call,mobileupd8,free,on,08000839402,now,or,2stoptxt,tcs
fraud,2022,hope,you,enjoyed,your,new,content,text,stop,to,61610,to,unsubscribe,help08712400602450p,provided,by,tones2youcouk
fraud,2011,urgent,please,call,09066612661,from,landline,5000,cash,or,a,luxury,4,canary,islands,holiday,await,collection,tcs,sae,award,20m12aq,150ppm,16
fraud,2025,urgent,please,call,09066612661,from,your,landline,your,complimentary,4,lux,costa,del,sol,holiday,or,1000,cash,await,collection,ppm,150,sae,tcs,james,28,eh74rr
fraud,2021,i,don't,know,u,and,u,don't,know,me,send,chat,to,86688,now,and,let's,find,each,other,only,150pmsg,rcvd
fraud,2013,married,local,women,looking,for,discreet,action,now,5,real,matches,instantly,to,your,phone
fraud,2021,burger,king,wanna,play,footy,at,a,top,stadium,get,2,burger,king,before,1st,sept,and,go,large,or,super,with,cocacola,and,walk,out,a,winner
fraud,2014,how,come,it,takes,so,little,time,for,a,child,who,is,afraid,of,the,dark,to,become,a,teenager,who,wants,to,stay,out,all,night
fraud,2018,for,ur,chance,to,win,a,250,cash,every,wk,txt,action,to,80608,t'sc's,wwwmovietriviatv,custcare,08712405022,1x150pwk
fraud,2025,uve,bin,awarded,50,to,play,4,instant,cash,call,08715203028,to,claim,every,9th,player,wins,min,50500,optout,08718727870
fraud,2016,freemsgfav,xmas,tonesreply,real
fraud,2011,december,only,had,your,mobile,11mths,you,are,entitled,to,update,to,the,latest,colour,camera,mobile,for,free,call,the,mobile,update,co,free,on,08002986906
fraud,2018,gr8,poly,tones,4,all,mobs,direct,2u,rply,with,poly,title,to,8007,eg,poly,breathe1,titles,crazyin,sleepingwith,finest,ymca,getzedcouk,pobox365o4w45wq,300p
fraud,2025,interflora,it's,not,too,late,to,order,interflora,flowers,for,christmas,call,0800,505060,to,place,your,order,before,midnight,tomorrow
fraud,2021,everyone,around,should,be,responding,well,to,your,presence,since,you,are,so,warm,and,outgoing,you,are,bringing,in,a,real,breath,of,sunshine
fraud,2021,congratulations,thanks,to,a,good,friend,u,have,won,the,2000,xmas,prize,2,claim,is,easy,just,call,08712103738,now,only,10p,per,minute,btnationalrate
fraud,2012,send,a,logo,2,ur,lover,2,names,joined,by,a,heart,txt,love,name1,name2,mobno,eg,love,adam,eve,07123456789,to,87077,yahoo,pobox36504w45wq,txtno,4,no,ads,150p
fraud,2023,you've,won,tkts,to,the,euro2004,cup,final,or,800,cash,to,collect,call,09058099801,b4190604,pobox,7876150ppm
fraud,2021,freemessage,jamsterget,the,crazy,frog,sound,now,for,poly,text,mad1,for,real,text,mad2,to,88888,6,crazy,sounds,for,just,3,gbpweek,16only,tc's,apply
fraud,2024,your,chance,to,be,on,a,reality,fantasy,show,call,now,08707509020,just,20p,per,min,ntt,ltd,po,box,1327,croydon,cr9,5wb,0870,is,a,national,rate,call
fraud,2021,adult,18,content,your,video,will,be,with,you,shortly
fraud,2017,your,chance,to,be,on,a,reality,fantasy,show,call,now,08707509020,just,20p,per,min,ntt,ltd,po,box,1327,croydon,cr9,5wb,0870,is,a,national,rate,call
fraud,2023,hey,boys,want,hot,xxx,pics,sent,direct,2,ur,phone,txt,porn,to,69855,24hrs,free,and,then,just,50p,per,day,to,stop,text,stopbcm,sf,wc1n3xx
fraud,2024,last,chance,claim,ur,150,worth,of,discount,vouchers,today,text,shop,to,85023,now,savamob,offers,mobile,t,cs,savamob,pobox84,m263uz,300,sub,16
fraud,2020,pdatenow,double,mins,and,1000,txts,on,orange,tariffs,latest,motorola,sonyericsson,nokia,bluetooth,free,call,mobileupd8,on,08000839402,or,call2optoutyhl
fraud,2016,ur,cashbalance,is,currently,500,pounds,to,maximize,ur,cashin,now,send,cash,to,86688,only,150pmsg,cc,08718720201,po,box,11414,tcrw1
fraud,2025,urgent,your,mobile,number,has,been,awarded,with,a,2000,prize,guaranteed,call,09058094454,from,land,line,claim,3030,valid,12hrs,only
fraud,2013,sorry,u,can,not,unsubscribe,yet,the,mob,offer,package,has,a,min,term,of,54,weeks,pls,resubmit,request,after,expiry,reply,themob,help,4,more,info
fraud,2020,you,have,1,new,message,please,call,08712400200
fraud,2024,we,currently,have,a,message,awaiting,your,collection,to,collect,your,message,just,call,08718723815
fraud,2017,urgent,your,mobile,was,awarded,a,1500,bonus,caller,prize,on,27603,our,final,attempt,2,contact,u,call,08714714011
fraud,2014,u,have,a,secret,admirer,reveal,who,thinks,u,r,so,special,call,09065174042,to,opt,out,reply,reveal,stop,150,per,msg,recd,cust,care,07821230901
fraud,2018,do,you,ever,notice,that,when,you're,driving,anyone,going,slower,than,you,is,an,idiot,and,everyone,driving,faster,than,you,is,a,maniac
fraud,2021,xmas,offer,latest,motorola,sonyericsson,nokia,free,bluetooth,or,dvd,double,mins,1000,txt,on,orange
fraud,2025,reply,to,win,100,weekly,what,professional,sport,does,tiger,woods,play,send,stop,to,87239,to,end,service
fraud,2014,no,1,polyphonic,tone,4,ur,mob,every,week,just,txt,pt2,to,87575,1st,tone,free,so,get,txtin,now,and,tell,ur,friends,150ptone,16,reply,hl,4info
fraud,2014,hot,live,fantasies,call,now,08707509020,just,20p,per,min,ntt,ltd,po,box,1327,croydon,cr9,5wb,0870,is,a,national,rate,call
fraud,2022,this,message,is,free,call,welcome,to,the,new,improved,sex,dogging,club,to,unsubscribe,from,this,service,reply,stop,msgs150p,18only
fraud,2024,you've,won,tkts,to,the,euro2004,cup,final,or,800,cash,to,collect,call,09058099801,b4190604,pobox,7876150ppm
fraud,2012,loan,for,any,purpose,500,75000,homeowners,tenants,welcome,have,you,been,previously,refused,we,can,still,help,call,free,0800,1956669,or,text,back,help
fraud,2013,updatenow,12mths,half,price,orange,line,rental,400minscall,mobileupd8,on,08000839402,or,call2optoutj5q
fraud,2022,free,unlimited,hardcore,porn,direct,2,your,mobile,txt,porn,to,69200,get,free,access,for,24,hrs,then,chrgd50p,per,day,txt,stop,2exit,this,msg,is,free
fraud,2018,you,are,now,unsubscribed,all,services,get,tons,of,sexy,babes,or,hunks,straight,to,your,phone,go,to,httpgotbabescouk,no,subscriptions
fraud,2014,hi,babe,its,jordan,how,r,u,im,home,from,abroad,and,lonely,text,me,back,if,u,wanna,chat,xxsp,visionsmscom,text,stop,to,stopcost,150p,08712400603
fraud,2012,get,a,brand,new,mobile,phone,by,being,an,agent,of,the,mob,plus,loads,more,goodies,for,more,info,just,text,mat,to,87021
fraud,2014,lord,of,the,ringsreturn,of,the,king,in,store,nowreply,lotr,by,2,june,4,chance,2,win,lotr,soundtrack,cds,stdtxtrate,reply,stop,to,end,txts
fraud,2017,good,luck,draw,takes,place,28th,feb,06,good,luck,for,removal,send,stop,to,87239,customer,services,08708034412
fraud,2024,free,entry,in,2,a,weekly,comp,for,a,chance,to,win,an,ipod,txt,pod,to,80182,to,get,entry,std,txt,rate,tc's,apply,08452810073,for,details,18
fraud,2022,1st,wk,free,gr8,tones,str8,2,u,each,wk,txt,nokia,on,to,8007,for,classic,nokia,tones,or,hit,on,to,8007,for,polys,nokia150p,poly200p,16
fraud,2021,lookatme,thanks,for,your,purchase,of,a,video,clip,from,lookatme,you've,been,charged,35p,think,you,can,do,better,why,not,send,a,video,in,a,mmsto,32323
fraud,2016,sexy,sexy,cum,and,text,me,im,wet,and,warm,and,ready,for,some,porn,u,up,for,some,fun,this,msg,is,free,recd,msgs,150p,inc,vat,2,cancel,text,stop
fraud,2018,hard,live,121,chat,just,60pmin,choose,your,girl,and,connect,live,call,09094646899,now,cheap,chat,uk's,biggest,live,service,vu,bcm1896wc1n3xx
fraud,2018,not,heard,from,u4,a,while,call,4,rude,chat,private,line,01223585334,to,cum,wan,2c,pics,of,me,gettin,shagged,then,text,pix,to,8552,2end,send,stop,8552,sam,xxx
fraud,2012,this,is,the,2nd,time,we,have,tried,to,contact,u,u,have,won,the,1450,prize,to,claim,just,call,09053750005,b4,310303,tcsstop,sms,08718725756,140ppm
fraud,2020,hot,live,fantasies,call,now,08707509020,just,20p,per,min,ntt,ltd,po,box,1327,croydon,cr9,5wb,0870k
fraud,2020,dear,voucher,holder,to,claim,this,weeks,offer,at,you,pc,please,go,to,httpwwwetlpcoukreward,tscs,apply
fraud,2017,ur,going,2,bahamas,callfreefone,08081560665,and,speak,to,a,live,operator,to,claim,either,bahamas,cruise,of2000,cash,18only,to,opt,out,txt,x,to,07786200117
fraud,2023,this,is,the,2nd,time,we,have,tried,2,contact,u,u,have,won,the,750,pound,prize,2,claim,is,easy,call,08712101358,now,only,10p,per,min,btnationalrate
fraud,2022,ur,awarded,a,city,break,and,could,win,a,200,summer,shopping,spree,every,wk,txt,store,to,88039skilgmetscs087147403231winawkage16150perwksub
fraud,2022,urgent,we,are,trying,to,contact,u,todays,draw,shows,that,you,have,won,a,2000,prize,guaranteed,call,09066358361,from,land,line,claim,y87,valid,12hrs,only
fraud,2018,thanks,for,your,ringtone,order,reference,number,x29,your,mobile,will,be,charged,450,should,your,tone,not,arrive,please,call,customer,services,09065989180
fraud,2011,six,chances,to,win,cash,from,100,to,20000,pounds,txt,csh11,and,send,to,87575,cost,150pday,6days,16,tsandcs,apply,reply,hl,4,info
fraud,2011,ur,cashbalance,is,currently,500,pounds,to,maximize,ur,cashin,now,send,collect,to,83600,only,150pmsg,cc,08718720201,po,box,11414,tcrw1
fraud,2025,congratulations,thanks,to,a,good,friend,u,have,won,the,2000,xmas,prize,2,claim,is,easy,just,call,08718726978,now,only,10p,per,minute,btnationalrate
fraud,2018,44,7732584351,do,you,want,a,new,nokia,3510i,colour,phone,deliveredtomorrow,with,300,free,minutes,to,any,mobile,100,free,texts,free,camcorder,reply,or,call,08000930705
fraud,2023,you,have,1,new,voicemail,please,call,08719181513
fraud,2017,someone,u,know,has,asked,our,dating,service,2,contact,you,cant,guess,who,call,09058097189,now,all,will,be,revealed,pobox,6,ls15hb,150p
fraud,2025,camera,you,are,awarded,a,sipix,digital,camera,call,09061221066,fromm,landline,delivery,within,28,days
fraud,2022,todays,voda,numbers,ending,5226,are,selected,to,receive,a,350,award,if,you,hava,a,match,please,call,08712300220,quoting,claim,code,1131,standard,rates,app
fraud,2018,this,message,is,free,welcome,to,the,new,improved,sex,dogging,club,to,unsubscribe,from,this,service,reply,stop,msgs150p,18,only
fraud,2023,free,message,activate,your,500,free,text,messages,by,replying,to,this,message,with,the,word,free,for,terms,conditions,visit,www07781482378com
fraud,2022,you,are,being,contacted,by,our,dating,service,by,someone,you,know,to,find,out,who,it,is,call,from,a,land,line,09050000928,pobox45w2tg150p
fraud,2015,sorry,i,missed,your,call,let's,talk,when,you,have,the,time,i'm,on,07090201529
fraud,2024,complimentary,4,star,ibiza,holiday,or,10000,cash,needs,your,urgent,collection,09066364349,now,from,landline,not,to,lose,out,box434sk38wp150ppm18
fraud,2011,free,msgwe,billed,your,mobile,number,by,mistake,from,shortcode,83332please,call,08081263000,to,have,charges,refundedthis,call,will,be,free,from,a,bt,landline
fraud,2025,please,call,08712402972,immediately,as,there,is,an,urgent,message,waiting,for,you
fraud,2013,urgent,your,mobile,number,has,been,awarded,with,a,2000,bonus,caller,prize,call,09058095201,from,land,line,valid,12hrs,only
fraud,2022,as,a,valued,customer,i,am,pleased,to,advise,you,that,following,recent,review,of,your,mob,no,you,are,awarded,with,a,1500,bonus,prize,call,09066364589
fraud,2020,do,you,want,a,new,nokia,3510i,colour,phone,deliveredtomorrow,with,300,free,minutes,to,any,mobile,100,free,texts,free,camcorder,reply,or,call,08000930705
fraud,2023,life,has,never,been,this,much,fun,and,great,until,you,came,in,you,made,it,truly,special,for,me,i,won't,forget,you,enjoy,one,gbpsms
fraud,2025,do,you,want,a,new,video,phone,600,anytime,any,network,mins,400,inclusive,video,calls,and,downloads,5,per,week,free,deltomorrow,call,08002888812,or,reply,now
fraud,2019,as,a,valued,customer,i,am,pleased,to,advise,you,that,following,recent,review,of,your,mob,no,you,are,awarded,with,a,1500,bonus,prize,call,09066368470
fraud,2016,welcome,please,reply,with,your,age,and,gender,to,begin,eg,24m
fraud,2018,freemsg,1month,unlimited,free,calls,activate,smartcall,txt,call,to,no,68866,subscriptn3gbpwk,unlimited,calls,help,08448714184,stoptxt,stop,landlineonly
fraud,2019,had,your,mobile,10,mths,update,to,latest,orange,cameravideo,phones,for,free,save,s,with,free,textsweekend,calls,text,yes,for,a,callback,orno,to,opt,out
fraud,2020,am,new,2,club,dont,fink,we,met,yet,will,b,gr8,2,c,u,please,leave,msg,2day,wiv,ur,area,09099726553,reply,promised,carlie,x,calls1minmobsmore,lkpobox177hp51fl
fraud,2012,camera,you,are,awarded,a,sipix,digital,camera,call,09061221066,fromm,landline,delivery,within,28,days
fraud,2018,get,a,free,mobile,video,player,free,movie,to,collect,text,go,to,89105,its,free,extra,films,can,be,ordered,t's,and,c's,apply,18,yrs,only
fraud,2021,save,money,on,wedding,lingerie,at,wwwbridalpetticoatdreamscouk,choose,from,a,superb,selection,with,national,delivery,brought,to,you,by,weddingfriend
fraud,2012,not,heard,from,u4,a,while,call,me,now,am,here,all,night,with,just,my,knickers,on,make,me,beg,for,it,like,u,did,last,time,01223585236,xx,luv,nikiyu4net
fraud,2025,bloomberg,message,center,447797706009,why,wait,apply,for,your,future,httpcareers,bloombergcom
fraud,2021,urgent,we,are,trying,to,contact,u,todays,draw,shows,that,you,have,won,a,800,prize,guaranteed,call,09050001808,from,land,line,claim,m95,valid12hrs,only
fraud,2023,do,you,want,a,new,video,phone750,anytime,any,network,mins,150,text,for,only,five,pounds,per,week,call,08000776320,now,or,reply,for,delivery,tomorrow
fraud,2025,you,are,being,contacted,by,our,dating,service,by,someone,you,know,to,find,out,who,it,is,call,from,a,land,line,09050000878,pobox45w2tg150p
fraud,2018,wan2,win,a,meetgreet,with,westlife,4,u,or,a,m8,they,are,currently,on,what,tour,1unbreakable,2untamed,3unkempt,text,12,or,3,to,83049,cost,50p,std,text
fraud,2018,you,are,a,1000,winner,or,guaranteed,caller,prize,this,is,our,final,attempt,to,contact,you,to,claim,call,09071517866,now,150ppmpobox10183bhamb64xe
fraud,2016,xmas,new,years,eve,tickets,are,now,on,sale,from,the,club,during,the,day,from,10am,till,8pm,and,on,thurs,fri,sat,night,this,week,they're,selling,fast
fraud,2024,rock,yr,chik,get,100's,of,filthy,films,xxx,pics,on,yr,phone,now
fraud,2020,from,next,month,get,upto,50,more,calls,4,ur,standard,network,charge,2,activate,call,9061100010,c,wire3
fraud,2012,urgent,we,are,trying,to,contact,u,todays,draw,shows,that,you,have,won,a,800,prize,guaranteed
fraud,2017,text,banneduk,to,89555,to,see,cost,150p,textoperator,g696ga,18,xxx
fraud,2020,collect,your,valentine's,weekend,to,paris,inc,flight,hotel,200,prize,guaranteed,text,paris,to,no,69101,wwwrtfsphostingcom
fraud,2018,customer,loyalty,offerthe,new,nokia6650,mobile,from,only,10,at,txtauction,txt,word,start,to,no,81151,get,yours,now,4tctxt,tc,150pmtmsg
fraud,2018,you,won't,believe,it,but,it's,true,it's,incredible,txts,reply,g,now,to,learn,truly,amazing,things,that,will,blow,your,mind,from,o2fwd,only,18ptxt
fraud,2017,i,am,hot,n,horny,and,willing,i,live,local,to,you,text,a,reply,to,hear,strt,back,from,me,150p,per,msg,netcollex,ltdhelpdesk
fraud,2021,do,you,want,a,new,nokia,3510i,colour,phone,delivered,tomorrow,with,200,free,minutes,to,any,mobile,100,free,text,free,camcorder,reply,or,call,08000930705
fraud,2023,congratulations,you've,won,you're,a,winner,in,our,august,1000,prize,draw
fraud,2024,get,the,official,england,poly,ringtone,or,colour,flag,on,yer,mobile,for,tonights,game,text,tone,or,flag,to,84199,optout,txt,eng,stop,box39822,w111wx,150
fraud,2017,customer,service,announcement,we,recently,tried,to,make,a,delivery,to,you,but,were,unable,to,do,so,please,call,07090298926,to,reschedule,ref9307622
fraud,2018,you,can,stop,further,club,tones,by,replying,stop,mix,see,mytonecomenjoy,html,for,terms,club,tones,cost,gbp450week,mfl,po,box,1146,mk45,2wt,23
fraud,2025,wamma,get,laidwant,real,doggin,locations,sent,direct,to,your,mobile,join,the,uks,largest,dogging,network,txt,dogs,to,69696,nownyt,ec2a,3lp,150msg
fraud,2016,you,have,won,a,nokia,7250i,this,is,what,you,get,when,you,win,our,free,auction,to,take,part,send,nokia,to,86021,now,hgsuite3422lands,roww1jhl,16
fraud,2024,promotion,number,8714714,ur,awarded,a,city,break,and,could,win,a,200,summer,shopping,spree,every,wk,txt,store,to,88039,skilgme,tscs087147403231winawkage16,150perwksub
fraud,2022,you,are,a,winner,you,have,been,specially,selected,to,receive,1000,cash,or,a,2000,award,speak,to,a,live,operator,to,claim,call,087147123779am7pm,cost,10p
fraud,2014,free,top,ringtone,sub,to,weekly,ringtoneget,1st,week,freesend,subpoly,to,816183,per,weekstop,sms08718727870
fraud,2023,thanks,for,your,ringtone,order,reference,number,x49,your,mobile,will,be,charged,450,should,your,tone,not,arrive,please,call,customer,services,09065989182,from,colourredtextcolourtxtstar
fraud,2016,hi,there,2nights,ur,lucky,night,uve,been,invited,2,xchat,the,uks,wildest,chat,txt,chat,to,86688,now
fraud,2015,22,146tf150p
fraud,2016,dear,voucher,holder,2,claim,your,1st,class,airport,lounge,passes,when,using,your,holiday,voucher,call,08704439680,when,booking,quote,1st,class,x,2
fraud,2021,bloomberg,message,center,447797706009,why,wait,apply,for,your,future,httpcareers,bloombergcom
fraud,2021,yes,the,only,place,in,town,to,meet,exciting,adult,singles,is,now,in,the,uk,txt,chat,to,86688,now,150pmsg
fraud,2017,free,for,1st,week,no1,nokia,tone,4,ur,mob,every,week,just,txt,nokia,to,8007,get,txting,and,tell,ur,mates,wwwgetzedcouk,pobox,36504,w45wq,norm150ptone,16
fraud,2024,someone,u,know,has,asked,our,dating,service,2,contact,you,cant,guess,who,call,09058095107,now,all,will,be,revealed,pobox,7,s3xy,150p
fraud,2025,mila,age23,blonde,new,in,uk,i,look,sex,with,uk,guys,if,u,like,fun,with,me,text,mtalk,to,6986618,30pptxt,1st,5free,150,increments,help08718728876
fraud,2011,claim,a,200,shopping,spree,just,call,08717895698,now,have,you,won,mobstorequiz10ppm
fraud,2020,want,to,funk,up,ur,fone,with,a,weekly,new,tone,reply,tones2u,2,this,text,wwwringtonescouk,the,original,n,best,tones,3gbp,network,operator,rates,apply
fraud,2016,we,tried,to,contact,you,re,your,reply,to,our,offer,of,a,video,handset,750,anytime,any,networks,mins,unlimited,text,camcorder,reply,or,call,08000930705,now
fraud,2025,urgent,we,are,trying,to,contact,you,last,weekends,draw,shows,that,you,have,won,a,900,prize,guaranteed,call,09061701851,claim,code,k61,valid,12hours,only
fraud,2022,74355,xmas,iscoming,ur,awarded,either,500,cd,gift,vouchers,free,entry,2,r,100,weekly,draw,txt,music,to,87066,tnc
fraud,2019,congratulations,u,can,claim,2,vip,row,a,tickets,2,c,blu,in,concert,in,november,or,blu,gift,guaranteed,call,09061104276,to,claim,tscs,wwwsmsconet,cost375max
fraud,2017,fantasy,football,is,back,on,your,tv,go,to,sky,gamestar,on,sky,active,and,play,250k,dream,team,scoring,starts,on,saturday,so,register,nowsky,opt,out,to,88088
fraud,2020,free,msg,single,find,a,partner,in,your,area,1000s,of,real,people,are,waiting,to,chat,nowsend,chat,to,62220cncl,send,stopcs,08717890890150,per,msg
fraud,2024,win,the,newest,harry,potter,and,the,order,of,the,phoenix,book,5,reply,harry,answer,5,questions,chance,to,be,the,first,among,readers
fraud,2022,free,msg,ringtonefrom,httptms,widelivecomindex,wmlid1b6a5ecef91ff937819firsttrue180430jul05
fraud,2024,oh,my,god,i've,found,your,number,again,i'm,so,glad,text,me,back,xafter,this,msgs,cst,std,ntwk,chg,150
fraud,2021,a,link,to,your,picture,has,been,sent,you,can,also,use,httpalto18coukwavewaveaspo44345
fraud,2018,double,mins,1000,txts,on,orange,tariffs,latest,motorola,sonyericsson,nokia,with,bluetooth,free,call,mobileupd8,on,08000839402,or,call2optouthf8
fraud,2020,urgent,this,is,our,2nd,attempt,to,contact,u,your,900,prize,from,yesterday,is,still,awaiting,collection,to,claim,call,now,09061702893,acl03530150pm
fraud,2016,dear,dave,this,is,your,final,notice,to,collect,your,4,tenerife,holiday,or,5000,cash,award,call,09061743806,from,landline,tcs,sae,box326,cw25wx,150ppm
fraud,2019,tells,u,2,call,09066358152,to,claim,5000,prize,u,have,2,enter,all,ur,mobile,personal,details,the,prompts,careful
fraud,2014,your,2004,account,for,07xxxxxxxxx,shows,786,unredeemed,points,to,claim,call,08719181259,identifier,code,xxxxx,expires,260305
fraud,2025,do,you,want,a,new,video,handset,750,anytime,any,network,mins,half,price,line,rental,camcorder,reply,or,call,08000930705,for,delivery,tomorrow
fraud,2016,you,have,an,important,customer,service,announcement,call,freephone,0800,542,0825,now
fraud,2020,freeringtone,reply,real,or,poly,eg,real1,1,pushbutton,2,dontcha,3,babygoodbye,4,golddigger,5,webeburnin,1st,tone,free,and,6,more,when,u,join,for,3wk
fraud,2013,you,have,been,specially,selected,to,receive,a,3000,award,call,08712402050,before,the,lines,close,cost,10ppm,16,tcs,apply,ag,promo
fraud,2016,you,have,won,as,a,valued,vodafone,customer,our,computer,has,picked,you,to,win,a,150,prize,to,collect,is,easy,just,call,09061743386
fraud,2021,free,video,camera,phones,with,half,price,line,rental,for,12,mths,and,500,cross,ntwk,mins,100,txts,call,mobileupd8,08001950382,or,call2optout674
fraud,2023,great,new,offer,double,mins,double,txt,on,best,orange,tariffs,and,get,latest,camera,phones,4,free,call,mobileupd8,free,on,08000839402,now,or,2stoptxt,tcs
fraud,2017,bank,of,granite,issues,strongbuy,explosive,pick,for,our,members,up,over,300,nasdaq,symbol,cdgt,that,is,a,500,per
fraud,2011,bored,housewives,chat,n,date,now,08717507711,btnational,rate,10pmin,only,from,landlines
fraud,2018,we,tried,to,call,you,re,your,reply,to,our,sms,for,a,video,mobile,750,mins,unlimited,text,free,camcorder,reply,or,call,now,08000930705,del,thurs
fraud,2024,this,is,the,2nd,time,we,have,tried,to,contact,u,u,have,won,the,400,prize,2,claim,is,easy,just,call,087104711148,now,only,10p,per,minute,btnationalrate
fraud,2020,wan2,win,a,meetgreet,with,westlife,4,u,or,a,m8,they,are,currently,on,what,tour,1unbreakable,2untamed,3unkempt,text,12,or,3,to,83049,cost,50p,std,text
fraud,2012,please,call,our,customer,service,representative,on,freephone,0808,145,4742,between,9am11pm,as,you,have,won,a,guaranteed,1000,cash,or,5000,prize
fraud,2025,you,will,be,receiving,this,week's,triple,echo,ringtone,shortly,enjoy,it
fraud,2022,u've,been,selected,to,stay,in,1,of,250,top,british,hotels,for,nothing,holiday,valued,at,350,dial,08712300220,to,claim,national,rate,call,bx526,sw73ss
fraud,2018,you,are,chosen,to,receive,a,350,award,pls,call,claim,number,09066364311,to,collect,your,award,which,you,are,selected,to,receive,as,a,valued,mobile,customer
fraud,2019,please,call,our,customer,service,representative,on,freephone,0808,145,4742,between,9am11pm,as,you,have,won,a,guaranteed,1000,cash,or,5000,prize
fraud,2019,win,a,1000,cash,prize,or,a,prize,worth,5000
fraud,2012,thanks,for,your,ringtone,order,reference,number,x49your,mobile,will,be,charged,450,should,your,tone,not,arrive,please,call,customer,services,09065989182
fraud,2024,you,are,being,contacted,by,our,dating,service,by,someone,you,know,to,find,out,who,it,is,call,from,your,mobile,or,landline,09064017305,pobox75ldns7
fraud,2012,tbspersolvo,been,chasing,us,since,sept,for38,definitely,not,paying,now,thanks,to,your,information,we,will,ignore,them,kath,manchester
fraud,2013,loans,for,any,purpose,even,if,you,have,bad,credit,tenants,welcome,call,noworriesloanscom,on,08717111821
fraud,2018,orange,brings,you,ringtones,from,all,time,chart,heroes,with,a,free,hit,each,week,go,to,ringtones,pics,on,wap,to,stop,receiving,these,tips,reply,stop
fraud,2016,private,your,2003,account,statement,for,07973788240,shows,800,unredeemed,s,i,m,points,call,08715203649,identifier,code,40533,expires,311004
fraud,2019,we,tried,to,call,you,re,your,reply,to,our,sms,for,a,video,mobile,750,mins,unlimited,text,free,camcorder,reply,of,call,08000930705,now
fraud,2017,gsoh,good,with,spam,the,ladiesu,could,b,a,male,gigolo,2,join,the,uk's,fastest,growing,mens,club,reply,oncall,mjzgroup,087143423992stop,reply,stop,msg150rcvd
fraud,2025,u,have,a,secret,admirer,who,is,looking,2,make,contact,with,ufind,out,who,they,rreveal,who,thinks,ur,so,specialcall,on,09058094599
fraud,2016,hot,live,fantasies,call,now,08707500020,just,20p,per,min,ntt,ltd,po,box,1327,croydon,cr9,5wb,0870,is,a,national,rate,call
fraud,2024,urgent,your,mobile,number,has,been,awarded,a,ukp2000,prize,guaranteed,call,09061790125,from,landline,claim,3030,valid,12hrs,only,150ppm
fraud,2024,spjanuary,male,sale,hot,gay,chat,now,cheaper,call,08709222922,national,rate,from,15pmin,cheap,to,78pmin,peak,to,stop,texts,call,08712460324,10pmin
fraud,2011,freemsg,today's,the,day,if,you,are,ready,i'm,horny,live,in,your,town,i,love,sex,fun,games,netcollex,ltd,08700621170150p,per,msg,reply,stop,to,end
fraud,2014,in,the,simpsons,movie,released,in,july,2007,name,the,band,that,died,at,the,start,of,the,film,agreen,day,bblue,day,cred,day,send,a,b,or,c
fraud,2025,please,call,amanda,with,regard,to,renewing,or,upgrading,your,current,tmobile,handset,free,of,charge,offer,ends,today,tel,0845,021,3680,subject,to,t's,and,c's
fraud,2011,urgent,your,4,costa,del,sol,holiday,or,5000,await,collection,call,09050090044,now,toclaim,sae,tc,s,pobox334,stockport,sk38xh,cost150pm,max10mins
fraud,2022,want,a,new,video,phone,750,anytime,any,network,mins,half,price,line,rental,free,text,for,3,months,reply,or,call,08000930705,for,free,delivery
fraud,2016,had,your,mobile,11,months,or,more,u,r,entitled,to,update,to,the,latest,colour,mobiles,with,camera,for,free,call,the,mobile,update,co,free,on,08002986030
fraud,2023,dear,voucher,holder,to,claim,this,weeks,offer,at,your,pc,please,go,to,httpwwwwtlpcouktext,tscs,apply
fraud,2011,congrats,nokia,3650,video,camera,phone,is,your,call,09066382422,calls,cost,150ppm,ave,call,3mins,vary,from,mobiles,16,close,300603,post,bcm4284,ldn,wc1n3xx
fraud,2016,urgent,please,call,0906346330,your,abta,complimentary,4,spanish,holiday,or,10000,cash,await,collection,sae,tcs,box,47,po19,2ez,150ppm,18
fraud,2022,double,mins,and,txts,4,6months,free,bluetooth,on,orange,available,on,sony,nokia,motorola,phones,call,mobileupd8,on,08000839402,or,call2optoutn9dx
fraud,2021,free,for,1st,week,no1,nokia,tone,4,ur,mob,every,week,just,txt,nokia,to,8007,get,txting,and,tell,ur,mates,wwwgetzedcouk,pobox,36504,w45wq,norm150ptone,16
fraud,2019,want,to,funk,up,ur,fone,with,a,weekly,new,tone,reply,tones2u,2,this,text,wwwringtonescouk,the,original,n,best,tones,3gbp,network,operator,rates,apply
fraud,2021,important,information,4,orange,user,0796xxxxxx,today,is,ur,lucky,day2,find,out,why,log,onto,httpwwwurawinnercom,there's,a,fantastic,prizeawaiting,you
fraud,2023,missed,call,alert,these,numbers,called,but,left,no,message,07008009200
fraud,2023,freemsg,our,records,indicate,you,may,be,entitled,to,3750,pounds,for,the,accident,you,had,to,claim,for,free,reply,with,yes,to,this,msg,to,opt,out,text,stop
fraud,2011,u,can,win,100,of,music,gift,vouchers,every,week,starting,now,txt,the,word,draw,to,87066,tscs,wwwidewcom,skillgame,1winaweek,age16,150ppermesssubscription
fraud,2019,show,ur,colours,euro,2004,241,offer,get,an,england,flag,3lions,tone,on,ur,phone,click,on,the,following,service,message,for,info
fraud,2025,text,pass,to,69669,to,collect,your,polyphonic,ringtones,normal,gprs,charges,apply,only,enjoy,your,tones
fraud,2025,accordingly,i,repeat,just,text,the,word,ok,on,your,mobile,phone,and,send
fraud,2020,block,breaker,now,comes,in,deluxe,format,with,new,features,and,great,graphics,from,tmobile,buy,for,just,5,by,replying,get,bbdeluxe,and,take,the,challenge
fraud,2022,important,information,4,orange,user,today,is,your,lucky,day2find,out,why,log,onto,httpwwwurawinnercom,there's,a,fantastic,surprise,awaiting,you
fraud,2017,natalja,25f,is,inviting,you,to,be,her,friend,reply,yes440,or,no440,see,her,wwwsmsacunat27081980,stop,send,stop,frnd,to,62468
fraud,2013,urgent,important,information,for,02,user,today,is,your,lucky,day,2,find,out,why,log,onto,httpwwwurawinnercom,there,is,a,fantastic,surprise,awaiting,you
fraud,2024,winner,as,a,valued,network,customer,you,have,been,selected,to,receivea,900,prize,reward,to,claim,call,09061701461,claim,code,kl341,valid,12,hours,only
fraud,2020,kit,strip,you,have,been,billed,150p,netcollex,ltd,po,box,1013,ig11,oja
fraud,2020,hmv,bonus,special,500,pounds,of,genuine,hmv,vouchers,to,be,won,just,answer,4,easy,questions,play,now,send,hmv,to,86688,more,infowww100percentrealcom
fraud,2021,please,call,08712402578,immediately,as,there,is,an,urgent,message,waiting,for,you
fraud,2019,thesmszonecom,lets,you,send,free,anonymous,and,masked,messagesim,sending,this,message,from,theredo,you,see,the,potential,for,abuse
fraud,2019,well,done,your,4,costa,del,sol,holiday,or,5000,await,collection,call,09050090044,now,toclaim,sae,tcs,pobox334,stockport,sk38xh,cost150pm,max10mins
fraud,2023,someone,u,know,has,asked,our,dating,service,2,contact,you,cant,guess,who,call,09058091854,now,all,will,be,revealed,po,box385,m6,6wu
fraud,2013,congrats,2,mobile,3g,videophones,r,yours,call,09061744553,now,videochat,wid,ur,mates,play,java,games,dload,polyh,music,noline,rentl,bx420,ip4,5we,150pm
fraud,2011,u,447801259231,have,a,secret,admirer,who,is,looking,2,make,contact,with,ufind,out,who,they,rreveal,who,thinks,ur,so,specialcall,on,09058094597
fraud,2021,important,information,4,orange,user,0789xxxxxxx,today,is,your,lucky,day2find,out,why,log,onto,httpwwwurawinnercom,there's,a,fantastic,surprise,awaiting,you
fraud,2022,our,dating,service,has,been,asked,2,contact,u,by,someone,shy,call,09058091870,now,all,will,be,revealed,pobox84,m26,3uz,150p
fraud,2018,do,you,want,a,new,video,handset,750,any,time,any,network,mins,unlimited,text,camcorder,reply,or,call,now,08000930705,for,del,sat,am
fraud,2011,ur,balance,is,now,600,next,question,complete,the,landmark,big,a,bob,b,barry,or,c,ben,text,a,b,or,c,to,83738,good,luck
fraud,2022,ur,tonexs,subscription,has,been,renewed,and,you,have,been,charged,450,you,can,choose,10,more,polys,this,month,wwwclubzedcouk,billing,msg
fraud,2021,if,you,don't,your,prize,will,go,to,another,customer,tc,at,wwwtcbiz,18,150pmin,polo,ltd,suite,373,london,w1j,6hl,please,call,back,if,busy
fraud,2011,do,you,want,a,new,nokia,3510i,colour,phone,delivered,tomorrow,with,200,free,minutes,to,any,mobile,100,free,text,free,camcorder,reply,or,call,8000930705
fraud,2017,recpt,13,you,have,ordered,a,ringtone,your,order,is,being,processed
fraud,2024,as,one,of,our,registered,subscribers,u,can,enter,the,draw,4,a,100,gb,gift,voucher,by,replying,with,enter,to,unsubscribe,text,stop
fraud,2020,for,your,chance,to,win,a,free,bluetooth,headset,then,simply,reply,back,with,adp
fraud,2018,don't,b,floppy,b,snappy,happy,only,gay,chat,service,with,photo,upload,call,08718730666,10pmin,2,stop,our,texts,call,08712460324
fraud,2021,urgent,ur,awarded,a,complimentary,trip,to,eurodisinc,trav,acoentry41,or,1000,to,claim,txt,dis,to,87121,186150morefrmmob,shracomorsglsuplt10,ls1,3aj
fraud,2025,welcome,to,ukmobiledate,this,msg,is,free,giving,you,free,calling,to,08719839835,future,mgs,billed,at,150p,daily,to,cancel,send,go,stop,to,89123
fraud,2025,3,you,have,received,your,mobile,content,enjoy
fraud,2024,want,explicit,sex,in,30,secs,ring,02073162414,now,costs,20pmin
fraud,2023,latest,nokia,mobile,or,ipod,mp3,player,400,proze,guaranteed,reply,with,win,to,83355,now,norcorp,ltd150mtmsgrcvd18
fraud,2015,sms,services,for,your,inclusive,text,credits,pls,goto,wwwcomuknet,login,3qxj9,unsubscribe,with,stop,no,extra,charge,help,08702840625comuk,220cm2,9ae
fraud,2011,mobile,club,choose,any,of,the,top,quality,items,for,your,mobile,7cfca1a
fraud,2024,money,i,have,won,wining,number,946,wot,do,i,do,next
fraud,2019,congrats,2,mobile,3g,videophones,r,yours,call,09061744553,now,videochat,wid,ur,mates,play,java,games,dload,polyh,music,noline,rentl,bx420,ip4,5we,150pm
fraud,2015,i,want,some,cock,my,hubby's,away,i,need,a,real,man,2,satisfy,me,txt,wife,to,89938,for,no,strings,action,txt,stop,2,end,txt,rec,150ea,otbox,731,la1,7ws
fraud,2021,gr8,new,service,live,sex,video,chat,on,your,mob,see,the,sexiest,dirtiest,girls,live,on,ur,phone,4,details,text,horny,to,89070,to,cancel,send,stop,to,89070
fraud,2022,freemsg,hi,baby,wow,just,got,a,new,cam,moby,wanna,c,a,hot,pic,or,fancy,a,chat
fraud,2020,wanna,have,a,laugh,try,chitchat,on,your,mobile,now,logon,by,txting,the,word,chat,and,send,it,to,no,8883,cm,po,box,4217,london,w1a,6zf,16,118pmsg,rcvd
fraud,2021,urgent,this,is,the,2nd,attempt,to,contact,uu,have,won,1000call,09071512432,b4,300603tcsbcm4235wc1n3xxcallcost150ppmmobilesvary,max7,50
fraud,2021,congratulations,ur,awarded,500,of,cd,vouchers,or,125gift,guaranteed,free,entry,2,100,wkly,draw,txt,music,to,87066
fraud,2016,had,your,contract,mobile,11,mnths,latest,motorola,nokia,etc,all,free,double,mins,text,on,orange,tariffs,text,yes,for,callback,no,to,remove,from,records
fraud,2018,urgent,call,09066350750,from,your,landline,your,complimentary,4,ibiza,holiday,or,10000,cash,await,collection,sae,tcs,po,box,434,sk3,8wp,150,ppm,18
fraud,2023,for,ur,chance,to,win,a,250,wkly,shopping,spree,txt,shop,to,80878,t'sc's,wwwtxt2shopcom,custcare,08715705022,1x150pwk
fraud,2018,u,have,a,secret,admirer,who,is,looking,2,make,contact,with,ufind,out,who,they,rreveal,who,thinks,ur,so,specialcall,on,09065171142stopsms08718727870150ppm
fraud,2025,mila,age23,blonde,new,in,uk,i,look,sex,with,uk,guys,if,u,like,fun,with,me,text,mtalk,to,6986618,30pptxt,1st,5free,150,increments,help08718728876
fraud,2013,well,done,england,get,the,official,poly,ringtone,or,colour,flag,on,yer,mobile,text,tone,or,flag,to,84199,now,optout,txt,eng,stop,box39822,w111wx,150
fraud,2023,freemsg,txt,call,to,no,86888,claim,your,reward,of,3,hours,talk,time,to,use,from,your,phone,now,subscribe6gbpmnth,inc,3hrs,16,stoptxtstop
fraud,2021,sunshine,quiz,win,a,super,sony,dvd,recorder,if,you,canname,the,capital,of,australia,text,mquiz,to,82277,b
fraud,2024,please,call,our,customer,service,representative,on,0800,169,6031,between,10am9pm,as,you,have,won,a,guaranteed,1000,cash,or,5000,prize
fraud,2018,todays,voda,numbers,ending,with,7634,are,selected,to,receive,a,350,reward,if,you,have,a,match,please,call,08712300220,quoting,claim,code,7684,standard,rates,apply
fraud,2011,you,are,being,ripped,off,get,your,mobile,content,from,wwwclubmobycom,call,08717509990,polytruepixringtonesgames,six,downloads,for,only,3
fraud,2011,we,tried,to,contact,you,re,your,reply,to,our,offer,of,a,video,phone,750,anytime,any,network,mins,half,price,line,rental,camcorder,reply,or,call,08000930705
fraud,2023,a,400,xmas,reward,is,waiting,for,you,our,computer,has,randomly,picked,you,from,our,loyal,mobile,customers,to,receive,a,400,reward,just,call,09066380611
fraud,2018,private,your,2003,account,statement,for,shows,800,unredeemed,s,i,m,points,call,08718738002,identifier,code,48922,expires,211104
fraud,2022,customer,service,announcement,we,recently,tried,to,make,a,delivery,to,you,but,were,unable,to,do,so,please,call,07099833605,to,reschedule,ref9280114
fraud,2024,hi,babe,its,chloe,how,r,u,i,was,smashed,on,saturday,night,it,was,great,how,was,your,weekend,u,been,missing,me,sp,visionsmscom,text,stop,to,stop,150ptext
fraud,2011,urgent,your,mobile,no,07808726822,was,awarded,a,2000,bonus,caller,prize,on,020903,this,is,our,2nd,attempt,to,contact,you,call,08718729758,box95qu
fraud,2022,win,we,have,a,winner,mr,t,foley,won,an,ipod,more,exciting,prizes,soon,so,keep,an,eye,on,ur,mobile,or,visit,wwwwin82050couk
fraud,2023,camera,you,are,awarded,a,sipix,digital,camera,call,09061221066,fromm,landline,delivery,within,28,days
fraud,2019,your,weekly,coolmob,tones,are,ready,to,download,this,weeks,new,tones,include,1,crazy,frogaxel,f,2,akonlonely,3,black,eyeddont,p,more,info,in,n
fraud,2016,cashbincouk,get,lots,of,cash,this,weekend,wwwcashbincouk,dear,welcome,to,the,weekend,we,have,got,our,biggest,and,best,ever,cash,give,away,these
fraud,2018,urgent,your,mobile,number,has,been,awarded,with,a,2000,prize,guaranteed,call,09061790121,from,land,line,claim,3030,valid,12hrs,only,150ppm
fraud,2024,thanks,4,your,continued,support,your,question,this,week,will,enter,u,in2,our,draw,4,100,cash,name,the,new,us,president,txt,ans,to,80082
fraud,2021,your,unique,user,id,is,1172,for,removal,send,stop,to,87239,customer,services,08708034412
fraud,2024,urgent,call,09066649731from,landline,your,complimentary,4,ibiza,holiday,or,10000,cash,await,collection
fraud,2013,urgent,this,is,our,2nd,attempt,to,contact,u,your,900,prize,from,yesterday,is,still,awaiting,collection,to,claim,call,now,09061702893
fraud,2015,santa,calling,would,your,little,ones,like,a,call,from,santa,xmas,eve,call,09077818151,to,book,you,time,calls150ppm,last,3mins,30s,tc,wwwsantacallingcom
fraud,2021,private,your,2004,account,statement,for,0784987,shows,786,unredeemed,bonus,points,to,claim,call,08719180219,identifier,code,45239,expires,060505
fraud,2015,check,out,choose,your,babe,videos,smsshsexnetun,fgkslpopw,fgkslpo
fraud,2013,new,mobiles,from,2004,must,go,txt,nokia,to,no,89545,collect,yours,today
fraud,2022,you,have,won,as,a,valued,vodafone,customer,our,computer,has,picked,you,to,win,a,150,prize,to,collect,is,easy,just,call,09061743386
fraud,2023,free,messagethanks,for,using,the,auction,subscription,service,18,150pmsgrcvd,2,skip,an,auction,txt,out,2,unsubscribe,txt,stop,customercare,08718726270
fraud,2014,bored,housewives,chat,n,date,now,08717507711,btnational,rate,10pmin,only,from,landlines
fraud,2014,lyricalladie21f,is,inviting,you,to,be,her,friend,reply,yes910,or,no910,see,her,wwwsmsacuhmmross,stop,send,stop,frnd,to,62468
fraud,2019,no,1,polyphonic,tone,4,ur,mob,every,week,just,txt,pt2,to,87575,1st,tone,free,so,get,txtin,now,and,tell,ur,friends,150ptone,16,reply,hl,4info
fraud,2020,todays,vodafone,numbers,ending,with,4882,are,selected,to,a,receive,a,350,award,if,your,number,matches,call,09064019014,to,receive,your,350,award
fraud,2022,want,the,latest,video,handset,750,anytime,any,network,mins,half,price,line,rental,reply,or,call,08000930705,for,delivery,tomorrow
fraud,2024,ou,are,guaranteed,the,latest,nokia,phone,a,40gb,ipod,mp3,player,or,a,500,prize,txt,word,collect,to,no,83355,ibhltd,ldnw15h,150pmtmsgrcvd18
fraud,2022,warner,village,83118,c,colin,farrell,in,swat,this,wkend,warner,village,get,1,free,med,popcornjust,show,msgticketkioskvalid,4712,c,tc,kiosk,reply,sony,4,mre,film,offers
fraud,2020,goal,arsenal,4,henry,7,v,liverpool,2,henry,scores,with,a,simple,shot,from,6,yards,from,a,pass,by,bergkamp,to,give,arsenal,a,2,goal,margin,after,78,mins
fraud,2022,this,is,the,2nd,time,we,have,tried,2,contact,u,u,have,won,the,750,pound,prize,2,claim,is,easy,call,08712101358,now,only,10p,per,min,btnationalrate
fraud,2017,got,what,it,takes,2,take,part,in,the,wrc,rally,in,oz,u,can,with,lucozade,energy,text,rally,le,to,61200,25p,see,packs,or,lucozadecoukwrc,itcould,be,u
fraud,2018,hi,the,sexychat,girls,are,waiting,for,you,to,text,them,text,now,for,a,great,night,chatting,send,stop,to,stop,this,service
fraud,2020,great,news,call,freefone,08006344447,to,claim,your,guaranteed,1000,cash,or,2000,gift,speak,to,a,live,operator,now
fraud,2011,hi,this,is,amy,we,will,be,sending,you,a,free,phone,number,in,a,couple,of,days,which,will,give,you,an,access,to,all,the,adult,parties
fraud,2016,welcome,to,select,an,o2,service,with,added,benefits,you,can,now,call,our,specially,trained,advisors,free,from,your,mobile,by,dialling,402
fraud,2014,dear,voucher,holder,have,your,next,meal,on,us,use,the,following,link,on,your,pc,2,enjoy,a,2,4,1,dining,experiencehttpwwwvouch4mecometlpdiningasp
fraud,2018,urgent,we,are,trying,to,contact,u,todays,draw,shows,that,you,have,won,a,2000,prize,guaranteed,call,09058094507,from,land,line,claim,3030,valid,12hrs,only
fraud,2018,you,can,donate,250,to,unicef's,asian,tsunami,disaster,support,fund,by,texting,donate,to,864233,250,will,be,added,to,your,next,bill
fraud,2013,phony,350,award,todays,voda,numbers,ending,xxxx,are,selected,to,receive,a,350,award,if,you,have,a,match,please,call,08712300220,quoting,claim,code,3100,standard,rates,app
fraud,2021,you,have,won,a,guaranteed,1000,cash,or,a,2000,prize,to,claim,yr,prize,call,our,customer,service,representative,on,08714712412,between,10am7pm,cost,10p
fraud,2023,dear,0776xxxxxxx,u've,been,invited,to,xchat,this,is,our,final,attempt,to,contact,u,txt,chat,to,86688,150pmsgrcvdhgsuite3422landsroww1j6hl,ldn,18yrs
fraud,2022,ur,cashbalance,is,currently,500,pounds,to,maximize,ur,cashin,now,send,go,to,86688,only,150pmeg,cc,08718720201,hgsuite3422lands,roww1j6hl
fraud,2018,private,your,2003,account,statement,for,shows,800,unredeemed,sim,points,call,08715203685,identifier,code4xx26,expires,131004
fraud,2016,i'd,like,to,tell,you,my,deepest,darkest,fantasies,call,me,09094646631,just,60pmin,to,stop,texts,call,08712460324,nat,rate
fraud,2016,you,won't,believe,it,but,it's,true,it's,incredible,txts,reply,g,now,to,learn,truly,amazing,things,that,will,blow,your,mind,from,o2fwd,only,18ptxt
fraud,2022,natalie,20f,is,inviting,you,to,be,her,friend,reply,yes165,or,no165,see,her,wwwsmsacunatalie2k9,stop,send,stop,frnd,to,62468
fraud,2021,jamster,to,get,your,free,wallpaper,text,heart,to,88888,now,tc,apply,16,only,need,help,call,08701213186
fraud,2020,double,mins,double,txt,12,price,linerental,on,latest,orange,bluetooth,mobiles,call,mobileupd8,for,the,very,latest,offers,08000839402,or,call2optoutlf56
fraud,2021,free,video,camera,phones,with,half,price,line,rental,for,12,mths,and,500,cross,ntwk,mins,100,txts,call,mobileupd8,08001950382,or,call2optout674
fraud,2019,83039,62735450,uk,break,accommodationvouchers,terms,conditions,apply,2,claim,you,mustprovide,your,claim,number,which,is,15541
fraud,2018,5p,4,alfie,moon's,children,in,need,song,on,ur,mob,tell,ur,m8s,txt,tone,charity,to,8007,for,nokias,or,poly,charity,for,polys,zed,08701417012,profit,2,charity
fraud,2025,win,a,200,shopping,spree,every,week,starting,now,2,play,text,store,to,88039,skilgme,tscs08714740323,1winawk,age16,150perweeksub
fraud,2025,this,is,the,2nd,attempt,to,contract,u,you,have,won,this,weeks,top,prize,of,either,1000,cash,or,200,prize,just,call,09066361921
fraud,2014,do,you,want,a,new,nokia,3510i,colour,phone,deliveredtomorrow,with,300,free,minutes,to,any,mobile,100,free,texts,free,camcorder,reply,or,call,08000930705
fraud,2023,themobhit,the,link,to,get,a,premium,pink,panther,game,the,new,no,1,from,sugababes,a,crazy,zebra,animation,or,a,badass,hoody,wallpaperall,4,free
fraud,2021,this,msg,is,for,your,mobile,content,order,it,has,been,resent,as,previous,attempt,failed,due,to,network,error,queries,to,customersqueriesnetvisionukcom
fraud,2021,you,have,1,new,message,please,call,08715205273
fraud,2019,december,only,had,your,mobile,11mths,you,are,entitled,to,update,to,the,latest,colour,camera,mobile,for,free,call,the,mobile,update,vco,free,on,08002986906
fraud,2018,you,ve,won,your,4,costa,del,sol,holiday,or,5000,await,collection,call,09050090044,now,toclaim,sae,tc,s,pobox334,stockport,sk38xh,cost150pm,max10mins
fraud,2023,free,for,1st,week,no1,nokia,tone,4,ur,mobile,every,week,just,txt,nokia,to,8077,get,txting,and,tell,ur,mates,wwwgetzedcouk,pobox,36504,w45wq,16,norm150ptone
fraud,2018,get,your,garden,ready,for,summer,with,a,free,selection,of,summer,bulbs,and,seeds,worth,3350,only,with,the,scotsman,this,saturday,to,stop,go2,notxtcouk
fraud,2013,sms,auction,a,brand,new,nokia,7250,is,up,4,auction,today,auction,is,free,2,join,take,part,txt,nokia,to,86021,now
fraud,2025,spook,up,your,mob,with,a,halloween,collection,of,a,logo,pic,message,plus,a,free,eerie,tone,txt,card,spook,to,8007,zed,08701417012150p,per,logopic
fraud,2014,call,germany,for,only,1,pence,per,minute,call,from,a,fixed,line,via,access,number,0844,861,85,85,no,prepayment,direct,access,wwwtelediscountcouk
fraud,2017,had,your,mobile,11mths,update,for,free,to,oranges,latest,colour,camera,mobiles,unlimited,weekend,calls,call,mobile,upd8,on,freefone,08000839402,or,2stoptxt
fraud,2022,natalja,25f,is,inviting,you,to,be,her,friend,reply,yes440,or,no440,see,her,wwwsmsacunat27081980,stop,send,stop,frnd,to,62468
fraud,2019,private,your,2003,account,statement,for,fone,no,shows,800,unredeemed,s,i,m,points,call,08715203656,identifier,code,42049,expires,261004
fraud,2013,you,are,chosen,to,receive,a,350,award,pls,call,claim,number,09066364311,to,collect,your,award,which,you,are,selected,to,receive,as,a,valued,mobile,customer
fraud,2023,someonone,you,know,is,trying,to,contact,you,via,our,dating,service,to,find,out,who,it,could,be,call,from,your,mobile,or,landline,09064015307,box334sk38ch
fraud,2023,if,you,don't,your,prize,will,go,to,another,customer,tc,at,wwwtcbiz,18,150pmin,polo,ltd,suite,373,london,w1j,6hl,please,call,back,if,busy
fraud,2022,urgent,your,mobile,number,has,been,awarded,with,a,2000,prize,guaranteed,call,09061790126,from,land,line,claim,3030,valid,12hrs,only,150ppm
fraud,2024,urgent,you,have,won,a,1,week,free,membership,in,our,100000,prize,jackpot,txt,the,word,claim,to,no
fraud,2019,urgent,please,call,09061213237,from,landline,5000,cash,or,a,luxury,4,canary,islands,holiday,await,collection,tcs,sae,po,box,177,m227xy,150ppm,16
fraud,2025,xmas,iscoming,ur,awarded,either,500,cd,gift,vouchers,free,entry,2,r,100,weekly,draw,txt,music,to,87066,tnc,wwwldewcom1win150ppmx3age16subscription
fraud,2023,get,the,official,england,poly,ringtone,or,colour,flag,on,yer,mobile,for,tonights,game,text,tone,or,flag,to,84199,optout,txt,eng,stop,box39822,w111wx,150
fraud,2025,u,r,subscribed,2,textcomp,250,wkly,comp,1st,wks,free,question,follows,subsequent,wks,charged150pmsg2,unsubscribe,txt,stop,2,84128custcare,08712405020
fraud,2020,call,09095350301,and,send,our,girls,into,erotic,ecstacy,just,60pmin,to,stop,texts,call,08712460324,nat,rate
fraud,2018,camera,you,are,awarded,a,sipix,digital,camera,call,09061221066,fromm,landline,delivery,within,28,days
fraud,2023,a,400,xmas,reward,is,waiting,for,you,our,computer,has,randomly,picked,you,from,our,loyal,mobile,customers,to,receive,a,400,reward,just,call,09066380611
fraud,2011,important,message,this,is,a,final,contact,attempt,you,have,important,messages,waiting,out,our,customer,claims,dept,expires,13404,call,08717507382,now
fraud,2017,datingi,have,had,two,of,these,only,started,after,i,sent,a,text,to,talk,sport,radio,last,week,any,connection,do,you,think,or,coincidence
fraud,2015,the,current,leading,bid,is,151,to,pause,this,auction,send,out,customer,care,08718726270
fraud,2017,free,entry,to,the,gr8prizes,wkly,comp,4,a,chance,to,win,the,latest,nokia,8800,psp,or,250,cash,every,wktxt,great,to,80878,httpwwwgr8prizescom,08715705022
fraud,2018,santa,calling,would,your,little,ones,like,a,call,from,santa,xmas,eve,call,09058094583,to,book,your,time
fraud,2013,you,have,won,a,guaranteed,32000,award,or,maybe,even,1000,cash,to,claim,ur,award,call,free,on,0800,18,its,a,legitimat,efreefone,number,wat,do,u,think
fraud,2012,latest,news,police,station,toilet,stolen,cops,have,nothing,to,go,on
fraud,2016,for,the,most,sparkling,shopping,breaks,from,45,per,person,call,0121,2025050,or,visit,wwwshortbreaksorguk
fraud,2019,december,only,had,your,mobile,11mths,you,are,entitled,to,update,to,the,latest,colour,camera,mobile,for,free,call,the,mobile,update,co,free,on,08002986906
fraud,2020,txt,call,to,no,86888,claim,your,reward,of,3,hours,talk,time,to,use,from,your,phone,now,subscribe6gbpmnth,inc,3hrs,16,stoptxtstop,wwwgambtv
fraud,2021,urgent,we,are,trying,to,contact,you,last,weekends,draw,shows,u,have,won,a,1000,prize,guaranteed,call,09064017295,claim,code,k52,valid,12hrs,150p,pm
fraud,2016,sms,services,for,your,inclusive,text,credits,pls,goto,wwwcomuknet,login,3qxj9,unsubscribe,with,stop,no,extra,charge,help,08702840625comuk,220cm2,9ae
fraud,2022,private,your,2003,account,statement,for,07808247860,shows,800,unredeemed,s,i,m,points,call,08719899229,identifier,code,40411,expires,061104
fraud,2023,you,are,awarded,a,sipix,digital,camera,call,09061221061,from,landline,delivery,within,28days,t,cs,box177,m221bp,2yr,warranty,150ppm,16,p,p399
fraud,2012,private,your,2003,account,statement,for,shows,800,unredeemed,sim,points,call,08718738001,identifier,code,49557,expires,261104
fraud,2021,want,explicit,sex,in,30,secs,ring,02073162414,now,costs,20pmin,gsex,pobox,2667,wc1n,3xx
fraud,2022,had,your,contract,mobile,11,mnths,latest,motorola,nokia,etc,all,free,double,mins,text,on,orange,tariffs,text,yes,for,callback,no,to,remove,from,records
fraud,2022,reminder,from,o2,to,get,250,pounds,free,call,credit,and,details,of,great,offers,pls,reply,2,this,text,with,your,valid,name,house,no,and,postcode
fraud,2021,this,is,the,2nd,time,we,have,tried,2,contact,u,u,have,won,the,750,pound,prize,2,claim,is,easy,call,087187272008,now1,only,10p,per,minute,btnationalrate
fraud,2021,hello,sir,you,have,won,10000,inr,to,get,money,please,provide,your,bank,account,number
fraud,2018,sir,i,am,vikash,bhatiya,from,phonepe,your,kyc,has,been,expired,to,continue,phonepe,service,please,provide,aadhar,card,and,pan,card,number,and,tell,me,otp
fraud,2019,to,continue,cloud,service,please,provide,credit,card,number
fraud,2024,hello,sir,i,am,madhubala,from,play,rummy,you,have,won,1000,inr,money,to,get,this,click,on,message,box,link
fraud,2023,hello,i,am,jojo,from,play,rummy,group,u,have,won,10000,inr,money,to,deposit,it,in,your,account,please,give,your,account,number,and,debit,card,number
fraud,2025,please,tell,me,otp,which,is,sended,in,your,phone,by,mistakely
fraud,2016,to,get,1000,inr,voucher,please,call,on,889865556178
fraud,2022,to,get,free,access,of,google,cloud,account,hit,on,given,message,box,link
fraud,2024,to,get,free,aws,cloud,account,hit,on,given,message,box,link
fraud,2016,to,get,free,access,of,microsoft,azure,hit,on,given,message,box,link
fraud,2014,hello,sir,we,are,from,your,bank,have,you,fill,the,application,form,for,credit,card,verify,your,document
normal,2025,please,don't,say,like,that,hi,hi,hi
normal,2011,thank,you
normal,2016,oh,that,was,a,forwarded,message,i,thought,you,send,that,to,me
normal,2016,got,it,seventeen,pounds,for,seven,hundred,ml,hope,ok
normal,2019,me,and,him,so,funny
normal,2020,sweetheart,hope,you,are,not,having,that,kind,of,day,have,one,with,loads,of,reasons,to,smile,biola
normal,2013,when,you,login,date,time,dad,fetching,you,home,now
normal,2016,what,will,we,do,in,the,shower,baby
normal,2018,i,had,askd,u,a,question,some,hours,before,its,answer
normal,2016,well,i,am,definitely,need,to,restock,before,thanksgiving,i'll,let,you,know,when,i'm,out
normal,2023,said,kiss,kiss,i,can't,do,the,sound,effects,he,is,a,gorgeous,man,isn't,he,kind,of,person,who,needs,a,smile,to,brighten,his,day
normal,2017,probably,gonna,swing,by,in,a,wee,bit
normal,2013,ya,very,nice,be,ready,on,thursday
normal,2020,allo,we,have,braved,the,buses,and,taken,on,the,trains,and,triumphed,i,mean,were,in,bham,have,a,jolly,good,rest,of,week
normal,2023,watching,cartoon,listening,music,amp,at,eve,had,to,go,temple,amp,church,what,about,you
normal,2017,do,you,mind,if,i,ask,what,happened,you,don't,have,to,say,if,it,is,uncomfortable
normal,2020,no,problem,i,will,send,to,your,email
normal,2018,thats,cool,sometimes,slow,and,gentle,sometimes,rough,and,hard
normal,2018,i'm,gonna,say,no,sorry,i,would,but,as,normal,am,starting,to,panic,about,time,sorry,again,are,you,seeing,on,tuesday
normal,2022,hello,how,are,you,i,am,fine,what,about,you
normal,2016,hii
normal,2019,hello
normal,2013,ok,i'm,watching,here
normal,2022,is,that,seriously,how,you,spell,his,name
normal,2025,im,going,to,try,for,2,monthsha,ha,only,joking
normal,2017,did,you,catch,the,bus,are,you,frying,an,egg,did,you,make,a,tea,are,you,eating,your,mom's,left,over,dinner,do,you,feel,my,love
normal,2017,i'm,back,amp,we're,packing,the,car,now,i'll,let,you,know,if,there's,room
normal,2017,hello,how's,you,and,how,did,saturday,go,i,was,just,texting,to,see,if,you'd,decided,to,do,anything,tomo,not,that,i'm,trying,to,invite,myself,or,anything
normal,2022,pls,go,ahead,with,watts,i,just,wanted,to,be,sure,do,have,a,great,weekend
normal,2016,ok,tell,me,anything,about,you
normal,2012,you,don't,know,how,stubborn,i,am,i,didn't,even,want,to,go,to,the,hospital,i,kept,telling,mark,i'm,not,a,weak,sucker,hospitals,are,for,weak,suckers
normal,2018,what,you,thinked,about,me,first,time,you,saw,me,in,class
normal,2012,do,you,know,what,mallika,sherawat,did,yesterday
normal,2024,sorry,i'll,call,later,in,meeting
normal,2023,tell,where,you,reached
normal,2017,yesgauti,and,sehwag,out,of,odi,series
normal,2021,your,gonna,have,to,pick,up,a,1,burger,for,yourself,on,your,way,home,i,can't,even,move,pain,is,killing,me
normal,2022,ha,ha,ha,good,joke,girls,are,situation,seekers
normal,2015,its,a,part,of,checking,iq
normal,2016,sorry,my,roommates,took,forever,it's,ok,if,i,come,by,now
normal,2013,i,plan,to,give,on,this,month,end
normal,2020,wah,lucky,man,then,can,save,money,hee
normal,2014,finished,class,where,are,you
normal,2012,ok,where,are,you,how,did,you,performed
normal,2024,you,can,call,me,now
normal,2012,i,am,waiting,machan,call,me,once,you,free
normal,2011,thats,cool,i,am,a,gentleman,and,will,treat,you,with,dignity,and,respect
normal,2019,i,like,you,peoples,very,much,but,i,am,very,shy,pa
normal,2016,does,not,operate,after,ltgt,or,what
normal,2024,it's,not,the,same,here,still,looking,for,a,job,how,much,do,you,earn,there
normal,2025,sorry,i'll,call,later
normal,2016,ok,did,you,call,me,just,now
normal,2016,ok,i,am,on,the,way,to,home
normal,2015,you,will,be,in,the,place,of,that,man
normal,2018,yup,next,stop
normal,2016,i,call,you,later,don't,have,network,if,urgent,sms,me
normal,2021,for,real,when,you,getting,on,you,i,only,need,2,more,tickets,and,one,more,jacket,and,i'm,done,i,already,used,all,my,multis
normal,2021,yes,i,started,to,send,requests,to,make,it,but,pain,came,back,so,i'm,back,in,bed,double,coins,at,the,factory,too,i,gotta,cash,in,all,my,nitros
normal,2014,i'm,really,not,up,to,it,still,tonight,babe
normal,2013,come,when,you,are,free
normal,2016,watching,telugu,movie,what,about,you
normal,2021,i,see,when,we,finish,we,have,loads,of,loans,to,pay
normal,2013,does,that,cause,prob,for,you
normal,2015,i,see,a,cup,of,coffee,animation
normal,2016,please,don't,text,me,anymore,i,have,nothing,else,to,say
normal,2019,okay,name,your,price,as,long,as,its,legal,when,can,i,pick,them,up
normal,2023,i'm,still,looking,for,a,car,to,buy,and,have,not,gone,fourth,driving,test,yet
normal,2013,as,per,your,request,balle,balle,has,been,set,as,your,callertune,for,all,callers,press,9,to,copy,your,friends,callertune
normal,2016,wow,you're,right,i,didn't,mean,to,do,that,i,guess,once,i,gave,up,on,boston,men,and,changed,my,search,location,to,nice,something,changed,cuz,on,my,signin,page,it,still,says,boston
normal,2023,umma,my,life,and,vava,umma,love,you,lot,dear
normal,2019,thanks,a,lot,for,your,wishes,on,my,birthday,thanks,you,for,making,my,birthday,truly,memorable
normal,2021,all,right,i'll,hit,you,up,when,i,get,some,cash
normal,2014,how,would,my,ip,address,test,that,considering,my,computer,isn't,a,minecraft,server
normal,2014,i,know,grumpy,old,people,my,mom,was,like,you,better,not,be,lying,then,again,i,am,always,the,one,to,play,jokes
normal,2022,dont,worry,i,guess,he's,busy
normal,2023,what,is,the,plural,of,the,noun,research
normal,2015,going,for,dinner,msg,you,after
normal,2016,i'm,ok,with,it,because,i,like,to,try,new,things,but,i,scared,you,done,like,me,because,you,said,not,too,loud
normal,2016,hmm,my,uncle,just,informed,me,that,he's,paying,the,school,directly,so,please,buy,food
normal,2018,here,is,my,new,address,applespairsall,that,malarky
normal,2023,i,am,going,to,sao,mu,today,will,be,done,only,at,12
normal,2015,you,predict,what,time,you,will,finish,buying
normal,2020,good,stuff,will,do
normal,2023,just,so,that,you,know,ram,hasn't,sent,money,yet,i,just,sent,her,a,text,not,to,bother,sending,so,its,over,you,dont,have,to,involve,yourself,in,anything,i,shouldn't,have,imposed,anything,on,you,in,the,first,place,so,for,that,i,apologise
normal,2016,are,you,there,in,room
normal,2024,hey,girl,how,are,you,hope,you,are,well,me,and,ram,are,back,again,long,time,no,see,give,me,a,call,sum,time,from,lucy
normal,2019,ok,how,much,does,it,cost
normal,2024,i'm,home
normal,2011,dear,will,call,tomorrow,please,accomodate
normal,2019,first,answer,my,question
normal,2011,he,is,there,you,call,and,meet,him
normal,2018,no,no,i,will,check,all,rooms,before,activities
normal,2023,got,see,i,lazy,to,type,i,forgot,you,in,lecture,i,saw,a,pouch,but,like,not,very,nice
normal,2012,ok,text,me,when,you're,on,the,way
normal,2013,sir,waiting,for,your,mail
normal,2022,a,sweet,thought,never,get,tired,of,doing,little,things,for,lovable,persons,becausesomtimes,those,little,things,occupy,the,biggest,part,in,their,hearts,good,night
normal,2014,i,know,you,are,can,you,please,open,the,back
normal,2013,yes,see,ya,not,on,the,dot
normal,2017,whats,the,staff,name,who,is,taking,class,for,us
normal,2021,ummmawill,call,after,check,inour,life,will,begin,from,qatar,so,please,pray,very,hard
normal,2023,oki,deleted,my,contact,that,why
normal,2022,sindu,got,job,in,birla,soft
normal,2020,the,wine,is,flowing,and,i,have,nevering
normal,2013,yup,i,think,cine,is,better,cos,no,need,to,go,down,to,plaza
normal,2024,ok,your,typical,reply
normal,2019,as,per,your,request,melle,melle,has,been,set,as,your,callertune,for,all,callers,press,9,to,copy,your,friends,callertune
normal,2021,you,are,everywhere,dirty,on,the,floor,the,windows,even,on,my,shirt,and,sometimes,when,i,open,my,mouth,you,are,all,that,comes,flowing,out,i,dream,of,my,world,without,you,then,half,my,chores,are,out,too,a,time,of,joy,for,me,lots,of,tv,shows,ill,see,but,i,guess,like,all,things,you,just,must,exist,like,rain,hail,and,mist,and,when,my,time,here,is,done,you,and,i,become,one
normal,2023,all,right,are,you,at,work
normal,2019,i'm,leaving,my,house,now
normal,2023,hello,my,love,what,are,you,doing,did,you,get,to,that,interview,today,are,you,you,happy,are,you,being,a,good,boy,do,you,think,of,meare,you,missing,me
normal,2014,keep,yourself,safe,for,me,because,i,need,you,and,i,miss,you,already,and,i,envy,everyone,that,see's,you,in,real,life
normal,2017,new,car,and,house,for,my,parentsi,have,only,new,job,in,hand
normal,2025,i'm,so,in,love,with,you,i'm,excited,each,day,i,spend,with,you,you,make,me,so,happy
normal,2020,i,place,all,your,points,one,cultures,module,already
normal,2024,hi,friend,which,is,best,way,to,avoid,missunderstding,with,our,beloved,one's
normal,2017,great,escape,i,fancy,the,bridge,but,needs,her,lager,see,you,tomarrow
normal,2020,yes,it,completely,in,out,of,formclark,also,utter,waste
normal,2018,hmmm,thanks,sure,got,time,to,hope,ard,ya,can,go,for,free,about,muz,call,you,to,discuss,liao
normal,2022,what,time,you,coming,down,later
normal,2024,bloody,hell,can't,believe,you,forgot,my,surname,mr,i,will,give,you,a,clue,its,spanish,and,begins,with,m
normal,2020,well,i'm,gonna,finish,my,bath,now,have,a,goodfine,night
normal,2014,let,me,know,when,you've,got,the,money,so,carlos,can,make,the,call
normal,2017,you,still,going,to,the,mall
normal,2022,turns,out,my,friends,are,staying,for,the,whole,show,and,won't,be,back,til,ltgt,so,feel,free,to,go,ahead,and,smoke,that,ltgt,worth
normal,2024,text,her,if,she,doesnt,reply,let,me,know,so,i,can,have,her,log,in
normal,2020,hi,you,just,spoke,to,maneesha,we'd,like,to,know,if,you,were,satisfied,with,the,experience,reply,toll,free,with,yes,or,no
normal,2020,you,lifted,my,hopes,with,the,offer,of,money,i,am,in,need,especially,when,the,end,of,the,month,approaches,and,it,hurts,my,studying,anyways,have,a,great,weekend
normal,2016,you,can,trust,me
normal,2016,ok,i,am,a,gentleman,and,will,treat,you,with,dignity,and,respect
normal,2022,he,will,you,guys,close
normal,2016,going,on,nothing,greatbye
normal,2012,hello,handsome,are,you,finding,that,job,not,being,lazy,working,towards,getting,back,that,net,for,mummy,where's,my,boytoy,now,does,he,miss,me
normal,2016,haha,awesome,be,there,in,a,minute
normal,2023,have,you,got,xmas,radio,times,if,not,i,will,get,it,now
normal,2025,i,just,reached,home,i,go,bathe,first,but,my,sister,using,net,tell,you,when,she,finishes,k
normal,2024,are,you,unique,enough,find,out,from,30th,august,wwwareyouuniquecouk
normal,2022,i'm,sorry,i've,joined,the,league,of,people,that,dont,keep,in,touch,you,mean,a,great,deal,to,me,you,have,been,a,friend,at,all,times,even,at,great,personal,cost,do,have,a,great,week
normal,2021,hi,finally,i,completed,the,course
normal,2017,it,will,stop,on,itself,i,however,suggest,she,stays,with,someone,that,will,be,able,to,give,ors,for,every,stool
normal,2022,how,are,you,doing,hope,you've,settled,in,for,the,new,school,year,just,wishing,you,a,great,day
normal,2022,good,morning,dear,hav,a,nice,day
normal,2022,did,you,got,that,persons,story
normal,2014,is,your,hamster,dead,hey,so,tommaro,i,meet,you,at,1pm,orchard,mrt
normal,2017,hi,it's,kate,how,is,your,evening,i,hope,i,can,see,you,tomorrow,for,a,bit,but,i,have,to,bloody,babyjontet,text,back,if,you,can
normal,2023,found,it,enc,ltgt,where,you,at
normal,2025,i,sent,you,ltgt,bucks
normal,2011,hello,darlin,i,have,finished,college,now,so,text,me,when,you,finish,if,you,can,love,kate,xxx
normal,2021,your,account,has,been,refilled,successfully,by,inr,ltdecimalgt,your,keralacircle,prepaid,account,balance,is,rs,ltdecimalgt,your,transaction,id,is,kr,ltgt
normal,2014,goodmorning,sleeping,ram
normal,2019,you,call,me,alter,at,11,ok
normal,2014,you,say,untill,like,dat,i,done,buy,ericsson,oso,cannot,oredi,lar
normal,2019,as,i,entered,my,cabin,my,pa,said,happy,b'day,boss,i,felt,special,she,askd,me,4,lunch,after,lunch,she,invited,me,to,her,apartment,we,went,there
normal,2021,aight,yo,dats,straight,dogg
normal,2022,you,please,give,us,connection,today,itself,before,ltdecimalgt,or,refund,the,bill
normal,2024,both,i,shoot,big,loads,so,get,ready
normal,2020,what's,up,bruv,hope,you,had,a,great,break,do,have,a,rewarding,semester
normal,2020,home,so,we,can,always,chat
normal,2025,ok,goodstudy,well
normal,2015,yup,how,you,noe,leh
normal,2023,sounds,great,are,you,home,now
normal,2021,finally,the,match,heading,towards,draw,as,your,prediction
normal,2013,tired,i,haven't,slept,well,the,past,few,nights
normal,2017,easy,ahsen,got,selected,means,its,good
normal,2011,i,have,to,take,exam,with,march,3
normal,2013,yeah,you,should,i,think,you,can,use,your,gt,atm,now,to,register,not,sure,but,if,there's,anyway,i,can,help,let,me,know,but,when,you,do,be,sure,you,are,ready
normal,2020,ok,no,prob,take,your,time
normal,2019,there,is,os,called,ubandu,which,will,run,without,installing,in,hard,diskyou,can,use,that,os,to,copy,the,important,files,in,system,and,give,it,to,repair,shop
normal,2025,sorry,i'll,call,later
normal,2018,life,is,more,strict,than,teacher,because,teacher,teaches,lesson,amp,then,conducts,exam,but,life,first,conducts,exam,amp,then,teaches,lessons,happy,morning
normal,2011,dear,good,morning,now,only,i,am,up
normal,2024,get,down,in,gandhipuram,and,walk,to,cross,cut,road,right,side,ltgt,street,road,and,turn,at,first,right
normal,2023,dear,we,are,going,to,our,rubber,place
normal,2025,sorry,battery,died,yeah,i'm,here
normal,2011,yeshere,tv,is,always,available,in,work,place
normal,2023,i,have,printed,it,oh,so,ltgt,come,upstairs
normal,2019,or,ill,be,a,little,closer,like,at,the,bus,stop,on,the,same,street
normal,2022,where,are,you,when,wil,you,reach,here
normal,2012,new,theory,argument,wins,d,situation,but,loses,the,person,so,dont,argue,with,your,friends,just,kick,them,amp,say,i'm,always,correct
normal,2024,tomarrow,final,hearing,on,my,laptop,case,so,i,can't
normal,2018,please,tell,me,you,want,done,sportsx
normal,2020,okay,no,no,just,shining,on,that,was,meant,to,be,signing,but,that,sounds,better
normal,2022,although,i,told,you,that,i'm,into,big,face,watches,now,but,i,really,like,e,watch,you,gave,because,it's,from,you,thanks,for,everything,that,you,have,done,today,i'm,touched
normal,2021,you,don't,remember,that,old,commercial
normal,2011,too,late,i,said,i,have,the,website,i,didn't,i,have,or,dont,have,the,slippers
normal,2018,i,asked,you,to,call,him,now,ok
normal,2024,kallis,wont,bat,in,2nd,innings
normal,2011,it,did,not,work,again,oh,ok,goodnight,then,i,will,fix,and,have,it,ready,by,the,time,you,wake,up,you,are,very,dearly,missed,have,a,good,night,sleep
normal,2019,ranjith,cal,drpd,deeraj,and,deepak,five,min,hold
normal,2019,when,yor,are,lovable,became,angry,wid,you,do,not,take,it,seriously,because,being,angry,is,the,most,childish,and,true,way,of,showing,deep,affection,care,n,luv,kettoda,manda,have,nice,day,da
normal,2021,what,you,doinghow,are,you
normal,2021,ups,which,is,three,days,also,and,the,shipping,company,that,takes,two,weeks,the,other,way,is,usps,which,takes,a,week,but,when,it,gets,to,lag,you,may,have,to,bribe,nipost,to,get,your,stuff
normal,2011,i'm,back,lemme,know,when,you're,ready
normal,2011,don't,necessarily,expect,it,to,be,done,before,you,get,back,though,because,i'm,just,now,heading,out
normal,2020,mmm,so,yummy,babe,nice,jolt,to,the,suzy
normal,2022,where,are,you,lover,i,need,you
normal,2018,im,parked,next,to,a,mini,when,are,you,coming,in,today,do,you,think
normal,2023,yup
normal,2024,anyway,i'm,going,shopping,on,my,own,now,because,my,sister,not,done,yet,do,not,disturb,you,liao
normal,2023,my,no,in,luton,0125698789,ring,me,if,your,around
normal,2012,why,you,did,not,come,with,us
normal,2019,same,wana,plan,a,trip,sometime,then
normal,2011,not,sure,yet,still,trying,to,get,a,hold,of,him
normal,2017,the,evo,i,just,had,to,download,flash,jealous
normal,2021,come,to,me,we're,sorting,out,our,narcotics,situation
normal,2019,night,has,ended,for,another,day,morning,has,come,in,a,special,way,may,you,smile,like,the,sunny,rays,and,leaves,your,worries,at,the,blue,blue,bay
normal,2015,useful,i,guess,might,as,well,take,one,car
normal,2022,no,objection,my,boyfriend,not,coming
normal,2022,thanx
normal,2017,tell,rob,to,mack,his,girlfriend,in,the,theater
normal,2025,awesome,i'll,see,you,in,a,bit
normal,2018,just,sent,it,so,what,type,of,food,do,you,like
normal,2020,all,done,all,handed,in,celebrations,in,full,swing,yet
normal,2019,you,got,called,a,tool
normal,2022,when,you,miss,someone,the,person,is,definitely,special,for,you,but,if,the,person,is,so,special,why,to,miss,them,just,keepintouch,good,evening
normal,2020,ok,i,asked,for,money,how,far
normal,2024,ok
normal,2017,yeah,i,think,my,usual,guy's,still,passed,out,from,last,night,if,you,get,ahold,of,anybody,let,me,know,and,i'll,throw,down
normal,2022,ok,i,might,come,by,to,night,then,if,my,class,lets,out,early
normal,2025,hi,baby,im,cruisin,with,my,girl,friend,what,are,you,up,to,give,me,a,call,in,and,hour,at,home,if,thats,alright,or,fone,me,on,this,fone,now,love,jenny,xxx
normal,2017,my,life,means,a,lot,to,me,not,because,i,love,my,life,but,because,i,love,the,people,in,my,life,the,world,calls,them,friends,i,call,them,my,world
normal,2023,dearshall,mail,to,nightbusy,in,the,streetshall,update,you,tonightthings,are,looking,okvarunnathu,edukkukayee,raksha,ollubut,a,good,one,in,real,sense
normal,2024,hey,you,told,your,name,to,gautham,ah
normal,2018,you,found,him,i,feel,so,stupid
normal,2021,oops,for,got,that,bit
normal,2012,are,you,this,much,buzy
normal,2022,i,accidentally,deleted,the,message,resend,please
normal,2024,unless,it's,a,situation,where,you,go,gurl,would,be,more,appropriate
normal,2025,hurt,metease,memake,me,cry,but,and,the,end,of,my,life,when,i,die,please,keep,one,rose,on,my,grave,and,say,stupid,i,miss,you,have,a,nice,day
normal,2024,i,cant,pick,the,phone,right,now,please,and,a,message
normal,2024,need,a,coffee,run,tomocan't,believe,it's,that,time,of,week,already
normal,2014,awesome,i,remember,the,last,time,we,got,somebody,high,for,the,first,time,with,diesel
normal,2013,shit,that,is,really,shocking,and,scary,can,not,imagine,for,a,second,define,up,for,night,out,do,you,think,there,is,somewhere,i,could,crash,for,night,save,on,taxi
normal,2022,oh,and,by,the,way,you,do,have,more,food,in,your,fridge,want,to,go,out,for,a,meal,tonight
normal,2022,he,is,a,wondarfull,actor
normal,2025,yup,from,what,i,remb,i,think,should,be,can,book
normal,2019,just,ask,if,you,wanna,meet,up
normal,2017,lol,yes,our,friendship,is,hanging,on,a,thread,because,you,won't,buy,stuff
normal,2020,where,are,the,garage,keys,they,aren't,on,the,bookshelf
normal,2022,today,is,accept,day,accept,me,as,brother,sister,lover,dear1,best1,clos1,lvblefrnd,jstfrnd,cutefrnd,lifpartnr,belovd,swtheart,bstfrnd,no,rply,means,enemy
normal,2020,he,says,he'll,give,me,a,call,when,his,friend's,got,the,money,but,that,he's,definitely,buying,before,the,end,of,the,week
normal,2015,hi,the,way,i,was,with,you,to,day,is,the,normal,waythis,is,the,real,me,you,are,uniquei,hope,i,know,you,for,the,rest,of,mylife,hope,you,find,won't,was,lost
normal,2018,you,made,my,day,do,have,a,great,day,too
normal,2013,ok,advance,happy,pongal
normal,2015,hmmm,guess,we,can,go,for,kb,and,power,yogahaha,dunno,we,can,tahan,power,yoga,another,thanks,got,loose,forgot
normal,2025,not,really,dude,have,no,friends,i'm,afraid
normal,2018,coffee,cake,i,guess
normal,2020,merry,christmas,to,you,too,babe,i,love,ya,kisses
normal,2020,hey,why,don't,we,just,go,watch,xmen,and,have,lunch,haha
normal,2023,could,you,tell,people,i,am,gonna,be,a,bit,late,because,to,buses,have,gone,past,because,they,were,full,im,still,waitin,4,1,pete,x
normal,2019,that,would,be,great,we'll,be,at,the,guild,could,meet,on,bristol,road,or,somewhere,will,get,in,touch,over,weekend,our,plans,take,flight,have,a,good,week
normal,2013,no,problem,how,are,you,doing
normal,2022,no,callsmessagesmissed,calls
normal,2020,hi,dahow,is,the,todays,class
normal,2024,i'd,say,that's,a,good,sign,but,well,you,know,my,track,record,at,reading,women
normal,2016,cool,text,me,when,you're,parked
normal,2014,i'm,reading,the,text,i,just,sent,you,it's,meant,to,be,a,joke,so,read,it,in,that,light
normal,2023,maybe,i,could,get,book,out,tomorrow,then,return,it,immediately,or,something
normal,2016,tadaaaaa,i,am,home,babe,are,you,still,up
normal,2022,cool,so,how,come,you,haven't,been,wined,and,dined,before
normal,2017,just,sleepingand,surfing
normal,2018,you,calling,me,right,call,my,hand,phone
normal,2012,ok,that's,great,thanks,a,lot
normal,2021,i,take,it,the,post,has,come,then,you,must,have,1000s,of,texts,now,happy,reading,my,one,from,wiv,hello,caroline,at,the,end,is,my,favourite,bless,him
normal,2017,where,you,been,hiding,stranger
normal,2020,am,not,interested,to,do,like,that
normal,2023,my,sister,cleared,two,round,in,birla,soft,yesterday
normal,2020,good,nighttakepractice,going,on
normal,2011,this,is,yijue,i,just,saw,your,mail,in,case,huiming,haven't,sent,you,my,number,this,is,my,number
normal,2019,one,small,prestige,problem,now
normal,2017,just,checking,in,on,you,really,do,miss,seeing,jeremiah,do,have,a,great,month
normal,2019,no,can't,help,you,there,i've,never,had,an,iphone
normal,2011,if,you're,not,in,my,car,in,an,hour,and,a,half,i'm,going,apeshit
normal,2023,today,is,sorry,day,if,ever,i,was,angry,with,you,if,ever,i,misbehaved,or,hurt,you,please,please,just,slap,youself,because,its,your,fault,i'm,basically,good
normal,2014,yo,you,guys,ever,figure,out,how,much,we,need,for,alcohol,jay,and,i,are,trying,to,figure,out,how,much,we,can,safely,spend,on,weed
normal,2025,ltgt,ish,minutes,was,five,minutes,ago,wtf
normal,2017,thank,you,for,callingforgot,to,say,happy,onam,to,you,sirjii,am,fine,here,and,remembered,you,when,i,met,an,insurance,personmeet,you,in,qatar,insha,allahrakhesh,ex,tata,aig,who,joined,tisscotayseer
normal,2022,i'm,an,actor,when,i,work,i,work,in,the,evening,and,sleep,late,since,i'm,unemployed,at,the,moment,i,always,sleep,late,when,you're,unemployed,every,day,is,saturday
normal,2015,hello,just,got,here,st,andrewsboy,its,a,long,way,its,cold,i,will,keep,you,posted
normal,2013,ha,ha,cool,cool,chikku,chikku
normal,2024,oh,ok,no,prob
normal,2017,check,audrey's,status,right,now
normal,2013,busy,here,trying,to,finish,for,new,year,i,am,looking,forward,to,finally,meeting,you
normal,2017,good,afternoon,sunshine,how,dawns,that,day,are,we,refreshed,and,happy,to,be,alive,do,we,breathe,in,the,air,and,smile,i,think,of,you,my,love,as,always
normal,2020,well,i,know,z,will,take,care,of,me,so,no,worries
normal,2012,cool,text,me,when,you're,ready
normal,2022,hello,my,boytoy,geeee,i,miss,you,already,and,i,just,woke,up,i,wish,you,were,here,in,bed,with,me,cuddling,me,i,love,you
normal,2021,i,will,spoil,you,in,bed,as,well
normal,2020,i'm,going,for,bath,will,message,you,next,ltgt,min
normal,2025,i,can't,keep,talking,to,people,if,am,not,sure,i,can,pay,them,if,they,agree,to,price,so,pls,tell,me,what,you,want,to,really,buy,and,how,much,you,are,willing,to,pay
normal,2018,can,you,say,what,happend
normal,2019,you,could,have,seen,mei,did't,recognise,you,face
normal,2022,well,there's,not,a,lot,of,things,happening,in,lindsay,on,new,years,sighs,some,bars,in,ptbo,and,the,blue,heron,has,something,going
normal,2022,keep,my,payasam,there,if,rinu,brings
normal,2014,i,taught,that,ranjith,sir,called,me,so,only,i,sms,like,that,becaus,hes,verifying,about,project,prabu,told,today,so,only,pa,dont,mistake,me
normal,2012,i,guess,that's,why,you,re,worried,you,must,know,that,there's,a,way,the,body,repairs,itself,and,i'm,quite,sure,you,shouldn't,worry,we'll,take,it,slow,first,the,tests,they,will,guide,when,your,ovulation,is,then,just,relax,nothing,you've,said,is,a,reason,to,worry,but,ill,keep,on,followin,you,up
normal,2011,yeah,sure,give,me,a,couple,minutes,to,track,down,my,wallet
normal,2025,hey,leave,it,not,a,big,deal,take,care
normal,2021,hey,i,will,be,late,ah,meet,you,at,945
normal,2016,it,took,mr,owl,three,licks
normal,2025,customer,place,i,will,call,you
normal,2022,mean,that,time,you,don't,like,fun
normal,2022,yup,having,my,lunch,buffet,nowyou,eat,already
normal,2013,huh,so,late,for,dinner
normal,2022,hey,so,this,sat,are,we,going,for,the,intro,pilates,only,or,the,kickboxing,too
normal,2022,morning,only,i,can,ok
normal,2012,yes,i,think,so,i,am,in,office,but,my,lap,is,in,room,i,think,thats,on,for,the,last,few,days,i,didn't,shut,that,down
normal,2025,pick,you,up,bout,730ish,what,time,are,and,that,going
normal,2024,from,here,after,the,performance,award,is,calculated,every,two,monthnot,for,current,one,month,period
normal,2012,was,actually,sleeping,and,still,might,when,you,call,back,so,a,text,is,great,you,rock,sister,will,send,you,a,text,when,i,wake
normal,2023,you,are,always,putting,your,business,out,there,you,put,pictures,of,your,ass,on,facebook,you,are,one,of,the,most,open,people,i've,ever,met,why,would,i,think,a,picture,of,your,room,would,hurt,you,make,you,feel,violated
normal,2020,good,evening,sir,al,salam,wahleykkumsharing,a,happy,newsby,the,grace,of,god,i,got,an,offer,from,tayseertissco,and,i,joinedhope,you,are,fineinshah,allahmeet,you,sometimerakheshvisitor,from,india
normal,2016,hmmmokbut,i,want,to,change,the,field,quickly,dai,wanna,get,system,administrator,or,network,administrator
normal,2023,dear,how,is,chechi,did,you,talk,to,her
normal,2020,the,hair,cream,has,not,been,shipped
normal,2025,none,of,that's,happening,til,you,get,here,though
normal,2019,yep,the,great,loxahatchee,xmas,tree,burning,of,ltgt,starts,in,an,hour
normal,2016,haha,get,used,to,driving,to,usefull,man,i,know,a,lot,of,stoners
normal,2022,all,was,well,untill,slightly,disastrous,class,this,pm,with,my,favorite,darlings,hope,day,off,ok,coffee,would,be,good,as,can't,stay,late,tomorrow,same,time,place,as,always
normal,2018,hello,good,week,fancy,a,drink,or,something,later
normal,2014,because,i,want,it,to,be,your,thing
normal,2022,okies,i'll,go,yan,jiu,too,we,can,skip,ard,oso,go,cine,den,go,mrt,one,blah,blah,blah
normal,2015,bring,home,some,wendy
normal,2022,what's,up,there,don't,you,want,to,sleep
normal,2013,alright,i,have,a,new,goal,now
normal,2022,alright,i'll,head,out,in,a,few,minutes,text,me,where,to,meet,you
normal,2017,yesfrom,last,week,itself,i'm,taking,live,call
normal,2014,siva,is,in,hostel,aha
normal,2015,send,this,to,your,friends,and,receive,something,about,your,voice,how,is,my,speaking,expression,1childish,2naughty,3sentiment,4rowdy,5full,of,attitude,6romantic,7shy,8attractive,9funny,ltgt,irritating,ltgt,lovable,reply,me
normal,2020,ok,she'll,be,ok,i,guess
normal,2022,aathiwhere,are,you,dear
normal,2019,any,pain,on,urination,any,thing,else
normal,2017,seven,at,esplanade,do,ü,mind,giving,me,a,lift,cos,i,got,no,car,today
normal,2022,i,want,to,buy,a,bmw,car,urgentlyits,very,urgentbut,have,a,shortage,of,ltgt,lacsthere,is,no,source,to,argument,distance,amt,ltgt,lacsthats,my,problem
normal,2012,at,home,watching,tv,lor
normal,2018,does,she,usually,take,fifteen,fucking,minutes,to,respond,to,a,yes,or,no,question
normal,2025,the,message,sent,is,asking,for,ltgt,dollars,should,i,pay,ltgt,or,ltgt
normal,2014,ask,g,or,iouri,i've,told,the,story,like,ten,times,already
normal,2021,how,long,does,applebees,fucking,take
normal,2022,hi,hope,you,get,this,textjourney,hasn't,been,goodnow,about,50,mins,late,i,think
normal,2019,but,i,have,to,i,like,to,have,love,and,arrange
normal,2024,yeshe,is,really,greatbhaji,told,kallis,best,cricketer,after,sachin,in,worldvery,tough,to,get,out
normal,2025,you,were,supposed,to,wake,me,up,gt
normal,2025,oic,i,saw,him,too,but,i,tought,he,did,not,see,me,i,found,a,group,liao
normal,2025,hey,hey,we,are,the,monkees,people,say,we,monkeyaround,howdy,gorgeous,howu,doin,foundurself,a,jobyet,sausagelove,jen,xxx
normal,2020,sorry,my,battery,died,i,can,come,by,but,i'm,only,getting,a,gram,for,now,where's,your,place
normal,2012,well,done,blimey,exercise,yeah,i,kinda,remember,would,that,is,hmm
normal,2016,i,wont,get,concentration,dear,you,know,you,are,my,mind,and,everything
normal,2022,lol,have,you,made,plans,for,new,years
normal,2023,ten,min,later,ok
normal,2016,hanks,lotsly
normal,2017,thanks,for,this,hope,you,had,a,good,day,today
normal,2012,ok,what,are,detail,you,want,to,transferaccount,number,enough
normal,2024,ok,i,will,tell,her,to,stay,out,yeah,its,been,tough,but,we,are,optimistic,things,will,improve,this,month
normal,2016,si,si,i,think,ill,go,make,those,oreo,truffles
normal,2016,look,at,amy,ure,a,beautiful,intelligent,woman,and,i,like,you,a,lot,i,know,you,don't,like,me,like,that,so,don't,worry
normal,2015,i,hope,you,that's,the,result,of,being,consistently,intelligent,and,kind,start,asking,him,about,practicum,links,and,keep,your,ears,open,and,all,the,best
normal,2017,that,call,cost,which,i,guess,isnt,bad,miss,ya,need,ya,want,ya,love,ya
normal,2016,going,through,a,very,different,feeling,wavering,decisions,and,coping,up,with,the,same,is,the,same,individualtime,will,heal,everything,i,believe
normal,2020,where,did,you,go,my,phone,is,gonna,die,you,have,to,stay,in,here
normal,2025,sorry,i'll,call,later,ok,bye
normal,2016,ok,i,am,on,the,way,to,railway
normal,2021,they,don't,put,that,stuff,on,the,roads,to,keep,it,from,getting,slippery,over,there
normal,2011,when,are,you,going,to,ride,your,bike
normal,2022,yup,no,need,i'll,jus,wait,for,e,rain,to,stop
normal,2016,there,are,many,company,tell,me,the,language
normal,2018,how,long,has,it,been,since,you,screamed,princess
normal,2011,ok,i'm,gonna,head,up,to,useful,in,like,fifteen,minutes
normal,2025,love,you,aathilove,you,lot
normal,2022,tension,ahwhat,machiany,problem
normal,2016,ok,can,i,pick,up,another,8th,when,you're,done
normal,2017,when're,you,guys,getting,back,g,said,you,were,thinking,about,not,staying,for,mcrnormla
normal,2022,almost,there,see,you,in,a,second
normal,2014,yo,carlos,a,few,friends,are,already,asking,me,about,you,you,working,at,all,this,weekend
normal,2021,watching,tv,lor
normal,2018,thank,you,baby,i,can't,wait,to,taste,the,real,thing
normal,2017,you,should,change,your,fb
normal,2014,if,we,win,its,really,no,1,side,for,long,time
normal,2020,dear,reached,railway,what,happen,to,you
normal,2024,depends,on,quality,if,you,want,the,type,i,sent,boye,faded,glory,then,about,6,if,you,want,ralphs,maybe,2
normal,2019,i,think,i've,fixed,it,can,you,send,a,test,message
normal,2022,sorry,man,my,account's,dry,or,i,would,if,you,want,we,could,trade,back,half,or,i,could,buy,some,shit,with,my,credit,card
normal,2012,sorryin,meeting,i'll,call,later
normal,2020,what,class,of,ltgt,reunion
normal,2012,are,you,free,nowcan,i,call,now
normal,2020,nope,think,i,will,go,for,it,on,monday,sorry,i,replied,so,late
normal,2011,some,of,them,told,accenture,is,not,confirm,is,it,true
normal,2013,kate,jackson,rec,center,before,seven,wish,right
normal,2016,dear,i,have,reached,room
normal,2022,fighting,with,the,world,is,easy,u,either,win,or,lose,bt,fightng,with,some1,who,is,close,to,u,is,dificult,if,u,lose,u,lose,if,u,win,u,still,lose
normal,2024,when,can,you,come,out
normal,2022,check,with,nuerologist
normal,2025,lol,nice,i,went,from,a,fish,to,water
normal,2014,you,should,know,now,so,how's,anthony,are,you,bringing,money,i've,school,fees,to,pay,and,rent,and,stuff,like,that,thats,why,i,need,your,help,a,friend,in,need
normal,2022,what's,the,significance
normal,2020,your,opinion,about,me,1,over,2,jada,3,kusruthi,4,lovable,5,silent,6,spl,character,7,not,matured,8,stylish,9,simple,pls,reply
normal,2021,at,the,latest,g's,still,there,if,you,can,scrounge,up,some,ammo,and,want,to,give,the,new,ak,a,try
normal,2023,prabhai'm,sorydarealyfrom,heart,i'm,sory
normal,2011,lol,ok,your,forgiven
normal,2019,nojust,change,that,only
normal,2011,sono,competition,for,him
normal,2018,shall,i,come,to,get,pickle
normal,2023,were,gonna,get,some,tacos
normal,2017,that's,very,rude,you,on,campus
normal,2015,hi,i,won't,be,heard,for,christmas,but,do,enjoy,and,merry,x'mas
normal,2021,yes,how,is,a,pretty,lady,like,you,single
normal,2022,what,todaysundaysunday,is,holidayso,no,work
normal,2019,goodnighttake,carepractice,going,on
normal,2012,i'll,be,late
normal,2014,i've,not,called,you,in,a,while,this,is,hoping,it,was,later,malaria,and,that,you,know,that,we,miss,you,guys,i,miss,bani,big,so,please,give,her,my,love,especially,have,a,great,day
normal,2014,good,afternoon,my,love,how,goes,that,day,i,hope,maybe,you,got,some,leads,on,a,job,i,think,of,you,boy,toy,and,send,you,a,passionate,kiss,from,across,the,sea
normal,2021,probably,gonna,be,here,for,a,while,see,you,later,tonight,lt
normal,2022,or,maybe,my,fate,fingers,just,press,all,these,buttons,and,it,doesn't,know,what,to,do
normal,2023,ummmmmaah,many,many,happy,returns,of,the,day,my,dear,sweet,heart,happy,birthday,dear
normal,2023,i,am,in,tirupur,once,you,started,from,office,call,me
normal,2021,but,i,am,going,to,college,pa,what,to,do,are,else,ill,come,there,it,self,pa
normal,2024,4,o'clock,at,mine,just,to,bash,out,a,flat,plan
normal,2018,this,girl,does,not,stay,in,bed,this,girl,doesn't,need,recovery,time,i,would,rather,pass,out,while,having,fun,then,be,cooped,up,in,bed
normal,2011,then,any,special,there
normal,2018,i,know,but,you,need,to,get,hotel,now,i,just,got,my,invitation,but,i,had,to,apologise,cali,is,to,sweet,for,me,to,come,to,some,english,bloke's,weddin
normal,2017,sorry,that,took,so,long,omw,now
normal,2018,wait,ltgt,min
normal,2018,ok,give,me,5,minutes,i,think,i,see,her,btw,you're,my,alibi,you,were,cutting,my,hair,the,whole,time
normal,2014,imagine,you,finally,get,to,sink,into,that,bath,after,i,have,put,you,through,your,paces,maybe,even,having,you,eat,me,for,a,while,before,i,left,but,also,imagine,the,feel,of,that,cage,on,your,cock,surrounded,by,the,bath,water,reminding,you,always,who,owns,you,enjoy,my,cuck
normal,2023,hurry,up,i've,been,weeddeficient,for,like,three,days
normal,2019,sure,if,i,get,an,acknowledgement,from,you,that,it's,astoundingly,tactless,and,generally,faggy,to,demand,a,blood,oath,fo
normal,2014,ok,every,night,take,a,warm,bath,drink,a,cup,of,milk,and,you'll,see,a,work,of,magic,you,still,need,to,loose,weight,just,so,that,you,know
normal,2019,ill,have,a,look,at,the,frying,pan,in,case,its,cheap,or,a,book,perhaps,no,thats,silly,a,frying,pan,isnt,likely,to,be,a,book
normal,2014,o,well,you,have,causes,mutations,sunscreen,is,like,essential,thesedays
normal,2017,having,lunchyou,are,not,in,onlinewhy
normal,2025,i,know,that,my,friend,already,told,that
normal,2016,hi,princess,thank,you,for,the,pictures,you,are,very,pretty,how,are,you
normal,2011,aiyo,you,always,see,our,example,one,i,don't,about,me,she,haven,reply,first,time,u,reply,so,fast,y,so,lucky,not,workin,huh,got,bao,by,ur,sugardad,ahgee
normal,2025,hi,message,mei'm,in,office
normal,2019,thanks,for,e,brownie,it's,very,nice
normal,2019,geeeee,i,love,you,so,much,i,can,barely,stand,it
normal,2017,fuck,babe,i,miss,you,already,you,know,can't,you,let,me,send,you,some,money,towards,your,net,i,need,you,i,want,you,i,crave,you
normal,2022,i,will,call,you,tommarow,at,ninish,with,my,address,that,icky,american,freek,won't,stop,callin,me,to,bad,jen,k,eh
normal,2011,oooh,bed,ridden,eye,what,are,you,thinking,of
normal,2018,so,anyways,you,can,just,go,to,your,gym,or,whatever,my,love,smiles,i,hope,your,ok,and,having,a,good,day,babe,i,miss,you,so,much,already
normal,2015,love,it,daddy,will,make,you,scream,with,pleasure,i,am,going,to,slap,your,ass,with,my,dick
normal,2019,would,you,wanna,do,then,missy
normal,2021,yar,lor,wait,for,my,mum,to,finish,such,then,have,lunch,lor,i,whole,morning,stay,at,home,clean,my,room,now,my,room,quite,clean,hee
normal,2023,do,you,know,where,my,lab,goggles,went
normal,2016,can,you,open,the,door
normal,2018,waiting,for,your,call
normal,2024,nope,i,waiting,in,such,for,daddy
normal,2013,i'm,tired,of,arguing,with,you,about,this,week,after,week,do,what,you,want,and,from,now,on,i'll,do,the,same
normal,2012,you,wait,for,me,in,such,i,finish,ard
normal,2021,arraneged,marriage,is,while,you,are,walking,unfortuntly,a,snake,bites,you,but,love,marriage,is,dancing,in,front,of,the,snake,amp,sayin,bite,me,bite,me
normal,2012,huh,so,early,then,you,having,dinner,outside,izzit
normal,2022,ok,anyway,no,need,to,change,with,what,you,said
normal,2017,my,exwife,was,not,able,to,have,kids,do,you,want,kids,one,day
normal,2019,so,how's,scotland,hope,you,are,not,over,showing,your,jjc,tendencies,take,care,live,the,dream
normal,2017,tell,them,you,have,a,headache,and,just,want,to,use,1,hour,of,sick,time
normal,2018,i,don't,think,i'll,quit,yet,hmmm,can,go,jazz,yogasana,oso,can,we,can,go,meet,em,after,our,lessons,den
normal,2021,pete,can,you,please,ring,meive,hardly,gotany,credit
normal,2014,ya,srsly,better,than,yi,tho
normal,2018,i'm,in,a,meeting,call,me,later,at
normal,2018,you,still,at,grand,prefix
normal,2024,i,met,you,as,a,stranger,and,choose,you,as,my,friend,as,long,as,the,world,stands,our,friendship,never,ends,lets,be,friends,forever,good,night
normal,2014,i,am,great,how,are,you
normal,2024,good,morning,dear,have,a,nice,day
normal,2020,will,do,was,exhausted,on,train,this,morning,too,much,wine,and,pie,you,sleep,well,too
normal,2020,i'm,going,out,to,buy,mum's,present,ar
normal,2025,mind,blastin,no,more,tsunamis,will,occur,from,now,on,rajnikant,stopped,swimming,in,indian,oceand
normal,2018,if,you,sending,her,home,first,it's,ok,lor,i'm,not,ready,yet
normal,2025,be,happy,there,i,will,come,after,noon
normal,2014,meet,after,lunch,la
normal,2013,take,care,and,get,well,soon
normal,2025,what,i,meant,to,say,is,can't,wait,to,see,you,again,getting,bored,of,this,bridgwater,banter
normal,2021,never,mind,it's,ok
normal,2022,it's,fine,imma,get,a,drink,or,something,want,me,to,come,find,you
normal,2020,it's,a,valentine,game,send,this,message,to,all,your,friends,if,5,answers,are,the,same,then,someone,really,loves,you,question,which,colour,suits,me,the,bestreply,me
normal,2018,i,have,many,dependents
normal,2020,thanks,today,cere,it,was,nice,to,catch,up,but,we,ave,to,find,more,time,more,often,oh,well,take,care,see,you,soon
normal,2019,i,called,and,said,all,to,himthen,he,have,to,choose,this,future
normal,2023,happy,valentines,day,i,know,its,early,but,i,have,hundreds,of,handsomes,and,beauties,to,wish,so,i,thought,to,finish,off,aunties,and,uncles,1st
normal,2021,he,like,not,v,shock,leh,becouse,telling,shuhui,is,like,telling,leona,also,like,date,almost,all,know,liao,he,got,ask,me,about,your,reaction,lor
normal,2013,for,my,family,happiness
normal,2024,i,come,n,pick,you,up,come,out,immediately,after,your,lesson
normal,2020,let,there,be,snow,let,there,be,snow,this,kind,of,weather,brings,people,together,so,friendships,can,grow
normal,2019,dear,we,got,ltgt,dollars,hi,hi
normal,2012,good,words,but,words,may,leave,you,in,dismay,many,times
normal,2021,make,sure,alex,knows,his,birthday,is,over,in,fifteen,minutes,as,far,as,you're,concerned
normal,2020,sorry,no,have,got,few,things,to,do,may,be,in,public,later
normal,2015,nah,it's,straight,if,you,can,just,bring,but,or,drinks,or,something,that's,actually,a,little,more,useful,than,straight,cash
normal,2017,haha,good,to,hear,i'm,officially,paid,and,on,the,market,for,an,8th
normal,2020,how,many,licks,does,it,take,to,get,to,the,center,of,a,tootsie,pop
normal,2022,yup,i,think,they,are,a,teacher,said,that,will,make,my,face,look,longer,darren,ask,me,not,2,cut,too,short
normal,2023,please,don't,say,like,that,hi,hi,hi
normal,2015,thank,you
normal,2017,oh,that,was,a,forwarded,message,i,thought,you,send,that,to,me
normal,2013,got,it,seventeen,pounds,for,seven,hundred,ml,hope,ok
normal,2017,me,and,him,so,funny
normal,2024,sweetheart,hope,you,are,not,having,that,kind,of,day,have,one,with,loads,of,reasons,to,smile,biola
normal,2021,when,you,login,date,time,dad,fetching,you,home,now
normal,2014,what,will,we,do,in,the,shower,baby
normal,2025,i,had,askd,u,a,question,some,hours,before,its,answer
normal,2022,well,i,am,definitely,need,to,restock,before,thanksgiving,i'll,let,you,know,when,i'm,out
normal,2025,said,kiss,kiss,i,can't,do,the,sound,effects,he,is,a,gorgeous,man,isn't,he,kind,of,person,who,needs,a,smile,to,brighten,his,day
normal,2025,probably,gonna,swing,by,in,a,wee,bit
normal,2016,ya,very,nice,be,ready,on,thursday
normal,2025,allo,we,have,braved,the,buses,and,taken,on,the,trains,and,triumphed,i,mean,were,in,bham,have,a,jolly,good,rest,of,week
normal,2014,watching,cartoon,listening,music,amp,at,eve,had,to,go,temple,amp,church,what,about,you
normal,2020,do,you,mind,if,i,ask,what,happened,you,don't,have,to,say,if,it,is,uncomfortable
normal,2025,no,problem,i,will,send,to,your,email
normal,2025,thats,cool,sometimes,slow,and,gentle,sometimes,rough,and,hard
normal,2024,i'm,gonna,say,no,sorry,i,would,but,as,normal,am,starting,to,panic,about,time,sorry,again,are,you,seeing,on,tuesday
normal,2024,wait,do,you,know,if,wesleys,in,town,i,bet,she,does,hella,drugs
normal,2014,fine,i,miss,you,very,much
normal,2016,did,you,got,that,persons,story
normal,2022,tell,them,the,drug,dealer's,getting,impatient
normal,2024,sun,can't,come,to,earth,but,send,l,as,rays,cloud,can't,come,to,river,but,send,luv,as,rain,i,can't,come,to,meet,you,but,can,send,my,care,as,message,to,you,good,evning
normal,2015,you,will,be,in,the,place,of,that,man
normal,2019,it,doesn't,make,sense,to,take,it,there,unless,its,free,if,you,need,to,know,more,wikipediacom
normal,2022,under,the,sea,there,lays,a,rock,in,the,rock,there,is,an,envelope,in,the,envelope,there,is,a,paper,on,the,paper,there,are,3,words
normal,2019,then,mum's,repent,how
normal,2022,sorry,me,going,home,first,daddy,come,fetch,you,later
normal,2011,leave,it,de,start,prepare,for,next
normal,2023,yes,baby,we,can,study,all,the,positions,of,the,kama,sutra
normal,2017,en,chikku,nange,bakra,msg,kalstiyathen,had,teacoffee
normal,2016,carlos'll,be,here,in,a,minute,if,you,still,need,to,buy
normal,2024,this,pay,is,ltdecimalgt,lakhs
normal,2025,have,a,good,evening,title
normal,2023,did,you,receive,my,message
normal,2024,ho,ho,big,belly,laugh,see,ya,tomorrow
normal,2021,ditto,and,you,won't,have,to,worry,about,me,saying,anything,to,you,anymore,like,i,said,last,night,you,do,whatever,you,want,and,i'll,do,the,same,peace
normal,2018,i've,got,ltgt,any,way,i,could,pick,up
normal,2023,i,don't,know,pa,i,just,drink,milk
normal,2014,may,be,say,hi,to,and,find,out,if,got,his,card,great,escape,or,wetherspoons
normal,2018,piggy,are,you,awake,i,bet,you,are,still,sleeping,i'm,going,for,lunch,now
normal,2017,cause,i'm,not,freaky,lol
normal,2011,missed,your,call,cause,i,was,yelling,at,scrappy,miss,you,can't,wait,for,you,to,come,home,i'm,so,lonely,today
normal,2020,what,is,this,hex,place,you,talk,of,explain
normal,2012,you,log,off,for,what,it's,sdryb8i
normal,2018,is,xy,going,for,lunch
normal,2014,i,wanted,to,ask,ü,to,wait,4,me,to,finish,lect,because,my,lecture,finishes,in,an,hour,anyway
normal,2013,have,you,finished,work,yet
normal,2018,every,king,was,once,a,crying,baby,and,every,great,building,was,once,a,map,not,imprtant,where,u,r,today,but,where,u,wil,reach,tomorw,gud,ni8
normal,2017,dearme,at,cherthalain,case,you,are,coming,cochin,please,call,before,you,starti,shall,also,reach,accordinglyor,tell,me,which,day,you,are,comingtommorow,i,am,engaged,ans,its,holiday
normal,2012,thanks,love,but,am,i,doing,torch,or,bold
normal,2011,was,the,farm,open
normal,2022,sorry,to,trouble,you,again,can,buy,4d,for,my,dad,again
normal,2015,my,sister,in,law,hope,you,are,having,a,great,month,just,saying,hey,abiola
normal,2018,will,purchase,stuff,today,and,mail,to,you,do,you,have,a,po,box,number
normal,2021,ah,poop,looks,like,ill,prob,have,to,send,in,my,laptop,to,get,fixed,because,it,has,a,gpu,problem
normal,2020,good,good,job,i,like,entrepreneurs
normal,2021,aight,you,close,by,or,still,down,around,alex's,place
normal,2019,meet,you,in,corporation,st,outside,gap,you,can,see,how,my,mind,is,working
normal,2024,mum,ask,you,to,buy,food,home
normal,2023,okyou,also,don't,message,or,reply,to,his,message
normal,2012,how,much,you,are,willing,to,pay
normal,2015,what,is,important,is,that,you,prevent,dehydration,by,giving,her,enough,fluids
normal,2021,thats,a,bit,weird,even,where,is,the,do,supposed,to,be,happening,but,good,idea,sure,they,will,be,in,pub
normal,2015,true,deari,sat,to,pray,evening,and,felt,soso,i,sms'd,you,in,some,time
normal,2017,i,don't,think,i,can,get,away,for,a,trek,that,long,with,family,in,town,sorry
normal,2011,so,when,do,you,wanna,gym,harri
normal,2016,quite,late,lar,ard,12,anyway,i,would,not,driving
normal,2022,it,just,seems,like,weird,timing,that,the,night,that,all,you,and,g,want,is,for,me,to,come,smoke,is,the,same,day,as,when,a,shitstorm,is,attributed,to,me,always,coming,over,and,making,everyone,smoke
normal,2014,he,also,knows,about,lunch,menu,only,da,i,know
normal,2012,when,i,have,stuff,to,sell,i,will,tell,you
normal,2022,book,which,lesson,then,you,message,me,i,will,call,up,after,work,or,sth,i'm,going,to,get,specs,my,membership,is,px3748
normal,2021,macha,dont,feel,upseti,can,assume,your,mindsetbelieve,me,one,evening,with,me,and,i,have,some,wonderful,plans,for,both,of,uslet,life,begin,againcall,me,anytime
normal,2020,oh,is,it,send,me,the,address
normal,2013,it's,fine,anytime,all,the,best,with,it
normal,2024,that,is,wondar,full,flim
normal,2020,ya,even,those,cookies,have,jelly,on,them
normal,2017,the,world,is,running,and,i,am,stillmaybe,all,are,feeling,the,sameso,be,itor,i,have,to,admiti,am,madthen,where,is,the,correction,or,let,me,call,this,is,lifeand,keep,running,with,the,worldmay,be,u,r,also,runninglets,run
normal,2021,got,it,it,looks,scrumptious,daddy,wants,to,eat,you,all,night,long
normal,2020,of,ourse,can,learn,i'm,not,so,ba,dao,ok,1,pm,lor,why,you,never,ask,where,we,go,ah,i,said,you,would,ask,on,fri,but,he,said,you,will,ask,today
normal,2022,alright,omw,gotta,change,my,order,to,a,half8th
normal,2025,exactly,anyways,how,far,is,jide,her,to,study,or,just,visiting
normal,2016,dunno,why,you,ask,me
normal,2016,no,he,didn't,spring,is,coming,early,yay
normal,2020,lol,you,won't,feel,bad,when,i,use,her,money,to,take,you,out,to,a,steak,dinner
normal,2018,even,you,don't,get,in,trouble,while,convincingjust,tell,him,once,or,twice,and,just,tell,neglect,his,msgs,don't,see,and,read,itjust,don't,reply
normal,2016,leaving,to,qatar,tonite,in,search,of,an,opportunityall,went,fastplease,add,me,in,your,prayers,dearrakhesh
normal,2025,then,why,no,one,talking,to,me
normal,2019,thanks,for,looking,out,for,me,i,really,appreciate
normal,2011,wish,i,were,with,you,now
normal,2021,haha,may,be,you,are,right,you,know,me,well,the,feeling,of,being,liked,by,someone,is,good,lor,you,faster,go,find,one,then,all,gals,in,our,group,attached,liao
normal,2014,yes,i,will,be,there,glad,you,made,it
normal,2022,do,well,all,will,for,little,time,thing,of,good,times,ahead
normal,2020,just,got,up,have,to,be,out,of,the,room,very,soon,i,hadn't,put,the,clocks,back,till,at,8,i,shouted,at,everyone,to,get,up,and,then,realised,it,was,7,wahay,another,hour,in,bed
normal,2024,ok,there,may,be,a,free,gym,about
normal,2025,men,like,shorter,ladies,gaze,up,into,his,eyes
normal,2025,dunno,he,just,say,go,lido,same,time,930
normal,2025,i,promise,to,take,good,care,of,you,princess,i,have,to,run,now,please,send,pics,when,you,get,a,chance,title
normal,2017,don't,give,me,that,lip,caveboy
normal,2023,when,did,you,get,to,the,library
normal,2017,realy,sorryi,don't,recognise,this,number,and,am,now,confused,who,are,you,please
normal,2025,so,why,did,not,you,holla
normal,2023,can't,think,of,anyone,with,spare,room,off,top,of,my,head
normal,2024,faith,makes,things,possiblehope,makes,things,worklove,makes,things,beautifulmay,you,have,all,three,this,christmasmerry,christmas
normal,2015,you,should,have,made,an,appointment
normal,2016,call,me,when,youcarlos,isare,here,my,phone's,vibrate,is,acting,up,and,i,might,not,hear,texts
normal,2018,we,are,at,grandmas,oh,dear,you,still,ill,i,felt,shit,this,morning,but,i,think,i,am,just,hungover,another,night,then,we,leave,on,sat
normal,2023,nothing,but,we,jus,tot,u,would,ask,cos,u,ba,gua,but,we,went,mt,faber,yest,yest,jus,went,out,already,mah,so,today,not,going,out,jus,call,lor
normal,2018,wishing,you,and,your,family,merry,x,mas,and,happy,new,year,in,advance
normal,2024,i'm,not,goin,got,somethin,on,unless,they,meetin,4,dinner,lor,haha,i,wonder,who,will,go,this,time
normal,2024,sorry,i'll,call,later
normal,2025,i,can't,pick,the,phone,right,now,please,send,a,message
normal,2015,lol,i,know,they're,so,dramatic,schools,already,closed,for,tomorrow,apparently,we,can't,drive,in,the,inch,of,snow,were,supposed,to,get
normal,2023,not,getting,anywhere,with,this,damn,job,hunting,over,here
normal,2023,lol,you,drunkard,just,doing,my,hair,at,the,moment,yeah,still,up,4,to,night,what's,the,plan
normal,2025,idc,get,over,here,you,are,not,weaseling,your,way,out,of,this,shit,twice,in,a,row
normal,2016,i,will,be,there,with,in,ltgt,minutes,got,any,space
normal,2022,just,sleepingand,surfing
normal,2020,thanks,for,picking,up,the,trash
normal,2018,why,don't,you,go,tell,your,friend,you're,not,sure,you,want,to,live,with,him,because,he,smokes,too,much,then,spend,hours,begging,him,to,come,smoke
normal,2016,hi,its,kate,it,was,lovely,to,see,you,tonight,and,ill,phone,you,tomorrow,i,got,to,sing,and,a,guy,gave,me,his,card,xxx
normal,2023,happy,new,year,my,dear,brother,i,really,do,miss,you,just,got,your,number,and,decided,to,send,you,this,text,wishing,you,only,happiness,abiola
normal,2014,that,means,get,the,door
normal,2014,your,opinion,about,me,1,over,2,jada,3,kusruthi,4,lovable,5,silent,6,spl,character,7,not,matured,8,stylish,9,simple,pls,reply
normal,2023,hmmm,i,thought,we,said,2,hours,slave,not,3,you,are,late,how,should,i,punish,you
normal,2021,beerage
normal,2016,don't,think,so,it,turns,off,like,randomlly,within,5min,of,opening
normal,2016,she,was,supposed,to,be,but,couldn't,make,it,she's,still,in,town,though
normal,2017,it,does,it,on,its,own,most,of,the,time,it,fixes,my,spelling,but,sometimes,it,gets,a,completely,diff,word,go,figure
normal,2019,good,morning,dear,have,a,nice,day
normal,2017,this,is,hoping,you,enjoyed,your,game,yesterday,sorry,i've,not,been,in,touch,but,please,know,that,you,are,fondly,being,those,off,have,a,great,week,abiola
normal,2023,all,the,best,for,you,driving,tomorrow
normal,2013,why,where,you,at,dogbreath,its,just,sounding,like,jan,c,thats,al
normal,2018,omg,i,want,to,scream,i,weighed,myself,and,i,lost,more,weight,woohoo
normal,2019,there,generally,isn't,one,it's,an,uncountable,noun,you,in,the,dictionary,pieces,of,research
normal,2011,it's,really,getting,me,down,just,hanging,around
normal,2018,petey,boy,whereare,you,me,and,all,your,friendsare,in,thekingshead,come,down,if,you,canlove,nic
normal,2022,ok,i,message,you,before,i,leave,my,house
normal,2021,gimme,a,few,was,ltgt,minutes,ago
normal,2022,appt,is,at,lttimegt,am,not,my,fault,you,don't,listen,i,told,you,twice
normal,2015,ok,i'll,be,there,before,4
normal,2016,i,would,third,its,very,important
normal,2016,sure,but,make,sure,he,knows,we,aim't,smoking,yet
normal,2025,you,always,work,just,quit
normal,2023,i,am,taking,half,day,leave,become,i,am,not,well
normal,2022,i,don't,wanna,get,out,of,bed,it's,so,warm
normal,2017,ssnervous,ltgt
normal,2024,so,there's,a,ring,that,comes,with,the,guys,costumes,it's,there,so,they,can,gift,their,future,yowifes,hint,hint
normal,2018,i,borrow,your,bag,ok
normal,2024,where's,my,boytoy,i,miss,you,what,happened
normal,2018,he,has,lots,of,used,ones,babe,but,the,model,doesn't,help,you,have,to,bring,it,over,and,he'll,match,it,up
normal,2011,also,are,you,bringing,galileo,or,dobby
normal,2022,then,why,you,not,responding
normal,2019,boo,babe,you,enjoying,yourjob,you,seemed,to,be,gettin,on,well,hunnyhope,you,are,oktake,care,illspeak,to,you,soonlots,of,loveme,xxxx
normal,2022,good,afternoon,starshine,how's,my,boytoy,does,he,crave,me,yet,ache,to,fuck,me,sips,cappuccino,i,miss,you,babe,teasing,kiss
normal,2011,on,the,road,so,can't,text
normal,2020,smsservices,for,your,inclusive,text,credits,please,goto,wwwcomuknet,login,3qxj9,unsubscribe,with,stop,no,extra,charge
normal,2021,hmm,bits,and,pieces,lol,sighs
normal,2018,hahahause,your,brain,dear
normal,2021,hey,you,got,any,mail
normal,2015,sorry,light,turned,green,i,meant,another,friend,wanted,ltgt,worth,but,he,may,not,be,around
normal,2011,thanks,for,yesterday,sir,you,have,been,wonderful,hope,you,enjoyed,the,burial,mojibiola
normal,2021,hi,mate,its,rv,did,you,hav,a,nice,hol,just,a,message,3,say,hello,becose,haven't,sent,you,one,in,ages,started,driving,so,stay,off,roads
normal,2024,thank,you,so,much,when,we,skyped,with,koz,and,sura,we,didn't,get,the,pleasure,of,your,company,hope,you,are,good,we've,given,you,ultimatum,oh,we,are,countinue,down,to,aburo,enjoy,this,is,the,message,i,sent,days,ago
normal,2024,good,morning,my,dear,have,a,great,amp,successful,day
normal,2022,sir,i,have,been,late,in,paying,rent,for,the,past,few,months,and,had,to,pay,a,ltgt,charge,i,felt,it,would,be,inconsiderate,of,me,to,nag,about,something,you,give,at,great,cost,to,yourself,and,that's,why,i,didnt,speak,up,i,however,am,in,a,recession,and,wont,be,able,to,pay,the,charge,this,month,hence,my,askin,well,ahead,of,month's,end,can,you,please,help,thanks
normal,2019,i,love,you,soo,much,you,don't,understand,how,special,you,are,to,me,ring,you,tomorrow,love,you
normal,2017,please,send,me,a,comprehensive,mail,about,who,i'm,paying,when,and,how,much
normal,2020,our,prashanthettan's,mother,passed,away,last,night,pray,for,her,and,family
normal,2021,ok,when,are,you,going
normal,2020,meanwhile,in,the,shit,suite,xavier,decided,to,give,us,ltgt,seconds,of,warning,that,samantha,was,coming,over,and,is,playing,jay's,guitar,to,impress,her,or,some,shit,also,i,don't,think,doug,realizes,i,don't,live,here,anymore
normal,2023,my,stomach,has,been,thru,so,much,trauma,i,swear,i,just,can't,eat,i,better,lose,weight
normal,2022,i,am,in,officewhats,the,mattermsg,me,nowi,will,call,you,at,break
normal,2016,yeah,there's,barely,enough,room,for,the,two,of,us,x,has,too,many,fucking,shoes,sorry,man,see,you,later
normal,2012,you,reach,orchard,already,you,want,to,go,buy,tickets,first
normal,2019,i,am,real,baby,i,want,to,bring,out,your,inner,tigress
normal,2020,no,da,if,you,run,that,it,activate,the,full,version,da
normal,2016,ah,poor,babyhope,urfeeling,bettersn,luv,probthat,overdose,of,work,hey,go,careful,speak,to,you,lots,of,lovejen,xxx
normal,2022,stop,the,story,i've,told,him,i've,returned,it,and,he's,saying,i,should,not,re,order,it
normal,2025,going,to,take,your,babe,out
normal,2022,hai,ana,tomarrow,am,coming,on,morning,ltdecimalgt,will,be,there,in,sathy,then,we,will,go,to,rto,office,reply,me,after,came,to,home
normal,2014,spoons,it,is,then,okay
normal,2019,did,he,just,say,somebody,is,named,tampa
normal,2015,in,work,now,going,have,in,few,min
normal,2014,your,brother,is,a,genius
normal,2021,sorry,i,guess,whenever,i,can,get,a,hold,of,my,connections,maybe,an,hour,or,two,i'll,text,you
normal,2021,did,you,find,out,what,time,the,bus,is,at,coz,i,need,to,sort,some,stuff,out
normal,2025,dude,i,have,been,seeing,a,lotta,corvettes,lately
normal,2025,congratulations,your,awarded,either,a,years,supply,of,cds,from,virgin,records,or,a,mystery,gift,guaranteed,call,09061104283,tscs,wwwsmsconet,150pm,approx,3mins
normal,2022,same,here,but,i,consider,walls,and,bunkers,and,shit,important,just,because,i,never,play,on,peaceful,but,i,guess,your,place,is,high,enough,that,it,don't,matter
normal,2019,well,am,officially,in,a,philosophical,hole,so,if,you,wanna,call,am,at,home,ready,to,be,saved
normal,2011,its,going,goodno,problembut,still,need,little,experience,to,understand,american,customer,voice
normal,2013,i'll,text,you,when,i,drop,off
normal,2016,ugh,its,been,a,long,day,i'm,exhausted,just,want,to,cuddle,up,and,take,a,nap
normal,2014,talk,with,yourself,atleast,once,in,a,day,otherwise,you,will,miss,your,best,friend,in,this,world,shakespeare,shesil,ltgt
normal,2015,are,you,in,castor,you,need,to,see,something
normal,2022,see,i,knew,giving,you,a,break,a,few,times,woul,lead,to,you,always,wanting,to,miss,curfew,i,was,gonna,gibe,you,til,one,but,a,midnight,movie,is,not,gonna,get,out,til,after,2,you,need,to,come,home,you,need,to,getsleep,and,if,anything,you,need,to,b,studdying,ear,training
normal,2015,i,love,to,give,massages,i,use,lots,of,baby,oil,what,is,your,fave,position
normal,2014,dude,we,should,go,sup,again
normal,2011,yoyyooo,you,know,how,to,change,permissions,for,a,drive,in,mac,my,usb,flash,drive
normal,2025,gibbs,unsoldmike,hussey
normal,2017,i,like,to,talk,pa,but,am,not,able,to,i,dont,know,y
normal,2013,y,dun,cut,too,short,leh,you,done,like,ah,she,failed,she's,quite,sad
normal,2018,you,unbelievable,faglord
normal,2022,wifehow,she,knew,the,time,of,murder,exactly
normal,2018,why,do,you,ask,princess
normal,2016,i,am,great,princess,what,are,you,thinking,about,me
normal,2025,nutter,cutter,ctter,cttergg,cttargg,ctargg,ctagg,ie,you
normal,2012,it's,ok,i,know,you,are,busy,but,i'm,really,too,bored,so,i,messsge,you,i,do,you,know,what,colour,she,choose,for,me,one
normal,2024,doesn't,g,have,class,early,tomorrow,and,thus,shouldn't,be,trying,to,smoke,at,ltgt
normal,2019,superb,thought,be,grateful,that,you,dont,have,everything,you,want,that,means,you,still,have,an,opportunity,to,be,happier,tomorrow,than,you,are,today
normal,2016,hope,you,are,having,a,good,week,just,checking,in
normal,2023,i'm,used,to,it,i,just,hope,my,agents,don't,drop,me,since,i've,only,booked,a,few,things,this,year,this,whole,me,in,boston,them,in,nyc,was,an,experiment
normal,2016,thursday,night,yeah,sure,thing,we'll,work,it,out,then
normal,2015,probably,money,worries,things,are,coming,due,and,i,have,several,outstanding,invoices,for,work,i,did,two,and,three,months,ago
normal,2013,how,is,it,possible,to,teach,you,and,where
normal,2024,i,wonder,if,your,phone,battery,went,dead,i,had,to,tell,you,i,love,you,babe
normal,2025,lovely,smell,on,this,bus,and,it,ain't,tobacco
normal,2015,we're,all,getting,worried,over,here,derek,and,taylor,have,already,assumed,the,worst
normal,2016,hey,what's,up,charles,sorry,about,the,late,reply
normal,2025,ill,give,her,once,i,have,it,plus,she,said,grinule,greet,you,whenever,we,speak
normal,2017,white,fudge,oreos,are,in,stores
normal,2017,my,love,how,come,it,took,you,so,long,to,leave,for,zaher's,i,got,your,words,on,ym,and,was,happy,to,see,them,but,was,sad,you,had,left,i,miss,you
normal,2015,i,am,sorry,it,hurt,you
normal,2016,can't,i,feel,nauseous,i'm,so,pissed,i,didn't,eat,any,sweets,all,week,cause,today,i,was,planning,to,pig,out,i,was,dieting,all,week,and,now,i'm,not,hungry
normal,2025,ok,lor,but,not,too,early,me,still,having,project,meeting,now
normal,2019,call,me,i,am,waiting,for,your,call
normal,2015,i,could,ask,carlos,if,we,could,get,more,if,anybody,else,can,chip,in
normal,2024,was,actually,about,to,send,you,a,reminder,today,have,a,wonderful,weekend
normal,2019,when,people,see,my,messages,they,think,i,am,addicted,to,messaging,they,are,wrong,because,they,don't,know,that,i,am,addicted,to,my,sweet,friends,bslvyl
normal,2022,hey,you,gave,them,your,photo,when,you,registered,for,driving,ah,tomorraw,wanna,meet,at,yck
normal,2018,dont,talk,to,him,ever,ok,its,my,word
normal,2024,when,you,wana,see,it,then
normal,2018,on,ma,way,to,school,can,you,please,send,me,ashley's,number
normal,2023,it,shall,be,fine,i,have,available,now,will,hollalater
normal,2013,she,went,to,attend,another,two,rounds,todaybut,still,did't,reach,home
normal,2024,actually,i,deleted,my,old,websitenow,i,am,blogging,at,magicalsongsblogspotcom
normal,2023,ok,wait,chikku,will,send,after,ltgt,mins
normal,2024,but,i'm,on,a,diet,and,i,ate,1,too,many,slices,of,pizza,yesterday,ugh,i'm,always,on,a,diet
normal,2023,ki,will,give,my,kvb,acc,details
normal,2017,oh,all,have,to,come,ah
normal,2018,i'm,really,sorry,i,won't,b,able,to,do,this,fridayhope,you,can,find,an,alternativehope,your,term's,going,ok
normal,2022,congratulations,ore,mo,owo,re,wa,enjoy,it,and,i,wish,you,many,happy,moments,to,and,fro,wherever,you,go
normal,2017,so,do,you,have,samus,shoulders,yet
normal,2022,what,time,you,think,you'll,have,it,need,to,know,when,i,should,be,near,campus
normal,2021,then,dun,wear,jeans,lor
normal,2016,since,when,which,side,any,fever,any,vomitin
normal,2025,okare,you,in,college
normal,2016,better,made,up,for,friday,and,stuffed,myself,like,a,pig,yesterday,now,i,feel,bleh,but,at,least,its,not,writhing,pain,kind,of,bleh
normal,2021,no,we,sell,it,all,so,we'll,have,tons,if,coins,then,sell,our,coins,to,someone,through,paypal,voila,money,back,in,life,pockets
normal,2019,they,are,doing,it,to,lots,of,places,only,hospitals,and,medical,places,are,safe
normal,2023,and,also,i've,sorta,blown,him,off,a,couple,times,recently,so,id,rather,not,text,him,out,of,the,blue,looking,for,weed
normal,2022,i,sent,my,scores,to,sophas,and,i,had,to,do,secondary,application,for,a,few,schools,i,think,if,you,are,thinking,of,applying,do,a,research,on,cost,also,contact,joke,ogunrinde,her,school,is,one,me,the,less,expensive,ones
normal,2018,i,cant,wait,to,see,you,how,were,the,photos,were,useful
normal,2016,hey,i,booked,the,cab,on,saturday,already,what,other,lessons,are,we,going,for,ah,keep,your,sat,night,free,we,need,to,meet,and,confirm,our,lodging
normal,2018,check,in,your,beloved,dict
normal,2023,is,that,what,time,you,want,me,to,come
normal,2015,awesome,lemme,know,whenever,you're,around
normal,2025,beautiful,truth,against,gravity,read,carefully,our,heart,feels,light,when,someone,is,in,it,but,it,feels,very,heavy,when,someone,leaves,it,good,night
normal,2020,also,remember,to,get,dobby's,bowl,from,your,car
normal,2020,sorry,i,now,then,see,you,message,yar,lor,so,poor,thing,but,only,for,one,night,tomarrow,you'll,have,a,brand,new,room,to,sleep,in
normal,2024,love,isn't,a,decision,it's,a,feeling,if,we,could,decide,who,to,love,then,life,would,be,much,simpler,but,then,less,magical
normal,2014,welp,apparently,he,retired
normal,2021,my,sort,code,is,and,account,number,is,the,bank,is,natwest,can,you,reply,to,confirm,i've,sent,this,to,the,right,person
normal,2017,you,sure,you,can't,take,any,sick,time
normal,2018,watching,cartoon,listening,music,amp,at,eve,had,to,go,temple,amp,church,what,about,u
normal,2012,yo,chad,which,gymnastics,class,do,you,wanna,take,the,site,says,christians,class,is,full
normal,2020,are,you,this,much,buzy
normal,2025,or,better,still,can,you,catch,her,and,let,ask,her,if,she,can,sell,ltgt,for,me
normal,2020,i,am,not,sure,about,night,menu,i,know,only,about,noon,menu
normal,2025,what,do,u,want,when,i,come,backa,beautiful,necklace,as,a,token,of,my,heart,for,youthats,what,i,will,give,but,only,to,my,wife,of,my,likingbe,that,and,seeno,one,can,give,you,thatdont,call,mei,will,wait,till,i,come
normal,2017,are,you,willing,to,go,for,aptitude,class
normal,2018,it,won't,be,until,215,as,trying,to,sort,house,out,is,that,ok
normal,2014,yar,lor,he,want,to,go,see,horse,racing,today,mah,so,eat,earlier,lor,i,ate,chicken,rice
normal,2011,haha,awesome,omw,back,now,then
normal,2019,yup,i,think,so,untill,a,shop,closes,lor
normal,2018,eh,you,send,wrongly,lar
normal,2019,hey,no,i,ad,a,crap,nite,was,borin,without,ya,to,boggy,with,me,you,boring,biatch,thanks,but,you,wait,till,nxet,time,i,will,have,ya
normal,2021,ok,i,shall,talk,to,him
normal,2018,don't,hesitate,you,know,this,is,the,second,time,she,has,had,weakness,like,that,so,keep,i,notebook,of,what,she,eat,and,did,the,day,before,or,if,anything,changed,the,day,before,so,that,we,can,be,sure,its,nothing
normal,2016,hey,you,can,pay,with,salary,de,only,ltgt
normal,2016,another,month,i,need,chocolate,weed,and,alcohol
normal,2023,if,he,started,searching,he,will,get,job,in,few,dayshe,have,great,potential,and,talent
normal,2013,look,at,the,fuckin,time,what,the,fuck,you,think,is,up
normal,2023,yo,guess,what,i,just,dropped
normal,2025,carlos,says,he'll,be,at,mu,in,ltgt,minutes
normal,2018,i'm,in,office,now,i,will,call,you,ltgt,min
normal,2014,i,miss,you,already,you,know,your,all,i,can,think,about,fuck,i,can't,wait,till,next,year,when,we,will,be,together,loving,kiss
normal,2014,hi,i,am,having,the,most,relaxing,time,ever,we,have,to,get,up,at,7am,every,day,was,the,party,good,the,other,night,i,get,home,tomorrow,at,5ish
normal,2021,up,to,you,you,want,come,then,come,lor,but,i,did,not,see,any,stripes,skirt
normal,2016,the,xmas,story,is,peace,the,xmas,msg,is,love,the,xmas,miracle,is,jesus,hav,a,blessed,month,ahead,amp,wish,u,merry,xmas
normal,2019,i,can't,i,don't,have,her,number
normal,2016,change,again,it's,a,one,next,to,escalator
normal,2025,yet,understand,i'm,in,class,can,you,not,run,water,on,it,to,make,it,ok,please,now
normal,2024,not,a,lot,has,happened,here,feels,very,quiet,beth,is,at,her,aunts,and,charlie,is,working,lots,just,me,and,helen,in,at,the,mo,how,have,you,been
normal,2012,then,you,wait,for,me,at,bus,stop,aft,ur,lect,lar,if,i,did,not,see,then,i,go,get,my,car,then,come,back,n,pick,you
normal,2024,aight,will,do,thanks,again,for,comin,out
normal,2014,nobut,heard,about
normal,2025,yeshe,is,really,greatbhaji,told,kallis,best,cricketer,after,sachin,in,worldvery,tough,to,get,out
normal,2015,ltgt,am,i,think,should,say,on,syllabus
normal,2014,umma,did,she,say,anything
normal,2022,give,me,a,second,to,think,about,it
normal,2014,i,don't,quite,know,what,to,do,i,still,can't,get,hold,of,anyone,i,could,pick,you,up,bout,730pm,and,we,can,see,if,they're,in,the,pub
normal,2015,dear,heroi,am,leaving,to,qatar,tonite,for,an,apt,opportunityplease,do,keep,in,touch,at,ltemailgt,kerala
normal,2015,lol,i,would,but,my,mom,would,have,a,fit,and,tell,the,whole,family,how,crazy,and,terrible,i,am
normal,2025,i,just,got,home,babe,are,you,still,awake
normal,2014,i,do,not,they,close,oredi,not,you,have,ma,fan
normal,2020,just,buy,a,pizza,meat,lovers,or,supreme,you,get,to,pick
normal,2014,ya,toldshe,was,asking,whats,matter
normal,2025,dearregret,i,could,not,pick,calldrove,down,from,ctla,now,at,cochin,homeleft,mobile,in,carente,style,ishtamayoohappy,bakrid
normal,2025,shall,i,send,that,exe,to,your,mail,id
normal,2016,nope,watching,tv,at,home,not,going,out,v,bored
normal,2020,don't,knowwait,i,will,check,it
normal,2025,good,afternoon,on,this,glorious,anniversary,day,my,sweet,j,i,hope,this,finds,you,happy,and,content,my,prey,i,think,of,you,and,send,a,teasing,kiss,from,across,the,sea,coaxing,images,of,fond,souveniers,you,cougarpen
normal,2011,we,still,on,for,tonight
normal,2015,may,i,call,you,later,please
normal,2022,hasn't,that,been,the,pattern,recently,crap,weekends
normal,2013,i,have,a,sore,throat,it's,scratches,when,i,talk
normal,2012,yes,da,any,plam,at,your,office
normal,2016,are,you,not,around,or,just,still,asleep
normal,2019,lol,you,forgot,it,eh,yes,i'll,bring,it,in,babe
normal,2015,its,good,we'll,find,a,way
normal,2023,can,not,use,foreign,stamps,in,this,country,good,lecture
normal,2014,yup,bathe,liao
normal,2023,happy,new,year,my,no1,man
normal,2022,oh,mr,sheffield,you,wanna,play,that,game,okay,you're,the,boss,and,i'm,the,nanny,you,give,me,a,raise,and,i'll,give,you,one
normal,2016,zoe,it,just,hit,me,2,im,fucking,shitin,myself,il,defo,try,my,hardest,2,cum,2morow,luv,u,millions,lekdog
normal,2015,hello,baby,did,you,get,back,to,your,mom's,are,you,setting,up,the,computer,now,filling,your,belly,how,goes,it,loverboy,i,miss,you,already,sighs
normal,2024,no,my,blankets,are,sufficient,thanks
normal,2024,naughty,little,thought,its,better,to,flirt,flirt,and,flirt,rather,than,loving,someone,and,getting,hurt,hurt,and,hurt,good,night
normal,2016,edison,has,rightly,said,a,fool,can,ask,more,questions,than,a,wise,man,can,answer,now,you,know,why,all,of,us,are,speechless,during,viva
normal,2019,they,just,talking,thats,it,de,they,would,not,any,other
normal,2017,today,am,going,to,college,so,am,not,able,to,attend,the,class
normal,2015,i'm,in,class,will,holla,later
normal,2025,easy,ahsen,got,selected,means,its,good
normal,2014,hmm,thats,better,now,i,got,a,roast,down,me,id,be,better,if,i,had,a,few,drinks,down,me,2,good,indian
normal,2024,come,round,it's
normal,2013,do,one,thing,change,that,sentence,into,because,i,want,to,concentrate,in,my,educational,career,i,am,leaving,here
normal,2022,i,walked,an,hour,to,see,you,doesn't,that,show,i,care,you,would,not,you,believe,i,am,serious
normal,2021,are,you,available,for,soiree,on,june,3rd
normal,2018,do,u,noe,wat,time,e,place,dat,sells,4d,closes
normal,2011,i,got,another,job,the,one,at,the,hospital,doing,data,analysis,or,something,starts,on,monday,not,sure,when,my,thesis,will,got,finished
normal,2024,jay's,getting,really,impatient,and,belligerent
normal,2014,hiya,coming,to,bristol,first,week,in,april,les,got,off,rudi,on,new,yrs,eve,but,i,was,snoringthey,were,drunk,u,bak,at,college,yet,my,work,sends,ink,2,bath
normal,2017,i,am,at,work,please,call
normal,2021,then,you,drive,lor
normal,2020,tell,me,they're,female,how're,you,throwing,in,we're,deciding,what,all,to,get,now
normal,2019,i'm,working,technical,support,voice,processnetworking,field
normal,2017,i,might,come,to,kerala,for,2,daysso,you,can,be,prepared,to,take,a,leave,once,i,finalise,dont,plan,any,travel,during,my,visitneed,to,finish,urgent,works
normal,2016,ok,not,sure,what,time,those,as,not,sure,if,can,get,to,library,before,class,will,try,see,you,at,some,point,have,good,eve
normal,2012,that's,fine,i,will,bitch,at,you,about,it,later,then
normal,2016,no,my,mum,went,2,dentist
normal,2017,once,free,call,me,sir,i,am,waiting,for,you
normal,2022,meeting,you,is,my,work,tell,me,when,shall,i,do,my,work,tomorrow
normal,2014,just,finish,bathing
normal,2024,alright,i'll,make,sure,the,car,is,back,tonight
normal,2023,lul,im,gettin,some,juicy,gossip,at,the,hospital,two,nurses,are,talking,about,how,fat,they,are,gettin,and,one,thinks,shes,obese,oyea
normal,2024,all,right,i,will,get,on,facebook,in,a,couple,minutes
normal,2011,oi,ami,parchi,na,re,kicchu,kaaj,korte,iccha,korche,na,phone,ta,tul,na,plz,plz
normal,2019,where,can,download,clear,movies,dvd,copies
normal,2021,yep,by,the,pretty,sculpture
normal,2023,convey,my,regards,to,him
normal,2021,me,too,watching,surya,movie,only,after,six,pm,vijay,movie,pokkiri
normal,2017,you,tell,what,happen,don't,behave,like,this,to,me,ok,no,need,to,say
normal,2016,can,you,get,picture,message,to,your,phone
normal,2025,send,to,someone,else
normal,2017,what,makes,some,people,dearer,is,not,just,de,happiness,date,you,feel,when,you,meet,them,but,de,pain,you,feel,when,you,miss,dem
normal,2016,for,me,the,love,should,start,with,attractioni,should,feel,that,i,need,her,every,time,around,meshe,should,be,the,first,thing,which,comes,in,my,thoughtsi,would,start,the,day,and,end,it,with,hershe,should,be,there,every,time,i,dreamlove,will,be,then,when,my,every,breath,has,her,namemy,life,should,happen,around,hermy,life,will,be,named,to,heri,would,cry,for,herwill,give,all,my,happiness,and,take,all,her,sorrowsi,will,be,ready,to,fight,with,anyone,for,heri,will,be,in,love,when,i,will,be,doing,the,craziest,things,for,herlove,will,be,when,i,don't,have,to,proove,anyone,that,my,girl,is,the,most,beautiful,lady,on,the,whole,planeti,will,always,be,singing,praises,for,herlove,will,be,when,i,start,up,making,chicken,curry,and,end,up,makiing,sambarlife,will,be,the,most,beautiful,thenwill,get,every,morning,and,thank,god,for,the,day,because,she,is,with,mei,would,like,to,say,a,lotwill,tell,later
normal,2024,fr'ndship,is,like,a,needle,of,a,clock,though,v,r,in,d,same,clock,v,r,nt,able,2,met,evn,if,v,meetitz,only,4few,seconds,bt,v,alwys,stay,conected,gud,9t
normal,2023,i,don't,think,he,has,spatula,hands
normal,2012,you,can,never,do,nothing
normal,2016,please,call,me,any,mistake,from,my,side,sorry,da,please,go,to,doctor
normal,2023,where,are,we,meeting
normal,2018,well,the,weather,in,cali's,great,but,its,complexities,are,great,you,need,a,car,to,move,freely,its,taxes,are,outrageous,but,all,in,all,its,a,great,place,the,sad,part,is,i,missing,home
normal,2025,now,only,i,reached,home,i,am,very,tired,now,i,will,come,tomorrow
normal,2023,don't,fret,i'll,buy,the,ovulation,test,strips,and,send,them,to,you,you,wont,get,them,til,like,march,can,you,send,me,your,postal,addressu'll,be,alrightokay
normal,2017,no,gifts,you,trying,to,get,me,to,throw,myself,off,a,cliff,or,something
normal,2018,been,up,to,ne,thing,interesting,did,you,have,a,good,birthday,when,are,u,wrking,nxt,i,started,uni,today
normal,2024,you,busy,or,can,i,come,by,at,some,point,and,figure,out,what,we're,doing,tomorrow
normal,2019,yeah,go,on,then,bored,and,depressed,sittin,waitin,for,phone,to,ring,hope,the,wind,drops,though,scary
normal,2013,black,shirt,and,blue,jeans,i,think,i,see,you
normal,2017,aiyah,sorry,lor,i,watch,tv,watch,until,i,forgot,2,check,my,phone
normal,2022,on,hen,night,going,with,a,swing
normal,2015,good,afternoon,my,love,how,goes,your,day,what,are,you,up,to,i,woke,early,and,am,online,waiting,for,you,hmmm,italian,boy,is,online,i,see,grins
normal,2016,from,someone,not,to,smoke,when,every,time,i've,smoked,in,the,last,two,weeks,is,because,of,you,calling,or,texting,me,that,you,wanted,to,smoke
normal,2022,no,you'll,just,get,a,headache,trying,to,figure,it,out,you,can,trust,me,to,do,the,math,i,promise
normal,2019,first,timedhoni,rocks
normal,2020,ok,i,shall,tell,the,company
normal,2020,awesome,think,we,can,get,an,8th,at,usefull,some,time,tonight
normal,2018,so,that,means,you,still,think,of,teju
normal,2013,no,i'm,good,for,the,movie,is,it,ok,if,i,leave,in,an,hourish
normal,2024,no,nothis,is,kallis,home,groundamla,home,town,is,durban
normal,2017,so,lets,make,it,saturday,or,monday,as,per,convenience
normal,2019,hey,what,time,is,your,driving,on,friday,we,go,for,evaluation,on,friday
normal,2024,i'm,going,for,lunch,now,with,my,family,then,after,date,i,go,str,2,orchard,lor
normal,2024,cancel,cheyyamoand,get,some,money,back
normal,2025,okok,okthenwhat,is,your,todays,plan
normal,2023,good,morning,princess,how,are,you
normal,2018,aiyar,sorry,lor,forgot,to,tell,you
normal,2014,not,tonight,mate,catching,up,on,some,sleep,this,is,my,new,number,by,the,way
normal,2025,height,of,oh,shit,situation,a,guy,throws,a,luv,letter,on,a,gal,but,falls,on,her,brothers,head,whos,a,gay
normal,2019,so,check,your,errors,and,if,you,had,difficulties,do,correction
normal,2014,how,is,painhope,you,are,fine
normal,2012,sorry,i'll,call,later
normal,2016,good,morning,princess,how,are,you
normal,2021,as,i,entered,my,cabin,my,pa,said,happy,b'day,boss,i,felt,special,she,askd,me,for,lunch,after,lunch,she,invited,me,to,her,apartment,we,went,there
normal,2022,you,wake,up,already,thanks,for,tau,sar,piah,it's,quite,nice
normal,2011,ok,do,i,need,a,login,or,anything
normal,2018,lol,no,just,was,busy
normal,2022,what,you,wearing
normal,2013,messagesome,text,missing,sendername,missing,number,missing,sentdate,missing,missing,u,a,lot,thats,y,everything,is,missing,sent,via,fullonsmscom
normal,2021,ohas,usual,vijay,film,or,its,different
normal,2020,i,don't,know,you,and,you,don't,know,me,send,chat,to,86688,now,and,let's,find,each,other
normal,2019,have,you,had,a,good,day,mine,was,really,busy,are,you,up,to,much,tomorrow,night
normal,2018,and,is,there,a,way,you,can,send,shade's,stuff,to,her,and,she,has,been,wonderful,too
normal,2021,really,i,tot,ur,paper,ended,long,ago,but,wat,u,copied,jus,now,got,use,u,happy,lar,i,still,haf,2,study
normal,2017,babe,i,lost,you
normal,2017,ok,help,me,ask,if,she's,working,or,not
normal,2021,i'm,not,driving,raining,then,i'll,get,caught,at,e,mrt,station,lor
normal,2023,not,a,drop,in,the,tank
normal,2017,that,said,can,you,text,him,one,more,time
normal,2019,sorry,i'll,call,later
normal,2019,ok,i,go,change,also
normal,2019,did,you,find,a,sitter,for,kaitlyn,i,was,sick,and,slept,all,day,yesterday
normal,2024,sorry,man,accidentally,left,my,phone,on,silent,last,night,and,didn't,check,it,till,i,got,up
normal,2015,hey,something,came,up,last,min,think,i,would,be,signing,up,tommarow,hee
normal,2020,he's,an,adult,and,would,learn,from,the,experience,there's,no,real,danger,i,just,dont,like,peeps,using,drugs,they,dont,need,but,no,comment
normal,2016,hey,there's,veggie,pizza
normal,2021,yun,buying,but,school,got,offer,2000,plus,only
normal,2023,you,sure,your,neighbors,did,not,pick,it,up
normal,2019,ok,i,will,sent,it,again
normal,2018,haha,yeah,i,see,that,now,be,there,in,a,second
normal,2017,i,am,not,having,her,number,sir
normal,2022,lol,now,i'm,after,that,hot,air,balloon
normal,2012,ok,now,i,am,in,bus,if,i,come,soon,i,will,come,otherwise,tomorrow
normal,2025,messages,are,not,time,passthey,silently,say,that,i,am,thinking,of,you,right,now,and,also,making,you,think,of,me,at,least,for,a,moment,gd,ntswt,drms,shesil
normal,2013,yeah,we,can,probably,swing,by,once,my,roommate,finishes,up,with,his,girl
normal,2023,happy,new,years,melody
normal,2024,you,don't,need,to,pick,your,girlfriend
normal,2011,yay,you,better,not,have,told,that,to,5,other,girls,either
normal,2022,horrible,you,eat,macs,eat,until,u,forgot,about,me,already,rite,u,take,so,long,2,reply,i,thk,it's,more,toot,than,b4,so,b,prepared,now,wat,shall,i,eat
normal,2018,did,he,say,how,fantastic,i,am,by,any,chance,or,anything,need,a,bigger,life,lift,as,losing,the,will,2,live,do,you,think,i,would,be,the,first,person,2,die,from,n,v,q
normal,2024,just,now,i,came,to,hme,da
normal,2017,i'm,outside,islands,head,towards,hard,rock,and,you'll,run,into,me
normal,2018,to,day,class,is,there,are,no,class
normal,2017,i'm,in,chennai,velachery
normal,2022,you,flippin,your,shit,yet
normal,2014,ok,give,me,a,second,breaking,a,ltgt,at,cstore
normal,2023,am,i,that,much,bad,to,avoid,like,this
normal,2019,yo,you,around,just,got,my,car,back
normal,2022,annoying,isn't,it
normal,2015,goodmorning,today,i,am,late,for,ltgt,min
normal,2024,there's,no,point,hangin,on,to,mr,not,right,if,he's,not,makin,u,happy
normal,2025,all,will,come,alivebetter,correct,any,good,looking,figure,there,itself
normal,2022,in,that,case,i,guess,i'll,see,you,at,campus,lodge
normal,2022,we're,done
normal,2012,come,to,my,home,for,one,last,time,i,wont,do,anything,trust,me
normal,2019,i,was,up,all,night,too,worrying,about,this,appt,it's,a,shame,we,missed,a,girls,night,out,with,quizzes,popcorn,and,you,doing,my,hair
normal,2013,ok,c,ya
normal,2012,what,he,said,is,not,the,matter,my,mind,saying,some,other,matter,is,there
normal,2020,he,also,knows,about,lunch,menu,only,da,i,know
normal,2018,al,he,does,is,moan,at,me,if,n,e,thin,goes,wrong,its,my,faultal,de,arguments,r,my,faultfed,up,of,him,of,himso,y,bother,hav,2go,thanxxx
normal,2013,neft,transaction,with,reference,number,ltgt,for,rs,ltdecimalgt,has,been,credited,to,the,beneficiary,account,on,ltgt,at,lttimegt,ltgt
normal,2017,otherwise,had,part,time,job,natuition
normal,2019,i,know,she,called,me
normal,2021,me,also,da,i,feel,yesterday,night,wait,til,2day,night,dear
normal,2025,thanks,for,understanding,i've,been,trying,to,tell,sura,that
normal,2021,the,whole,car,appreciated,the,last,two,dad,and,are,having,a,map,reading,semi,argument,but,apart,from,that,things,are,going,ok,p
normal,2024,i,need,you,to,be,in,my,strong,arms
normal,2019,also,maaaan,are,you,missing,out
normal,2023,his,birthday,real,is,in,april
normal,2015,guessin,you,ain't,gonna,be,here,before,9
normal,2024,ok,then,i,will,come,to,ur,home,after,half,an,hour
normal,2013,yo,the,game,almost,over,want,to,go,to,walmart,soon
normal,2017,yeah,probably,but,not,sure,ilol,let,u,know,but,personally,i,wuldnt,bother,then,again,if,ur,goin,to,then,i,mite,as,well
normal,2018,i'll,text,now,all,creepy,like,so,he,won't,think,that,we,forgot
normal,2014,that,would,be,good,i'll,phone,you,tomo,lunchtime,shall,i,to,organise,something
normal,2014,damn,can,you,make,it,tonight,or,do,you,want,to,just,wait,til,tomorrow
normal,2023,kki'm,also,finewhen,will,you,complete,the,course
normal,2015,true,it,is,passable,and,if,you,get,a,high,score,and,apply,for,phd,you,get,5years,of,salary,so,it,makes,life,easier
normal,2017,prakesh,is,there,know
normal,2017,teach,me,apps,da,when,you,come,to,college
normal,2021,rofl,betta,invest,in,some,anti,aging,products
normal,2015,sir,you,will,receive,the,account,no,another,1hr,time,sorry,for,the,delay
normal,2015,so,ü'll,be,submitting,da,project,tmr,rite
normal,2023,jus,ans,me,lar,u'll,noe,later
normal,2019,i,want,to,send,something,that,can,sell,fast,ltgt,k,is,not,easy,money
normal,2025,have,got,few,things,to,do,may,be,in,pub,later
normal,2023,1's,finish,meeting,call,me
normal,2022,lol,ok,i'll,snatch,her,purse,too
normal,2014,hellodrivby0quit,edrunk,sorry,iff,pthis,makes,no,senrddnot,no,how,dancce,2,drum,n,basqihave,fun,2nhite,x,ros,xxxxxxx
normal,2020,your,opinion,about,me,1,over,2,jada,3,kusruthi,4,lovable,5,silent,6,spl,character,7,not,matured,8,stylish,9,simple,pls,reply
normal,2023,how,much,are,we,getting
normal,2014,is,ur,paper,in,e,morn,or,aft,tmr
normal,2015,dear,relieved,of,westonzoyland,all,going,to,plan,this,end,too
normal,2019,hope,you,are,having,a,great,new,semester,do,wish,you,the,very,best,you,are,made,for,greatness
normal,2024,oh,yes,i,can,speak,txt,2,u,no,hmm,did,u,get,email
normal,2012,i,want,to,show,you,the,world,princess,how,about,europe
normal,2020,nobody,can,decide,where,to,eat,and,dad,wants,chinese
normal,2024,no,shoot,me,i'm,in,the,docs,waiting,room
normal,2015,now,i'm,going,out,4,dinner,soon
normal,2017,hello,which,the,site,to,download,songs,its,urgent,pls
normal,2025,i,do,know,what,u,mean,is,the,king,of,not,havin,credit,i'm,goin2bed,now,night,night,sweet,only1more,sleep
normal,2024,horrible,gal,me,in,sch,doing,some,stuff,how,come,u,got,mc
normal,2014,i,call,you,later,don't,have,network,if,urgnt,sms,me
normal,2016,ummmmmaah,many,many,happy,returns,of,d,day,my,dear,sweet,heart,happy,birthday,dear
normal,2020,yeah,like,if,it,goes,like,it,did,with,my,friends,imma,flip,my,shit,in,like,half,an,hour
normal,2022,mum,say,we,wan,to,go,then,go,then,she,can,shun,bian,watch,da,glass,exhibition
normal,2022,what,your,plan,for,pongal
normal,2016,just,wait,till,end,of,march,when,el,nino,gets,himself,oh
normal,2024,not,yet,chikkugoing,to,room,nw,i'm,in,bus
normal,2015,am,also,doing,in,cbe,only,but,have,to,pay
normal,2022,honey,boo,i'm,missing,u
normal,2015,we,have,sent,jd,for,customer,service,cum,accounts,executive,to,ur,mail,id,for,details,contact,us
normal,2011,yo,i'm,at,my,parents,gettin,cash,good,news,we,picked,up,a,downstem
normal,2017,thank,you,so,much,when,we,skyped,wit,kz,and,sura,we,didnt,get,the,pleasure,of,your,company,hope,you,are,good,we've,given,you,ultimatum,oh,we,are,countin,down,to,aburo,enjoy
normal,2019,ok,no,wahala,just,remember,that,a,friend,in,need
normal,2018,i,will,see,in,half,an,hour
normal,2019,im,in,inperialmusic,listening2the,weirdest,track,ever,byleafcutter,johnsounds,like,insects,being,molestedsomeone,plumbingremixed,by,evil,men,on,acid
normal,2021,hey,sorry,i,didntgive,ya,a,a,bellearlier,hunnyjust,been,in,bedbut,mite,go,2,thepub,l8tr,if,uwana,mt,uploads,a,luv,jenxxx
normal,2016,seriously,tell,her,those,exact,words,right,now
normal,2024,tee,hee,off,to,lecture,cheery,bye,bye
normal,2020,sorry,chikku,my,cell,got,some,problem,thts,y,i,was,nt,able,to,reply,u,or,msg,u
normal,2024,if,you,still,havent,collected,the,dough,pls,let,me,know,so,i,can,go,to,the,place,i,sent,it,to,get,the,control,number
normal,2024,ok
normal,2022,let,me,know,how,to,contact,you,i've,you,settled,in,a,room,lets,know,you,are,ok
normal,2021,wot,u,up,2,u,weirdo
normal,2016,can,do,lor
normal,2022,dont,put,your,phone,on,silent,mode,ok
normal,2019,can,i,meet,ü,at,5,as,4,where,depends,on,where,ü,wan,2,in,lor
normal,2016,waiting,4,my,tv,show,2,start,lor,u,leh,still,busy,doing,ur,report
normal,2012,oh,ho,is,this,the,first,time,u,use,these,type,of,words
normal,2025,am,i,the,only,one,who,doesn't,stalk,profiles
normal,2025,ever,green,quote,ever,told,by,jerry,in,cartoon,a,person,who,irritates,u,always,is,the,one,who,loves,u,vry,much,but,fails,to,express,it,gud,nyt
normal,2018,yes,i,thought,so,thanks
normal,2014,but,if,shes,drinkin,i'm,ok
normal,2018,just,wondering,the,others,just,took,off
normal,2011,night,has,ended,for,another,day,morning,has,come,in,a,special,way,may,you,smile,like,the,sunny,rays,and,leaves,your,worries,at,the,blue,blue,bay,gud,mrng
normal,2016,what,do,you,do,my,dog,must,i,always,wait,till,the,end,of,your,day,to,have,word,from,you,did,you,run,out,of,time,on,your,cell,already
normal,2022,happy,new,year,to,u,too
normal,2018,heygreat,dealfarm,tour,9am,to,5pm,95pax,50,deposit,by,16,may
normal,2016,eat,jap,done,oso,aft,ur,lect,wat,ü,got,lect,at,12,rite
normal,2021,hey,babe,i,saw,you,came,online,for,a,second,and,then,you,disappeared,what,happened
normal,2021,da,my,birthdate,in,certificate,is,in,april,but,real,date,is,today,but,dont,publish,it,i,shall,give,you,a,special,treat,if,you,keep,the,secret,any,way,thanks,for,the,wishes
normal,2024,happy,birthday,may,all,ur,dreams,come,true
normal,2021,aiyah,u,did,ok,already,lar,e,nydc,at,wheellock
normal,2018,tell,her,i,said,eat,shit
normal,2021,sure,i,am,driving,but,will,reach,my,destination,soon
normal,2016,k,so,am,i,how,much,for,an,8th,fifty
normal,2021,your,daily,text,from,me,a,favour,this,time
normal,2019,great,to,hear,you,are,settling,well,so,what's,happenin,wit,ola
normal,2025,those,cocksuckers,if,it,makes,you,feel,better,ipads,are,worthless,garbage,novelty,items,and,you,should,feel,bad,for,even,wanting,one
normal,2013,i,tot,u,reach,liao,he,said,tshirt
normal,2022,fran,i,decided,2,go,n,e,way,im,completely,broke,an,knackered,i,got,up,bout,3,c,u,2mrw,love,janx,ps,this,is,my,dads,fone,no,credit
normal,2017,i,cant,pick,the,phone,right,now,pls,send,a,message
normal,2018,your,right,i'll,make,the,appointment,right,now
normal,2016,designation,is,software,developer,and,may,be,she,get,chennai
normal,2025,i,jokin,oni,lar,ü,busy,then,i,wun,disturb,ü
normal,2013,ok,be,careful,don't,text,and,drive
normal,2024,ill,always,be,there,even,if,its,just,in,spirit,ill,get,a,bb,soon,just,trying,to,be,sure,i,need,it
normal,2025,u,r,too,much,close,to,my,heart,if,u,go,away,i,will,be,shattered,plz,stay,with,me
normal,2023,i,love,u,2,babe,r,u,sure,everything,is,alrite,is,he,being,an,idiot,txt,bak,girlie
normal,2025,how,abt,making,some,of,the,pics,bigger
normal,2014,got,but,got,2,colours,lor,one,colour,is,quite,light,n,e,other,is,darker,lor,actually,i'm,done,she's,styling,my,hair,now
normal,2018,whenevr,ur,sad,whenevr,ur,gray,remembr,im,here,2,listn,2,watevr,u,wanna,say,jus,walk,wid,me,a,little,whileamp,i,promise,i'll,bring,back,ur,smile
normal,2024,why,nothing,ok,anyway,give,me,treat
normal,2025,ok
normal,2023,correct,so,how,was,work,today
normal,2021,just,sent,again,do,you,scream,and,moan,in,bed,princess
normal,2014,i,wake,up,long,ago,already,dunno,what,other,thing
normal,2023,oh,just,getting,even,with,u,u
normal,2016,i,thk,50,shd,be,ok,he,said,plus,minus,10,did,ü,leave,a,line,in,between,paragraphs
normal,2011,can,you,call,me,plz,your,number,shows,out,of,coveragd,area,i,have,urgnt,call,in,vasai,amp,have,to,reach,before,4'o,clock,so,call,me,plz
normal,2014,yeah,jay's,sort,of,a,fucking,retard
normal,2019,sorry,was,in,the,bathroom,sup
normal,2021,my,exam,is,for,february,4,wish,you,a,great,day
normal,2014,i,dont,know,what,to,do,to,come,out,of,this,so,only,am,ask,questions,like,this,dont,mistake,me
normal,2025,aight,no,rush,i'll,ask,jay
normal,2022,good,morning,plz,call,me,sir
normal,2011,it's,ok,lar,u,sleep,early,too,nite
normal,2016,then,she,buying,today,ü,no,need,to,c,meh
normal,2020,aight,sorry,i,take,ten,years,to,shower,what's,the,plan
normal,2025,every,mondaynxt,week,vl,be,completing
normal,2023,might,ax,well,im,there
normal,2022,just,chill,for,another,6hrs,if,you,could,sleep,the,pain,is,not,a,surgical,emergency,so,see,how,it,unfolds,okay
normal,2016,yeah,i'll,try,to,scrounge,something,up
normal,2011,crazy,ar,he's,married,ü,like,gd,looking,guys,not,me,my,frens,like,say,he's,korean,leona's,fave,but,i,dun,thk,he,is,aft,some,thinking,mayb,most,prob,i'll,go
normal,2021,were,somewhere,on,fredericksburg
normal,2025,que,pases,un,buen,tiempo,or,something,like,that
normal,2022,is,it,ok,if,i,stay,the,night,here,xavier,has,a,sleeping,bag,and,i'm,getting,tired
normal,2019,she,doesnt,need,any,test
normal,2024,nothing,much,chillin,at,home,any,super,bowl,plan
normal,2023,bugis,oso,near,wat
normal,2016,yo,theres,no,class,tmrw,right
normal,2019,let,ur,heart,be,ur,compass,ur,mind,ur,map,ur,soul,ur,guide,and,u,will,never,loose,in,worldgnun,sent,via,way2smscom
normal,2020,goodnight,sleep,well,da,please,take,care,pa,please
normal,2023,baaaaabe,i,misss,youuuuu,where,are,you,i,have,to,go,and,teach,my,class,at,5
normal,2016,convey,my,regards,to,him
normal,2016,what,does,the,dance,river,do
normal,2012,yetunde,i'm,sorry,but,moji,and,i,seem,too,busy,to,be,able,to,go,shopping,can,you,just,please,find,some,other,way,to,get,what,you,wanted,us,to,get,please,forgive,me,you,can,reply,free,via,yahoo,messenger
normal,2022,hey,i,will,be,really,pretty,late,you,want,to,go,for,the,lesson,first,i,will,join,you,i'm,only,reaching,tp,mrt
normal,2021,bbq,this,sat,at,mine,from,6ish,ur,welcome,2,come
normal,2017,i,don't,know,same,thing,that's,wrong,everyso,often,he,panicks,starts,goin,on,bout,not,bein,good,enough
normal,2021,alright,i'm,outhave,a,good,night
normal,2023,did,you,try,making,another,butt
normal,2017,hope,you,are,feeling,great,pls,fill,me,in,abiola
normal,2025,i,though,we,shd,go,out,n,have,some,fun,so,bar,in,town,or,something,sound,ok
normal,2011,1,go,to,write,msg,2,put,on,dictionary,mode,3cover,the,screen,with,hand,4press,ltgt,5gently,remove,ur,hand,its,interesting
normal,2016,we're,finally,ready,fyi
normal,2013,auntie,huai,juan,never,pick,up,her,phone
normal,2018,ya,tel,wats,ur,problem
normal,2017,i,dnt,wnt,to,tlk,wid,u
normal,2025,we,spend,our,days,waiting,for,the,ideal,path,to,appear,in,front,of,us,but,what,we,forget,is,paths,are,made,by,walking,not,by,waiting,goodnight
normal,2020,its,ok,my,arm,is,feeling,weak,cuz,i,got,a,shot,so,we,can,go,another,time
normal,2012,please,reserve,ticket,on,saturday,eve,from,chennai,to,thirunelvali,and,again,from,tirunelvali,to,chennai,on,sunday,evei,already,see,in,netno,ticket,availablei,want,to,book,ticket,through,tackle
normal,2019,storming,msg,wen,u,lift,d,phne,u,say,hello,do,u,knw,wt,is,d,real,meaning,of,hello,it's,d,name,of,a,girl,yes,and,u,knw,who,is,dat,girl,margaret,hello,she,is,d,girlfrnd,f,grahmbell,who,invnted,telphone,moralone,can,4get,d,name,of,a,person,bt,not,his,girlfrnd,g,o,o,d,n,i,g,h,t
normal,2016,that's,ok,i,popped,in,to,ask,bout,something,and,she,said,you'd,been,in,are,you,around,tonght,wen,this,girl,comes
normal,2018,all,e,best,4,ur,exam,later
normal,2025,hope,ur,head,doesn't,hurt,2,much,am,ploughing,my,way,through,a,pile,of,ironing,staying,in,with,a,chinky,tonight,come,round,if,you,like
normal,2025,oh,ki,think,most,of,wi,and,nz,players,unsold
normal,2025,haha,where,got,so,fast,lose,weight,thk,muz,go,4,a,month,den,got,effect,geelater,we,go,aust,put,bk,e,weight
normal,2018,i,wonder,how,you,got,online,my,love,had,you,gone,to,the,net,cafe,did,you,get,your,phone,recharged,were,you,on,a,friends,net,i,think,of,you,boytoy
normal,2025,haha,just,kidding,papa,needs,drugs
normal,2016,thk,shld,b,can,ya,i,wana,go,4,lessons,haha,can,go,for,one,whole,stretch
normal,2024,oh,ok
normal,2024,r,we,still,meeting,4,dinner,tonight
normal,2016,thats,cool,i,am,a,gentleman,and,will,treat,you,with,dignity,and,respect
normal,2024,shall,i,start,from,hear
normal,2015,then,we,wait,4,u,lor,no,need,2,feel,bad,lar
normal,2023,no,did,you,check,i,got,his,detailed,message,now
normal,2017,you,have,registered,sinco,as,payee,log,in,at,icicibankcom,and,enter,urn,ltgt,to,confirm,beware,of,frauds,do,not,share,or,disclose,urn,to,anyone
normal,2024,no,i,decided,that,only,people,who,care,about,stuff,vote,and,caring,about,stuff,is,for,losers
normal,2021,kaiez,enjoy,ur,tuition,gee,thk,e,second,option,sounds,beta,i'll,go,yan,jiu,den,msg,u
normal,2014,you,have,registered,sinco,as,payee,log,in,at,icicibankcom,and,enter,urn,ltgt,to,confirm,beware,of,frauds,do,not,share,or,disclose,urn,to,anyone
normal,2023,cool,we,will,have,fun,practicing,making,babies
normal,2014,actually,getting,ready,to,leave,the,house
normal,2023,then,we,gotta,do,it,after,that
normal,2021,i've,got,ten,bucks,jay,is,being,noncomittal
normal,2023,where,at,were,hungry,too
normal,2015,pls,speak,to,that,customer,machan
normal,2023,somewhere,out,there,beneath,the,pale,moon,light,someone,think,in,of,u,some,where,out,there,where,dreams,come,true,goodnite,amp,sweet,dreams
normal,2019,wen,ur,lovable,bcums,angry,wid,u,dnt,take,it,seriously,coz,being,angry,is,d,most,childish,n,true,way,of,showing,deep,affection,care,n,luv,kettoda,manda,have,nice,day,da
normal,2023,so,wats,ur,opinion,abt,him,and,how,abt,is,character
normal,2017,jay,is,snickering,and,tells,me,that,x,is,totally,fucking,up,the,chords,as,we,speak
normal,2011,nofew,hours,beforewent,to,hair,cut
normal,2016,no,wonder,cos,i,dun,rem,seeing,a,silver,car,but,i,thk,i,saw,a,black,one
normal,2012,lmao,take,a,pic,and,send,it,to,me
normal,2013,speak,only,when,you,feel,your,words,are,better,than,the,silence,gud,mrng
normal,2016,no,she's,currently,in,scotland,for,that
normal,2020,do,you,work,all,this,week
normal,2020,lol,great,now,im,getting,hungry
normal,2019,yes,now,only,saw,your,message
normal,2025,i'll,be,at,mu,in,like,ltgt,seconds
normal,2025,ok
normal,2018,thing,r,good,thanx,got,exams,in,march,ive,done,no,revision,is,fran,still,with,boyf,ive,gotta,interviw,4,exeter,bit,worriedx
normal,2020,tell,you,what,if,you,make,a,little,spreadsheet,and,track,whose,idea,it,was,to,smoke,to,determine,who,smokes,too,much,for,the,entire,month,of,february,i'll,come,upes
normal,2018,don't,look,back,at,the,building,because,you,have,no,coat,and,i,don't,want,you,to,get,more,sick,just,hurry,home,and,wear,a,coat,to,the,gym
normal,2020,my,painful,personal,thought,i,always,try,to,keep,everybody,happy,all,the,time,but,nobody,recognises,me,when,i,am,alone
normal,2013,thanks,for,ve,lovely,wisheds,you,rock
normal,2019,you,intrepid,duo,you,have,a,great,time,and,see,you,both,soon
normal,2023,i,asked,sen,to,come,chennai,and,search,for,job
normal,2016,dad,went,out,oredi
normal,2018,i,jus,hope,its,true,that,missin,me,cos,i'm,really,missin,him,you,haven't,done,anything,to,feel,guilty,about,yet
normal,2023,wat,so,late,still,early,mah,or,we,juz,go,4,dinner,lor,aiya,i,dunno
normal,2022,arms,fine,how's,cardiff,and,uni
normal,2021,in,fact,when,do,you,leave,i,think,addie,goes,back,to,school,tues,or,wed
normal,2021,cool,breeze,bright,sun,fresh,flower,twittering,birds,all,these,waiting,to,wish,u,goodmorning,amp,have,a,nice,day
normal,2024,yagoing,for,restaurant
normal,2016,its,ok,i,just,asked,did,u,know,that,no
normal,2025,those,ducking,chinchillas
normal,2024,i,am,in,a,marriage,function
normal,2013,looks,like,u,wil,b,getting,a,headstart,im,leaving,here,bout,230ish,but,if,u,r,desperate,for,my,company,i,could,head,in,earlierwe,were,goin,to,meet,in,rummer
normal,2022,dont,give,a,flying,monkeys,wot,they,think,and,i,certainly,dont,mind,any,friend,of,mine,and,all,that
normal,2020,say,thanks2
normal,2019,msg,me,when,rajini,comes
normal,2024,ya,when,are,ü,taking,ure,practical,lessons,i,start,in,june
normal,2021,that's,good,because,i,need,drugs
normal,2017,stupidits,not,possible
normal,2025,can,ü,all,decide,faster,cos,my,sis,going,home,liao
normal,2017,u,sleeping,now,or,you,going,to,take,haha,i,got,spys,wat,me,online,checking,n,replying,mails,lor
normal,2014,fighting,with,the,world,is,easy,u,either,win,or,lose,bt,fightng,with,some1,who,is,close,to,u,is,dificult,if,u,lose,u,lose,if,u,win,u,still,lose
normal,2025,yalru,lyfu,astne,chikku,bt,innu,mundhe,lyf,ali,halla,ke,bilo,marriageprogram,edhae,so,lyf,is,nt,yet,ovr,chikkuali,vargu,lyfu,meow,meowd
normal,2024,kinda,first,one,gets,in,at,twelve,aah,speak,tomo
normal,2012,ok,good,then,i,later,come,find,ü,c,lucky,i,told,ü,to,go,earlier,later,pple,take,finish,ü,no,more,again
normal,2016,wat,makes,u,thk,i'll,fall,down,but,actually,i,thk,i'm,quite,prone,2,falls,lucky,my,dad,at,home,i,ask,him,come,n,fetch,me,already
normal,2025,your,account,has,been,refilled,successfully,by,inr,ltdecimalgt,your,keralacircle,prepaid,account,balance,is,rs,ltdecimalgt,your,transaction,id,is,kr,ltgt
normal,2025,i,wont,touch,you,with,out,your,permission
normal,2025,7,wonders,in,my,world,7th,you,6th,ur,style,5th,ur,smile,4th,ur,personality,3rd,ur,nature,2nd,ur,sms,and,1st,ur,lovely,friendship,good,morning,dear
normal,2024,take,some,small,dose,tablet,for,fever
normal,2016,oh,u,must,have,taken,your,real,valentine,out,shopping,first
normal,2022,just,sent,you,an,email,to,an,address,with,incomm,in,it,is,that,right
normal,2022,will,do,you,gonna,be,at,blake's,all,night,i,might,be,able,to,get,out,of,here,a,little,early
normal,2019,friendship,is,not,a,game,to,play,it,is,not,a,word,to,say,it,doesn't,start,on,march,and,ends,on,may,it,is,tomorrow,yesterday,today,and,e
normal,2014,nice,waitshould,you,be,texting,right,now,i'm,not,gonna,pay,your,ticket,ya,know
normal,2021,i'm,watching,lotr,w,my,sis,dis,aft,so,u,wan,2,meet,me,4,dinner,at,nite,a,not
normal,2020,why,you,keeping,me,away,like,this
normal,2023,i,think,its,far,more,than,that,but,find,out,check,google,maps,for,a,place,from,your,dorm
normal,2018,my,trip,was,ok,but,quite,tiring,lor,uni,starts,today,but,it's,ok,4,me,cos,i'm,not,taking,any,modules,but,jus,concentrating,on,my,final,yr,project
normal,2025,have,you,always,been,saying,welp
normal,2023,i'm,a,guy,browsin,is,compulsory
normal,2023,ok
normal,2019,purity,of,friendship,between,two,is,not,about,smiling,after,reading,the,forwarded,messageits,about,smiling,just,by,seeing,the,name,gud,evng,musthu
normal,2014,sorry,i'll,call,later
normal,2022,i,should,add,that,i,don't,really,care,and,if,you,can't,i,can,at,least,get,this,dude,to,fuck,off,but,hey,your,money,if,you,want,it
normal,2020,hello,lover,how,goes,that,new,job,are,you,there,now,are,you,happy,do,you,think,of,me,i,wake,my,slave,and,send,you,a,teasing,kiss,from,across,the,sea
normal,2015,i,told,your,number,to,gautham
normal,2019,tell,them,no,need,to,investigate,about,me,anywhere
normal,2016,ok,i,juz,receive
normal,2011,cant,believe,i,said,so,many,things,to,you,this,morning,when,all,i,really,wanted,to,say,was,good,morning,i,love,you,have,a,beautiful,morning,see,you,in,the,library,later
normal,2017,in,the,end,she,might,still,vomit,but,its,okay,not,everything,will,come,out
normal,2025,how,are,you,with,moneyas,in,to,youmoney,aint,a,thinghow,are,you,sha
normal,2011,it,has,everything,to,do,with,the,weather,keep,extra,warm,its,a,cold,but,nothing,serious,pls,lots,of,vitamin,c
normal,2014,hey,gals,anyone,of,u,going,down,to,e,driving,centre,tmr
normal,2020,i'm,always,on,yahoo,messenger,now,just,send,the,message,to,me,and,ill,get,it,you,may,have,to,send,it,in,the,mobile,mode,sha,but,ill,get,it,and,will,reply
normal,2020,i'm,putting,it,on,now,it,should,be,ready,for,lttimegt
normal,2022,time,n,smile,r,the,two,crucial,things,in,our,life,sometimes,time,makes,us,to,forget,smile,and,sometimes,someone's,smile,makes,us,to,forget,time,gud,noon
normal,2021,hostbased,idps,for,linux,systems
normal,2016,don,no,dawhats,you,plan
normal,2020,ill,be,there,on,ltgt,ok
normal,2023,oh,my,god,i'm,almost,home
normal,2013,total,video,converter,free,download,type,this,in,google,search
normal,2021,wen,ur,lovable,bcums,angry,wid,u,dnt,take,it,seriously,coz,being,angry,is,d,most,childish,n,true,way,of,showing,deep,affection,care,n,luv,kettoda,manda,have,nice,day,da
normal,2019,sounds,like,something,that,someone,testing,me,would,sayy
normal,2020,when,u,love,someone,dont,make,them,to,love,u,as,much,as,u,do,but,love,them,so,much,that,they,dont,want,to,be,loved,by,anyone,except,you,gud,nit
normal,2024,peteis,this,your,phone,still,its,jenny,from,college,and,leannewhat,are,you,up,to,now
normal,2016,oops,sorry,just,to,check,that,you,don't,mind,picking,me,up,tomo,at,half,eight,from,station,would,that,be,ok
normal,2025,hey,sweet,i,was,wondering,when,you,had,a,moment,if,you,might,come,to,me,i,want,to,send,a,file,to,someone,but,it,won't,go,over,yahoo,for,them,because,their,connection,sucks,remember,when,you,set,up,that,page,for,me,to,go,to,and,download,the,format,disc,could,you,tell,me,how,to,do,that,or,do,you,know,some,other,way,to,download,big,files,because,they,can,download,stuff,directly,from,the,internet,any,help,would,be,great,my,prey,teasing,kiss
normal,2020,hows,the,champ,just,leaving,glasgow
normal,2020,kall,the,bestcongrats
normal,2016,i,wonder,if,you'll,get,this,text
normal,2024,i,need,to,come,home,and,give,you,some,good,lovin
normal,2019,shall,i,ask,one,thing,if,you,dont,mistake,me
normal,2020,check,wid,corect,speling,ie,sarcasm
normal,2024,are,you,angry,with,me,what,happen,dear
normal,2021,i,thk,u,dun,haf,2,hint,in,e,forum,already,lor,cos,i,told,ron,n,darren,is,going,2,tell,shuhui
normal,2023,yup,ok,thanx
normal,2016,hicts,employee,how,are,you
normal,2018,ive,been,thinking,about,it,for,a,while,but,havent,concretized,anything,so,far
normal,2024,what,have,you,been,thinking,if,you,can,share
normal,2012,well,ive,been,thinking,of,switching,to,an,industry,that,has,at,least,few,decades,of,growth,left
normal,2017,no,not,this,one,can,we,get,a,table,by,the,window,please
normal,2012,sure,that,one,is,unreserved
normal,2024,would,you,like,plain,water,or,bottled,water
normal,2019,bottled,water,please
normal,2014,here,is,your,water,sir,and,here,is,the,menu
normal,2024,would,you,like,something,to,start
normal,2017,can,weve,two,sweet,corn,soups,with,some,garlic,bread,and,vegetable,platter,for,starters
normal,2024,here,are,your,starters,do,youve,any,special,of,the,day,or,like,at,this,place
normal,2017,no,sir,we,dont,have,special,of,the,day,here
normal,2012,please,make,it,mediumspicy,and,less,greasy
normal,2025,enjoy,your,meal
normal,2023,can,we,get,an,additional,serving,of,onions,and,pickle
normal,2020,i,have,a,great,tension,about,our,new,book,of,communicative,english
normal,2018,why,whats,happened
normal,2016,most,of,the,lessons,of,the,book,are,totally,unknown,and,i,do,not,understand,about,the,system,of,book
normal,2012,dont,be,upset,i,think,the,book,is,based,on,our,practical,knowledge,it,supports,us,to,be,creative,you,know,most,of,the,students,of,our,country,like,to,cram,and,its,so,much,harmful,for,them,but,they,do,not,realize,it,to,avoid,their,cramming,the,govt,has,introduced,the,process
normal,2022,yeah,i,see,how,can,i,continue,my,study
normal,2022,you,have,to,avoid,cramming,and,try,to,read,anything,with,great,care,then,you,can,think,about,the,topic,and,try,to,express,your,feeling,about,that,i,think,now,it,will,be,easier,for,you
normal,2016,i,want,to,borrow,some,books
normal,2023,you,cannot,borrow,some,books,you,can,borrow,only,one,book,at,a,time
normal,2022,what,are,the,newspapers,available,here
normal,2022,one,more,clarification,sir,shall,i,ask,you
normal,2013,alright,take,the,book
normal,2025,i,want,a,good,watch,for,a,gift
normal,2015,ladies,or,gents,what,type,do,you,want
normal,2020,do,you,have,any,warranty,for,this,watch
normal,2023,eight,hundred,and,eighty,taka,only
normal,2025,whats,the,price
normal,2023,but,i,want,a,cheaper,one,dont,you,have,one
normal,2019,thats,too,much
normal,2018,not,at,all
normal,2023,why,not,look,at,this,side,these,are,japanese
normal,2016,all,these,in,this,row,have,the,same,price,and,it,is,two,hundred,taka,each
normal,2014,dont,worry,these,have,originally,come,from,japan
normal,2020,all,right,pack,this,one
normal,2016,whats,the,smell,coming,out,from,your,mouth
normal,2016,nothing,its,the,smell,of,smoking
normal,2014,yes,cancer,smoking,causes,many,other,diseases,it,also,affects,our,lunge
normal,2024,it,is,high,time,you,gave,up,smoking
normal,2017,thank,you,very,much,for,you,valuable,advice
normal,2014,but,smoking,makes,people,smart
normal,2025,its,a,false,notion,people,hate,smokers,besides,smoking,the,beginning,of,drug,addiction
normal,2020,i,didnt,think,like,you
normal,2023,of,course,i,will,not,smoke,further
normal,2022,bye,see,you,later
normal,2016,yeah,the,life,is,the,name,of,change,you,have,also,grown,into,a,decent,personality
normal,2020,hello,i,guess,you,are,a,new,comer
normal,2025,i,am,glad,to,meet,you,how,are,you
normal,2012,may,i,discuss,with,you,about,our,personal,matters
normal,2022,i,have,no,any,personal,problem,i,am,thinking,about,the,academic,and,social,responsibilities,of,students
normal,2019,good,thinking,nowadays,it,has,been,common,to,break,the,college,rules,by,most,of,the,students
normal,2018,you,are,right,most,of,them,have,no,idea,about,the,responsibilities,for,college,and,for,society
normal,2016,they,are,busy,with,wrong,activities,they,come,to,the,college,to,spend,the,time,it,is,really,a,sorrowful,matter
normal,2025,right,to,establish,a,peaceful,society,is,their,responsibility,they,can,also,extend,their,helping,hand,to,make,the,environment,clean
normal,2012,planning,to,start,a,new,business
normal,2020,oh,really,thats,great,whats,your,plan,can,you,share,it,with,me
normal,2017,of,course,i,can,actually,i,was,planning,to,import,some,vehicle,products,from,india
normal,2024,thats,huge,so,have,you,decided,what,product,you,are,going,to,bring
normal,2016,yes,in,the,beginning,i,am,going,to,bring,1000,car,tires
normal,2018,that,must,need,a,decent,amount,of,investment
normal,2017,actually,i,have,done,a,deal,with,a,trading,company,and,they,are,going,to,bring,the,product,for,me
normal,2019,have,they,been,agreed,to,take,a,product,from,you
normal,2017,so,are,you,excited,about,the,upcoming,holiday
normal,2022,yes,i,am,so,excited,i,cant,wait,7,days,for,durga,puja,i,am,sure,this,year,will,be,so,much,fun
normal,2022,yeah,i,think,so,so,have,you,done,your,shopping,for,the,pooja
normal,2020,almost,done,i,just,need,to,buy,some,clothes,for,my,parents,i,have,got,my,own,two,days,ago,what,about,you
normal,2015,i,am,going,shopping,today,with,my,mom,and,sister,what,have,you,bought,for,yourself
normal,2017,yes,because,we,need,to,buy,a,lot,more,things,for,the,celebration,i,loved,the,shopping,and,i,am,sure,you,will,love,too
normal,2020,not,actually,i,am,going,to,spend,this,puja,with,my,family,here,in,kolkata,i,am,sure,that,will,be,so,much,fun,you,are,invited,to,my,house,in,the,puja,i,hope,you,will,come
normal,2013,okay,see,you,there,bye
normal,2019,hi,i,have,no,information,as,such
normal,2023,would,you,mind,telling,me,about,it
normal,2014,yeah,sure
normal,2011,this,friday,there,is,a,meeting,wherein,we,are,asked,to,deliver,a,presentation
normal,2013,what,precisely,do,we,need,to,present
normal,2023,we,need,to,discuss,the,challenges,that,we,face,in,our,everyday,work,and,the,steps,we,take,to,resolve,those,issues
normal,2021,are,we,only,supposed,to,discuss,the,problems,with,the,solutions
normal,2018,oh,no,there,would,be,an,open,discussion,postpresentation,where,you,can,discuss,other,things,as,well
normal,2020,now,that,sounds,music,to,my,ears
normal,2024,it,seems,you,have,been,looking,for,this,opportunity,for,a,coons,age
normal,2024,you,got,me,right
normal,2021,anyway,i,need,to,prepare,for,the,same
normal,2021,sure,thing,thanks,a,heap
normal,2017,its,been,really,long,we,guys,havent,gone,anywhere
normal,2015,so,dad,lets,plan,something,for,this,summer
normal,2023,father,lets,go,to,goa
normal,2020,no,no,no,were,not,going,to,goa,we,will,go,to,an,idyllic,and,tranquil,place,where,we,can,relax,and,find,peace
normal,2014,mom,really,you,are,seeking,peace,we,can,get,enough,peace,sitting,at,our,home,too,dad,lets,go,to,some,happening,place,where,we,can,actually,have,fun,and,frolic
normal,2022,lets,go,to,some,adventure,place,where,we,can,do,paragliding,sky,diving,and,lot,more
normal,2015,ha,ha,you,are,gonna,do,skydiving,ohhh,please
normal,2025,ok,lets,go,to,dharamshala,it,offers,serene,milieu,mesmerizing,locales,and,we,all,can,have,an,ace,time
normal,2018,we,both,have,gone,there,earlier
normal,2015,but,mother,we,havent,experienced,it
normal,2025,instead,of,hotels,lets,stay,in,tents
normal,2021,i,will,book,the,flight,tickets,and,hotel
normal,2013,i,will,check,out,what,your,plan,is,and,get,back,to,youput,on,hold
normal,2017,sir,i,have,checked,and,everything,seems,to,be,right
normal,2018,sir,are,you,connected,through,wifi
normal,2023,just,because,i,am,connected,through,wifi,the,speed,cannot,reduce,by,such,an,extent
normal,2020,what,is,this,nonsense,how,can,my,laptop,cause,such,a,reduction,in,the,speed,i,am,a,computer,science,engineer,and,you,can't,tell,such,silly,reasons,to,me,what,is,this
normal,2017,wait,sir,i'll,transfer,to,my,senior
normal,2025,sir,from,which,website,are,you,testing,the,speed
normal,2024,from,the,global,broadband,speed,test
normal,2023,sir,they,are,giving,you,wrong,results,they,ping,you,through,servers,from,outside,india,and,show,that,you,have,less,speed
normal,2018,what,no,they,do,it,from,a,local,server,in,india
normal,2012,sir,believe,me,i,know,them,they,are,all,like,this,they,will,be,having,many,servers,in,us,uk,and,other,countries,and,fake,it
normal,2025,that,is,absurd,they,have,a,good,reputation,and,show,the,results,as,they,are
normal,2017,sir,i,know,you,are,technical,person,and,there,will,be,many,problems,here,also,because,of,pipelining,insulation,bandwidth,server,problems,etc,it,is,difficult,to,give,the,exact,speed,submarines,in,the,ocean,laying,the,lines,and,all,we,have,many,problems
normal,2023,ok,i,understand,that,you,cannot,give,exactly,512kbps,speed,but,it'll,be,somewhere,close,to,it,and,why,are,you,talking,about,submarines,and,insulation,and,all
normal,2024,sir,because,you,are,technical,person,i,had,to,explain,to,you,all,the,details,that,will,affect,the,speed,of,your,connection
normal,2021,and,he,goes,on,speaking,some,nonsense,about,insulation,bandwidth,and,submarines,i,couldn't,control,my,laughter,so,i,hang,up
normal,2016,hello,may,i,speak,to,mr,adams
normal,2016,how,are,you,today
normal,2024,is,this,the,house,you,wanted,to,show,us
normal,2022,yes,madam
normal,2016,i,know,it's,smaller,than,you,wanted,but,it's,one,of,the,best,houses,in,this,locality
normal,2014,it,looks,too,small,for,a,family,of,four
normal,2017,i,think,we,could,manage,this,way,but,don't,you,have,any,threebedroom,house
normal,2017,id,like,to,buy,a,good,mobile,phone,set,do,you,have,any,new,model
normal,2022,here,are,some,models,on,the,display,these,are,the,latest,designs,and,new,arrivals
normal,2018,okay,show,me,those,black,ones
normal,2025,these,are,here,sir
normal,2015,how,much,is,this,one
normal,2018,it's,six,thousand,taka,only,sir
normal,2017,no,sir,its,a,fixed,price,you,may,compare,it,at,other,shops
normal,2017,i,think,its,too,much
normal,2018,has,it,any,warranty
normal,2014,of,course,it,has,the,oneyear,limited,warranty
normal,2019,well,does,the,set,have,all,the,multimedia,features
normal,2020,certainly,sir,please,look,here,this,one,side,of,the,box
normal,2018,ok,i,think,its,not,bad,pack,it,up,please
normal,2024,you,may,take,it,without,any,worry,even,if,any,problem,please,contact,us,here,is,our,visiting,card
normal,2018,all,right,here,is,your,money
normal,2025,you,are,most,welcome
normal,2017,i,want,to,borrow,some,books
normal,2024,yes,it,is,available
normal,2018,where,is,it
normal,2016,shall,i,take,the,book
normal,2016,where,is,your,old,book
normal,2024,here,it,is
normal,2025,what,is,the,name,of,the,book
normal,2012,all,the,newspapers,are,available,here
normal,2023,then,any,special,there
normal,2013,sorry,that,took,so,long
normal,2022,what,are,you,thinking,of
normal,2020,speaking,of,does,he,have,any,cash,yet
normal,2017,no,problem,i,will,send,to,your,email
normal,2025,how,much,r,ü,willing,to,pay
normal,2018,when,i,have,stuff,to,sell,i,will,tell,you
normal,2018,i,love,you
normal,2025,i,hate,you
normal,2011,will,you,marry,me
normal,2025,what,is,in,your,hand
normal,2024,what,are,you,thinking
normal,2016,i,like,fruits,and,vegetables
normal,2021,i,am,going,aboard
normal,2022,are,you,married
normal,2022,it,will,be,done,by,next,month
normal,2012,what,did,you,do,today
normal,2023,will,you,do,me,a,favor
normal,2019,will,you,share,your,data,with,me
normal,2024,where,do,we,go,today
normal,2017,i,am,the,principal,of,your,school,i,have,sent,you,a,link,click,on,it,and,pay,fee177,will,you,go,for,a,walk,with,me
normal,2017,are,you,saying,mr,ramesh,you,have,checked,your,message,box,whether,you,have,received,a,coupon,of,500000
normal,2012,i,will,join,the,airforce
normal,2023,what,is,the,number,in,the,paper
normal,2016,thats,fine,well,make,it,next,time
normal,2025,i,see,well,id,be,delighted,to,have,you,over,and,join,the,gathering
normal,2013,great,ill,be,expecting,you
normal,2025,all,right,then
normal,2019,i,have,to,pick,up,my,grandparents,at,the,airport,in,the,morning,then,help,my,parents,prepare,for,the,gathering,in,the,afternoon
normal,2013,i,was,thinking,of,going,to,the,cinema,with,you,theres,a,good,movie,to,watch,but,if,youre,not,available
normal,2015,oh,i,have,a,family,gathering,in,the,evening,why,what,did,you,have,in,mind
normal,2012,jane,refuses,bobs,invitation,to,go,to,the,cinema,because,she,has,to,attend,a,family,gathering
normal,2018,wait,till,you,hear,this,ted,just,got,engaged,to,jack
normal,2019,lucy,and,patrick,talk,about,same,sex,marriage
normal,2024,youre,pulling,my,leg,theyre,just,friends,lucy
normal,2012,theyre,a,couple,patrick,you,can,ask,ted,yourself,if,you,dont,trust,me
normal,2014,well,i,dont,think,it,is,polite,to,ask,people,about,their,sexual,orientation
normal,2016,i,dont,think,so,today,the,gay,community,is,more,open,have,you,heard,of,lgbt,it,stands,for,lesbian,gay,bisexual,and,transgender
normal,2025,yes,i,know,i,just,think,it,is,their,private,life,and,they,will,tell,me,when,they,are,ready
normal,2017,youre,too,busy,studying,you,never,have,time,to,see,them
normal,2020,what,do,you,think,of,gay,marriage,lucy
normal,2017,people,should,be,able,to,do,whatever,they,want,but,i,cant,imagine,if,my,parents,were,both,men,or,both,women
normal,2025,i,know,anything,that,is,different,from,your,own,experience,can,be,hard,to,imagine200,yes,but,as,long,as,both,parents,love,the,child,everything,will,be,fine,no,matter,the,sex,of,the,parents
normal,2025,i,agree,and,speaking,personally,people,like,ted,and,jack,sure,have,the,right,to,be,happy
normal,2020,thats,so,sweet,of,you
normal,2023,not,too,bad,overall,im,worried,about,english,and,chemistry,though,how,is,yours,going,on
normal,2015,mine,is,alright,im,also,finding,chemistry,to,be,bit,challenging,because,of,its,vast,syllabus,and,too,much,memorization,in,organic,chemistry
normal,2022,organic,chemistry,has,been,a,problem,for,me,too,can,we,study,chemistry,together,at,least,the,organic,part
normal,2023,sure,i,think,its,a,good,idea,can,you,help,me,with,english,though
normal,2016,thanks,prepositions,and,reading,comprehension,are,the,main,problem,areas,for,me
normal,2015,ok,will,do,hows,your,preparation,going,on,for,other,subjects
normal,2025,the,paper,was,long,wasnt,it
normal,2016,yes,unusually,long,for,sure,we,wont,see,as,many,95,marks,in,english,this,year
normal,2016,how,did,you,do
normal,2024,so,so,i,wish,i,had,timed,myself,better,in,the,end,i,left,questions,worth,10,marks,unattempted,how,about,you
normal,2022,i,started,off,well,i,was,in,fact,ahead,of,time,as,long,as,i,was,on,grammar,and,letter,writing,but,this,years,reading,comprehension,passages,were,just,too,tough,for,me,and,it,completely,derailed,my,time,management
normal,2021,so,did,you,too,fail,to,complete,the,paper
normal,2021,i,did,somehow,manage,to,complete,but,in,the,last,20odd,minutes,i,had,to,hurry,so,much,that,i,guess,i,made,quite,a,few,mistakes,which,parts,in,the,paper,did,you,find,particularly,challenging
normal,2023,well,english,has,never,been,my,forte,and,i,found,even,parts,of,grammar,to,be,challenging,besides,the,usual,culprit,reading,comprehension
normal,2016,well,cant,do,much,now,lets,hope,for,the,best,and,get,ready,for,the,next,one,chemistry
normal,2015,youre,right,lets,get,back,to,studies,few,more,hard,days,to,go
normal,2023,i,was,wondering,are,you,free,this,saturday220,oh,i,have,a,family,gathering,in,the,evening,why,what,did,you,have,in,mind
normal,2024,i,was,thinking,of,going,to,the,cinema,with,you,theres,a,good,movie,to,watch,but,if,youre,not,available
normal,2014,what,do,you,have,to,do
normal,2017,well,it,sounds,like,fun,but,actually,ill,be,very,busy,on,saturday
normal,2011,i,have,to,pick,up,my,grandparents,at,the,airport,in,the,morning,then,help,my,parents,prepare,for,the,gathering,in,the,afternoon
normal,2011,ok,yes,you,will,be,very,busy
normal,2013,but,thanks,a,lot,for,asking,me,maybe,next,time
normal,2016,thats,fine,well,make,it,next,time
normal,2016,why,not,asking,andrew,to,go,with,you,you,live,in,the,same,apartment,with,him,dont,you
normal,2021,i,have,but,he,already,made,an,appointment,with,lucy,they,plan,to,play,bowling,at,the,leisure,center
normal,2022,i,see,well,id,be,delighted,to,have,you,over,and,join,the,gathering
normal,2020,what,a,great,idea,thank,you,when,should,i,be,there
normal,2016,tui,you,dropped,something
normal,2019,oh,thats,my,family,picture
normal,2020,here,you,are
normal,2024,it,looks,like,you,have,a,big,family
normal,2021,youre,right,1,my,mother,my,father,my,two,older,brothers,me,and,my,two,younger,sisters
normal,2025,i,am,an,only,child
normal,2017,you,are,how,does,it,feel,to,be,3,have,you,ever,felt,lonely
normal,2014,i,never,feel,lonely,because,4,that,live,nearby,they,are,like,my,own,brother,and,sister
normal,2022,lucky,you,my,cousins,live,in,a,different,city,so,i,rarely,meet,them
normal,2014,you,are,luckier,than,me,you,have
normal,2018,haha,it,is,not,always,like,that,we,sometimes,quibble,about,trivial,things,and,quarrel,with,each,other243,well,at,least,you,still,love,each,othertui,this,conversation,makes,me,feel,homesick,see,you,in,class,andrew
normal,2021,will,this,bus,cover,the,route,of,dwarka
normal,2017,yes,sir,its,time,to,get,on,board
normal,2016,which,sector,do,you,want,to,go
normal,2019,dwarka,sector,6
normal,2015,is,this,the,same,route,you,cover,daily
normal,2025,its,9,oclock
normal,2023,sharp,9
normal,2025,yes,sometimes,due,to,traffic,there,is,delay,of,5,minutes,but,more,often,than,not,we,are,on,time
normal,2015,every,morning,at,9,i,have,to,catch,a,bus,for,office,mostly,buses,get,late,so,could,you,please,pick,me,up,every,day,at,9
normal,2024,sure,sir,you,can,also,get,your,monthly,pass,made,for,just,rs,200,through,which,you,can,travel,free,for,a,month
normal,2023,yes,thats,perfect,can,i,get,it,made,right,away
normal,2017,yes,of,course,sir,i,will,make,it,in,no,time
normal,2023,is,there,anyone,without,a,ticket
normal,2022,yes,here,i,am,give,me,a,ticket,please
normal,2015,sure,where,will,you,go
normal,2024,please,pay,rs,45,for,the,ticket
normal,2021,what,rs,45
normal,2016,but,i,paid,rs,40,to,another,bus,the,day,before,yesterday,for,the,same,distance,and,route
normal,2024,it,seems,you,don't,watch,tv,the,prices,of,diesel,rose,rs,800,per,liter,that's,why,the,company,has,raised,the,fare,to,rs,5,per,every,5,km
normal,2018,oh,i,see,but,show,me,the,new,fare,menu,of,the,company,and,show,me,the,notification
normal,2019,here,it,is,pasted,behind,the,seat
normal,2016,ok,nice,here,is,your,rs,45
normal,2015,here,is,the,ticket267,thanks,and,could,you,please,ask,this,man,to,stop,smoking,the,smoke,is,disturbing,us,you,follow,your,company's,order,of,new,fares,from,the,very,first,day,but,when,will,you,follow,your,company's,no,smoking,policy
normal,2025,we,do,follow,all,policies,sir,i,have,already,asked,two,passengers,to,stop,smoking,they,are,the,people,who,belong,to,villages,or,they,are,illiterate,and,hence,cannot,read,the,signs,saying,no,smoking
normal,2025,ok,but,please,make,sure,that,this,person,sitting,beside,does,not,smoke
normal,2022,sure,sir,i,am,just,asking,him,to,quit
normal,2017,it's,4,km,from,here,we,will,be,there,in,just,7,to,10,minutes
normal,2016,have,a,nice,journey,sir
normal,2013,yes,i,want,to,buy,some,books
normal,2024,there,are,different,kinds,of,books,here,what,kind,of,books,you,want
normal,2022,i,want,storybooks,for,children
normal,2023,have,you,any,particular,choice
normal,2015,yes,i,want,to,buy,interesting,stories,about,jungles,and,animals
normal,2025,you,can,see,friends,park,and,happy,jungle
normal,2025,are,these,about,animals
normal,2016,these,are,the,two,best,selling,books,about,animals,stories
normal,2019,ok,let,me,see
normal,2020,here,these,are,any,other,book
normal,2017,these,are,really,fine,i,was,looking,for,such,books,i,would,buy,these,two,and,also,show,me,a,good,book,on,english,grammar
normal,2020,is,this,a,perfect,book,for,grammar
normal,2023,this,is,the,latest,and,the,most,popular,book,of,2020,you,will,find,everything,written,in,a,simple,and,easy,way
normal,2022,we,just,only,have,science,and,fiction,books,and,languages,books287,rs,430,sir,i,have,given,you,5,discount
normal,2017,thanks,here,is,your,payment
normal,2015,well,doctor,i,have,traveled,a,long,distance,to,consult,you,would,you,please,diagnose,my,disease
normal,2017,and,what,may,be,the,matter,with,you,you,are,looking,much,pulled,down
normal,2022,i,am,very,ill,i,often,suffer,from,a,headache,sometimes,i,feel,that,my,heart,is,sinking
normal,2019,let,me,feel,your,pulse,and,see,your,tongue,i,find,nothing,wrong,with,you,only,your,tongue,is,a,bit,dirty
normal,2011,why,i,often,suffer,from,insomnia,my,eyesight,is,also,beginning,to,fail
normal,2016,i,see,then,you,must,have,some,bad,habits,you,seem,to,lead,a,sedentary,life,is,it,a,fact
normal,2017,no,sir,i,have,no,bad,habits,except,smoking,my,life,is,quite,easy,and,comfortable,i,seldom,take,exercise,my,diet,is,quite,rich,consisting,of,meat,eggs,and,fats
normal,2023,there,you,are,smoking,is,very,dangerous,it,is,the,cause,of,your,indigestion,which,your,dirty,tongue,indicates,rich,food,will,do,you,no,good,unless,you,take,exercise,regularly
normal,2024,you,suggest,no,medicine,then
normal,2015,should,i,come,again,to,give,you,the,report
normal,2020,sure,i,hope,your,complaints,will,have,gone,till,then
normal,2015,goodbye
normal,2022,hello,actually,i,gave,a,call,regarding,the,network,issues
normal,2017,is,this,the,same,mobile,number,on,which,you,are,facing,network,issues
normal,2023,could,you,please,confirm,me,your,mobile,number
normal,2013,yes,sure
normal,2022,your,number,is,98432
normal,2012,yes,sir,tell,me,what,issues,you,are,facing307,i,am,facing,network,issues,every,time,i,give,a,call,there,is,a,call,drop,after,connection,sometimes,it,also,takes,more,than,2,minutes,to,connect,a,call
normal,2021,sir,i,would,like,to,tell,you,that,your,issues,will,be,resolved,could,i,please,know,which,handset,you,are,using
normal,2016,i,am,using,a,samsung,phone
normal,2012,i,would,like,to,tell,you,sir,that,you,need,to,change,certain,settings,of,your,phone,because,there,is,no,issue,from,our,end
normal,2021,could,you,please,guide,me
normal,2021,sure,sir,i,will,guide,you,for,that,go,to,your,settings,select,network,and,select,3g,if,youve,chosen,4g,because,your,sim,is,not,supporting,4g,thats,why,you,are,facing,problems,while,calling
normal,2023,what,will,i,have,to,do,to,get,a,4g,sim,for,the,same,number
normal,2021,please,visit,your,nearest,store,they,will,provide,you,the,4g,sim,for,the,same
normal,2020,sir,would,you,like,to,know,about,the,new,offers
normal,2022,no,thank,you
normal,2014,thank,you,for,calling,have,a,great,day,ahead
normal,2019,hello,actually,my,phone,is,acting,up,since,yesterday,morning
normal,2012,may,i,know,which,handset,you,are,using
normal,2016,apple,iphone,6s,plus
normal,2014,could,you,please,tell,me,the,problems,you,are,facing,currently
normal,2022,i,am,facing,battery,and,software,issues
normal,2025,can,i,have,a,look,at,your,phone
normal,2022,please,give,me,10,minutes,meanwhile,have,a,seat,and,have,coffee325,yeah,sure
normal,2022,i,have,figured,out,the,problem,with,your,phone,there,is,a,malware,in,your,phone,that,is,apparently,responsible,for,software,glitches,is,your,phone,under,warranty
normal,2024,yes,it,is,under,warranty,can,it,be,fixed,without,extra,cost
normal,2014,yes,definitely,but,for,that,i,have,to,factory,reset,your,phone
normal,2015,all,my,data,will,be,deleted
normal,2017,no,sir,you,can,take,the,back,up,for,all,your,data,and,if,you,have,already,done,that,then,there,is,no,need,to,fret
normal,2022,actually,i,havent,done,that,could,you,please,guide,me,how,to,take,back,up,the,phone,data
normal,2021,yeah,sure,you,just,need,to,create,an,id,on,icloud,or,you,can,use,your,existing,apple,id,as,well
normal,2021,thank,you,so,much,i,need,10,to,15,minutes,to,do,that
normal,2021,done,how,long,will,it,take,to,fix,all,the,bugs
normal,2016,it,will,take,at,least,an,hour,kindly,show,me,your,bill
normal,2020,sure,this,is,my,bill,and,i,will,just,complete,the,rest,of,my,work,and,i,will,come,after,an,hour,to,collect,my,handset
normal,2019,sure,sir,just,collect,your,token,number,from,the,counter
normal,2014,good,i,want,to,build,a,computer,that,is,capable,of,streaming,what,would,be,the,price,for,thisprocessor
normal,2023,yes,we,do,have,that,product,in,stock,may,i,know,your,requirement,sir
normal,2016,hi,do,you,have,this,processor,intel,i7,10700k
normal,2022,sir,the,mrp,is,inr,33000,but,we,have,a,special,discount,and,we,are,selling,this,for,inr,29000
normal,2025,okay,but,the,price,on,amazon,seemed,to,be,a,little,lower,it,was,28500,the,last,time,i,checked
normal,2022,sir,the,price,on,amazon,fluctuates,every,now,and,then,also,we,provide,an,extended,warranty,you,can,bring,the,processor,back,here,if,you,have,any,issues,with,it344,that,sounds,nice,what,is,the,total,warranty,you,are,giving,with,this,product
normal,2012,sir,we,are,giving,you,a,1year,standard,warranty,plus,an,additional,2,years,from,our,side
normal,2016,that,sounds,good,but,what,is,the,final,price,for,this
normal,2021,sir,it,is,inr,29000,this,is,also,with,extended,warranty
normal,2016,a,small,discount,would,make,the,deal,a,little,better,can,you,do,inr,27000
normal,2021,sir,we,gain,just,a,small,margin,with,the,current,mrp,but,for,that,price,we,would,be,selling,it,for,a,loss
normal,2023,okay,i,will,pay,28500,i,feel,that,this,is,a,good,deal
normal,2019,hmm,sir,this,is,still,a,loss,for,us,but,we,will,agree,on,this,price,customer,satisfaction,is,our,motto
normal,2024,excellent,please,pack,that,product,and,i,was,also,looking,to,buy,a,motherboard,for,my,cpu,do,you,have,any,suggestions,i,heard,that,the,intel,z490,motherboard,is,a,good,choice
normal,2017,oh,is,it,how,much,is,the,price,for,that,motherboard
normal,2023,this,motherboard,costs,inr,17,000,but,we,will,give,it,to,you,for,inr,15800
normal,2016,that,sounds,wonderful
normal,2016,would,you,want,any,other,component,sir,like,ram,ssd,graphics,card
normal,2022,no,thats,enough,ill,take,those,two,for,now
normal,2013,thank,you,sir,your,total,is,inr,44300,we,accept,cash,credit,and,debit,cards,and,well,as,upi,how,would,you,like,to,pay,sir
normal,2021,i,will,pay,with,my,debit,card
normal,2016,thank,you,for,your,purchase,sir,please,do,come,back,if,you,need,any,other,components,or,software,have,a,good,day
normal,2022,thank,you,i,will,you,too,have,a,good,day362,i,am,also,fine,can,we,please,proceed,to,the,interview
normal,2016,sure,go,ahead
normal,2013,sir,your,college,has,made,an,excellent,result,in,the,last,hsc,exam,i,want,to,talk,to,you,about,the,result
normal,2025,its,all,right
normal,2016,sir,how,has,your,college,made,such,a,glorious,result,this,year
normal,2015,to,speak,the,truth,continuous,efforts,of,our,teachers,and,the,system,of,our,teaching,have,helped,us,to,make,this,result
normal,2018,anything,else,sir
normal,2025,our,good,academic,environment,has,also,helped,us,a,lot,to,do,this,result,we,have,a,very,good,relationship,between,our,teachers,and,guardians,it,has,also,contributed,much,to,this,result
normal,2025,its,very,good,sir,most,of,the,students,of,your,college,have,obtained,gpa5,and,your,college,has,secured,the,6th,position,in,rajshahi,board,isnt,it,exceptional
normal,2011,you,may,say,so,our,managing,committee,keeps,a,watchful,eye,on,our,academic,progress,our,teachers,always,try,to,identify,the,weakness,in,various,subjects,of,our,students,and,take,necessary,steps,to,overcome,it
normal,2017,thats,very,appreciable,we,hope,your,college,will,continue,doing,such,glorious,result,in,future,thank,you,for,giving,me,some,of,your,valuable,time,sir
normal,2025,i,would,like,to,know,about,the,incident,of,the,15th,of,march
normal,2023,i,was,passing,by,the,jayanta,hospital,and,i,saw,few,people,fighting,with,each,other
normal,2024,then,what,did,you,do,after,that
normal,2017,i,stood,there,for,a,while,and,then,i,decided,to,move,ahead
normal,2014,then,what,happened,next378,then,all,of,the,sudden,i,heard,a,sound,of,a,bullet
normal,2016,did,you,see,who,fired,the,bullet
normal,2014,not,really,because,after,that,people,started,running,i,just,have,the,rough,look,of,that,person,in,my,mind
normal,2023,could,you,please,share,that,mans,rough,look,with,us
normal,2024,yeah,sure,that,man,was,wearing,a,red,shirt,with,a,black,cap
normal,2012,did,you,see,his,face
normal,2023,no,as,he,was,wearing,a,cap,so,i,couldnt,see,his,face,because,half,of,his,face,was,covered,with,the,cap
normal,2022,did,you,inform,the,cops
normal,2021,yes,i,went,to,the,local,police,station,they,wrote,the,fir,first,information,report
normal,2025,thank,you,so,much,for,sharing,this,information,with,us
normal,2020,so,when,are,we,going,to,see,you,on,the,big,screen,next
normal,2018,soon,i,have,signed,a,movie
normal,2022,when,is,the,releasing,date,of,that,movie
normal,2025,it,will,get,released,in,december
normal,2012,your,fans,have,been,eagerly,waiting,for,your,movie,for,quite,some,time,long
normal,2022,i,really,want,to,thank,all,my,fans,for,their,support
normal,2023,we,will,definitely,pass,on,your,message,to,your,fans,could,you,please,tell,me,something,about,your,upcoming,movie
normal,2024,its,an,action,plus,romantic,movie,i,am,the,main,protagonist,who,portrays,a,role,of,an,honest,police,officer,who,eventually,gets,trapped,by,some,venal,politicians
normal,2025,wow,thats,interesting397,hahaha,lets,see,how,everything,pans,out
normal,2025,and,who,is,the,lead,actress,of,this,movie,we,would,also,like,to,know,about,her
normal,2017,kanika,is,the,lead,actress,she,is,playing,a,role,of,a,politicians,daughter,ahh,thats,enough,of,the,information,about,the,movie,i,guess,lets,keep,something,for,the,trailer,as,well
normal,2020,yes,we,totally,agree,we,all,are,really,excited,to,see,the,trailers,of,your,upcoming,movie
normal,2023,your,internet,explorer,browser,and,computer,may,be,compromised,by,security,threats,call,8443352291,now,for,immediate,assistance
normal,2017,pls,pls,find,out,from,aunt,nike
normal,2013,wow,i,love,you,sooo,much,you,know,i,can,barely,stand,it,i,wonder,how,your,day,goes,and,if,you,are,well,my,love,i,think,of,you,and,miss,you
normal,2022,no,screaming,means,shouting
normal,2024,hey,what,happen,de,are,you,alright
normal,2017,should,i,have,picked,up,a,receipt,or,something,earlier
normal,2025,i,think,chennai,well,settled
normal,2023,oh,dang,i,didn't,mean,o,send,that,to,you,lol
normal,2013,unfortunately,i've,just,found,out,that,we,have,to,pick,my,sister,up,from,the,airport,that,evening,so,don't,think,i'll,be,going,out,at,all,we,should,try,to,go,out,one,of,th
normal,2024,horrible,bf,i,now,v,hungry
normal,2013,remember,on,that,day
normal,2024,how's,it,feel,mr,your,not,my,real,valentine,just,my,yo,valentine,even,tho,u,hardly,play
normal,2025,all,sounds,good,fingers,makes,it,difficult,to,type
normal,2023,midnight,at,the,earliest
normal,2011,you're,not,sure,that,i'm,not,trying,to,make,xavier,smoke,because,i,don't,want,to,smoke,after,being,told,i,smoke,too,much
normal,2016,k,come,to,nordstrom,when,you're,done
normal,2022,do,u,konw,waht,is,rael,friendship,im,gving,yuo,an,exmpel,jsut,ese,tihs,msg,evrey,splleing,of,tihs,msg,is,wrnog,bt,sitll,yuo,can,raed,it,wihtuot,ayn,mitsake,goodnight,amp,have,a,nice,sleepsweet,dreams
normal,2019,now,press,conference,da
normal,2023,after,completed,degree,there,is,no,use,in,joining,finance
normal,2018,good,afternoon,my,love,any,job,prospects,are,you,missing,me,what,do,you,do,are,you,being,lazy,and,bleak,hmmm,or,happy,and,filled,with,my,love
normal,2019,shant,disturb,u,anymore,jia,you
normal,2022,bishan,lar,nearer,no,need,buy,so,early,cos,if,buy,now,i,gotta,park,my,car
normal,2020,me,i,dont,know,again,oh
normal,2025,dude,sux,for,snake,he,got,old,and,raiden,got,buff
normal,2019,he,says,hi,and,to,get,your,ass,back,to,south,tampa,preferably,at,a,kegger
normal,2021,in,e,msg,jus,now,u,said,thanks,for,gift
normal,2018,u,too
normal,2019,ok,how,you,dear,did,you,call,chechi
normal,2017,yeah,we,do,totes,when,u,wanna
normal,2016,ok,i,found,dis,pierre,cardin,one,which,looks,normal,costs,20,its,on,sale
normal,2023,good,sleep,is,about,rhythm,the,person,has,to,establish,a,rhythm,that,the,body,will,learn,and,use,if,you,want,to,know,more
normal,2016,wat,r,u,doing
normal,2020,message,from,i,am,at,truro,hospital,on,ext,you,can,phone,me,here,as,i,have,a,phone,by,my,side
normal,2019,single,line,with,a,big,meaning,miss,anything,4,ur,best,life,but,don't,miss,ur,best,life,for,anything,gud,nyt
normal,2011,just,got,some,gas,money,any,chance,you,and,the,gang,want,to,go,on,a,grand,nature,adventure
normal,2019,dnt,worryuse,ice,pieces,in,a,cloth,packalso,take,2,tablets
normal,2016,dude,just,saw,a,parked,car,with,its,sunroof,popped,up,sux
normal,2016,get,ready,to,put,on,your,excellent,sub,face
normal,2025,tmrw,im,finishing,9,doors
normal,2023,the,ltgt,g,that,i,saw,a,few,days,ago,the,guy,wants,sell,wifi,only,for,ltgt,and,with,3g,for,ltgt,that's,why,i,blanked,him
normal,2024,i,am,late,i,will,be,there,at
normal,2022,whatever,im,pretty,pissed,off
normal,2016,today,is,accept,dayu,accept,me,as,brother,sister,lover,dear1,best1,clos1,lvblefrnd,jstfrnd,cutefrnd,lifpartnr,belovd,swtheart,bstfrnd,no,rply,means,enemy
normal,2023,i,dont,have,that,much,image,in,class
normal,2012,noi,got,rumour,that,you,going,to,buy,apartment,in,chennai
normal,2024,near,kalainar,tv,officethenampet
normal,2022,my,sis,is,catching,e,show,in,e,afternoon,so,i'm,not,watching,w,her,so,c,u,wan,2,watch,today,or,tmr,lor
normal,2021,sounds,gd,haha,can,wah,u,yan,jiu,so,fast,liao
normal,2020,no,to,be,nosy,i,guess,idk,am,i,over,reacting,if,i'm,freaked
normal,2018,remember,all,those,whom,i,hurt,during,days,of,satanic,imposter,in,meneed,to,pay,a,priceso,be,itmay,destiny,keep,me,going,and,as,u,said,pray,that,i,get,the,mind,to,get,over,the,same
normal,2024,how,to,make,a,girl,happy,it's,not,at,all,difficult,to,make,girls,happy,u,only,need,to,be,1,a,friend,2,companion,3,lover,4,chef,ltgt,good,listener,ltgt,organizer,ltgt,good,boyfriend,ltgt,very,clean,ltgt,sympathetic,ltgt,athletic,ltgt,warm,ltgt,courageous,ltgt,determined,ltgt,true,ltgt,dependable,ltgt,intelligent,ltgt,psychologist,ltgt,pest,exterminator,ltgt,psychiatrist,ltgt,healer,ltgt,stylist,ltgt,driver,aaniye,pudunga,venaam
normal,2025,why,is,that,princess,i,bet,the,brothas,are,all,chasing,you
normal,2015,i,shall,book,chez,jules,for,half,eight,if,that's,ok,with,you
normal,2017,hhahhaahahah,rofl,wtf,nig,was,leonardo,in,your,room,or,something
normal,2017,yep,at,derek's,house,now,see,you,sunday,lt3
normal,2020,it's,cool,let,me,know,before,it,kicks,off,around,ltgt,i'll,be,out,and,about,all,day
normal,2022,sorry,i'll,call,later
normal,2025,i,was,wondering,if,it,would,be,okay,for,you,to,call,uncle,john,and,let,him,know,that,things,are,not,the,same,in,nigeria,as,they,r,here,that,ltgt,dollars,is,2years,sent,and,that,you,know,its,a,strain,but,i,plan,to,pay,back,every,dime,he,gives,every,dime,so,for,me,to,expect,anything,from,you,is,not,practical,something,like,that
normal,2022,there,are,no,other,charges,after,transfer,charges,and,you,can,withdraw,anyhow,you,like
normal,2025,dont,search,love,let,love,find,u,thats,why,its,called,falling,in,love,bcoz,u,dont,force,yourself,u,just,fall,and,u,know,there,is,smeone,to,hold,u,bslvyl
normal,2024,at,4,let's,go,to,bill,millers
normal,2020,i,love,you,you,set,my,soul,on,fire,it,is,not,just,a,spark,but,it,is,a,flame,a,big,rawring,flame,xoxo
normal,2021,somewhr,someone,is,surely,made,4,u,and,god,has,decided,a,perfect,time,to,make,u,meet,dat,person,till,den,enjoy,ur,crushes
normal,2014,that's,my,honeymoon,outfit
normal,2025,will,it,help,if,we,propose,going,back,again,tomorrow
normal,2011,never,blame,a,day,in,ur,life,good,days,give,u,happiness,bad,days,give,u,experience,both,are,essential,in,life,all,are,gods,blessings,good,morning
normal,2019,pls,confirm,the,time,to,collect,the,cheque
normal,2022,daddy,will,take,good,care,of,you
normal,2024,yeah,probably,i,still,gotta,check,out,with,leo
normal,2022,kthen,any,other,special
normal,2021,carlos,is,taking,his,sweet,time,as,usual,so,let,me,know,when,you,and,patty,are,donewant,to,smoke,and,i'll,tell,him,to,haul,ass
normal,2013,ok,pa,nothing,problem
normal,2023,have,you,heard,about,that,job,i'm,going,to,that,wildlife,talk,again,tonight,if,u,want2come,its,that2worzels,and,a,wizzle,or,whatever,it,is
normal,2017,god,picked,up,a,flower,and,dippeditinadew,lovingly,touched,itwhichturnedinto,u,and,the,he,gifted,tomeandsaidthis,friend,is,4u
normal,2024,when,you,came,to,hostel
normal,2016,ok,no,prob,i'll,come,after,lunch,then
normal,2013,jus,telling,u,dat,i'll,b,leaving,4,shanghai,on,21st,instead,so,we'll,haf,more,time,2,meet,up,cya
normal,2023,are,your,freezing,are,you,home,yet,will,you,remember,to,kiss,your,mom,in,the,morning,do,you,love,me,do,you,think,of,me,are,you,missing,me,yet
normal,2012,you,all,ready,for,big,day,tomorrow
normal,2023,i'll,probably,be,around,mu,a,lot
normal,2023,thnx,dude,u,guys,out,2nite
normal,2023,me,sef,dey,laugh,you,meanwhile,how's,my,darling,anjie
normal,2016,mm,i,had,my,food,da,from,out
normal,2012,k,makes,sense,btw,carlos,is,being,difficult,so,you,guys,are,gonna,smoke,while,i,go,pick,up,the,second,batch,and,get,gas
normal,2020,did,u,download,the,fring,app
normal,2025,the,2,oz,guy,is,being,kinda,flaky,but,one,friend,is,interested,in,picking,up,ltgt,worth,tonight,if,possible
normal,2025,friends,that,u,can,stay,on,fb,chat,with
normal,2021,fuck,babe,i,miss,you,sooooo,much,i,wish,you,were,here,to,sleep,with,me,my,bed,is,so,lonely,i,go,now,to,sleep,to,dream,of,you,my,love
normal,2023,living,is,very,simple,loving,is,also,simple,laughing,is,too,simple,winning,is,tooo,simple,but,being,simple,is,very,difficult,gud,nte
normal,2016,ah,well,that,confuses,things,doesnt,it
normal,2018,hi,dear,call,me,its,urgnt,i,don't,know,whats,your,problem,you,don't,want,to,work,or,if,you,have,any,other,problem,at,least,tell,me,wating,for,your,reply
normal,2024,dear,how,you,are,you,ok
normal,2025,yes,princess,i,want,to,make,you,happy
normal,2018,sounds,like,you,have,many,talents,would,you,like,to,go,on,a,dinner,date,next,week
normal,2016,i,am,going,to,film,2day,da,at,6pm,sorry,da
normal,2016,we,not,watching,movie,already,xy,wants,2,shop,so,i'm,shopping,w,her,now
normal,2025,hello,my,little,party,animal,i,just,thought,i'd,buzz,you,as,you,were,with,your,friends,grins,reminding,you,were,loved,and,send,a,naughty,adoring,kiss
normal,2017,yesterday,its,with,me,only,now,am,going,home
normal,2017,you,have,come,into,my,life,and,brought,the,sun,shiny,down,on,me,warming,my,heart,putting,a,constant,smile,on,my,face,making,me,feel,loved,and,cared,for
normal,2025,no,shit,but,i,wasn't,that,surprised,so,i,went,and,spent,the,evening,with,that,french,guy,i,met,in,town,here,and,we,fooled,around,a,bit,but,i,didn't,let,him,fuck,me
normal,2016,great,comedycant,stop,laughing,da
normal,2022,alright,we're,all,set,here,text,the,man
normal,2021,hi,where,are,you,we're,at,and,they're,not,keen,to,go,out,i,kind,of,am,but,feel,i,shouldn't,so,can,we,go,out,tomo,don't,mind,do,you
normal,2024,sleeping,nt,feeling,well
normal,2018,u,will,switch,your,fone,on,dammit
normal,2018,india,have,to,take,lead
normal,2023,ill,post,her,out,l8r,in,class
normal,2025,thts,wat,wright,brother,did,to,fly
normal,2024,evening,v,good,if,somewhat,event,laden,will,fill,you,in,don't,you,worry,head,ok,but,throat,wrecked,see,you,at,six,then
normal,2024,if,u,laugh,really,loud,if,u,talk,spontaneously,if,u,dont,care,what,others,feel,u,are,probably,with,your,dear,amp,best,friends,goodevening,dear
normal,2015,its,a,laptop,take,it,with,you
normal,2018,i,dont,have,any,of,your,file,in,my,bagi,was,in,work,when,you,called,mei,ll,tell,you,if,i,find,anything,in,my,room
normal,2025,i,wan,but,too,early,lei,me,outside,now,wun,b,home,so,early,neva,mind,then
normal,2023,i,was,at,bugis,juz,now,wat,but,now,i'm,walking,home,oredi,ü,so,late,then,reply,i,oso,saw,a,top,dat,i,like,but,din,buy,where,r,ü,now
normal,2019,wishing,you,and,your,family,merry,x,mas,and,happy,new,year,in,advance
normal,2013,at,7,we,will,go,ok,na
normal,2024,yes,i,posted,a,couple,of,pics,on,fb,there's,still,snow,outside,too,i'm,just,waking,up
normal,2018,sif,we,have,one,good,partnership,going,we,will,take,lead
normal,2023,yeah,where's,your,class,at
normal,2018,no,just,send,to,you,bec,you,in,temple,na
normal,2021,you,aren't,coming,home,between,class,right,i,need,to,work,out,and,shower
normal,2022,s,but,mostly,not,like,that
normal,2011,dunno,cos,i,was,v,late,n,when,i,reach,they,inside,already,but,we,ate,spageddies,lor,it's,e,gals,who,r,laughing,at,me,lor
normal,2025,guess,who,spent,all,last,night,phasing,in,and,out,of,the,fourth,dimension
normal,2020,so,now,my,dad,is,gonna,call,after,he,gets,out,of,work,and,ask,all,these,crazy,questions
normal,2025,yesbut,they,said,its,it
normal,2012,very,hurting,n,meaningful,lines,ever,i,compromised,everything,for,my,love,but,at,d,end,my,love,compromised,me,for,everything,gud,mornin
normal,2018,lmaonice,1
normal,2016,glad,to,see,your,reply
normal,2016,painful,words,i,thought,being,happy,was,the,most,toughest,thing,on,earth,but,the,toughest,is,acting,happy,with,all,unspoken,pain,inside
normal,2023,yeah,that's,fine,it's,6,to,get,in,is,that,ok
normal,2021,lol,where,do,u,come,up,with,these,ideas
normal,2020,so,many,people,seems,to,be,special,at,first,sight,but,only,very,few,will,remain,special,to,you,till,your,last,sight,maintain,them,till,life,ends,shjas
normal,2017,today,is,song,dedicated,day,which,song,will,u,dedicate,for,me,send,this,to,all,ur,valuable,frnds,but,first,rply,me
normal,2023,okay,we,wait,ah
normal,2016,y,lei
normal,2017,hi,babe,u,r,most,likely,to,be,in,bed,but,im,so,sorry,about,tonight,i,really,wanna,see,u,tomorrow,so,call,me,at,9,love,me,xxx
normal,2014,already,am,squatting,is,the,new,way,of,walking
normal,2011,do,you,want,bold,2,or,bb,torch
normal,2014,cramps,stopped,going,back,to,sleep
normal,2016,nan,sonathaya,soladha,why,boss
normal,2015,bring,tat,cd,don,forget
normal,2024,i,don't,know,but,i'm,raping,dudes,at,poker
normal,2025,weightloss,no,more,girl,friends,make,loads,of,money,on,ebay,or,something,and,give,thanks,to,god
normal,2014,was,gr8,to,see,that,message,so,when,r,u,leaving,congrats,dear,what,school,and,wat,r,ur,plans
normal,2022,ü,eatin,later,but,i'm,eatin,wif,my,frens,now,lei,ü,going,home,first
normal,2023,finish,already,yar,they,keep,saying,i,mushy,i,so,embarrassed,ok
normal,2021,sorry,man,my,stash,ran,dry,last,night,and,i,can't,pick,up,more,until,sunday
normal,2015,hai,priya,are,you,right,what,doctor,said,pa,where,are,you
normal,2020,ok
normal,2021,please,ask,mummy,to,call,father
normal,2018,can,come,my,room,but,cannot,come,my,house,cos,my,house,still,messy,haha
normal,2023,i,have,lost,10,kilos,as,of,today
normal,2024,just,taste,fish,curry,p
normal,2013,what,can,i,do,might,accidant,tookplace,between,somewhere,ghodbandar,rd,traffic,moves,slovely,so,plz,slip,amp,don't,worry
normal,2023,yun,ahnow,ü,wkg,wherebtw,if,ü,go,nus,sc,ü,wana,specialise,in,wad
normal,2016,yes,i,am,a,one,woman,man,please,tell,me,your,likes,and,dislikes,in,bed
normal,2025,was,doing,my,test,earlier,i,appreciate,you,will,call,you,tomorrow
normal,2024,how's,my,loverboy,doing,what,does,he,do,that,keeps,him,from,coming,to,his,queen,hmmm,doesn't,he,ache,to,speak,to,me,miss,me,desparately
normal,2019,u,meet,other,fren,dun,wan,meet,me,ah,muz,b,a,guy,rite
normal,2015,no,promises,on,when,though,haven't,even,gotten,dinner,yet
normal,2017,i,got,your,back,do,you,have,any,dislikes,in,bed
normal,2017,o,turns,out,i,had,stereo,love,on,mi,phone,under,the,unknown,album
normal,2020,yeah,i,don't,see,why,not
normal,2014,asking,do,u,knw,them,or,nt,may,be,ur,frnds,or,classmates
normal,2023,sorry,about,earlier,putting,out,firesare,you,around,to,talk,after,9,or,do,you,actually,have,a,life,lol
normal,2021,as,in,missionary,hook,up,doggy,hook,up,standing
normal,2023,then,u,better,go,sleep,dun,disturb,u,liao,u,wake,up,then,msg,me,lor
normal,2017,fighting,with,the,world,is,easy,u,either,win,or,lose,bt,fightng,with,some1,who,is,close,to,u,is,dificult,if,u,lose,u,lose,if,u,win,u,still,lose
normal,2013,am,watching,house,very,entertaining,am,getting,the,whole,hugh,laurie,thing,even,with,the,stick,indeed,especially,with,the,stick
normal,2019,thought,praps,you,meant,another,one,goodo,i'll,look,tomorrow
normal,2021,hi,jon,pete,here,ive,bin,2,spain,recently,hav,sum,dinero,left,bill,said,u,or,ur,rents,mayb,interested,in,it,i,hav,12000pes,so,around,48,tb,james
normal,2016,there,bold,2,ltgt,is,that,yours
normal,2016,you,know,there,is,i,shall,speak,to,you,in,ltgt,minutes,then
normal,2025,alrite,hunnywot,u,up,2,2nite,didnt,end,up,goin,down,town,jus,da,pub,instead,jus,chillin,at,da,mo,in,me,bedroomlove,jen,xxx
normal,2019,i,went,to,project,centre
normal,2017,as,per,your,request,maangalyam,alaipayuthe,has,been,set,as,your,callertune,for,all,callers,press,9,to,copy,your,friends,callertune
normal,2012,lol,yeah,at,this,point,i,guess,not
normal,2024,doing,project,w,frens,lor
normal,2024,lol,well,quality,aint,bad,at,all,so,i,aint,complaining
normal,2024,k,can,that,happen,tonight
normal,2022,i,think,we're,going,to,finn's,now,come
normal,2023,why,tired,what,special,there,you,had
normal,2024,i,will,come,tomorrow,di
normal,2013,i,cant,pick,the,phone,right,now,pls,send,a,message
normal,2024,k,go,and,sleep,well,take,rest
normal,2022,u,guys,never,invite,me,anywhere
normal,2015,i,can,do,that,i,want,to,please,you,both,inside,and,outside,the,bedroom
normal,2021,ey,calm,downon,theacusations,itxt,u,cos,iwana,know,wotu,r,doin,at,thewend,haventcn,u,in,agesring,me,if,ur,up4,nething,satlove,j,xxx
normal,2025,i,love,to,wine,and,dine,my,lady
normal,2024,im,cool,ta,luv,but,vtired,2,cause,i,have,been,doin,loads,of,planning,all,wk,we,have,got,our,social,services,inspection,at,the,nursery,take,care,spk,sn,x
normal,2021,i,don,know,account,detailsi,will,ask,my,mom,and,send,youmy,mom,is,out,of,reach,now
normal,2022,i,think,u,have,the,wrong,number
normal,2021,feel,yourself,that,you,are,always,happy,slowly,it,becomes,your,habit,amp,finally,it,becomes,part,of,your,life,follow,it,happy,morning,amp,have,a,happy,day
normal,2023,do,not,b,late,love,mum
normal,2022,got,itmail,panren,paru
normal,2015,was,thinking,about,chuckin,ur,red,green,n,black,trainners,2,save,carryin,them,bac,on,train
normal,2020,give,one,miss,from,that,number,please
normal,2024,jus,came,back,fr,lunch,wif,my,sis,only,u,leh
normal,2023,how,is,your,schedule,next,week,i,am,out,of,town,this,weekend
normal,2020,really,gooddhanush,rocks,once,again
normal,2018,lmao,ok,i,wont,be,needing,u,to,do,my,hair,anymore
normal,2016,miss,ya,need,ya,want,ya,love,ya
normal,2022,sorry,i'm,not,free
normal,2017,do,u,ever,get,a,song,stuck,in,your,head,for,no,reason,and,it,won't,go,away,til,u,listen,to,it,like,5,times
normal,2016,nt,yet,chikkusimple,habbahw,abt,u
normal,2017,got,ur,mail,dileepthank,you,so,muchand,look,forward,to,lots,of,supportvery,less,contacts,hereremember,one,venugopal,you,mentionedtomorrow,if,not,latei,shall,try,to,come,up,till,theregoodnight,dear
normal,2018,sometimes,heart,remembrs,someone,very,much,forgets,someone,soon,bcoz,heart,will,not,like,everyone,but,liked,ones,will,be,remembered,everytime,bslvyl
normal,2012,joy's,father,is,john,then,john,is,the,name,of,joy's,father,mandan
normal,2019,hi,this,is,yijue,it's,regarding,the,3230,textbook,it's,intro,to,algorithms,second,edition,i'm,selling,it,for,50
normal,2024,k,want,us,to,come,by,now
normal,2016,how,its,a,little,difficult,but,its,a,simple,way,to,enter,this,place
normal,2022,ha,both,of,us,doing,e,same,thing,but,i,got,tv,2,watch,u,can,thk,of,where,2,go,tonight,or,u,already,haf,smth,in,mind
normal,2021,dont,show,yourself,how,far,put,new,pictures,up,on,facebook
normal,2016,watching,tv,now,i,got,new,job
normal,2017,good,afternoon,sexy,buns,how,goes,the,job,search,i,wake,and,you,are,my,first,thought,as,always,my,love,i,wish,your,fine,and,happy,and,know,i,adore,you
normal,2019,i'm,not,coming,over,do,whatever,you,want
normal,2022,its,ok,chikku,and,its,my,1,of,favourite,song
normal,2018,did,u,see,what,i,posted,on,your,facebook
normal,2018,my,uncles,in,atlanta,wish,you,guys,a,great,semester
normal,2018,no,dear,i,do,have,free,messages,without,any,recharge,hi,hi,hi
normal,2022,dont,search,love,let,love,find,u,thats,why,its,called,falling,in,love,bcoz,u,dont,force,yourself,u,just,fall,and,u,know,there,is,smeone,to,hold,u,bslvyl
normal,2011,i,dun,believe,u,i,thk,u,told,him
normal,2023,do,you,know,why,god,created,gap,between,your,fingers,so,that,one,who,is,made,for,you,comes,amp,fills,those,gaps,by,holding,your,hand,with,love
normal,2023,yessura,in,sun,tvlol
normal,2025,arun,can,u,transfr,me,d,amt
normal,2021,takin,a,shower,now,but,yeah,i'll,leave,when,i'm,done
normal,2016,am,not,working,but,am,up,to,eyes,in,philosophy,so,will,text,u,later,when,a,bit,more,free,for,chat
normal,2021,u,havent,lost,me,ill,always,b,here,4ui,didnt,intend,2,hurt,u,but,i,never,knew,how,u,felt,about,me,when,iwasmarinethats,what,itried2tell,urmomi,careabout,u
normal,2017,you,bad,girl,i,can,still,remember,them
normal,2018,how,much,i,gave,to,you,morning
normal,2018,i,hope,your,alright,babe,i,worry,that,you,might,have,felt,a,bit,desparate,when,you,learned,the,job,was,a,fake,i,am,here,waiting,when,you,come,back,my,love
normal,2021,hey,can,you,tell,me,blake's,address,carlos,wanted,me,to,meet,him,there,but,i,got,lost,and,he's,not,answering,his,phone
normal,2023,can,i,get,your,opinion,on,something,first
normal,2018,that,one,week,leave,i,put,know,that,time,why
normal,2012,if,we,hit,it,off,you,can,move,in,with,me
normal,2023,excellent,i,spent,ltgt,years,in,the,air,force,iraq,and,afghanistan,i,am,stable,and,honest,do,you,like,traveling
normal,2023,i,wanna,watch,that,movie
normal,2014,ok,lor,thanx,ü,in,school
normal,2015,i'm,in,class,did,you,get,my,text
normal,2019,the,bus,leaves,at,ltgt
normal,2025,god,blessget,good,sleep,my,deari,will,pray
normal,2019,do,have,a,nice,day,today,i,love,you,so,dearly
normal,2023,aiyo,a,bit,pai,seh,ü,noe,scared,he,dun,rem,who,i,am,then,die,hee,but,he,become,better,lookin,oredi,leh
normal,2024,aight,i'll,ask,a,few,of,my,roommates
normal,2013,now,whats,your,house,again,and,do,you,have,any,beer,there
normal,2019,do,ü,all,wan,2,meet,up,n,combine,all,the,parts,how's,da,rest,of,da,project,going
normal,2022,getting,tickets,4,walsall,tue,6,th,march,my,mate,is,getting,me,them,on,sat,ill,pay,my,treat,want,2,go,txt,bak,terry
normal,2022,yes,we,are,chatting,too
normal,2022,hi,its,jess,i,dont,know,if,you,are,at,work,but,call,me,when,u,can,im,at,home,all,eve,xxx
normal,2023,sian,aft,meeting,supervisor,got,work,2,do,liao,u,working,now
normal,2021,are,you,going,to,write,ccna,exam,this,week
normal,2018,well,i,will,watch,shrek,in,3db
normal,2022,am,i,that,much,dirty,fellow
normal,2022,dunno,dat's,wat,he,told,me,ok,lor
normal,2021,i'll,probably,be,by,tomorrow,or,even,later,tonight,if,something's,going,on
normal,2020,i,couldn't,say,no,as,he,is,a,dying,man,and,i,feel,sad,for,him,so,i,will,go,and,i,just,wanted,you,to,know,i,would,probably,be,gone,late,into,your,night
normal,2016,if,you're,thinking,of,lifting,me,one,then,no
normal,2014,same,as,u,dun,wan,y,u,dun,like,me,already,ah,wat,u,doing,now,still,eating
normal,2019,sent,me,ur,email,id,soon
normal,2022,wat,makes,some,people,dearer,is,not,just,de,happiness,dat,u,feel,when,u,meet,them,but,de,pain,u,feel,when,u,miss,dem
normal,2021,dude,what's,up,how,teresa,hope,you,have,been,okay,when,i,didnt,hear,from,these,people,i,called,them,and,they,had,received,the,package,since,dec,ltgt,just,thot,you'ld,like,to,know,do,have,a,fantastic,year,and,all,the,best,with,your,reading,plus,if,you,can,really,really,bam,first,aid,for,usmle,then,your,work,is,done
normal,2021,hey,gorgeous,man,my,work,mobile,number,is,have,a,good,one,babe,squishy,mwahs
normal,2023,may,i,call,you,later,pls
normal,2016,that's,the,way,you,should,stay,oh
normal,2024,hello,thanx,for,taking,that,call,i,got,a,job,starts,on,monday
normal,2019,what,time,is,ur,flight,tmr
normal,2021,when,should,i,come,over
normal,2016,i,have,a,rather,prominent,bite,mark,on,my,right,cheek
normal,2017,will,be,september,by,then
normal,2018,are,you,wet,right,now
normal,2011,and,how's,your,husband
normal,2018,are,we,doing,the,norm,tomorrow,i,finish,just,a,415,cos,of,st,tests,need,to,sort,library,stuff,out,at,some,point,tomo,got,letter,from,today,access,til,end,march,so,i,better,get,move,on
normal,2019,yeah,i,got,a,list,with,only,u,and,joanna,if,i'm,feeling,really,anti,social
normal,2025,i,am,in,your,office,na
normal,2025,are,you,comingdown,later
normal,2021,super,dagood,replacement,for,murali
normal,2021,da,is,good,good,playerwhy,he,is,unsold
normal,2020,hi,do,u,want,to,join,me,with,sts,later,meeting,them,at,five,call,u,after,class
normal,2016,its,on,in,engalnd,but,telly,has,decided,it,won't,let,me,watch,it,and,mia,and,elliot,were,kissing,damn,it
normal,2017,i,dont,want,to,hear,philosophy,just,say,what,happen
normal,2017,you,got,job,in,wiproyou,will,get,every,thing,in,life,in,2,or,3,years
normal,2025,then,cant,get,da,laptop,my,matric,card,wif,ü,lei
normal,2012,dunno,da,next,show,aft,6,is,850,toa,payoh,got,650
normal,2014,i,just,made,some,payments,so,dont,have,that,much,sorry,would,you,want,it,fedex,or,the,other,way
normal,2011,they,did't,play,one,day,last,year,know,even,though,they,have,very,good,team,like,india
normal,2025,kyou,are,the,only,girl,waiting,in,reception,ah
normal,2017,say,this,slowly,godi,love,you,amp,i,need,youclean,my,heart,with,your,bloodsend,this,to,ten,special,people,amp,u,c,miracle,tomorrow,do,itplspls,do,it
normal,2019,i,hate,when,she,does,this,she,turns,what,should,be,a,fun,shopping,trip,into,an,annoying,day,of,how,everything,would,look,in,her,house
normal,2014,sir,i,am,waiting,for,your,call
normal,2019,what's,up,do,you,want,me,to,come,online
normal,2019,it,could,work,we'll,reach,a,consensus,at,the,next,meeting
normal,2017,aiyah,then,i,wait,lor,then,u,entertain,me,hee
normal,2021,the,last,thing,i,ever,wanted,to,do,was,hurt,you,and,i,didn't,think,it,would,have,you'd,laugh,be,embarassed,delete,the,tag,and,keep,going,but,as,far,as,i,knew,it,wasn't,even,up,the,fact,that,you,even,felt,like,i,would,do,it,to,hurt,you,shows,you,really,don't,know,me,at,all,it,was,messy,wednesday,but,it,wasn't,bad,the,problem,i,have,with,it,is,you,have,the,time,to,clean,it,but,you,choose,not,to,you,skype,you,take,pictures,you,sleep,you,want,to,go,out,i,don't,mind,a,few,things,here,and,there,but,when,you,don't,make,the,bed,when,you,throw,laundry,on,top,of,it,when,i,can't,have,a,friend,in,the,house,because,i'm,embarassed,that,there's,underwear,and,bras,strewn,on,the,bed,pillows,on,the,floor,that's,something,else,you,used,to,be,good,about,at,least,making,the,bed
normal,2024,i'll,let,you,know,when,it,kicks,in
normal,2023,you,call,him,now,ok,i,said,call,him
normal,2019,call,to,the,number,which,is,available,in,appointment,and,ask,to,connect,the,call,to,waheed,fathima
normal,2024,or,ü,go,buy,wif,him,then,i,meet,ü,later,can
normal,2025,mmmm,fuck,not,fair,you,know,my,weaknesses,grins,pushes,you,to,your,knee's,exposes,my,belly,and,pulls,your,head,to,it,don't,forget,i,know,yours,too,wicked,smile
normal,2015,today,my,system,sh,get,readyall,is,well,and,i,am,also,in,the,deep,well
normal,2015,mom,wants,to,know,where,you,at
normal,2018,aight,i'll,text,you,when,i'm,back
normal,2011,dont,know,supports,ass,and,srt,i,thnk,i,think,ps3,can,play,through,usb,too
normal,2024,oh,ok,i,didnt,know,what,you,meant,yep,i,am,baby,jontin
normal,2025,watching,tv,now,i,got,new,job
normal,2021,this,pen,thing,is,beyond,a,joke,wont,a,biro,do,don't,do,a,masters,as,can't,do,this,ever,again
normal,2019,i,am,at,a,party,with,alex,nichols
normal,2013,just,seeing,your,missed,call,my,dear,brother,do,have,a,gr8,day
normal,2014,ok,ü,finishing,soon
normal,2013,sorry,i,can't,help,you,on,this
normal,2018,come,to,me,slave,your,doing,it,again,going,into,your,shell,and,unconsciously,avoiding,me,you,are,making,me,unhappy
normal,2025,i,love,your,ass,do,you,enjoy,doggy,style
normal,2025,i,think,asking,for,a,gym,is,the,excuse,for,lazy,people,i,jog
normal,2017,no,on,the,way,home,so,if,not,for,the,long,dry,spell,the,season,would,have,been,over
normal,2025,i,gotta,collect,da,car,at,6,lei
normal,2018,ok,but,knackered,just,came,home,and,went,to,sleep,not,good,at,this,full,time,work,lark
normal,2025,probably,earlier,than,that,if,the,station's,where,i,think,it,is
normal,2018,good,morning,plz,call,me,sir
normal,2014,uh,heads,up,we,don't,have,that,much,left
normal,2021,i,tot,u,outside,cos,darren,say,u,come,shopping,of,course,we,nice,wat,we,jus,went,sim,lim,look,at,mp3,player
normal,2019,aight,sounds,good,when,do,you,want,me,to,come,down
normal,2025,wat,would,u,like,4,ur,birthday
normal,2024,i,love,working,from,home
normal,2019,and,miss,vday,the,parachute,and,double,coins,u,must,not,know,me,very,well
normal,2011,sorry,i'll,call,later
normal,2025,my,sister,got,placed,in,birla,soft,da
normal,2023,wah,okie,okie,muz,make,use,of,e,unlimited,haha
normal,2012,there're,some,people,by,mu,i'm,at,the,table,by,lambda
normal,2019,and,stop,being,an,old,man,you,get,to,build,snowman,snow,angels,and,snowball,fights
normal,2014,ello,babe,u,ok
normal,2011,hello,beautiful,r,u,ok,i've,kinda,ad,a,row,wiv,and,he,walked,out,the,pub,i,wanted,a,night,wiv,u,miss,u
normal,2019,then,u,going,ikea,str,aft,dat
normal,2025,becoz,its,ltgt,jan,whn,al,the,post,ofice,is,in,holiday,so,she,cn,go,fr,the,post,oficegot,it,duffer
normal,2019,lol,grr,my,mom,is,taking,forever,with,my,prescription,pharmacy,is,like,2,minutes,away,ugh
normal,2017,for,real,tho,this,sucks,i,can't,even,cook,my,whole,electricity,is,out,and,i'm,hungry
normal,2025,you,want,to,go
normal,2021,its,not,that,time,of,the,month,nor,mid,of,the,time
normal,2012,fffff,can,you,text,kadeem,or,are,you,too,far,gone
normal,2011,we,not,leaving,yet,ok,lor,then,we,go,elsewhere,n,eat,u,thk
normal,2023,is,fujitsu,s,series,lifebook,good
normal,2025,yar,i,wanted,2,scold,u,yest,but,late,already,i,where,got,zhong,se,qing,you,if,u,ask,me,b4,he,ask,me,then,i'll,go,out,w,u,all,lor,n,u,still,can,act,so,real
normal,2019,dont,know,you,bring,some,food
normal,2019,no,current,and,food,here,i,am,alone,also
normal,2023,i'll,be,in,sch,fr,46,i,dun,haf,da,book,in,sch,it's,at,home
normal,2022,hello,they,are,going,to,the,village,pub,at,8,so,either,come,here,or,there,accordingly,ok
normal,2015,ok
normal,2022,we,don,call,like,ltgt,times,oh,no,give,us,hypertension,oh
normal,2019,dont,give,a,monkeys,wot,they,think,and,i,certainly,don't,mind,any,friend,of,mineall,that,just,don't,sleep,wiv,that,wud,be,annoyin
normal,2021,omg,it,could,snow,here,tonite
normal,2017,carry,on,not,disturbing,both,of,you
normal,2025,what,pa,tell,me,i,went,to,bath
normal,2011,jus,finished,avatar,nigro
normal,2021,r,u,over,scratching,it
normal,2018,hope,you,are,having,a,great,day
normal,2023,did,either,of,you,have,any,idea's,do,you,know,of,anyplaces,doing,something
normal,2012,my,planning,usually,stops,at,find,hella,weed,smoke,hella,weed
normal,2020,the,fact,that,you're,cleaning,shows,you,know,why,i'm,upset,your,priority,is,constantly,what,i,want,to,do,not,what,i,need,to,do
normal,2025,excellent,are,you,ready,to,moan,and,scream,in,ecstasy
normal,2023,kkwhy,cant,you,come,here,and,search,job
normal,2018,i,got,lousy,sleep,i,kept,waking,up,every,2,hours,to,see,if,my,cat,wanted,to,come,in,i,worry,about,him,when,its,cold
normal,2014,yeah,i'll,leave,in,a,couple,minutes,amp,let,you,know,when,i,get,to,mu
normal,2018,can,ü,call,me,at,1010,to,make,sure,dat,i've,woken,up
normal,2024,hey,we,can,go,jazz,power,yoga,hip,hop,kb,and,yogasana
normal,2020,the,battery,is,for,mr,adewale,my,uncle,aka,egbon
normal,2022,i,cant,pick,the,phone,right,now,pls,send,a,message
normal,2020,wait,2,minstand,at,bus,stop
normal,2018,oh,ic,i,thought,you,meant,mary,jane
normal,2018,haha,really,oh,no,how,then,will,they,deduct,your,lesson,tmr
normal,2025,nah,im,goin,2,the,wrks,with,j,wot,bout,u
normal,2016,then,just,eat,a,shit,and,wait,for,ur,monkey,face,bitch,u,asshole
normal,2024,good,night,am,going,to,sleep
normal,2021,aight,i'll,grab,something,to,eat,too,text,me,when,you're,back,at,mu
normal,2020,kkwhy,cant,you,come,here,and,search,job
normal,2013,take,something,for,pain,if,it,moves,however,to,any,side,in,the,next,6hrs,see,a,doctor
normal,2018,lol,oh,no,babe,i,wont,be,sliding,into,your,place,after,midnight,but,thanks,for,the,invite
normal,2022,howz,that,persons,story
normal,2023,lol,that,would,be,awesome,payback
normal,2024,yes,it,completely,in,out,of,formclark,also,utter,waste
normal,2022,honeybee,said,i'm,d,sweetest,in,d,world,god,laughed,amp,said,waitu,havnt,met,d,person,reading,this,msg,moral,even,god,can,crack,jokes,gmgngegn
normal,2020,thanks,it,was,only,from,tescos,but,quite,nice,all,gone,now,speak,soon
normal,2021,what's,a,feathery,bowa,is,that,something,guys,have,that,i,don't,know,about
normal,2022,even,i,cant,close,my,eyes,you,are,in,me,our,vava,playing,umma,d
normal,2014,2,laptop,i,noe,infra,but,too,slow,lar,i,wan,fast,one
normal,2024,nvm,it's,ok
normal,2025,enjoy,ur,life,good,night
normal,2018,yes,but,can,we,meet,in,town,cos,will,go,to,gep,and,then,home,you,could,text,at,bus,stop,and,don't,worry,we'll,have,finished,by,march,ish
normal,2019,i,had,askd,u,a,question,some,hours,before,its,answer
normal,2021,thats,cool,where,should,i,cum,on,you,or,in,you
normal,2020,delhi,and,chennai,still,silent
normal,2017,lol,alright,i,was,thinkin,that,too,haha
normal,2025,no,i'm,in,the,same,boat,still,here,at,my,moms,check,me,out,on,yo,i'm,half,naked
normal,2020,shhhhh,nobody,is,supposed,to,know
normal,2017,sorry,i'll,call,later
normal,2017,sorry,i'll,call,later,in,meeting,any,thing,related,to,trade,please,call,arul,ltgt
normal,2011,hey,i,will,be,late,i'm,at,amk,need,to,drink,tea,or,coffee
normal,2024,the,length,is,e,same,but,e,top,shorter,n,i,got,a,fringe,now,i,thk,i'm,not,going,liao,too,lazy,dun,wan,2,distract,u,also
normal,2018,santha,num,corrct,dane
normal,2011,no,callsmessagesmissed,calls
normal,2017,sorry,i'll,call,later
normal,2023,the,basket's,gettin,full,so,i,might,be,by,tonight
normal,2022,hi,darlin,ive,just,got,back,and,i,had,a,really,nice,night,and,thanks,so,much,for,the,lift,see,u,tomorrow,xxx
normal,2015,no,other,valentines,huh,the,proof,is,on,your,fb,page,ugh,i'm,so,glad,i,really,didn't,watch,your,rupaul,show,you,tool
normal,2021,eh,den,sat,u,book,e,kb,liao,huh
normal,2024,have,you,been,practising,your,curtsey
normal,2024,shall,i,come,to,get,pickle
normal,2023,lol,boo,i,was,hoping,for,a,laugh
normal,2021,yeh,i,am,def,up4,something,satjust,got,payed2day,i,havbeen,given,a50,pay,rise,4my,work,havebeen,made,preschoolcoordinator,2i,am,feelingood,luv
normal,2017,well,i,have,to,leave,for,my,class,babe,you,never,came,back,to,me,hope,you,have,a,nice,sleep,my,love
normal,2012,lmao,where's,your,fish,memory,when,i,need,it
normal,2024,but,i'll,b,going,2,sch,on,mon,my,sis,need,2,take,smth
normal,2022,idea,will,soon,get,converted,to,live
normal,2019,ssindia,going,to,draw,the,series,after,many,years,in,south,african,soil
normal,2017,goodmorning,today,i,am,late,for,ltdecimalgt,min
normal,2022,can't,take,any,major,roles,in,community,outreach,you,rock,mel
normal,2018,shopping,lor,them,raining,mah,hard,2,leave,orchard
normal,2020,hi,here,have,birth,at,on,the,to,at,8lb,7oz,mother,and,baby,doing,brilliantly
normal,2011,see,the,forwarding,message,for,proof
normal,2025,i,can't,keep,going,through,this,it,was,never,my,intention,to,run,you,out,but,if,you,choose,to,do,that,rather,than,keep,the,room,clean,so,i,don't,have,to,say,no,to,visitors,then,maybe,that's,the,best,choice,yes,i,wanted,you,to,be,embarassed,so,maybe,you'd,feel,for,once,how,i,feel,when,i,have,a,friend,who,wants,to,drop,buy,and,i,have,to,say,no,as,happened,this,morning,i've,tried,everything,i,don't,know,what,else,to,do
normal,2024,dunno,lei,i,thk,mum,lazy,to,go,out,i,neva,ask,her,yet
normal,2019,do,whatever,you,want,you,know,what,the,rules,are,we,had,a,talk,earlier,this,week,about,what,had,to,start,happening,you,showing,responsibility,yet,every,week,it's,can,i,bend,the,rule,this,way,what,about,that,way,do,whatever,i'm,tired,of,having,thia,same,argument,with,you,every,week,and,a,ltgt,movie,doesnt,inlude,the,previews,you're,still,getting,in,after,1
normal,2017,ambrithmaduraimet,u,in,arun,dha,marrgeremembr
normal,2022,just,re,read,it,and,i,have,no,shame,but,tell,me,how,he,takes,it,and,if,he,runs,i,will,blame,u,4,ever,not,really,4,ever,just,a,long,time
normal,2022,princess,is,your,kitty,shaved,or,natural
normal,2025,better,than,bb,if,he,wont,use,it,his,wife,will,or,them,doctor
normal,2020,ya,it,came,a,while,ago
normal,2023,from,tomorrow,onwards,eve,6,to,3,work
normal,2023,anything,lor,but,toa,payoh,got,place,2,walk,meh
normal,2021,i,don't,have,anybody's,number,i,still,haven't,thought,up,a,tactful,way,to,ask,alex
normal,2024,is,there,any,movie,theatre,i,can,go,to,and,watch,unlimited,movies,and,just,pay,once
normal,2016,u,having,lunch,alone,i,now,so,bored
normal,2017,yes,obviously,but,you,are,the,eggspert,and,the,potato,head,speak,soon
normal,2021,nah,man,my,car,is,meant,to,be,crammed,full,of,people
normal,2020,no,got,new,job,at,bar,in,airport,on,satsgettin,447per,hour,but,means,no,lie,in,keep,in,touch
normal,2018,kallis,is,ready,for,bat,in,2nd,innings
normal,2025,thanx,but,my,birthday,is,over,already
normal,2025,ugh,y,can't,u,just,apologize,admit,u,were,wrong,and,ask,me,to,take,u,back
normal,2020,i,noe,la,u,wana,pei,bf,oso,rite,k,lor,other,days,den
normal,2021,yes,i'm,small,kid,and,boost,is,the,secret,of,my,energy
normal,2017,im,gonna,miss,u,so,much
normal,2011,is,avatar,supposed,to,have,subtoitles
normal,2014,simply,sitting,and,watching,match,in,office
normal,2023,you,can,jot,down,things,you,want,to,remember,later
normal,2019,oh,sorry,please,its,over
normal,2023,hey,are,we,going,for,the,lo,lesson,or,gym
normal,2019,dont,pack,what,you,can,buy,at,any,storelike,cereals,if,you,must,pack,food,pack,gari,or,something,9ja,that,you,will,miss
normal,2021,you,always,make,things,bigger,than,they,are
normal,2023,ü,dun,wan,to,watch,infernal,affair
normal,2020,me,not,waking,up,until,4,in,the,afternoon,sup
normal,2020,i,can,send,you,a,pic,if,you,like
normal,2012,okay,i,booked,all,already,including,the,one,at,bugis
normal,2012,aight,fuck,it,i'll,get,it,later
normal,2022,no,de,but,call,me,after,some,time,ill,tell,you,k
normal,2011,so,dont,use,hook,up,any,how
normal,2025,how,much,is,blackberry,bold2,in,nigeria
normal,2020,hi,where,you,you,in,home,or,calicut
normal,2024,hey,darlin,i,can,pick,u,up,at,college,if,u,tell,me,wen,where,2,mt,love,pete,xx
normal,2018,oh,i,was,thkin,of,goin,yogasana,at,10,den,no,nd,to,go,at,3,den,can,rush,to,parco,4,nb,okie,lor,u,call,me,when,ready
normal,2011,y,so,late,but,i,need,to,go,n,get,da,laptop
normal,2011,sir,i,am,waiting,for,your,mail
normal,2025,please,charge,my,mobile,when,you,get,up,in,morning
normal,2021,nothing,i,got,msg,frm,tht,unknown,no
normal,2025,ugh,fuck,it,i'm,resubbing,to,eve
normal,2011,he,didn't,see,his,shadow,we,get,an,early,spring,yay
normal,2014,i,did,one,slice,and,one,breadstick,lol
normal,2016,hey,i,want,you,i,crave,you,i,miss,you,i,need,you,i,love,you,ahmad,saeed,al,hallaq
normal,2023,is,there,any,training,tomorrow
normal,2024,pass,dis,to,all,ur,contacts,n,see,wat,u,get,redi'm,in,luv,wid,u,blueu,put,a,smile,on,my,face,purpleu,r,realy,hot,pinku,r,so,swt,orangei,thnk,i,lyk,u,greeni,realy,wana,go,out,wid,u,yelowi,wnt,u,bck,blacki'm,jealous,of,u,browni,miss,you,nw,plz,giv,me,one,color
normal,2020,cos,daddy,arranging,time,c,wat,time,fetch,ü,mah
normal,2015,then,you,are,eldest,know
normal,2016,who's,there,say,hi,to,our,drugdealer
normal,2018,its,hard,to,believe,things,like,this,all,can,say,lie,but,think,twice,before,saying,anything,to,me
normal,2019,good,night,my,dear,sleepwellamptake,care
normal,2016,that,is,wondarfull,song
normal,2020,yar,lor,actually,we,quite,fast,cos,da,ge,slow,wat,haha
normal,2021,must,come,later,i,normally,bathe,him,in,da,afternoon,mah
normal,2023,trust,me,even,if,isn't,there,its,there
normal,2017,hey,hunonbus,goin,2,meet,him,he,wants,2go,out,4a,meal,but,i,donyt,feel,like,it,cuz,have,2,get,last,bus,homebut,hes,sweet,latelyxxxl
normal,2015,i,can,take,you,at,like,noon
normal,2014,where,is,it,is,there,any,opening,for,mca
normal,2018,i'm,aight,wat's,happening,on,your,side
normal,2023,i'm,done,oredi
normal,2025,you,are,sweet,as,well,princess,please,tell,me,your,likes,and,dislikes,in,bed
normal,2011,how,are,you,wish,you,a,great,semester
normal,2015,moji,i,love,you,more,than,words,have,a,rich,day
normal,2020,dude,how,do,you,like,the,buff,wind
normal,2020,alright,babe,justthought,id,sayhey,how,u,doinnearly,the,endof,me,wk,offdam,nevamindwe,will,have,2hook,up,sn,if,uwant,m8,lovejen,x
normal,2016,no,i'm,not,i,can't,give,you,everything,you,want,and,need,you,actually,could,do,better,for,yourself,on,yor,ownyou've,got,more,money,than,i,do,i,can't,get,work,i,can't,get,a,man,i,can't,pay,the,rent,i,can't,even,fill,my,fucking,gas,tank,yes,i'm,stressed,and,depressed,i,didn't,even,call,home,for,thanksgiving,cuz,i'll,have,to,tell,them,im,up,to,nothing
normal,2023,skallis,wont,play,in,first,two,odi
normal,2025,then,get,some,cash,together,and,i'll,text,jason
normal,2021,oh,my,love,it's,soooo,good,to,hear,from,you,omg,i,missed,you,so,much,today,i'm,sorry,your,having,problems,with,the,provider,but,thank,you,for,tming,me
normal,2024,probably,want,to,pick,up,more
normal,2016,i'm,done
normal,2024,are,you,the,cutest,girl,in,the,world,or,what
normal,2025,no,dice,art,class,6,thru,9,thanks,though,any,idea,what,time,i,should,come,tomorrow
normal,2012,oh,howda,gud,gud,mathe,en,samachara,chikku
normal,2014,i,thk,530,lor,but,dunno,can,get,tickets,a,not,wat,u,doing,now
normal,2014,audrie,lousy,autocorrect
normal,2021,its,a,site,to,simulate,the,test,it,just,gives,you,very,tough,questions,to,test,your,readiness
normal,2020,anyway,seriously,hit,me,up,when,you're,back,because,otherwise,i,have,to,light,up,with,armand,and,he,always,has,shit,andor,is,vomiting
normal,2023,i,fetch,yun,or,u,fetch
normal,2025,thank,you,i,like,you,as,well
normal,2023,hmmm,and,imagine,after,you've,come,home,from,that,having,to,rub,my,feet,make,me,dinner,and,help,me,get,ready,for,my,date,are,you,sure,your,ready,for,that,kind,of,life
normal,2019,lara,said,she,can,loan,me,ltgt
normal,2017,do,we,have,any,spare,power,supplies
normal,2014,yar,he,quite,clever,but,aft,many,guesses,lor,he,got,ask,me,2,bring,but,i,thk,darren,not,so,willing,2,go,aiya,they,thk,leona,still,not,attach,wat
normal,2023,yeah,don't,go,to,bed,i'll,be,back,before,midnight
normal,2022,well,i,wasn't,available,as,i,washob,nobbing,with,last,night,so,they,had,to,ask,nickey,platt,instead,of,me
normal,2018,it's,that,time,of,the,week,again,ryan
normal,2017,wish,u,many,many,returns,of,the,day,happy,birthday,vikky
normal,2019,i,hope,you,know,i'm,still,mad,at,you
normal,2021,argh,my,3g,is,spotty,anyway,the,only,thing,i,remember,from,the,research,we,did,was,that,province,and,sterling,were,the,only,problemfree,places,we,looked,at
normal,2021,in,xam,hall,boy,asked,girl,tell,me,the,starting,term,for,dis,answer,i,can,den,manage,on,my,own,after,lot,of,hesitation,n,lookin,around,silently,she,said,the,intha,ponnungale,ipaditan
normal,2023,do,you,know,when,the,result
normal,2023,beautiful,truth,against,gravity,read,carefully,our,heart,feels,light,when,someone,is,in,it,but,it,feels,very,heavy,when,someone,leaves,it,good,night
normal,2024,sorry,im,getting,up,now,feel,really,bad,totally,rejected,that,kinda,me,thing
normal,2022,you,do,got,a,shitload,of,diamonds,though
normal,2024,tessypls,do,me,a,favor,pls,convey,my,birthday,wishes,to,nimyapls,dnt,forget,it,today,is,her,birthday,shijas
normal,2019,well,i'm,going,to,be,an,aunty
normal,2025,mine,here,like,all,fr,china,then,so,noisy
normal,2013,later,i,guess,i,needa,do,mcat,study,too
normal,2011,sfrom,the,training,manual,it,show,there,is,no,tech,processits,all,about,password,reset,and,troubleshooting
normal,2021,spoke,with,uncle,john,today,he,strongly,feels,that,you,need,to,sacrifice,to,keep,me,here,he's,going,to,call,you,when,he,does,i,beg,you,to,just,listen,dont,make,any,promises,or,make,it,clear,things,are,not,easy,and,i,need,you,to,please,let,us,work,things,out,as,long,as,i,keep,expecting,help,my,creativity,will,be,stifled,so,pls,just,keep,him,happy,no,promises,on,your,part
normal,2012,if,he,started,searching,he,will,get,job,in,few,dayshe,have,great,potential,and,talent
normal,2024,carlos,took,a,while,again,we,leave,in,a,minute
normal,2025,well,done,and,luv,ya,all
normal,2023,then,why,you,came,to,hostel
normal,2020,k,still,are,you,loving,me
normal,2023,but,i,juz,remembered,i,gotta,bathe,my,dog,today
normal,2015,after,the,drug,she,will,be,able,to,eat
normal,2016,alright,took,the,morphine,back,in,yo
normal,2014,you,see,the,requirements,please
normal,2019,you,stayin,out,of,trouble,strangersaw,dave,the,other,day,hes,sorted,nowstill,with,me,bloke,when,u,gona,get,a,girl,mrur,mum,still,thinks,we,will,get,2getha
normal,2025,so,can,collect,ur,laptop
normal,2012,ok,can,be,later,showing,around,8830,if,you,want,cld,have,drink,before,wld,prefer,not,to,spend,money,on,nosh,if,you,don't,mind,as,doing,that,nxt,wk
normal,2021,i,will,once,i,get,home
normal,2025,waaaat,lololo,ok,next,time,then
normal,2024,the,table's,occupied,i'm,waiting,by,the,tree
normal,2024,i,surely,dont,forgot,to,comei,will,always,be,in,touch,in,with,you
normal,2011,hi,kindly,give,us,back,our,documents,which,we,submitted,for,loan,from,stapati
normal,2021,i,dont,have,i,shall,buy,one,dear
normal,2024,oh,god,i,am,happy,to,see,your,message,after,3,days
normal,2016,what,year,and,how,many,miles
normal,2022,hey,cutie,how,goes,it,here,in,wales,its,kinda,ok,there,is,like,hills,and,shit,but,i,still,avent,killed,myself
normal,2017,sad,story,of,a,man,last,week,was,my,b'day,my,wife,did'nt,wish,me,my,parents,forgot,n,so,did,my,kids,i,went,to,work,even,my,colleagues,did,not,wish,as,i,entered,my,cabin,my,pa,said,happy,b'day,boss,i,felt,special,she,askd,me,4,lunch,after,lunch,she,invited,me,to,her,apartment,we,went,there,she,said,do,u,mind,if,i,go,into,the,bedroom,for,a,minute,ok,i,sed,in,a,sexy,mood,she,came,out,5,minuts,latr,wid,a,caken,my,wife,my,parents,my,kidz,my,friends,n,my,colleagues,all,screaming,surprise,and,i,was,waiting,on,the,sofa,naked
normal,2019,i,think,you,should,go,the,honesty,road,call,the,bank,tomorrow,its,the,tough,decisions,that,make,us,great,people
normal,2015,no,its,not,specialisation,can,work,but,its,slave,labor,will,look,for,it,this,month,sha,cos,no,shakara,4,beggar
normal,2021,is,she,replying,has,boye,changed,his,phone,number
normal,2022,1,go,to,write,msg,2,put,on,dictionary,mode,3cover,the,screen,with,hand,4press,ltgt,5gently,remove,ur,hand,its,interesting
normal,2022,hi,my,darlin,im,on,my,way,to,london,and,we,have,just,been,smashed,into,by,another,driver,and,have,a,big,dent,im,really,missing,u,what,have,u,been,up,to,xxx
normal,2025,nothing,really,just,making,sure,everybody's,up,to,speed
normal,2021,i'm,not,coming,home,4,dinner
normal,2018,thank,you,and,by,the,way,i,just,lost
normal,2012,yeshe,have,good,crickiting,mind
normal,2013,thx,all,will,be,well,in,a,few,months
normal,2025,can,i,please,come,up,now,imin,towndontmatter,if,urgoin,outl8rjust,reallyneed,2docdplease,dontplease,dontignore,mycallsu,no,thecd,isvimportant,tome,4,2moro
normal,2021,i,wont,so,wat's,wit,the,guys
normal,2021,yavnt,tried,yet,and,never,played,original,either
normal,2012,hiya,had,a,good,day,have,you,spoken,to,since,the,weekend
normal,2018,see,i,thought,it,all,through
normal,2022,i'm,at,work,please,call
normal,2011,get,ready,to,moan,and,scream
normal,2021,oh,k,why,you,got,job,then,whats,up
normal,2022,i,dont,think,so,you,don't,need,to,be,going,out,that,late,on,a,school,night,especially,when,the,one,class,you,have,is,the,one,you,missed,last,wednesday,and,probably,failed,a,test,in,on,friday
normal,2018,and,popping,ltgt,ibuprofens,was,no,help
normal,2016,babe,how,goes,that,day,what,are,you,doing,where,are,you,i,sip,my,cappuccino,and,think,of,you,my,love,i,send,a,kiss,to,you,from,across,the,sea
normal,2023,ok
normal,2015,ps,u,no,ur,a,grown,up,now,right
normal,2022,chinatown,got,porridge,claypot,rice,yam,cake,fishhead,beehoon,either,we,eat,cheap,den,go,cafe,n,tok,or,go,nydc,or,somethin
normal,2017,i,know,a,few,people,i,can,hit,up,and,fuck,to,the,yes
normal,2022,purity,of,friendship,between,two,is,not,about,smiling,after,reading,the,forwarded,messageits,about,smiling,just,by,seeing,the,name,gud,evng
normal,2022,so,is,there,anything,specific,i,should,be,doing,with,regards,to,jaklin,or,what,because,idk,what,the,fuck
normal,2013,oh,god,i'm,gonna,google,nearby,cliffs,now
normal,2012,yup,i,shd,haf,ard,10,pages,if,i,add,figures,ü,all,got,how,many,pages
normal,2011,ooh,4got,i'm,gonna,start,belly,dancing,in,moseley,weds,630,if,u,want,2,join,me,they,have,a,cafe,too
normal,2022,thankyou,so,much,for,the,call,i,appreciate,your,care
normal,2023,congrats,treat,pendingi,am,not,on,mail,for,2,dayswill,mail,once,thrurespect,mother,at,homecheck,mails
normal,2021,i,called,but,no,one,pick,up,e,phone,i,ask,both,of,them,already,they,said,ok
normal,2022,hi,my,email,address,has,changed,now,it,is
normal,2016,valuable,affectionate,loveable,eternal,noble,truthful,intimate,natural,enamous,happy,valentines,day,in,advance
normal,2015,not,much,just,some,textin,how,bout,you
normal,2011,bring,it,if,you,got,it
normal,2018,i'm,in,a,movie,call,me,4,wat
normal,2015,not,sure,i,have,the,stomach,for,it
normal,2014,haha,can,but,i'm,having,dinner,with,my,cousin
normal,2022,a,boy,was,late,2,home,his,father,power,of,frndship
normal,2013,and,my,man,carlos,is,definitely,coming,by,mu,tonight,no,excuses
normal,2011,soon,you,will,have,the,real,thing,princess,do,i,make,you,wet
normal,2016,rajipls,do,me,a,favour,pls,convey,my,birthday,wishes,to,nimya,pls,today,is,her,birthday
normal,2019,haha,my,legs,and,neck,are,killing,me,and,my,amigos,are,hoping,to,end,the,night,with,a,burn,think,i,could,swing,by,in,like,an,hour
normal,2024,usually,the,body,takes,care,of,it,buy,making,sure,it,doesnt,progress,can,we,pls,continue,this,talk,on,saturday
normal,2021,hmm,well,night,night
normal,2020,just,wanted,to,say,holy,shit,you,guys,weren't,kidding,about,this,bud
normal,2020,just,gettin,a,bit,arty,with,my,collages,at,the,mo,well,tryin,2,ne,way,got,a,roast,in,a,min,lovely,i,shall,enjoy,that
normal,2020,this,is,one,of,the,days,you,have,a,billion,classes,right
normal,2013,goodmorning,today,i,am,late,for,2hrs,because,of,back,pain
normal,2021,ok,then,i'll,let,him,noe,later,n,ask,him,call,u,tmr
normal,2011,prabhai'm,sorydarealyfrm,heart,i'm,sory
normal,2023,ok,i'm,waliking,ard,now,do,u,wan,me,2,buy,anything,go,ur,house
normal,2024,will,have,two,more,cartons,off,u,and,is,very,pleased,with,shelves
normal,2019,nice,talking,to,you,please,dont,forget,my,pix,i,want,to,see,all,of,you
normal,2011,but,really,quite,funny,lor,wat,then,u,shd,haf,run,shorter,distance,wat
normal,2022,i,notice,you,like,looking,in,the,shit,mirror,youre,turning,into,a,right,freak
normal,2021,great,i,was,getting,worried,about,you,just,know,that,a,wonderful,and,caring,person,like,you,will,have,only,the,best,in,life,know,that,u,r,wonderful,and,god's,love,is,yours
normal,2018,i,prefer,my,free,days,tues,wed,fri,oso,can,ü,ask,those,workin,lor
normal,2021,alrite,jod,hows,the,revision,goin,keris,bin,doin,a,smidgin,n,e,way,u,wanna,cum,over,after,collegexx
normal,2018,if,you,have,belive,me,come,to,my,home
normal,2019,oh,kkwhere,did,you,take,test
normal,2023,those,were,my,exact,intentions
normal,2023,haha,but,no,money,leh,later,got,to,go,for,tuition,haha,and,looking,for,empty,slots,for,driving,lessons
normal,2022,hey,thk,we,juz,go,accordin,to,wat,we,discussed,yest,lor,except,no,kb,on,sun,cos,there's,nt,much,lesson,to,go,if,we,attend,kb,on,sat
normal,2025,k,wen,ur,free,come,to,my,home,and,also,tel,vikky,i,hav,sent,mail,to,him,also,better,come,evening,il,be,free,today,aftr,6pm
normal,2023,nothing,just,getting,msgs,by,dis,name,wit,different,no's
normal,2017,good,morning,plz,call,me,sir
normal,2025,what's,your,room,number,again,wanna,make,sure,i'm,knocking,on,the,right,door
normal,2022,sicomo,nolistened2the,plaid,albumquite,gdthe,new,air1,which,is,hilariousalso,boughtbraindancea,compofstuff,on,aphexs,abelu,hav2hear,itc,u,sn,xxxx
normal,2025,pls,tell,nelson,that,the,bb's,are,no,longer,comin,the,money,i,was,expecting,aint,coming
normal,2017,give,her,something,to,drink,if,she,takes,it,and,doesn't,vomit,then,you,her,temp,might,drop,if,she,unmits,however,let,me,know
normal,2024,think,you,sent,the,text,to,the,home,phone,that,cant,display,texts,if,you,still,want,to,send,it,his,number,is
normal,2019,every,day,i,use,to,sleep,after,ltgt,so,only
normal,2020,k,i'll,call,you,when,i'm,close
normal,2024,u,buy,newspapers,already
normal,2025,nope,wif,my,sis,lor,aft,bathing,my,dog,then,i,can,bathe,looks,like,it's,going,2,rain,soon
normal,2025,boo,i'm,on,my,way,to,my,moms,she's,making,tortilla,soup,yummmm
normal,2024,no,management,puzzeles
normal,2017,how,did,you,find,out,in,a,way,that,didn't,include,all,of,these,details
normal,2020,will,you,like,to,be,spoiled
normal,2020,i,am,getting,threats,from,your,sales,executive,shifad,as,i,raised,complaint,against,him,its,an,official,message
normal,2017,hope,things,went,well,at,doctors,reminds,me,i,still,need,2godid,u,c,d,little,thing,i,left,in,the,lounge
normal,2022,den,wat,will,e,schedule,b,lk,on,sun
normal,2025,lol,enjoy,role,playing,much
normal,2016,ok,me,watching,tv,too
normal,2019,i,just,lov,this,line,hurt,me,with,the,truth,i,don't,mindi,wil,toleratbcs,ur,my,someone,but,never,comfort,me,with,a,lie,gud,ni8,and,sweet,dreams
normal,2020,just,checked,out,heading,out,to,drop,off,my,stuff,now
normal,2020,here,got,lots,of,hair,dresser,fr,china
normal,2016,sad,story,of,a,man,last,week,was,my,b'day,my,wife,did'nt,wish,me,my,parents,forgot,n,so,did,my,kids,i,went,to,work,even,my,colleagues,did,not,wish
normal,2017,ill,call,you,evening,ill,some,ideas
normal,2022,did,you,show,him,and,wot,did,he,say,or,could,u,not,c,him,4,dust
normal,2016,it,should,take,about,ltgt,min
normal,2024,ok,now,i,am,in,bus,if,i,come,soon,i,will,come,otherwise,tomorrow
normal,2012,i,cant,pick,the,phone,right,now,pls,send,a,message
normal,2025,finish,liao,u
normal,2022,haha,i,think,i,did,too
normal,2017,u,know,we,watchin,at,lido
normal,2022,life,spend,with,someone,for,a,lifetime,may,be,meaningless,but,a,few,moments,spent,with,someone,who,really,love,you,means,more,than,life,itself
normal,2017,haha,awesome,i've,been,to,4u,a,couple,times,who,all's,coming
normal,2024,cold,dont,be,sad,dear
normal,2022,think,i,could,stop,by,in,like,an,hour,or,so,my,roommate's,looking,to,stock,up,for,a,trip
normal,2011,is,that,on,the,telly,no,its,brdget,jones
normal,2018,love,you,aathilove,u,lot
normal,2025,hello,how,r,u,im,bored,inever,thought,id,get,bored,with,the,tv,but,i,am,tell,me,something,exciting,has,happened,there,anything
normal,2025,hmmbad,newshype,park,plaza,700,studio,takenonly,left,2,bedrm900
normal,2021,sorry,i'll,call,later,in,meeting
normal,2012,r,ü,comin,back,for,dinner
normal,2023,i,hav,almost,reached,call,i,m,unable,to,connect,u
normal,2018,whom,you,waited,for,yesterday
normal,2015,i,reach,home,safe,n,sound,liao
normal,2011,velly,good,yes,please
normal,2013,hi,wkend,ok,but,journey,terrible,wk,not,good,as,have,huge,back,log,of,marking,to,do
normal,2024,i,have,had,two,more,letters,from,i,will,copy,them,for,you,cos,one,has,a,message,for,you,speak,soon
normal,2018,alex,knows,a,guy,who,sells,mids,but,he's,down,in,south,tampa,and,i,don't,think,i,could,set,it,up,before,like,8
normal,2022,dont,you,have,message,offer
normal,2018,hey,there,babe,how,u,doin,wot,u,up,2,2nite,love,annie,x
normal,2019,remind,me,how,to,get,there,and,i,shall,do,so
normal,2023,that's,not,v,romantic
normal,2022,hello,damn,this,christmas,thing,i,think,i,have,decided,to,keep,this,mp3,that,doesnt,work
normal,2023,hi,darlin,im,missin,u,hope,you,are,having,a,good,time,when,are,u,back,and,what,time,if,u,can,give,me,a,call,at,home,jess,xx
normal,2021,draw,vai,dont,think,so
normal,2018,dont,pick,up,d,call,when,something,important,is,there,to,tell,hrishi
normal,2019,nothin,comes,to,my,mind,ü,help,me,buy,hanger,lor,ur,laptop,not,heavy
normal,2012,ltgt,that's,all,guess,that's,easy,enough
normal,2024,we,can,make,a,baby,in,yo,tho
normal,2014,should,i,tell,my,friend,not,to,come,round,til,like,ltgt,ish
normal,2025,friendship,poem,dear,o,dear,u,r,not,near,but,i,can,hear,dont,get,fear,live,with,cheer,no,more,tear,u,r,always,my,dear,gud,ni8
normal,2020,still,in,the,area,of,the,restaurant,ill,try,to,come,back,soon
normal,2023,aight,that'll,work,thanks
normal,2023,i,have,2,sleeping,bags,1,blanket,and,paper,and,phone,details,anything,else
normal,2019,so,what,do,you,guys,do
normal,2020,also,that,chat,was,awesome,but,don't,make,it,regular,unless,you,can,see,her,in,person
normal,2023,that's,significant,but,dont,worry
normal,2022,that's,cause,your,old,i,live,to,be,high
normal,2019,waqt,se,pehle,or,naseeb,se,zyada,kisi,ko,kuch,nahi,miltazindgi,wo,nahi,he,jo,hum,sochte,hai,zindgi,wo,hai,jo,ham,jeetey,hai
normal,2016,on,the,way,to,office,da
normal,2024,in,which,place,do,you,want,da
normal,2017,this,pain,couldn't,have,come,at,a,worse,time
normal,2022,ok
normal,2012,should,i,be,stalking,u
normal,2022,sorry,dude,dont,know,how,i,forgot,even,after,dan,reminded,me,sorry,hope,you,guys,had,fun
normal,2017,ok,lor
normal,2015,apps,class,varaya,elaya
normal,2017,the,xmas,story,is,peace,the,xmas,msg,is,love,the,xmas,miracle,is,jesus,hav,a,blessed,month,ahead,amp,wish,u,merry,xmas
normal,2017,that,day,you,asked,about,anand,number,why
normal,2018,am,surfing,online,store,for,offers,do,you,want,to,buy,any,thing
normal,2018,long,beach,lor,expected,u,having,dinner,now
normal,2021,at,home,by,the,way
normal,2020,we,are,both,fine,thanks
normal,2014,what,happen,to,her,tell,the,truth
normal,2024,do,you,like,italian,food
normal,2021,which,is,weird,because,i,know,i,had,it,at,one,point
normal,2011,aww,you,must,be,nearly,deadwell,jez,iscoming,over,todo,some,workand,that,whilltake,forever
normal,2013,tell,your,friends,what,you,plan,to,do,on,valentines,day,lturlgt
normal,2018,alright,see,you,in,a,bit
normal,2021,cheers,for,the,message,zogtorius,ive,been,staring,at,my,phone,for,an,age,deciding,whether,to,text,or,not
normal,2019,i,will,take,care,of,financial,problemi,will,help
normal,2016,tell,dear,what,happen,to,you,why,you,talking,to,me,like,an,alian
normal,2025,1,go,to,write,msg,2,put,on,dictionary,mode,3cover,the,screen,with,hand,4press,ltgt,5gently,remove,ur,hand,its,interesting
normal,2022,okie
normal,2022,hi,this,is,yijue,can,i,meet,u,at,11,tmr
normal,2023,its,posible,dnt,live,in,ltgt,century,cm,frwd,n,thnk,different
normal,2017,but,i,dint,slept,in,afternoon
normal,2016,that,seems,unnecessarily,affectionate
normal,2021,yar,else,i'll,thk,of,all,sorts,of,funny,things
normal,2015,you,will,be,in,the,place,of,that,man
normal,2014,thats,cool,how,was,your,day
normal,2011,r,we,going,with,the,ltgt,bus
normal,2017,hello,my,love,how,went,your,day,are,you,alright,i,think,of,you,my,sweet,and,send,a,jolt,to,your,heart,to,remind,you,i,love,you,can,you,hear,it,i,screamed,it,across,the,sea,for,all,the,world,to,hear,ahmad,al,hallaq,is,loved,and,owned,possessive,passionate,kiss
normal,2021,nohe,joined,today,itself
normal,2012,okay,same,with,me,well,thanks,for,the,clarification
normal,2025,i'll,talk,to,the,others,and,probably,just,come,early,tomorrow,then
normal,2018,had,the,money,issue,weigh,me,down,but,thanks,to,you,i,can,breathe,easier,now,ill,make,sure,you,dont,regret,it,thanks
normal,2020,hi,i'm,sorry,i,missed,your,call,can,you,pls,call,back
normal,2017,how,are,you,doing,hope,you've,settled,in,for,the,new,school,year,just,wishin,you,a,gr8,day
normal,2025,ok,then,no,need,to,tell,me,anything,i,am,going,to,sleep,good,night
normal,2023,ok,try,to,do,week,end,course,in,coimbatore
normal,2014,v,nice,off,2,sheffield,tom,2,air,my,opinions,on,categories,2,b,used,2,measure,ethnicity,in,next,census,busy,transcribing
normal,2024,if,you,r,home,then,come,down,within,5,min
normal,2024,a,boy,loved,a,gal,he,propsd,bt,she,didnt,mind,he,gv,lv,lttrs,bt,her,frnds,threw,thm,again,d,boy,decided,2,aproach,d,gal,dt,time,a,truck,was,speeding,towards,d,gal,wn,it,was,about,2,hit,d,girld,boy,ran,like,hell,n,saved,her,she,asked,hw,cn,u,run,so,fast,d,boy,replied,boost,is,d,secret,of,my,energy,n,instantly,d,girl,shouted,our,energy,n,thy,lived,happily,2gthr,drinking,boost,evrydy,moral,of,d,story,i,hv,free,msgsd,gud,ni8
normal,2018,that,day,ü,say,ü,cut,ur,hair,at,paragon,is,it,called,hair,sense,do,ü,noe,how,much,is,a,hair,cut
normal,2013,hmm,too,many,of,them,unfortunately,pics,obviously,arent,hot,cakes,its,kinda,fun,tho
normal,2018,watching,tv,lor,y,she,so,funny,we,bluff,her,4,wat,izzit,because,she,thk,it's,impossible,between,us
normal,2022,dunno,lei,he,neva,say
normal,2018,thanx,4,2day,u,r,a,goodmate,i,think,ur,rite,sary,asusual1,u,cheered,me,up,love,u,franyxxxxx
normal,2019,i'm,on,my,way,home,went,to,change,batt,4,my,watch,then,go,shop,a,bit,lor
normal,2022,hi,mobile,no,ltgt,has,added,you,in,their,contact,list,on,wwwfullonsmscom,it,s,a,great,place,to,send,free,sms,to,people,for,more,visit,fullonsmscom
normal,2011,good,evening,sir,hope,you,are,having,a,nice,day,i,wanted,to,bring,it,to,your,notice,that,i,have,been,late,in,paying,rent,for,the,past,few,months,and,have,had,to,pay,a,ltgt,charge,i,felt,it,would,be,inconsiderate,of,me,to,nag,about,something,you,give,at,great,cost,to,yourself,and,that's,why,i,didnt,speak,up,i,however,am,in,a,recession,and,wont,be,able,to,pay,the,charge,this,month,hence,my,askin,well,ahead,of,month's,end,can,you,please,help,thank,you,for,everything
normal,2011,if,i,let,you,do,this,i,want,you,in,the,house,by,8am
normal,2020,best,line,said,in,love,i,will,wait,till,the,day,i,can,forget,u,or,the,day,u,realize,that,u,cannot,forget,me,gn
normal,2024,i,will,reach,before,ten,morning
normal,2022,your,pussy,is,perfect
normal,2020,sorry,i'll,call,later
normal,2011,no,messageno,responcewhat,happend
normal,2021,also,where's,the,piece
normal,2016,wiskey,brandy,rum,gin,beer,vodka,scotch,shampain,wine,kudiyarasu,dhina,vaazhthukkal
normal,2020,boo,how's,things,i'm,back,at,home,and,a,little,bored,already
normal,2018,first,has,she,gained,more,than,ltgt,kg,since,she,took,in,second,has,she,done,the,blood,sugar,tests,if,she,has,and,its,ok,and,her,blood,pressure,is,within,normal,limits,then,no,worries
normal,2024,pick,ur,fone,up,now,u,dumb
normal,2017,thanks,da,thangam,i,feel,very,very,happy,dear,i,also,miss,you,da
normal,2025,okey,doke,i'm,at,home,but,not,dressed,cos,laying,around,ill,speak,to,you,later,bout,times,and,stuff
normal,2020,i,don't,run,away,frm,u,i,walk,slowly,amp,it,kills,me,that,u,don't,care,enough,to,stop,me
normal,2021,babe,i'm,back,come,back,to,me
normal,2018,well,you,told,others,you'd,marry,them
normal,2012,neshanthtel,me,who,r,u
normal,2014,yo,yo,yo,byatch,whassup
normal,2023,oh,kay,on,sat,right
normal,2020,hi,this,is,roger,from,cl,how,are,you
normal,2023,oh,oh,wasted,den,muz,chiong,on,sat,n,sun,liao
normal,2017,jesus,christ,bitch,i'm,trying,to,give,you,drugs,answer,your,fucking,phone
normal,2020,please,give,it,2,or,i,will,pick,it,up,on,tuesday,evening,about,8,if,that,is,ok
normal,2020,i'm,meeting,darren
normal,2022,one,of,best,dialogue,in,cute,reltnship,wen,i,die,dont,come,near,my,body,bcoz,my,hands,may,not,come,2,wipe,ur,tears,off,that,timegud,ni8
normal,2013,solve,d,case,a,man,was,found,murdered,on,ltdecimalgt,ltgt,afternoon,1his,wife,called,police,2police,questioned,everyone,3wife,siri,was,sleeping,when,the,murder,took,place,4cook,i,was,cooking,5gardener,i,was,picking,vegetables,6housemaid,i,went,2,d,post,office,7children,we,went,2,play,8neighbour,we,went,2,a,marriage,police,arrested,d,murderer,immediately,who's,it,reply,with,reason,if,u,r,brilliant
normal,2015,dear,where,you,will,be,when,i,reach,there
normal,2025,aww,that's,the,first,time,u,said,u,missed,me,without,asking,if,i,missed,u,first,you,do,love,me
normal,2018,ok,thanx,gd,nite,2,ü,too
normal,2019,come,to,me,right,now,ahmad
normal,2025,lol,please,do,actually,send,a,pic,of,yourself,right,now,i,wanna,see,pose,with,a,comb,and,hair,dryer,or,something
normal,2024,o,was,not,into,fps,then
normal,2014,huh,means,computational,science,y,they,like,dat,one,push,here,n,there
normal,2019,could,you,not,read,me,my,love,i,answered,you
normal,2012,oh,lk,tt,den,we,take,e,one,tt,ends,at,cine,lor,dun,wan,yogasana,oso,can
normal,2019,madamregret,disturbancemight,receive,a,reference,check,from,dlf,premaricakindly,be,informedrgdsrakheshkerala
normal,2019,oic,then,better,quickly,go,bathe,n,settle,down
normal,2016,err,cud,do,i'm,going,to,at,8pm,i,haven't,got,a,way,to,contact,him,until,then
normal,2015,a,bloo,bloo,bloo,i'll,miss,the,first,bowl
normal,2019,lmao,but,its,so,fun
normal,2019,oh,k,kbut,he,is,not,a,big,hitteranyway,good
normal,2021,hey,i,almost,forgot,happy,bday,babe,i,love,ya
normal,2020,do,you,think,i,can,move,ltgt,in,a,week
normal,2012,shes,find,i,sent,you,an,offline,message,to,know,how,anjola's,now
normal,2025,how,was,txting,and,driving
normal,2016,that's,good,lets,thank,god,please,complete,the,drug,have,lots,of,water,and,have,a,beautiful,day
normal,2022,really,dun,bluff,me,leh,u,sleep,early,too,nite
normal,2013,indians,r,poor,but,india,is,not,a,poor,country,says,one,of,the,swiss,bank,directors,he,says,that,ltgt,lac,crore,of,indian,money,is,deposited,in,swiss,banks,which,can,be,used,for,taxless,budget,for,ltgt,yrs,can,give,ltgt,crore,jobs,to,all,indians,from,any,village,to,delhi,4,lane,roads,forever,free,power,suply,to,more,than,ltgt,social,projects,every,citizen,can,get,monthly,ltgt,for,ltgt,yrs,no,need,of,world,bank,amp,imf,loan,think,how,our,money,is,blocked,by,rich,politicians,we,have,full,rights,against,corrupt,politicians,itna,forward,karo,ki,pura,india,padhegm
normal,2016,uncle,boye,i,need,movies,oh,guide,me,plus,you,know,torrents,are,not,particularly,legal,here,and,the,system,is,slowing,down,what,should,i,do,have,a,gr8,day,plus,have,you,started,cos,i,dont,meet,you,online,how,was,the,honey,moon
normal,2025,oh,ya,ya,i,remember,da
normal,2021,btw,regarding,that,we,should,really,try,to,see,if,anyone,else,can,be,our,4th,guy,before,we,commit,to,a,random,dude
normal,2022,i,not,busy,juz,dun,wan,2,go,so,early,hee
normal,2011,rightio,1148,it,is,then,well,arent,we,all,up,bright,and,early,this,morning
normal,2023,great,i'm,in,church,now,will,holla,when,i,get,out
normal,2017,back,in,brum,thanks,for,putting,us,up,and,keeping,us,all,and,happy,see,you,soon
normal,2015,i,donno,if,they,are,scorable
normal,2012,ltgt,great,loxahatchee,xmas,tree,burning,update,you,can,totally,see,stars,here
normal,2018,yes,but,i,dont,care,i,need,you,bad,princess
normal,2022,the,guy,kadeem,hasn't,been,selling,since,the,break,i,know,one,other,guy,but,he's,paranoid,as,fuck,and,doesn't,like,selling,without,me,there,and,i,can't,be,up,there,til,late,tonight
normal,2019,sorry,i'll,call,later
normal,2019,tmr,then,ü,brin,lar,aiya,later,i,come,n,c,lar,mayb,ü,neva,set,properly,ü,got,da,help,sheet,wif,ü
normal,2025,do,u,know,dis,no,ltgt
normal,2024,then,she,dun,believe,wat
normal,2025,kgive,back,my,thanks
normal,2016,i,know,complain,num,onlybettr,directly,go,to,bsnl,offc,nd,apply,for,it
normal,2019,okay,i've,seen,it,so,i,should,pick,it,on,friday
normal,2017,how,much,she,payed,suganya
normal,2012,left,dessert,u,wan,me,2,go,suntec,look,4,u
normal,2018,abeg,make,profit,but,its,a,start,are,you,using,it,to,get,sponsors,for,the,next,event
normal,2011,onum,ela,pa,normal,than
normal,2018,kkhow,is,your,sister,kids
normal,2018,cool,i'll,text,you,when,i'm,on,the,way
normal,2011,nope,meanwhile,she,talk,say,make,i,greet,you
normal,2017,i,cant,talk,to,you,nowi,will,call,when,i,candont,keep,calling
normal,2023,anything,lar
normal,2016,rose,needs,water,season,needs,change,poet,needs,imaginationmy,phone,needs,ur,sms,and,i,need,ur,lovely,frndship,forever
normal,2017,good,afternoon,babe,how,goes,that,day,any,job,prospects,yet,i,miss,you,my,love,sighs
normal,2024,they,will,pick,up,and,drop,in,carso,no,problem
normal,2014,si,think,he,is,waste,for,rr
normal,2011,he,is,world,famamus
normal,2020,is,there,coming,friday,is,leave,for,pongaldo,you,get,any,news,from,your,work,place
normal,2019,lol,well,don't,do,it,without,me,we,could,have,a,big,sale,together
normal,2021,am,on,my,way
normal,2011,eat,at,old,airport,road,but,now,630,oredi,got,a,lot,of,pple
normal,2013,sry,can't,talk,on,phone,with,parents
normal,2014,ok,lor,wat,time,ü,finish
normal,2011,princess,i,like,to,make,love,ltgt,times,per,night,hope,thats,not,a,problem
normal,2024,mm,i,am,on,the,way,to,railway
normal,2017,i,don't,want,to,talk,with,u
normal,2022,i'm,done,i'm,sorry,i,hope,your,next,space,gives,you,everything,you,want,remember,all,the,furniture,is,yours,if,i'm,not,around,when,you,move,it,just,lock,all,the,locks,and,leave,the,key,with,jenne
normal,2024,not,yet,just,i'd,like,to,keep,in,touch,and,it,will,be,the,easiest,way,to,do,that,from,barcelona,by,the,way,how,ru,and,how,is,the,house
normal,2024,kdo,it,at,evening,daurgent
normal,2013,pansy,you've,been,living,in,a,jungle,for,two,years,its,my,driving,you,should,be,more,worried,about
normal,2023,mm,have,some,kanji,dont,eat,anything,heavy,ok
normal,2016,only,if,you,promise,your,getting,out,as,soon,as,you,can,and,you'll,text,me,in,the,morning,to,let,me,know,you,made,it,in,ok
normal,2017,lol,that's,different,i,don't,go,trying,to,find,every,real,life,photo,you,ever,took
normal,2024,i,dont,thnk,its,a,wrong,calling,between,us
normal,2021,k,ill,drinkpa,then,what,doing,i,need,srs,model,pls,send,it,to,my,mail,id,pa
normal,2019,aiyah,e,rain,like,quite,big,leh,if,drizzling,i,can,at,least,run,home
normal,2019,i,have,2,docs,appointments,next,week,i'm,tired,of,them,shoving,stuff,up,me,ugh,why,couldn't,i,have,had,a,normal,body
normal,2019,dun,b,sad,it's,over,dun,thk,abt,it,already,concentrate,on,ur,other,papers,k
normal,2015,greetings,me,consider,yourself,excused
normal,2011,no,drama,plsi,have,had,enough,from,you,and,family,while,i,am,struggling,in,the,hot,sun,in,a,strange,placeno,reason,why,there,should,be,an,ego,of,not,going,if,not,invited,when,actually,its,necessity,to,gowait,for,very,serious,reppurcussions
normal,2018,they,released,another,italian,one,today,and,it,has,a,cosign,option
normal,2014,you,at,mu,you,should,try,to,figure,out,how,much,money,everyone,has,for,gas,and,alcohol,jay,and,i,are,trying,to,figure,out,our,weed,budget
normal,2019,hcl,chennai,requires,freshers,for,voice,processexcellent,english,neededsalary,upto,ltgt,call,mssuman,ltgt,for,telephonic,interview,via,indyarockscom
normal,2016,dai,what,this,da,can,i,send,my,resume,to,this,id
normal,2018,i,know,where,the,ltgt,is,i'll,be,there,around,5
normal,2015,yup,i've,finished,c,ü,there
normal,2022,remember,to,ask,alex,about,his,pizza
normal,2012,no,datoday,also,i,forgot
normal,2011,ola,would,get,back,to,you,maybe,not,today,but,i,ve,told,him,you,can,be,his,direct,link,in,the,us,in,getting,cars,he,bids,for,online,you,arrange,shipping,and,you,get,a,cut,or,u,for,a,partnership,where,u,invest,money,for,shipping,and,he,takes,care,of,the,restuwud,b,self,reliant,soon,dnt,worry
normal,2025,fwiw,the,reason,i'm,only,around,when,it's,time,to,smoke,is,that,because,of,gas,i,can,only,afford,to,be,around,when,someone,tells,me,to,be,and,that,apparently,only,happens,when,somebody,wants,to,light,up
normal,2017,hello,my,boytoy,i,made,it,home,and,my,constant,thought,is,of,you,my,love,i,hope,your,having,a,nice,visit,but,i,can't,wait,till,you,come,home,to,me,kiss
normal,2024,congrats,kanowhr,s,the,treat,maga
normal,2025,who,u,talking,about
normal,2013,yup
normal,2018,ok
normal,2017,u,wake,up,already,what,u,doing,u,picking,us,up,later,rite,i'm,taking,sq825,reaching,ard,7,smth,8,like,dat,u,can,check,e,arrival,time,c,ya,soon
normal,2011,yunny,i'm,walking,in,citylink,now,ü,faster,come,down,me,very,hungry
normal,2017,er,yep,sure,props
normal,2016,hello,who,are,you
normal,2023,hello,how,are,you
normal,2012,yes,what,is,your,name
normal,2021,yes,did,the,ticket,come,out
normal,2025,what,are,you,doing
normal,2025,where,are,you
normal,2016,what,is,eating,brother
normal,2021,hello,mother,what,are,you,doing
normal,2011,yes,papa,where,are,you
normal,2018,hello,dada,how,are,you
normal,2022,if,i,had,a,map,i,would,give,it,to,her
normal,2011,if,he,tried,to,blackmail,me,i,would,inform,you
normal,2023,i,wrote,a,letter,day,before,yesterday
normal,2021,he,used,to,smoke,ten,cigarettes,daily
normal,2016,he,will,go,to,delhi,on,next,monday
normal,2014,suresh,will,have,been,teaching,in,this,college,for,four,years,by,the,year,2008
normal,2019,the,students,will,have,left,the,school,before,the,principal,comes
normal,2025,he,goes,for,a,walk,at,6,o,clock,daily,in,the,morning
normal,2013,it,is,easy,to,find,faults,with,others
normal,2017,i,consider,that,it,is,pity,to,waste,time
normal,2021,it,is,uncertain,that,she,will,come
normal,2017,it,is,the,place,where,he,was,murdered
normal,2017,i,recognised,the,student,to,be,him
normal,2021,every,soldier,and,every,sailor,was,in,his,place
normal,2014,the,two,friends,quarrelled,with,each,other
normal,2014,he,kept,himself,away,from,the,function
normal,2016,this,is,bbbvoice,of,america
normal,2018,there,is,no,problem,but,has,a,solution
normal,2016,we,know,the,hotel,that,she,lives,in
normal,2025,that,is,the,lady,that,i,told,you,about
normal,2020,this,is,the,house,that,i,told,you,about
normal,2023,he,is,the,most,eloquent,speaker,that,i,have,ever,heard
normal,2018,there,was,none,that,didn't,support,the,cause
normal,2016,it,is,for,nothing,that,i,have,been,trying,to,find
normal,2016,i,have,lost,the,book,that,you,gave,me
normal,2019,uneasy,lies,the,head,that,wears,a,crown
normal,2025,what,can't,be,cured,must,be,endured
normal,2011,i,know,what,you,want,to,say
normal,2017,what,i,told,you,yesterday,is,a,secret
normal,2018,i,like,the,boy,who,helps,the,poor
normal,2025,that,is,the,girl,whom,all,admire
normal,2018,the,dog,whose,colour,is,white,has,become,mad
normal,2025,i,understand,the,point,that,you,are,hinting,at
normal,2025,patel,was,the,greatest,man,that,india,produced
normal,2014,i,shall,employ,whomsoever,you,recommend
normal,2011,there,was,somebody,that,raised,the,mattee
normal,2025,there,was,not,any,that,could,be,followed
normal,2017,these,are,chairman's,instruction,that,must,be,followed
normal,2015,this,is,a,good,magazine,and,which,should,be,read,by,everyone
normal,2021,this,is,a,good,car,but,which,is,very,costly
normal,2012,the,man,whom,i,met,yesterday,is,very,intelligent
normal,2021,is,you,put,this,seat,in,your,notebook,you,can,refer,to,it
normal,2017,it,was,i,who,telephoned,you,yesterday
normal,2023,i,am,not,one,of,those,who,cannot,keep,his,promise
normal,2018,i,could,not,able,of,the,opportunity,i,got,last,year
normal,2024,my,house,is,bigger,than,their
normal,2022,this,is,a,secret,between,you,and,i
normal,2021,any,one,of,the,two,girls,can,solve,this,puzzle
normal,2024,either,of,the,three,students,is,responsible,for,the,loss
normal,2022,every,man,and,every,woman,has,his,own,fascination
normal,2024,this,is,to,certify,that,mr,a,is,our,employee
normal,2016,the,boy,who,is,sitting,in,the,corner,reads,in,my,class
normal,2015,that,is,the,best,that,you,can,do
normal,2013,either,rohan,aur,his,friends,forgot,their,books
normal,2025,she,is,growing,more,and,more,like,his,father
normal,2021,are,you,likely,ever,to,become,a,principal
normal,2022,we,earn,to,live,happily
normal,2011,i,have,no,magazine,to,read
normal,2025,these,fruits,are,delicious,to,eat
normal,2016,it,was,the,best,players,to,be,perform,that,year
normal,2018,i,asked,him,where,to,buy,fruits,at,reasonable,rate
normal,2013,i,showed,him,which,button,to,press
normal,2022,i,decided,to,do,it
normal,2023,hello,kavya,how,are,you,its,been,a,long,time,we,have,met
normal,2024,oh,hi,ankita,i,am,doing,good,what,about,you
normal,2022,i,am,fine,too,so,where,are,you,working,right,now
normal,2016,i,am,working,at,the,bosch,company
normal,2016,oh,really,thats,a,great,company,what,is,your,post,there
normal,2018,i,am,working,as,a,software,engineer
normal,2025,i,am,a,travel,blogger,i,used,to,travel,to,different,places,and,explore,different,cultures,and,varieties,of,food,to,write,it,in,my,blog,i,would,like,to,ask,you,also,to,follow,my,blog
normal,2025,sure,ankita,i,will,certainly,follow,it,you,are,doing,a,great,job,by,letting,people,know,about,different,parts,of,the,world
normal,2022,thanks,kavya
normal,2023,its,going,pretty,well,but,i,am,facing,little,difficulties,in,solving,some,maths,problems
normal,2013,oh,really,may,i,know,which,problems,they,are,maybe,i,could,help,you,with,this
normal,2017,it,is,related,to,the,trigonometry,topic
normal,2013,well,fortunately,i,really,like,that,topic,i,think,we,can,study,together,with,the,whole,concept,mentioned,as,per,syllabus,you,may,come,to,my,house,after,school,to,study,i,can,even,give,you,some,tips,to,remember,the,formulas,based,on,this,topic
normal,2021,we,can,study,together,to,clear,each,other,doubts,also,our,parents,will,not,be,having,any,issues,with,this,so,lets,start,it,from,tomorrow
normal,2023,how,are,you,dealing,with,delhis,pollution
normal,2019,its,really,terrifying,especially,in,winters,i,recently,ordered,a,pollution,mask,to,decrease,the,effect,of,pollution,but,we,cannot,wear,it,all,the,time,but,what,we,need,to,do,at,home
normal,2018,you,have,got,a,point,im,also,thinking,to,buy,a,pollution,mask,what,would,you,suggest
normal,2024,what,about,pollution,from,fireworks,on,diwali
normal,2020,any,fraudulent,act,or,deception,on,social,media,internet,mobile,phones,etc,all,are,cybercrimes
normal,2023,but,i,think,he,deserved,it,he,looted,as,much,as,rs,400,000,from,various,people
normal,2023,there,are,many,types,of,frauds,blackmailing,and,threats,being,done,through,the,phones,and,internet
normal,2022,what,acts,comes,under,cyber,crimes
normal,2011,having,illegal,access,to,other,social,media,accounts,computers,phones,and,laptops,in,order,to,steal,personal,information,like,pics,messages,passwords,etc
normal,2018,i,went,back,to,school
normal,2021,oh,hey,i,didnt,see,you,there,did,you,already,get,a,table
normal,2024,well,im,sure,you,did,great,good,luck
normal,2020,i,can,understand,that,i,get,nervous,before,interviews,too
normal,2018,i,am,working,at,the,bosch,company
normal,2020,i,am,working,as,a,software,engineer
normal,2024,i,have,been,so,busy,with,my,new,job,that,i,have,not,had,the,time,to,do,much,else,but,otherwise,me,and,the,family,are,all,fine
normal,2020,actually,i,am,worried,about,my,final,examination,what,about,your,preparation,for,the,examination
normal,2013,well,im,going,on,well,my,studies,i,am,also,worried,about,my,exam
normal,2013,but,tell,me,about,your,preparation,in,different,subjects
normal,2017,you,know,im,weak,in,english,thats,why,im,taking,special,care,in,english,im,having,a,detailed,revision,in,other,subjects
normal,2021,yes,but,i,study,text,books,very,carefully
normal,2014,are,you,taking,help,from,any,special,books
normal,2011,yes,i,think,itll,be,very,helpful,not,only,for,english,but,also,for,other,subjects
normal,2017,thank,you,for,your,supportive
normal,2021,im,also,fine,jamia,we,are,in,intermediate,class,so,we,must,choose,our,career,now
normal,2024,you,are,quite,right,success,in,life,depends,on,the,right,choice,of,career
normal,2025,we,must,choose,our,career,properly,may,i,know,your,choice,of,career
normal,2020,yes,i,do,it,is,a,good,profession,could,you,tell,me,why,you,have,chosen,this,profession
normal,2024,most,of,our,people,are,deprived,of,the,service,of,the,doctors
normal,2022,are,you,willing,to,go,to,the,villagers,if,necessary
normal,2023,you,know,newspaper,is,called,the,store,house,of,knowledge
normal,2013,without,reading,newspaper,we,cant,know,about,the,world
normal,2023,they,who,dont,read,newspaper,remain,frogs,of,the,well,because,they,dont,know,the,current,affairs,of,the,country,and,world
normal,2023,at,the,same,time,newspapers,contains,articles,related,to,our,study,they,are,very,helpful
normal,2020,which,section,of,newspaper,do,you,like,most
normal,2017,i,like,the,general,knowledge,section,and,literary,articles,sometimes,i,send,my,writings,to,newspaper
normal,2023,thats,very,good,newspaper,up,hold,peoples,view,too,i,have,to,go,now
normal,2023,you,look,bit,down,whats,the,matter
normal,2023,nothing,much
normal,2025,what,have,you,done,about,mathematics
normal,2021,i,have,done,well,in,mathematics,but,i,could,not,do,well,in,english
normal,2024,how,are,you,getting,on,with,your,studies
normal,2012,my,preparation,is,so,good,in,all,subjects
normal,2020,pray,for,me,and,thanks,for,your,suggestion
normal,2012,sir,i,want,to,know,about,necessity,of,learning,english
normal,2015,thank,you,for,your,curiosity,we,know,that,english,is,an,international,language,and,communication,defends,on,the,language
normal,2012,but,why,shall,we,learn,it
normal,2021,if,you,want,to,serve,in,a,post,office,in,a,foreign,office,in,an,airport,and,to,study,higher,education,you,must,know,english
normal,2011,now,i,think,that,everybody,should,learn,english,because,we,can,not,progress,in,life,without,learn,it
normal,2019,i,hope,that,you,have,understood,properly,it
normal,2013,thank,you,sir,for,your,advices
normal,2022,yes,our,specialization,in,financial,markets,is,good,though,probably,better,than,most,general,mba,courses
normal,2021,yeah,right,so,arjun,where,do,you,come,from
normal,2014,i,hail,from,chandigarh,where,my,family,lives
normal,2022,i,am,from,delhi,itself,i,put,up,in,east,delhi,near,anand,vihar,i,stay,with,my,family
normal,2021,yes,metro,is,the,best,option,for,students
normal,2012,it,indeed,is,air,conditioning,and,the,trip,duration,is,also,really,short
normal,2018,hello,juliet,it,is,nice,to,see,you,after,such,a,long,time,where,have,you,been
normal,2020,hello,jane,it's,nice,to,see,you,too,i've,been,busy,in,preparing,for,my,engineering,entrance,examinations
normal,2023,i've,always,had,a,natural,inclination,towards,a,mechanical,occupation,so,i,want,to,become,an,engineer,what,are,you,going,to,do
normal,2021,i,have,always,loved,teaching,wish,to,become,a,good,teacher,like,my,mother,do,you,remember,how,we,used,to,imitate,our,teachers,during,our,school,days
normal,2020,thanks,juliet,i,just,hope,i,achieve,my,goal,of,becoming,a,competent,teacher,and,share,my,knowledge,with,the,students,for,their,future
normal,2023,that,is,a,very,nice,thought,jane,there,are,many,responsibilities,that,a,teacher,has,to,shoulder,it,is,a,difficult,job,although,it's,a,very,noble,profession
normal,2016,hope,to,see,you,soon,wish,you,all,the,best,in,all,your,endeavors,jane
normal,2017,thanks,juliet,i,will,surely,convey,your,regards,to,her
normal,2016,everything,is,good,sir,my,final,semester,exams,of,mba,are,complete,and,i,want,some,tricks,and,tips,to,crack,the,job,interviews
normal,2022,great,to,hear,that,i,will,surely,help,you,out,are,these,campus,interviews,or,offcampus,ones
normal,2013,a,couple,of,them,will,be,campus,interviews,organized,by,the,training,and,placement,cell,but,the,majority,are,offcampus
normal,2024,okay,then,there,are,certain,points,you,should,keep,in,mind,before,facing,any,job,interview
normal,2017,yes,sir,please,tell,me,i,will,be,taking,notes
normal,2015,the,first,round,is,usually,a,written,or,aptitude,test,it,can,also,be,a,technical,test,based,on,your,domain,expertise,before,anything,else,you,need,to,clear,this,round,i,hope,your,cv,has,been,peerreviewed,already
normal,2025,yes,i,have,created,a,resume,i,hope,it,does,the,job
normal,2024,i,hope,you,know,that,there,is,a,difference,between,a,cv,and,resume
normal,2011,yes,sir,i,know,that,the,cv,is,a,long,version,while,the,resume,is,a,short,one
normal,2019,yes,that,and,more,anyway,once,you,clear,the,aptitude,round,you,will,have,to,deal,with,the,hr,round,there,is,no,hardball,approach,and,the,hr,usually,tries,to,get,to,know,you,better,you,can,easily,go,through,a,checklist,of,the,most,frequently,questions,asked,in,such,interviews,and,you,will,be,good,to,go,take,note,that,the,tell,me,about,yourself,question,is,the,first,one,asked,and,you,need,to,prepare,well,for,that,there,is,another,really,important,thing,you,should,know,about,the,hr,round
normal,2024,being,able,to,communicate,clearly,and,properly,most,companies,want,the,candidate,to,be,fluent,in,english,speaking,so,that,he,or,she,can,go,on,in,the,future,to,assume,leadership,roles,you,are,an,investment,for,the,company,so,they,want,the,best,candidate,possible,make,sure,your,speaking,skills,are,on,point
normal,2022,i,will,certainly,do,that,in,fact,i,have,signed,up,for,some,mock,interview,sessions,with,pep,talk,india,to,give,my,best,shot
normal,2015,great,to,hear,that,so,apart,from,your,communication,skills,and,technical,skills,which,are,the,two,most,important,factors,to,clear,an,interview,there,are,other,things,that,you,should,also,pay,attention,to
normal,2020,i,am,all,ears,please,go,ahead
normal,2017,you,need,to,pay,attention,to,your,clothing,be,formally,dressed,even,if,a,company,says,that,it,has,a,very,flexible,and,free,culture,it,show,a,sense,of,professionalism,from,you
normal,2013,i,agree,i,have,got,a,special,tailored,suit,for,the,same,i,need,to,feel,comfortable,while,speaking,uncomfortable,clothing,makes,me,fidgety,and,nervous
normal,2024,yes,coming,to,thatyour,body,language,will,play,a,big,role,in,your,selection,any,sign,of,low,confidence,nervousness,or,overly,aggressive,or,submissive,vibes,will,sow,the,seeds,of,doubt,in,the,interviewer,and,mess,up,your,prospects,sit,straight,be,confident,look,the,person,in,the,eye,and,smile
normal,2023,yes,indeed,sometimes,i,become,nervous,when,i,dont,know,the,answer,i,will,have,to,work,upon,that
normal,2015,your,mock,interview,sessions,will,help,you,give,your,best
normal,2019,i,will,try,my,best,what,else
normal,2014,dont,forget,to,learn,about,the,company,as,much,as,possible,if,you,have,a,basic,idea,of,what,the,company,does,what,its,core,domain,is,and,what,its,structure,is,like,then,it,will,create,a,very,positive,impression,on,the,interviewer,do,solid,research
normal,2012,i,will,surely,do,that,any,other,advice
normal,2023,do,not,lose,heart,if,somehow,you,get,rejected,try,to,understand,where,you,went,wrong,and,how,you,can,improve,on,those,mistakes,however,i,would,suggest,that,you,listen,and,read,about,different,interview,experiences,by,other,people,so,that,you,can,learn,from,their,mistakes
normal,2024,sounds,great,thank,you,so,much
normal,2021,hiya,have,u,been,paying,money,into,my,account,if,so,thanks,got,a,pleasant,surprise,when,i,checked,my,balance,u,c,i,don't,get,statements,4,that,acc
normal,2019,ok,ill,send,you,with,in,ltdecimalgt,ok
normal,2020,bognor,it,is,should,be,splendid,at,this,time,of,year
normal,2025,yesi'm,in,office,da
normal,2020,sorry,i'll,call,later
normal,2023,joy's,father,is,john,then,john,is,the,name,of,joy's,father,mandan
normal,2019,ok,i,only,ask,abt,e,movie,u,wan,ktv,oso
normal,2014,misplaced,your,number,and,was,sending,texts,to,your,old,number,wondering,why,i've,not,heard,from,you,this,year,all,the,best,in,your,mcat,got,this,number,from,my,atlanta,friends
normal,2017,sorry,i'll,call,later
normal,2022,dunno,lei,i,might,b,eatin,wif,my,frens,if,ü,wan,to,eat,then,i,wait,4,ü,lar
normal,2015,sorry,i'll,call,later
normal,2018,say,this,slowly,godi,love,you,amp,i,need,youclean,my,heart,with,your,bloodsend,this,to,ten,special,people,amp,u,c,miracle,tomorrow,do,itplspls,do,it
normal,2019,do,u,noe,how,2,send,files,between,2,computers
normal,2023,mmmmm,i,loved,waking,to,your,words,this,morning,i,miss,you,too,my,love,i,hope,your,day,goes,well,and,you,are,happy,i,wait,for,us,to,be,together,again
normal,2019,jay,says,he'll,put,in,ltgt
normal,2016,can,you,just,come,in,for,a,sec,there's,somebody,here,i,want,you,to,see
normal,2021,so,the,sun,is,anti,sleep,medicine
normal,2016,what's,happening,with,you,have,you,gotten,a,job,and,have,you,begun,registration,for,permanent,residency
normal,2020,yup,ok
normal,2022,glad,it,went,well,come,over,at,11,then,we'll,have,plenty,of,time,before,claire,goes,to,work
normal,2024,ok,enjoy,r,u,there,in,home
normal,2016,can,you,pls,pls,send,me,a,mail,on,all,you,know,about,relatives,coming,to,deliver,here,all,you,know,about,costs,risks,benefits,and,anything,else,thanks
normal,2016,you,do,what,all,you,like
normal,2019,that's,y,we,haf,to,combine,n,c,how,lor
normal,2014,the,monthly,amount,is,not,that,terrible,and,you,will,not,pay,anything,till,6months,after,finishing,school
normal,2019,hmmmhow,many,players,selected
normal,2025,they,said,if,its,gonna,snow,it,will,start,around,8,or,9,pm,tonite,they,are,predicting,an,inch,of,accumulation
normal,2021,i,dont,can,you,send,it,to,me,plus,how's,mode
normal,2020,aiyo,please,ü,got,time,meh
normal,2011,package,all,your,programs,well
normal,2019,she,is,our,sister,she,belongs,2,our,family,she,is,d,hope,of,tomorrow,pray,4,herwho,was,fated,4,d,shoranur,train,incident,lets,hold,our,hands,together,amp,fuelled,by,love,amp,concern,prior,2,her,grief,amp,pain,pls,join,in,dis,chain,amp,pass,it,stop,violence,against,women
normal,2019,so,are,you,guys,asking,that,i,get,that,slippers,again,or,its,gone,with,last,year
normal,2024,company,is,very,goodenvironment,is,terrific,and,food,is,really,nice
normal,2021,honestly,i've,just,made,a,lovely,cup,of,tea,and,promptly,dropped,my,keys,in,it,and,then,burnt,my,fingers,getting,them,out
normal,2011,yup,but,not,studying,surfing,lor,i'm,in,e,lazy,mode,today
normal,2021,please,sen,my,kind,advice,please,come,here,and,try
normal,2022,i'm,done,c,ü,there
normal,2024,oh,fine,i'll,be,by,tonight
normal,2019,ü,give,me,some,time,to,walk,there
normal,2024,i'll,reach,in,ard,20,mins,ok
normal,2022,fuck,babe,what,happened,to,you,how,come,you,never,came,back
normal,2015,some,friends,want,me,to,drive,em,someplace,probably,take,a,while
normal,2018,i,also,thk,too,fast,xy,suggest,one,not,me,u,dun,wan,it's,ok,going,2,rain,leh,where,got,gd
normal,2018,are,you,still,getting,the,goods
normal,2021,and,maybe,some,pressies
normal,2025,yeah,i,am,so,i'll,leave,maybe,7ish
normal,2017,kki'm,also,finewhen,will,you,complete,the,course
normal,2019,under,the,sea,there,lays,a,rock,in,the,rock,there,is,an,envelope,in,the,envelope,there,is,a,paper,on,the,paper,there,are,3,words
normal,2024,i,told,her,i,had,a,dr,appt,next,week,she,thinks,i'm,gonna,die,i,told,her,its,just,a,check,nothing,to,be,worried,about,but,she,didn't,listen
normal,2012,you,in,your,room,i,need,a,few
normal,2024,i,dont,want,to,hear,anything
normal,2020,hey,for,me,there,is,no,leave,on,friday,wait,i,will,ask,my,superior,and,tell,you
normal,2013,ultimately,tor,motive,tui,achieve,korli
normal,2017,from,5,to,2,only,my,work,timing
normal,2020,and,dont,worry,well,have,finished,by,march,ish
normal,2016,the,house,is,on,the,water,with,a,dock,a,boat,rolled,up,with,a,newscaster,who,dabbles,in,jazz,flute,behind,the,wheel
normal,2017,now,thats,going,to,ruin,your,thesis
normal,2014,in,sch,but,neva,mind,u,eat,1st,lor
normal,2011,hey,whats,up,u,sleeping,all,morning
normal,2023,erm,i,thought,the,contract,ran,out,the4th,of,october
normal,2023,i,dunno,until,when,lets,go,learn,pilates
normal,2025,yup,i'm,elaborating,on,the,safety,aspects,and,some,other,issues
normal,2018,goodmorning,today,i,am,late,for,1hr
normal,2024,hi,happy,birthday,hi,hi,hi,hi,hi,hi,hi
normal,2017,i,will,be,outside,office,take,all,from,there
normal,2023,if,you,don't,respond,imma,assume,you're,still,asleep,and,imma,start,calling,n,shit
normal,2013,aight,see,you,in,a,bit
normal,2016,my,superior,telling,that,friday,is,leave,for,all,other,department,except,oursso,it,will,be,leave,for,youany,way,call,waheed,fathima,hr,and,conform,it
normal,2023,lol,i,have,to,take,it,member,how,i,said,my,aunt,flow,didn't,visit,for,6,months,it's,cause,i,developed,ovarian,cysts,bc,is,the,only,way,to,shrink,them
normal,2015,still,work,going,onit,is,very,small,house
normal,2014,my,friend,just,got,here,and,says,he's,upping,his,order,by,a,few,grams,he's,got,ltgt,when,can,you,get,here
normal,2023,tmr,timin,still,da,same,wat,cos,i,got,lesson,until,6
normal,2011,thats,the,thing,with,apes,u,can,fight,to,the,death,to,keep,something,but,the,minute,they,have,it,when,u,let,go,thats,it
normal,2019,no,i'm,not,gonna,be,able,to,too,late,notice,i'll,be,home,in,a,few,weeks,anyway,what,are,the,plans
normal,2025,got,fujitsu,ibm,hp,toshiba,got,a,lot,of,model,how,to,say
normal,2019,okie,thanx
normal,2017,gosh,that,what,a,pain,spose,i,better,come,then
normal,2024,as,usualiam,fine,happy,amp,doing,well
normal,2022,okie
normal,2012,so,when,you,gonna,get,rimac,access
normal,2016,im,at,arestaurant,eating,squid,i,will,be,out,about,1030,wanna,dosomething,or,is,that,to,late
normal,2020,you,call,times,job,today,ok,umma,and,ask,them,to,speed,up
normal,2015,hello,ucall,wen,u,finish,wrki,fancy,meetin,up,wiv,u,all,tonite,as,i,need,a,break,from,dabooks,did,4,hrs,last,nite2,today,of,wrk
normal,2023,r,u,sam,p,in,eachother,if,we,meet,we,can,go,2,my,house
normal,2014,yeah,lol,luckily,i,didn't,have,a,starring,role,like,you
normal,2017,hello,madam,how,are,you
normal,2023,awesome,text,me,when,you're,restocked
normal,2016,as,usualiam,fine,happy,amp,doing,well
normal,2021,yes,it's,all,innocent,fun,o
normal,2021,thanks,for,sending,this,mental,ability,question
normal,2018,sir,hope,your,day,is,going,smoothly,i,really,hoped,i,wont,have,to,bother,you,about,this,i,have,some,bills,that,i,can't,settle,this,month,i,am,out,of,all,extra,cash,i,know,this,is,a,challenging,time,for,you,also,but,i,have,to,let,you,know
normal,2011,2marrow,only,wed,at,ltgt,to,2,aha
normal,2025,i,went,to,ur,hon,lab,but,no,one,is,there
normal,2017,i,cant,pick,the,phone,right,now,pls,send,a,message
normal,2022,hey,pple700,or,900,for,5,nightsexcellent,location,wif,breakfast,hamper
normal,2022,how,come
normal,2020,lol,nah,wasn't,too,bad,thanks,its,good,to,b,home,but,its,been,quite,a,reality,check,hows,ur,day,been,did,u,do,anything,with,website
normal,2017,ok,lor
normal,2024,i'm,coming,home,4,dinner
normal,2025,s,daal,r,above,ltgt
normal,2024,unni,thank,you,dear,for,the,rechargerakhesh
normal,2024,i,know,i'm,lacking,on,most,of,this,particular,dramastorm's,details,but,for,the,most,part,i'm,not,worried,about,that
normal,2021,haha,they,cant,what,at,the,most,tmr,forfeit,haha,so,how
normal,2019,hey,there,glad,u,r,better,now,i,hear,u,treated,urself,to,a,digi,cam,is,it,good,we,r,off,at,9pm,have,a,fab,new,year,c,u,in,coupla,wks
normal,2017,no,way,i'm,going,back,there
normal,2016,i,will,cal,you,sir,in,meeting
normal,2014,that's,what,i,love,to,hear,v,see,you,sundayish,then
normal,2024,sorry,da,thangam,very,very,sorry,i,am,held,up,with,prasad
normal,2014,tiwary,to,rcbbattle,between,bang,and,kochi
normal,2018,thank,god,they,are,in,bed
normal,2015,no,i,don't,have,cancer,moms,making,a,big,deal,out,of,a,regular,checkup,aka,pap,smear
normal,2017,am,in,gobi,arts,college
normal,2013,why,she,wants,to,talk,to,me
normal,2022,pandy,joined,4w,technologies,todayhe,got,job
normal,2024,they,can,try,they,can,get,lost,in,fact,tee,hee
normal,2011,hi,you,just,spoke,to,maneesha,v,we'd,like,to,know,if,you,were,satisfied,with,the,experience,reply,toll,free,with,yes,or,no
normal,2014,my,friends,use,to,call,the,same
normal,2019,sorry,i'll,call,later
normal,2023,em,its,olowoyey,uscedu,have,a,great,time,in,argentina,not,sad,about,secretary,everything,is,a,blessing
normal,2015,its,a,taxt,massagetiepos,argh,ok,lool
normal,2024,hi,can,i,please,get,a,ltgt,dollar,loan,from,you,ill,pay,you,back,by,mid,february,pls
normal,2017,you,might,want,to,pull,out,more,just,in,case,and,just,plan,on,not,spending,it,if,you,can,i,don't,have,much,confidence,in,derek,and,taylor's,money,management
normal,2024,do,you,like,shaking,your,booty,on,the,dance,floor
normal,2019,text,me,when,you,get,off,don't,call,my,phones,having,problems
normal,2023,no,need,for,the,drug,anymore
normal,2019,sorry,dai,was,thought,of,calling,you,lot,of,timeslil,busyi,will,call,you,at,noon
normal,2024,its,sarcasm,nt,scarcasim
normal,2025,great,i,have,to,run,now,so,ttyl
normal,2022,feel,like,trying,kadeem,again,v
normal,2025,dai,ltgt,naal,eruku
normal,2023,not,yet,chikkuwat,abt,u
normal,2018,ok
normal,2025,want,to,finally,have,lunch,today
normal,2021,do,you,know,when,dad,will,be,back
normal,2017,he,remains,a,bro,amongst,bros
normal,2017,r,u,meeting,da,ge,at,nite,tmr
normal,2021,was,a,nice,day,and,impressively,i,was,sensible,went,home,early,and,now,feel,fine,or,am,i,just,boring,when's,yours,i,can't,remember
normal,2017,why,de,you,looking,good,only
normal,2016,yes,they,replied,my,mail,i'm,going,to,the,management,office,later,plus,will,in,to,bank,later,alsoor,on,wednesday
normal,2018,that's,cool,i'll,come,by,like,ltgt,ish
normal,2025,super,msg,danalla,timing
normal,2018,good,afternoon,my,boytoy,how,are,you,feeling,today,better,i,hope,are,you,being,my,good,boy,are,you,my,obedient,slave,do,you,please,your,queen
normal,2025,i,am,6,ft,we,will,be,a,good,combination
normal,2018,i'm,sick,i'm,needy,i,want,you,pouts,stomps,feet,where,are,you,pouts,stomps,feet,i,want,my,slave,i,want,him,now
normal,2021,am,on,a,train,back,from,northampton,so,i'm,afraid,not
normal,2023,where,in,abj,are,you,serving,are,you,staying,with,dad,or,alone
normal,2023,was,playng,9,doors,game,and,gt,racing,on,phone,lol
normal,2018,solve,d,case,a,man,was,found,murdered,on,ltdecimalgt,ltgt,afternoon,1his,wife,called,police,2police,questioned,everyone,3wife,siri,was,sleeping,when,the,murder,took,place,4cook,i,was,cooking,5gardener,i,was,picking,vegetables,6housemaid,i,went,2,d,post,office,7children,we,went,2,play,8neighbour,we,went,2,a,marriage,police,arrested,d,murderer,immediately,who's,it,reply,with,reason,if,u,r,brilliant
normal,2025,i'm,on,da,bus,going,home
normal,2017,i,got,a,call,from,a,landline,number,i,am,asked,to,come,to,anna,nagar,i,will,go,in,the,afternoon
normal,2018,i'm,okay,chasing,the,dream,what's,good,what,are,you,doing,next
normal,2017,yupz,i've,oredi,booked,slots,4,my,weekends,liao
normal,2024,there,r,many,modelsony,ericson,also,der,ltgt,it,luks,good,bt,i,forgot,modl,no
normal,2024,okie
normal,2017,yes,i,know,the,cheesy,songs,from,frosty,the,snowman
normal,2025,hey,tmr,meet,at,bugis,930
normal,2014,all,these,nice,new,shirts,and,the,only,thing,i,can,wear,them,to,is,nudist,themed,you,in,mu
normal,2018,hey,sexy,buns,what,of,that,day,no,word,from,you,this,morning,on,ym,i,think,of,you
normal,2011,and,whenever,you,and,i,see,we,can,still,hook,up,too
normal,2023,nope,but,i'm,going,home,now,then,go,pump,petrol,lor,like,going,2,rain,soon
normal,2011,can,you,use,foreign,stamps,for,whatever,you,send,them,off,for
normal,2016,oh,baby,of,the,house,how,come,you,dont,have,any,new,pictures,on,facebook
normal,2022,feb,ltgt,is,i,love,u,day,send,dis,to,all,ur,valued,frnds,evn,me,if,3,comes,back,u'll,gt,married,d,person,u,luv,if,u,ignore,dis,u,will,lose,ur,luv,4,evr
normal,2023,hiya,sorry,didn't,hav,signal,i,haven't,seen,or,heard,from,and,neither,has,which,is,unusual,in,itself,i'll,put,on,the,case,and,get,him,to,sort,it,out,hugs,and,snogs
normal,2024,omw,back,to,tampa,from,west,palm,you,hear,what,happened
normal,2022,yup,no,more,already,thanx,4,printing,n,handing,it,up
normal,2020,what,i,mean,is,do,they,come,chase,you,out,when,its,over,or,is,it,stated,you,can,watch,as,many,movies,as,you,want
normal,2020,s,now,only,i,took,tablets,reaction,morning,only
normal,2023,nah,i'm,a,perpetual,dd
normal,2018,sorry,de,i,went,to,shop
normal,2014,wen,ur,lovable,bcums,angry,wid,u,dnt,take,it,seriously,coz,being,angry,is,d,most,childish,n,true,way,of,showing,deep,affection,care,n,luv,kettoda,manda,have,nice,day,da
normal,2019,hey,you,still,want,to,go,for,yogasana,coz,if,we,end,at,cine,then,can,go,bathe,and,hav,the,steam,bath
normal,2016,nope,i'm,not,drivin,i,neva,develop,da,photos,lei
normal,2018,i,am,thinking,of,going,down,to,reg,for,pract,lessons,flung,my,advance,haha,wat,time,u,going
normal,2020,cool,i,am,ltgt,inches,long,hope,you,like,them,big
normal,2025,housemaid,is,the,murderer,coz,the,man,was,murdered,on,ltgt,th,january,as,public,holiday,all,govtinstituitions,are,closedincluding,post,officeunderstand
normal,2015,okie,thanx
normal,2023,go,where,n,buy,juz,buy,when,we,get,there,lar
normal,2018,ok,lor
normal,2022,i'm,working,technical,support,voice,process
normal,2020,it's,justbeen,overa,week,since,we,broke,up,and,already,our,brains,are,going,to,mush
normal,2025,tunde,how,are,you,doing,this,is,just,wishing,you,a,great,day,abiola
normal,2024,nope,c,ü,then
normal,2025,no,but,we'll,do,medical,missions,to,nigeria
normal,2019,no,i,am,not,having,not,any,movies,in,my,laptop
normal,2016,whatsup,there,dont,u,want,to,sleep
normal,2022,i,havent,lei,next,mon,can
normal,2019,mm,feeling,sleepy,today,itself,i,shall,get,that,dear
normal,2022,how,dare,you,stupid,i,wont,tell,anything,to,you,hear,after,i,wont,talk,to,you
normal,2014,do,ü,noe,if,ben,is,going
normal,2022,can,you,do,a,mag,meeting,this,avo,at,some,point
normal,2018,i,meant,middle,left,or,right
normal,2022,really,i,crashed,out,cuddled,on,my,sofa
normal,2017,hi,chachi,tried,calling,u,now,unable,to,reach,u,pl,give,me,a,missed,cal,once,u,c,tiz,msg,kanagu
normal,2020,i,sent,you,the,prices,and,do,you,mean,the,ltgt,g
normal,2020,are,you,this,much,buzy
normal,2016,nothing,can
normal,2017,no,am,working,on,the,ringing,u,thing,but,have,whole,houseful,of,screaming,brats,so,am,pulling,my,hair,out,loving,u
normal,2019,but,my,family,not,responding,for,anything,now,am,in,room,not,went,to,home,for,diwali,but,no,one,called,me,and,why,not,coming,it,makes,me,feel,like,died
normal,2021,tick,tick,tick,babe
normal,2023,r,ü,going,4,today's,meeting
normal,2019,k,dahow,many,page,you,want
normal,2023,ya,had,just,nowonion,roast
normal,2014,send,his,number,and,give,reply,tomorrow,morning,for,why,you,said,that,to,him,like,that,ok
normal,2016,you,said,not,now,no,problem,when,you,can,let,me,know
normal,2020,ok,but,tell,me,half,an,hr,b4,u,come,i,need,2,prepare
normal,2024,play,w,computer,aiyah,i,tok,2,u,lor
normal,2019,sat,right,okay,thanks
normal,2025,derp,which,is,worse,a,dude,who,always,wants,to,party,or,a,dude,who,files,a,complaint,about,the,three,drug,abusers,he,lives,with
normal,2019,ok,chinese,food,on,its,way,when,i,get,fat,you're,paying,for,my,lipo
normal,2025,we,r,outside,already
normal,2018,have,a,good,trip,watch,out,for,remember,when,you,get,back,we,must,decide,about,easter
normal,2023,yo,we,are,watching,a,movie,on,netflix
normal,2017,what,time,im,out,until,prob,3,or,so
normal,2024,can,meh,thgt,some,will,clash,really,ah,i,dun,mind,i,dun,seen,to,have,lost,any,weight,gee
normal,2022,i,dont,thnk,its,a,wrong,calling,between,us
normal,2016,i,am,not,sure,about,night,menu,i,know,only,about,noon,menu
normal,2013,arr,birthday,today,i,wish,him,to,get,more,oscar
normal,2024,say,this,slowly,godi,love,you,amp,i,need,youclean,my,heart,with,your,bloodsend,this,to,ten,special,people,amp,u,c,miracle,tomorrow,do,itplspls,do,it
normal,2018,open,rebtel,with,firefox,when,it,loads,just,put,plus,sign,in,the,user,name,place,and,it,will,show,you,two,numbers,the,lower,number,is,my,number,once,you,pick,that,number,the,pin,will,display,okay
normal,2025,and,picking,them,up,from,various,points
normal,2019,wow,v,v,impressed,have,funs,shopping
normal,2022,i,am,on,the,way,to,ur,home
normal,2019,no,problem,talk,to,you,later
normal,2025,then,ur,sis,how
normal,2017,still,in,customer,place
normal,2024,dude,u,knw,also,teluguthts,gudk,gud,nyt
normal,2024,we,confirm,eating,at,esplanade
normal,2022,send,me,your,id,and,password
normal,2016,kind,of,took,it,to,garage,centre,part,of,exhaust,needs,replacing,part,ordered,n,taking,it,to,be,fixed,tomo,morning
normal,2019,well,i,might,not,come,then
normal,2024,long,after,i,quit,i,get,on,only,like,5,minutes,a,day,as,it,is
normal,2018,then,its,most,likely,called,mittelschmertz,google,it,if,you,dont,have,paracetamol,dont,worry,it,will,go
normal,2025,well,at,this,right,i'm,gonna,have,to,get,up,and,check,today's,steam,salespee,so,text,me,when,you,want,me,to,come,get,you
normal,2024,just,arrived,see,you,in,a,couple,days,lt3
normal,2014,k,wat,s,tht,incident
normal,2021,yeah,get,the,unlimited
normal,2024,cthen,i,thk,shd,b,enuff,still,got,conclusion,n,contents,pg,n,references,i'll,b,doing,da,contents,pg,n,cover,pg
normal,2013,forgot,it,takes,me,3,years,to,shower,sorry,where,you,atyour,phone,dead,yet
normal,2024,ü,got,wat,to,buy,tell,us,then,ü,no,need,to,come,in,again
normal,2020,when,you,are,big,god,will,bring,success
normal,2016,we,r,stayin,here,an,extra,week,back,next,wed,how,did,we,do,in,the,rugby,this,weekend,hi,to,and,and,c,u,soon
normal,2025,well,there's,still,a,bit,left,if,you,guys,want,to,tonight
normal,2022,not,from,this,campus,are,you,in,the,library
normal,2020,the,affidavit,says,ltgt,e,twiggs,st,division,g,courtroom,ltgt,lttimegt,am,i'll,double,check,and,text,you,again,tomorrow
normal,2011,how,will,i,creep,on,you,now
normal,2025,tell,your,friends,what,you,plan,to,do,on,valentines,day,lturlgt
normal,2014,if,i,get,there,before,you,after,your,ten,billion,calls,and,texts,so,help,me,god
normal,2014,purity,of,friendship,between,two,is,not,about,smiling,after,reading,the,forwarded,messageits,about,smiling,just,by,seeing,the,name,gud,evng,musthu
normal,2021,i've,told,him,that,i've,returned,it,that,should,i,re,order,it
normal,2021,housemaid,is,the,murderer,coz,the,man,was,murdered,on,ltgt,th,january,as,public,holiday,all,govtinstituitions,are,closedincluding,post,office
normal,2021,depends,on,where,u,going,lor
normal,2022,and,smile,for,me,right,now,as,you,go,and,the,world,will,wonder,what,you,are,smiling,about,and,think,your,crazy,and,keep,away,from,you,grins
normal,2012,lil,fever,now,fine
normal,2015,i,think,it's,all,still,in,my,car
normal,2018,can,a,not
normal,2021,yes,princess,i,want,to,catch,you,with,my,big,strong,hands
normal,2021,oh,yeah,i,forgot,u,can,only,take,2,out,shopping,at,once
normal,2019,mm,so,you,asked,me,not,to,call,radio
normal,2021,thinkin,about,someone,is,all,good,no,drugs,for,that
normal,2025,say,this,slowly,godi,love,you,amp,i,need,youclean,my,heart,with,your,bloodsend,this,to,ten,special,people,amp,u,c,miracle,tomorrow,do,itplspls,do,it
normal,2025,enjoy,the,showers,of,possessiveness,poured,on,u,by,ur,loved,ones,bcoz,in,this,world,of,lies,it,is,a,golden,gift,to,be,loved,truly
normal,2025,alright,if,you're,sure,let,me,know,when,you're,leaving
normal,2022,some,are,lasting,as,much,as,2,hours,you,might,get,lucky
normal,2025,genius,what's,up,how,your,brother,pls,send,his,number,to,my,skype
normal,2014,thk,some,of,em,find,wtc,too,far,weiyi,not,goin,e,rest,i,dunno,yet,r,ur,goin,4,dinner,den,i,might,b,able,to,join
normal,2024,don't,forget,who,owns,you,and,who's,private,property,you,are,and,be,my,good,boy,always,passionate,kiss
normal,2019,oh,godtaken,the,teethis,it,paining
normal,2012,then,u,ask,darren,go,n,pick,u,lor,but,i,oso,sian,tmr,haf,2,meet,lect
normal,2024,no,need,to,buy,lunch,for,me,i,eat,maggi,mee
normal,2021,ok,lor
normal,2021,oh,right,ok,i'll,make,sure,that,i,do,loads,of,work,during,the,day,got,a,really,nasty,cough,today,and,is,dry,n,shot,so,that,should,really,help,it
normal,2022,wifehow,she,knew,the,time,of,murder,exactly
normal,2013,howz,that,persons,story
normal,2016,thanx,4,sending,me,home
normal,2023,its,normally,hot,mail,com,you,see
normal,2012,u,sick,still,can,go,shopping
normal,2017,ya,they,are,well,and,fine,bbdpooja,full,pimpleseven,she,become,quite,blackand,ur,rite,here,its,too,cold,wearing,sweatter
normal,2022,nicenicehow,is,it,working
normal,2023,1's,reach,home,call,me
normal,2012,were,trying,to,find,a,chinese,food,place,around,here
normal,2012,easy,mate,guess,the,quick,drink,was,bit,ambitious
normal,2024,babe,i,miiiiiiissssssssss,you,i,need,you,i,crave,you,geeee,i'm,so,sad,without,you,babe,i,love,you
normal,2016,ok,thanx
normal,2018,aathiwhere,are,you,dear
normal,2020,tunji,how's,the,queen,how,are,you,doing,this,is,just,wishing,you,a,great,day,abiola
normal,2023,today,iz,yellow,rose,day,if,u,love,my,frndship,give,me,1,misscall,amp,send,this,to,ur,frndz,amp,see,how,many,miss,calls,u,get,if,u,get,6missed,u,marry,ur,lover
normal,2019,will,be,out,of,class,in,a,few,hours,sorry
normal,2016,wat,time,u,finish,ur,lect,today
normal,2023,sad,story,of,a,man,last,week,was,my,b'day,my,wife,did'nt,wish,me,my,parents,forgot,n,so,did,my,kids,i,went,to,work,even,my,colleagues,did,not,wish,as,i,entered,my,cabin,my,pa,said,happy,b'day,boss,i,felt,special,she,askd,me,4,lunch,after,lunch,she,invited,me,to,her,apartment,we,went,there,she,said,do,u,mind,if,i,go,into,the,bedroom,for,a,minute,ok,i,sed,in,a,sexy,mood,she,came,out,5,minuts,latr,wid,a,caken,my,wife,my,parents,my,kidz,my,friends,n,my,colleagues,all,screaming,surprise,and,i,was,waiting,on,the,sofa,naked
normal,2017,she's,fine,good,to,hear,from,you,how,are,you,my,dear,happy,new,year,oh
normal,2020,are,you,going,to,wipro,interview,today
normal,2022,how,tall,are,you,princess
normal,2017,i,doubt,you,could,handle,5,times,per,night,in,any,case
normal,2019,haha,hope,ü,can,hear,the,receipt,sound,gd,luck
normal,2012,your,gonna,be,the,death,if,me,i'm,gonna,leave,a,note,that,says,its,all,robs,fault,avenge,me
normal,2011,japanese,proverb,if,one,can,do,it,u,too,can,do,it,if,none,can,do,itu,must,do,it,indian,version,if,one,can,do,it,let,him,do,it,if,none,can,do,itleave,it,and,finally,kerala,version,if,one,can,do,it,stop,him,doing,it,if,none,can,do,it,make,a,strike,against,it
normal,2018,today,i'm,not,workin,but,not,free,oso,gee,thgt,u,workin,at,ur,fren's,shop
normal,2025,in,life,when,you,face,choices,just,toss,a,coin,not,becoz,its,settle,the,question,but,while,the,coin,in,the,air,u,will,know,what,your,heart,is,hoping,for,gudni8
normal,2011,do,you,know,why,god,created,gap,between,your,fingers,so,that,one,who,is,made,for,you,comes,amp,fills,those,gaps,by,holding,your,hand,with,love
normal,2022,i,want,to,be,there,so,i,can,kiss,you,and,feel,you,next,to,me
normal,2024,i,am,not,at,all,happy,with,what,you,saying,or,doing
normal,2024,ok,that,would,b,lovely,if,u,r,sure,think,about,wot,u,want,to,do,drinkin,dancin,eatin,cinema,in,out,about,up,to,u,wot,about
normal,2025,what,i'm,saying,is,if,you,haven't,explicitly,told,nora,i,know,someone,i'm,probably,just,not,gonna,bother
normal,2024,he,says,hi,and,to,get,your,ass,back,to,south,tampa,preferably,at,a,kegger
normal,2025,smith,waste,dai,wanna,gayle
normal,2016,mum,i've,sent,you,many,many,messages,since,i,got,here,i,just,want,to,know,that,you,are,actually,getting,them,do,enjoy,the,rest,of,your,day
normal,2023,aight,tomorrow,around,ltgt,it,is
normal,2013,housemaid,is,the,murderer,coz,the,man,was,murdered,on,ltgt,th,january,as,public,holiday,all,govtinstituitions,are,closedincluding,post,officeunderstand
normal,2023,i,actually,did,for,the,first,time,in,a,while,i,went,to,bed,not,too,long,after,i,spoke,with,you,woke,up,at,7,how,was,your,night
normal,2022,see,you,there
normal,2019,i,dont,understand,your,message
normal,2011,crucify,is,c,not,s,you,should,have,told,me,earlier
normal,2011,idk,you,keep,saying,that,you're,not,but,since,he,moved,we,keep,butting,heads,over,freedom,vs,responsibility,and,i'm,tired,i,have,so,much,other,shit,to,deal,with,that,i'm,barely,keeping,myself,together,once,this,gets,added,to,it
normal,2016,fuck,cedar,key,and,fuck,her,come,over,anyway,tho
normal,2025,twenty,past,five,he,said,will,this,train,have,been,to,durham,already,or,not,coz,i,am,in,a,reserved,seat
normal,2020,u,still,painting,ur,wall
normal,2016,printer,is,cool,i,mean,groovy,wine,is,groovying
normal,2021,hi,harish's,rent,has,been,transfred,to,ur,acnt
normal,2016,anything,lor,is,she,coming
normal,2019,cbe,is,really,good,nowadayslot,of,shop,and,showroomscity,is,shaping,good
normal,2020,ü,still,attending,da,talks
normal,2018,no,probs,hon,how,u,doinat,the,mo
normal,2024,k,i'll,take,care,of,it
normal,2011,i,take,it,we,didn't,have,the,phone,callon,friday,can,we,assume,we,won't,have,it,this,year,now
normal,2020,my,battery,is,low,babe
normal,2022,shuhui,has,bought,ron's,present,it's,a,swatch,watch
normal,2021,yeah,there's,quite,a,bit,left,i'll,swing,by,tomorrow,when,i,get,up
normal,2015,babe,you,said,2,hours,and,it's,been,almost,4,is,your,internet,down
normal,2024,k,i'll,be,sure,to,get,up,before,noon,and,see,what's,what
normal,2025,kkyesterday,i,was,in,cbe
normal,2022,went,to,ganesh,dress,shop
normal,2015,ü,collecting,ur,laptop,then,going,to,configure,da,settings,izzit
normal,2016,if,you,r,home,then,come,down,within,5,min
normal,2023,aight,i,should,be,there,by,8,at,the,latest,probably,closer,to,7,are,jay,and,tyler,down,or,should,we,just,do,two,trips
normal,2020,come,aftr,ltdecimalgt,now,i,m,cleaning,the,house
normal,2019,bill,as,in,are,there,any,letters,for,me,im,expecting,one,from,orange,that,isnt,a,bill,but,may,still,say,orange,on,it
normal,2024,tell,me,pa,how,is,pain,de
normal,2021,hi,darlin,i,hope,you,had,a,nice,night,i,wish,i,had,come,cant,wait,to,see,you,love,fran,ps,i,want,dirty,anal,sex,and,i,want,a,10,man,gang,bang
normal,2022,ha,you,dont,know,either,i,did,a,a,clever,but,simple,thing,with,pears,the,other,day,perfect,for,christmas
normal,2023,helloooo,wake,up,sweet,morning,welcomes,you,enjoy,this,day,with,full,of,joy,gud,mrng
normal,2025,alrite
normal,2020,why,must,we,sit,around,and,wait,for,summer,days,to,celebrate,such,a,magical,sight,when,the,worlds,dressed,in,white,oooooh,let,there,be,snow
normal,2020,how,do,you,guys,go,to,see,movies,on,your,side
normal,2020,sorryin,meeting,i'll,call,later
normal,2016,you,didn't,have,to,tell,me,thatnow,i'm,thinking,plus,he's,going,to,stop,all,your,runs
normal,2017,kindly,send,some,one,to,our,flat,before,ltdecimalgt,today
normal,2018,nothing,lor,a,bit,bored,too,then,y,dun,u,go,home,early,2,sleep,today
normal,2024,what,time,should,i,tell,my,friend,to,be,around
normal,2021,yes,that,will,be,fine,love,you,be,safe
normal,2018,thanks,chikku,gud,nyt
normal,2022,is,xy,in,ur,car,when,u,picking,me,up
normal,2025,thanx,4,the,time,weve,spent,2geva,its,bin,mint,ur,my,baby,and,all,i,want,is,uxxxx
normal,2020,yo,any,way,we,could,pick,something,up,tonight
normal,2021,i've,not,sent,it,he,can,send,me
normal,2024,fine,am,simply,sitting
normal,2022,thts,god's,gift,for,birds,as,humans,hav,some,natural,gift,frm,god
normal,2022,are,you,coming,to,day,for,class
normal,2015,im,done,just,studyn,in,library
normal,2016,ok,u,enjoy,ur,shows
normal,2018,anything
normal,2011,where,wuld,i,be,without,my,baby,the,thought,alone,mite,break,me,and,i,dont,wanna,go,crazy,but,everyboy,needs,his,lady,xxxxxxxx
normal,2021,wat's,my,dear,doing,sleeping,ah
normal,2019,hi,test,on,ltgt,rd
normal,2021,only,2,students,solved,this,cat,question,in,xam,532,ltgt,924,ltgt,863,ltgt,then,725,tell,me,the,answer,if,u,r,brilliant1thingi,got,d,answr
normal,2022,yo,do,you,know,anyone,ltgt,or,otherwise,able,to,buy,liquor,our,guy,flaked,and,right,now,if,we,don't,get,a,hold,of,somebody,its,just,4,loko,all,night
normal,2014,yup,n,her,fren,lor,i'm,meeting,my,fren,at,730
normal,2023,yeah,we,got,one,lined,up,for,us
normal,2024,and,stop,wondering,wow,is,she,ever,going,to,stop,tm'ing,me,because,i,will,tm,you,whenever,i,want,because,you,are,mine,laughs
normal,2016,lol,yep,did,that,yesterday,already,got,my,fireplace,now,its,just,another,icon,sitting,there,for,me
normal,2025,hey,i've,booked,the,pilates,and,yoga,lesson,already,haha
normal,2017,are,you,ok,what,happen,to,behave,like,this
normal,2024,my,supervisor,find,4,me,one,lor,i,thk,his,students,i,havent,ask,her,yet,tell,u,aft,i,ask,her
normal,2022,hello,no,news,on,job,they,are,making,me,wait,a,fifth,week,yeah,im,up,for,some,woozles,and,weasels,in,exeter,still,but,be,home,about,3
normal,2018,no,messageno,responcewhat,happend
normal,2022,hey,babe,sorry,i,didn't,get,sooner,gary,can,come,and,fix,it,cause,he,thinks,he,knows,what,it,is,but,he,doesn't,go,as,far,a,ptbo,and,he,says,it,will,cost,ltgt,bucks,i,don't,know,if,it,might,be,cheaper,to,find,someone,there,we,don't,have,any,second,hand,machines,at,all,right,now,let,me,know,what,you,want,to,do,babe
normal,2014,make,that,3,4,fucks,sake,x
normal,2017,leave,it,u,will,always,be,ignorant
normal,2019,nope,but,i'll,b,going,2,sch,on,fri,quite,early,lor,cos,mys,sis,got,paper,in,da,morn
normal,2011,at,bruce,b,downs,amp,fletcher,now
normal,2011,where,are,you,you,said,you,would,be,here,when,i,woke
normal,2018,hey,now,am,free,you,can,call,me
normal,2021,tell,me,whos,this,pls
normal,2011,think,i,might,have,to,give,it,a,miss,am,teaching,til,twelve,then,have,lecture,at,two,damn,this,working,thing
normal,2012,id,have,to,check,but,there's,only,like,1,bowls,worth,left
normal,2015,yes,there,were,many,sweets
normal,2023,i,would,but,i'm,still,cozy,and,exhausted,from,last,nightnobody,went,to,school,or,work,everything,is,closed
normal,2019,buzzzz,grins,did,i,buzz,your,ass,buzz,your,chest,buzz,your,cock,where,do,you,keep,your,phone,is,the,vibrator,on,did,you,feel,it,shake
normal,2022,sir,send,to,group,mail,check,it
normal,2015,i'm,doing,da,intro,covers,energy,trends,n,pros,n,cons,brief,description,of,nuclear,fusion,n,oso,brief,history,of,iter,n,jet,got,abt,7,n,half,pages
normal,2025,nonenowhere,ikno,doesdiscountshitinnit
normal,2025,you,dont,know,you,jabo,me,abi
normal,2023,not,yet,hadya,sapna,aunty,manege,y'day,hogidhechinnu,full,weak,and,swalpa,black,agidhane
normal,2024,are,you,being,good,baby
normal,2020,neft,transaction,with,reference,number,ltgt,for,rs,ltdecimalgt,has,been,credited,to,the,beneficiary,account,on,ltgt,at,lttimegt,ltgt
normal,2014,mostly,sports,typelyk,footblcrckt
normal,2017,ma,head,dey,swell,oh,thanks,for,making,my,day
normal,2024,u,should,make,a,fb,list
normal,2023,height,of,confidence,all,the,aeronautics,professors,wer,calld,amp,they,wer,askd,2,sit,in,an,aeroplane,aftr,they,sat,they,wer,told,dat,the,plane,ws,made,by,their,students,dey,all,hurried,out,of,d,plane,bt,only,1,didnt,move,he,saidif,it,is,made,by,my,studentsthis,wont,even,start,datz,confidence
normal,2023,sary,just,need,tim,in,the,bollox,it,hurt,him,a,lot,so,he,tol,me
normal,2011,happy,new,year,princess
normal,2024,i'll,text,carlos,and,let,you,know,hang,on
normal,2025,don't,worry,is,easy,once,have,ingredients
normal,2014,i,love,u,2,my,little,pocy,bell,i,am,sorry,but,i,love,u
normal,2017,ok,omw,now,you,at,castor
normal,2022,yar,lor,keep,raining,non,stop,or,u,wan,2,go,elsewhere
normal,2019,what,u,mean,u,almost,done,done,wif,sleeping,but,i,tot,u,going,to,take,a,nap,yup,i,send,her,liao,so,i'm,picking,her,up,at,ard,4,smth,lor
normal,2020,7,wonders,in,my,world,7th,you,6th,ur,style,5th,ur,smile,4th,ur,personality,3rd,ur,nature,2nd,ur,sms,and,1st,ur,lovely,friendship,good,morning,dear
normal,2024,tonight,yeah,i'd,be,down,for,that
normal,2022,what,should,i,eat,fo,lunch,senor
normal,2022,he,said,that,he,had,a,right,giggle,when,he,saw,u,again,you,would,possibly,be,the,first,person2die,from,nvq,but,think,how,much,you,could,for
normal,2020,no,break,time,one,how,i,come,out,n,get,my,stuff,fr,ü
normal,2024,i'm,there,and,i,can,see,you,but,you,can't,see,me,maybe,you,should,reboot,ym,i,seen,the,buzz
normal,2015,do,you,still,have,the,grinder
normal,2025,love,isn't,a,decision,it's,a,feeling,if,we,could,decide,who,to,love,then,life,would,be,much,simpler,but,then,less,magical
normal,2019,ki,did't,see,youkwhere,are,you,now
normal,2025,so,i'm,doing,a,list,of,buyers
normal,2020,no,idea,i,guess,we'll,work,that,out,an,hour,after,we're,supposed,to,leave,since,as,usual,nobody,has,any,interest,in,figuring,shit,out,before,the,last,second
normal,2012,mm,not,entirely,sure,i,understood,that,text,but,hey,ho,which,weekend
normal,2020,they,released,vday,shirts,and,when,u,put,it,on,it,makes,your,bottom,half,naked,instead,of,those,white,underwear
normal,2021,don,knowhe,is,watching,film,in,computer
normal,2025,no,b4,thursday
normal,2019,oh,then,your,phone,phoned,me,but,it,disconnected
normal,2017,id,onluy,matters,when,getting,on,from,offcampus
normal,2025,excellent,i'll,see,what,riley's,plans,are
normal,2023,i,will,see,in,half,an,hour
normal,2014,ew,are,you,one,of,them
normal,2019,also,hi,wesley,how've,you,been
normal,2013,ah,you,see,you,have,to,be,in,the,lingo,i,will,let,you,know,wot,on,earth,it,is,when,has,finished,making,it
normal,2017,imagine,life,without,me,see,how,fast,u,are,searching,medon't,worry,l'm,always,there,to,disturb,u,goodnoon
normal,2019,hm,good,morning,headache,anyone
normal,2023,yeah,no,probs,last,night,is,obviously,catching,up,with,you,speak,soon
normal,2020,i,might,go,2,sch,yar,at,e,salon,now,v,boring
normal,2017,ltgt,mins,but,i,had,to,stop,somewhere,first
normal,2024,ltgt,is,fast,approaching,so,wish,u,a,very,happy,new,year,happy,sankranti,happy,republic,day,happy,valentines,day,happy,shivratri,happy,ugadi,happy,fools,day,happy,may,day,happy,independence,day,happy,friendshipmotherfatherteacherschildrens,day,amp,happy,birthday,4,u,happy,ganesh,festival,happy,dasara,happy,diwali,happy,christmas,ltgt,good,mornings,afternoons,evenings,nights,rememberi,am,the,first,to,wishing,u,all,theseyour's,raj
normal,2023,one,of,the,joys,in,lifeis,waking,up,each,daywith,thoughts,that,somewheresomeone,cares,enough,tosend,a,warm,morning,greeting
normal,2020,i,didn't,get,the,second,half,of,that,message
normal,2016,wat,time,do,u,wan,2,meet,me,later
normal,2013,i,thank,you,so,much,for,all,you,do,with,selflessness,i,love,you,plenty
normal,2013,am,in,film,ill,call,you,later
normal,2024,how,dare,you,change,my,ring
normal,2011,you,are,a,very,very,very,very,bad,girl,or,lady
normal,2019,i,love,ya,too,but,try,and,budget,your,money,better,babe,gary,would,freak,on,me,if,he,knew
normal,2017,what,part,of,don't,initiate,don't,you,understand
normal,2018,i,finished,my,lunch,already,u,wake,up,already
normal,2021,you,still,at,the,game
normal,2011,you,have,got,tallent,but,you,are,wasting
normal,2016,what,is,your,record,for,one,night
normal,2025,also,sir,i,sent,you,an,email,about,how,to,log,into,the,usc,payment,portal,ill,send,you,another,message,that,should,explain,how,things,are,back,home,have,a,great,weekend
normal,2016,gonna,let,me,know,cos,comes,bak,from,holiday,that,day,is,coming,don't4get2text,me,number
normal,2021,jokin,only,lar,depends,on,which,phone,my,father,can,get,lor
normal,2017,aight,lemme,know,what's,up
normal,2025,get,ready,for,ltgt,inches,of,pleasure
normal,2024,rajipls,do,me,a,favour,pls,convey,my,birthday,wishes,to,nimya,pls,today,is,her,birthday
normal,2017,ok,i,feel,like,john,lennon
normal,2023,cos,darren,say,ü,considering,mah,so,i,ask,ü
normal,2022,you,are,not,bothering,me,but,you,have,to,trust,my,answers,pls
normal,2024,wishing,you,and,your,family,merry,x,mas,and,happy,new,year,in,advance
normal,2022,one,day,a,crab,was,running,on,the,sea,shorethe,waves,came,n,cleared,the,footprints,of,the,crab,crab,asked,being,my,frnd,y,r,u,clearing,my,beautiful,footprints,waves,replied,a,fox,was,following,ur,footprints,to,catch,you,thats,y,i,cleared,it,off,frndsship,never,lets,u,dwn,gud,nyt
normal,2023,aight,what,time,you,want,me,to,come,up
normal,2024,slaaaaave,where,are,you,must,i,summon,you,to,me,all,the,time,now,don't,you,wish,to,come,to,me,on,your,own,anymore
normal,2025,your,bill,at,3,is,3365,so,thats,not,bad
normal,2014,let,me,know,how,it,changes,in,the,next,6hrs,it,can,even,be,appendix,but,you,are,out,of,that,age,range,however,its,not,impossible,so,just,chill,and,let,me,know,in,6hrs
normal,2014,hello,yeah,i've,just,got,out,of,the,bath,and,need,to,do,my,hair,so,i'll,come,up,when,i'm,done,yeah
normal,2025,so,how's,the,weather,over,there
normal,2022,ok,not,much,to,do,here,though,hm,friday,cant,wait,dunno,wot,the,hell,im,gonna,do,for,another,3,weeks,become,a,slob,oh,wait,already,done,that
normal,2023,die,now,i,have,e,toot,fringe,again
normal,2011,lol,they,don't,know,about,my,awesome,phone,i,could,click,delete,right,now,if,i,want
normal,2016,ok
normal,2022,awesome,question,with,a,cute,answer,someone,asked,a,boy,how,is,ur,life,he,smiled,amp,answered,she,is,fine,gudnite
normal,2012,please,leave,this,topicsorry,for,telling,that
normal,2022,pls,send,me,the,correct,name,da
normal,2016,what,happened,to,our,yo,date
normal,2021,webpage,s,not,available
normal,2016,just,woke,up,yeesh,its,late,but,i,didn't,fall,asleep,til,ltgt,am
normal,2022,dear,all,as,we,know,ltgt,th,is,the,ltgt,th,birthday,of,our,loving,gopalettan,we,are,planning,to,give,a,small,gift,on,that,day,those,who,like,to,participate,in,that,you,are,welcome,please,contact,our,admin,team,for,more,details
normal,2019,kkfrom,tomorrow,onwards,started,ah
normal,2013,what,u,talking,bout,early,morning,it's,almost,noon,where,your,at
normal,2014,fine,do,you,remember,me
normal,2012,ok,how,many,should,i,buy
normal,2017,sounds,good,keep,me,posted
normal,2015,ok,so,april,cant,wait
normal,2023,boy,you,best,get,yo,ass,out,here,quick
normal,2016,ay,wana,meet,on,satü,wkg,on,sat
normal,2020,i'm,now,but,have,to,wait,till,2,for,the,bus,to,pick,me
normal,2024,apart,from,the,one,i,told,you,about,yesterday
normal,2020,ok,lor,but,buy,wat
normal,2018,somebody,should,go,to,andros,and,steal,ice
normal,2020,don,know,i,did't,msg,him,recently
normal,2016,take,us,out,shopping,and,mark,will,distract,isaiahd
normal,2016,mum,hope,you,are,having,a,great,day,hoping,this,text,meets,you,well,and,full,of,life,have,a,great,day,abiola
normal,2024,there,is,no,sense,in,my,foot,and,penis
normal,2014,okay,but,i,thought,you,were,the,expert
normal,2024,deep,sigh,i,miss,you,i,am,really,surprised,you,haven't,gone,to,the,net,cafe,yet,to,get,to,me,don't,you,miss,me
normal,2022,ssi,thinl,role,is,like,sachinjust,standing,others,have,to,hit
normal,2017,have,a,great,trip,to,india,and,bring,the,light,to,everyone,not,just,with,the,project,but,with,everyone,that,is,lucky,to,see,you,smile,bye,abiola
normal,2023,and,very,importantly,all,we,discuss,is,between,u,and,i,only
normal,2025,kkhow,about,your,training,process
normal,2011,ok,lor,i,ned,2,go,toa,payoh,4,a,while,2,return,smth,u,wan,2,send,me,there,or,wat
normal,2018,in,da,car,park
normal,2017,i,wish,that,i,was,with,you,holding,you,tightly,making,you,see,how,important,you,are,how,much,you,mean,to,me,how,much,i,need,you,in,my,life
normal,2016,so,i,asked,how's,anthony,dad,and,your,bf
normal,2021,wnevr,i,wana,fal,in,luv,vth,my,books,my,bed,fals,in,luv,vth,me,yen,madodu,nav,pretsorginta,nammanna,pretsovru,important,alwa,gud,eveb
normal,2025,what,todaysundaysunday,is,holidayso,no,work
normal,2015,am,going,to,take,bath,ill,place,the,key,in,window
normal,2025,dear,take,care,i,am,just,reaching,homelove,u,a,lot
normal,2015,staffsciencenusedusgphyhcmkteachingpc1323
normal,2023,have,you,emigrated,or,something,ok,maybe,530,was,a,bit,hopeful
normal,2022,olol,i,printed,out,a,forum,post,by,a,guy,with,the,exact,same,prob,which,was,fixed,with,a,gpu,replacement,hopefully,they,dont,ignore,that
normal,2016,we,walked,from,my,moms,right,on,stagwood,pass,right,on,winterstone,left,on,victors,hill,address,is,ltgt
normal,2013,yo,you,at,jp,and,hungry,like,a,mofo
normal,2023,this,is,all,just,creepy,and,crazy,to,me
normal,2018,ok,i,din,get,ur,msg
normal,2019,tessypls,do,me,a,favor,pls,convey,my,birthday,wishes,to,nimyapls,dnt,forget,it,today,is,her,birthday,shijas
normal,2021,pathaya,enketa,maraikara,pa
normal,2012,even,if,he,my,friend,he,is,a,priest,call,him,now
normal,2017,u,so,lousy,run,already,come,back,then,half,dead,hee
normal,2014,that's,y,i,said,it's,bad,dat,all,e,gals,know,u,wat,u,doing,now
normal,2023,or,remind,me,in,a,few,hrs
normal,2023,i,had,been,hoping,i,would,not,have,to,send,you,this,message,my,rent,is,due,and,i,dont,have,enough,for,it,my,reserves,are,completely,gone,its,a,loan,i,need,and,was,hoping,you,could,her,the,balance,is,ltgt,is,there,a,way,i,could,get,that,from,you,till,mid,march,when,i,hope,to,pay,back
normal,2012,hi,happy,new,year,i,dont,mean,to,intrude,but,can,you,pls,let,me,know,how,much,tuition,you,paid,last,semester,and,how,much,this,semester,is,thanks
normal,2013,hello,hun,how,ru,its,here,by,the,way,im,good,been,on,2,dates,with,that,guy,i,met,in,walkabout,so,far,we,have,to,meet,up,soon,hows,everyone,else
normal,2018,lol,i,was,gonna,last,month,i,cashed,some,in,but,i,left,ltgt,just,in,case,i,was,collecting,more,during,the,week,cause,they,announced,it,on,the,blog
normal,2018,short,but,cute,be,a,good,person,but,dont,try,to,prove,gud,mrng
normal,2021,just,haven't,decided,where,yet,eh
normal,2017,wat,time,liao,where,still,got
normal,2018,yes,watching,footie,but,worried,we're,going,to,blow,it,phil,neville
normal,2019,i,wait,4,ü,inside,da,car,park
normal,2018,uncle,abbey,happy,new,year,abiola
normal,2017,now,am,free,call,me,pa
normal,2016,r,u,saying,i,should,re,order,the,slippers,cos,i,had,to,pay,for,returning,it
normal,2016,stop,knowing,me,so,well
normal,2021,good,evening,this,is,roger,how,are,you
normal,2018,small,problem,in,auctionpunj,now,asking,tiwary
normal,2014,he,telling,not,to,tell,any,one,if,so,treat,for,me,hi,hi,hi
normal,2020,my,uncles,in,atlanta,wish,you,guys,a,great,semester
normal,2022,u,coming,2,pick,me
normal,2016,thats,cool,i,liked,your,photos,you,are,very,sexy
normal,2014,would,u,fuckin,believe,it,they,didnt,know,i,had,thurs,pre,booked,off,so,they,re,cancelled,me,again,that,needs,to,b,sacked
normal,2021,haha,better,late,than,ever,any,way,i,could,swing,by
normal,2017,ok,but,i,finish,at,6
normal,2020,i've,been,barred,from,all,b,and,q,stores,for,lifethis,twat,in,orange,dungerees,came,up,to,me,and,asked,if,i,wanted,decking,so,i,got,the,first,punch,in
normal,2015,so,no,messages,had,food
normal,2013,ok,going,to,sleep,hope,i,can,meet,her
normal,2016,wat,makes,some,people,dearer,is,not,just,de,happiness,dat,u,feel,when,u,meet,them,but,de,pain,u,feel,when,u,miss,dem
normal,2013,can,you,let,me,know,details,of,fri,when,u,find,out,cos,i'm,not,in,tom,or,fri,mentionned,chinese,thanks
normal,2025,you're,right,i,have,now,that,i,think,about,it
normal,2019,wat,r,u,doing,now
normal,2025,is,ur,lecture,over
normal,2020,customer,place,i,will,call,you
normal,2024,not,planned,yet,going,to,join,company,on,jan,5,onlydon,know,what,will,happen,after,that
normal,2011,boy,i,love,u,grl,hogolo,boy,gold,chain,kodstini,grl,agalla,boy,necklace,madstini,grl,agalla,boy,hogli,1,mutai,eerulli,kodthini,grl,i,love,u,kano
normal,2020,haha,i,heard,that,text,me,when,you're,around
normal,2021,ill,get,there,tomorrow,and,send,it,to,you
normal,2024,shit,babe,thasa,bit,messed,upyeh,she,shudvetold,u,did,urgran,knowneway,illspeak,2,u2moro,wen,im,not,asleep
normal,2022,oh,thats,late,well,have,a,good,night,and,i,will,give,u,a,call,tomorrow,iam,now,going,to,go,to,sleep,night,night
normal,2012,cheers,u,tex,mecause,u,werebored,yeah,okden,hunny,r,uin,wk,satsounds,likeyour,havin,gr8fun,j,keep,updat,countinlots,of,loveme,xxxxx
normal,2011,sorry,in,meeting,i'll,call,you,later
normal,2016,yo,howz,u,girls,never,rang,after,india,l
normal,2023,yeah,but,which,is,worse,for,i
normal,2023,i,tagged,my,friends,that,you,seemed,to,count,as,your,friends
normal,2018,ok
normal,2022,long,time,you,remember,me,today
normal,2015,havent,shopping,now,lor,i,juz,arrive,only
normal,2013,thank,u,it,better,work,out,cause,i,will,feel,used,otherwise
normal,2017,are,you,up,for,the,challenge,i,know,i,am
normal,2018,how,much,did,ur,hdd,casing,cost
normal,2013,mystery,solved,just,opened,my,email,and,he's,sent,me,another,batch,isn't,he,a,sweetie
normal,2025,i,can't,describe,how,lucky,you,are,that,i'm,actually,awake,by,noon
normal,2021,today,is,sorry,day,if,ever,i,was,angry,with,you,if,ever,i,misbehaved,or,hurt,you,plz,plz,just,slap,urself,bcoz,its,ur,fault,i'm,basically,good
normal,2018,cheers,for,the,card,is,it,that,time,of,year,already
normal,2022,when,people,see,my,msgs,they,think,iam,addicted,to,msging,they,are,wrong,bcoz,they,don't,know,that,iam,addicted,to,my,sweet,friends,bslvyl
normal,2015,ugh,hopefully,the,asus,ppl,dont,randomly,do,a,reformat
normal,2017,haven't,seen,my,facebook,huh,lol
normal,2022,mah,b,i'll,pick,it,up,tomorrow
normal,2025,still,otside,leu,come,2morrow,maga
normal,2024,do,u,still,have,plumbers,tape,and,a,wrench,we,could,borrow
normal,2011,it,vl,bcum,more,difficult
normal,2012,havent,still,waitin,as,usual,ü,come,back,sch,oredi
normal,2019,in,meeting,da,i,will,call,you
normal,2025,k,k,then,watch,some,films
normal,2021,does,cinema,plus,drink,appeal,tomo,is,a,fr,thriller,by,director,i,like,on,at,mac,at,830
normal,2012,there,the,size,of,elephant,tablets,u,shove,um,up,ur,ass
normal,2012,so,many,people,seems,to,be,special,at,first,sight,but,only,very,few,will,remain,special,to,you,till,your,last,sight,maintain,them,till,life,ends,take,cr,da
normal,2014,my,parents,my,kidz,my,friends,n,my,colleagues,all,screaming,surprise,and,i,was,waiting,on,the,sofa,naked
normal,2018,dunno,i,juz,askin,cos,i,got,a,card,got,20,off,4,a,salon,called,hair,sense,so,i,tot,it's,da,one,ü,cut,ur,hair
normal,2012,good,morning,pookie,pie,lol,hope,i,didn't,wake,u,up
normal,2016,maybe,if,you,woke,up,before,fucking,3,this,wouldn't,be,a,problem
normal,2013,happy,birthday,to,youdearwith,lots,of,loverakhesh,nri
normal,2017,howz,that,persons,story
normal,2018,x2,ltgt,are,you,going,to,get,that
normal,2011,hi,neva,worry,bout,da,truth,coz,the,truth,will,lead,me,2,ur,heart,its,the,least,a,unique,person,like,u,deserve,sleep,tight,or,morning
normal,2011,is,ur,paper,today,in,e,morn,or,aft
normal,2024,i,will,lick,up,every,drop,are,you,ready,to,use,your,mouth,as,well
normal,2025,and,you,will,expect,you,whenever,you,text,hope,all,goes,well,tomo
normal,2013,great,p,diddy,is,my,neighbor,and,comes,for,toothpaste,every,morning
normal,2024,i,av,a,new,number,wil,u,only,use,this,oneta
normal,2013,so,its,to,be,poking,man,everyday,that,they,teach,you,in,canada,abi,how,are,you,just,saying,hi
normal,2022,7,lor,change,2,suntec,wat,time,u,coming
normal,2020,no,deam,seeing,in,online,shop,so,that,i,asked
normal,2022,just,curious,because,my,cuz,asked,what,i,was,up,to
normal,2014,nicenicehow,is,it,working
normal,2014,okay,lor,wah,like,that,def,they,wont,let,us,go,haha,what,did,they,say,in,the,terms,and,conditions
normal,2012,haha,yup,hopefully,we,will,lose,a,few,kg,by,mon,after,hip,hop,can,go,orchard,and,weigh,again
normal,2023,she's,good,how,are,you,where,r,u,working,now
normal,2024,oh,yes,i've,just,been,a,little,under,the,weather,so,i've,kind,of,been,coccooning,at,home
normal,2023,at,home,also
normal,2016,this,phone,has,the,weirdest,auto,correct
normal,2016,oops,my,phone,died,and,i,didn't,even,know,yeah,i,like,it,better
normal,2023,havent,mus,ask,if,u,can,1st,wat,of,meet,4,lunch,den,u,n,him,meet,can,already,lor,or,u,wan,2,go,ask,da,ge,1st,then,confirm,w,me,asap
normal,2015,she,said,do,u,mind,if,i,go,into,the,bedroom,for,a,minute,ok,i,sed,in,a,sexy,mood,she,came,out,5,minuts,latr,wid,a,caken,my,wife
normal,2011,oh,yeahand,hav,a,great,time,in,newquaysend,me,a,postcard,1,look,after,all,the,girls,while,im,goneu,know,the,1im,talkin,boutxx
normal,2014,we,got,a,divorce,lol,shes,here
normal,2025,what's,ur,pin
normal,2021,babe,have,you,got,enough,money,to,pick,up,bread,and,milk,and,i'll,give,you,it,back,when,you,get,home
normal,2023,i,want,snow,it's,just,freezing,and,windy
normal,2023,come,to,mahal,bus,stop,ltdecimalgt
normal,2025,don,knowthis,week,i'm,going,to,tirunelvai,da
normal,2014,me,too,baby,i,promise,to,treat,you,well,i,bet,you,will,take,good,care,of,me
normal,2018,its,like,that,hotel,dusk,game,i,think,you,solve,puzzles,in,a,area,thing
normal,2020,hi,my,love,how,goes,that,day,fuck,this,morning,i,woke,and,dropped,my,cell,on,the,way,down,the,stairs,but,it,seems,alright,phews,i,miss,you
normal,2017,well,that,must,be,a,pain,to,catch
normal,2023,sorry,da,thangamit's,my,mistake
normal,2022,i,need,coz,i,never,go,before
normal,2021,rose,for,redred,for,bloodblood,for,heartheart,for,u,but,u,for,me,send,tis,to,all,ur,friends,including,me,if,u,like,me,if,u,get,back,1u,r,poor,in,relation,2u,need,some,1,to,support,3u,r,frnd,2,many,4some1,luvs,u,5,some1,is,praying,god,to,marry,u,try,it
normal,2022,wifehow,she,knew,the,time,of,murder,exactly
normal,2019,i,feel,like,a,dick,because,i,keep,sleeping,through,your,texts,and,facebook,messages,sup,you,in,town
normal,2015,no,plm,i,will,come,da,on,the,way
normal,2012,guess,he,wants,alone,time,we,could,just,show,up,and,watch,when,they,do
normal,2025,height,of,recycling,read,twice,people,spend,time,for,earning,money,and,the,same,money,is,spent,for,spending,time,good,morning,keep,smiling
normal,2019,yup,ü,not,comin
normal,2021,yes,princess,toledo
normal,2015,aight,text,me,when,you're,back,at,mu,and,i'll,swing,by,need,somebody,to,get,the,door,for,me
normal,2023,ron,say,fri,leh,n,he,said,ding,tai,feng,cant,make,reservations,but,he,said,wait,lor
normal,2017,good,no,swimsuit,allowed
normal,2014,am,okay,will,soon,be,over,all,the,best
normal,2022,a,cute,thought,for,friendship,its,not,necessary,to,share,every,secret,with,ur,close,frnd,but,watever,u,shared,should,be,true
normal,2012,ok,i've,sent,u,da,latest,version,of,da,project
normal,2016,good,morning,my,dear,have,a,great,amp,successful,day
normal,2012,pls,accept,me,for,one,day,or,am,begging,you,change,the,number
normal,2012,squeeeeeze,this,is,christmas,hug,if,u,lik,my,frndshp,den,hug,me,back,if,u,get,3,u,r,cute,6,u,r,luvd,9,u,r,so,lucky,none,people,hate,u
normal,2018,its,ok,if,anybody,asks,abt,me,u,tel,themp
normal,2022,funny,fact,nobody,teaches,volcanoes,2,erupt,tsunamis,2,arise,hurricanes,2,sway,aroundn,no,1,teaches,hw,2,choose,a,wife,natural,disasters,just,happens
normal,2021,you,gonna,ring,this,weekend,or,wot
normal,2025,also,track,down,any,lighters,you,can,find
normal,2019,sorry,i,can't,help,you,on,this
normal,2023,babe,i,need,your,advice
normal,2018,ill,leave,around,four,ok
normal,2012,come,to,medical,college,at,7pm,forward,it,da
normal,2012,kkits,goodwhen,are,you,going
normal,2021,i,can,make,lasagna,for,you,vodka
normal,2022,hi,its,kate,can,u,give,me,a,ring,asap,xxx
normal,2016,who,were,those,people,were,you,in,a,tour,i,thought,you,were,doing,that,sofa,thing,you,sent,me,your,curious,sugar
normal,2011,no,but,you,told,me,you,were,going,before,you,got,drunk
normal,2022,he,fucking,chickened,out,he,messaged,me,he,would,be,late,and,woould,buzz,me,and,then,i,didn't,hear,a,word,from,him
normal,2024,i'm,always,looking,for,an,excuse,to,be,in,the,city
normal,2011,yup,i'm,still,having,coffee,wif,my,frens,my,fren,drove,she'll,give,me,a,lift
normal,2016,o,shore,are,you,takin,the,bus
normal,2025,so,u,gonna,get,deus,ex
normal,2025,i,will,send,them,to,your,email,do,you,mind,ltgt,times,per,night
normal,2023,tap,spile,at,seven,is,that,pub,on,gas,st,off,broad,st,by,canal,ok
normal,2021,ok,then,i,come,n,pick,u,at,engin
normal,2022,which,is,why,i,never,wanted,to,tell,you,any,of,this,which,is,why,i'm,so,short,with,you,and,onedge,as,of,late
normal,2021,raviyog,peripherals,bhayandar,east
normal,2018,k,actually,can,you,guys,meet,me,at,the,sunoco,on,howard,it,should,be,right,on,the,way
normal,2017,moon,has,come,to,color,your,dreams,stars,to,make,them,musical,and,my,sms,to,give,you,warm,and,peaceful,sleep,good,night
normal,2019,just,finished,eating,got,u,a,plate,not,leftovers,this,time
normal,2025,thanx,a,lot
normal,2012,hurry,home,u,big,butt,hang,up,on,your,last,caller,if,u,have,to,food,is,done,and,i'm,starving,don't,ask,what,i,cooked
normal,2020,lol,your,right,what,diet,everyday,i,cheat,anyway,i'm,meant,to,be,a,fatty
normal,2019,its,a,great,day,do,have,yourself,a,beautiful,one
normal,2022,what,happened,in,interview
normal,2020,solve,d,case,a,man,was,found,murdered,on,ltdecimalgt,ltgt,afternoon,1his,wife,called,police,2police,questioned,everyone,3wife,siri,was,sleeping,when,the,murder,took,place,4cook,i,was,cooking,5gardener,i,was,picking,vegetables,6housemaid,i,went,2,d,post,office,7children,we,went,2,play,8neighbour,we,went,2,a,marriage,police,arrested,d,murderer,immediately,who's,it,reply,with,reason,if,u,r,brilliant
normal,2023,badrith,is,only,for,chennaii,will,surely,pick,for,usno,competition,for,him
normal,2014,i,tot,it's,my,group,mate,lucky,i,havent,reply,wat,time,do,ü,need,to,leave
normal,2023,hey,you,around,i've,got,enough,for,a,half,the,ten,i,owe,you
normal,2016,hey,tmr,maybe,can,meet,you,at,yck
normal,2021,alrite,sam,its,nic,just,checkin,that,this,is,ur,numberso,is,ittb
normal,2023,they,are,just,making,it,easy,to,pay,back,i,have,ltgt,yrs,to,say,but,i,can,pay,back,earlier,you,get
normal,2023,not,to,worry,i'm,sure,you'll,get,it
normal,2019,the,gas,station,is,like,a,block,away,from,my,house,you'll,drive,right,by,it,since,armenia,ends,at,swann,and,you,have,to,take,howard
normal,2019,my,tuition,is,at,330,hm,we,go,for,the,1120,to,1205,one,do,you,mind
normal,2015,i'm,not,smoking,while,people,use,wylie,smokes,too,much,to,justify,ruining,my,shit
normal,2024,dear,good,morning,how,you,feeling,dear
normal,2020,a,little,meds,say,take,once,every,8,hours,it's,only,been,5,but,pain,is,back,so,i,took,another,hope,i,don't,die
normal,2018,beautiful,tomorrow,never,comes,when,it,comes,it's,already,today,in,the,hunt,of,beautiful,tomorrow,don't,waste,your,wonderful,today,goodmorning
normal,2016,dunno,lei,ü,all,decide,lor,how,abt,leona,oops,i,tot,ben,is,going,n,i,msg,him
normal,2017,hi,there,we,have,now,moved,in2,our,pub,would,be,great,2,c,u,if,u,cud,come,up
normal,2014,honeybee,said,i'm,d,sweetest,in,d,world,god,laughed,amp,said,waitu,havnt,met,d,person,reading,this,msg,moral,even,god,can,crack,jokes,gmgngegn
normal,2022,just,do,what,ever,is,easier,for,you
normal,2012,stop,calling,everyone,saying,i,might,have,cancer,my,throat,hurts,to,talk,i,can't,be,answering,everyones,calls,if,i,get,one,more,call,i'm,not,babysitting,on,monday
normal,2020,it'll,be,tough,but,i'll,do,what,i,have,to
normal,2022,im,gonnamissu,so,muchi,would,say,il,send,u,a,postcard,buttheres,aboutas,much,chance,of,merememberin,asthere,is,ofsi,not,breakin,his,contract,luv,yaxx
normal,2024,ee,msg,na,poortiyagi,odalebeku,hanumanji,7,name,1hanuman,2bajarangabali,3maruti,4pavanaputra,5sankatmochan,6ramaduth,7mahaveer,ee,7,name,ltgt,janarige,ivatte,kalisidare,next,saturday,olage,ondu,good,news,keluviri,maretare,inde,1,dodda,problum,nalli,siguviri,idu,matra,ltgt,true,don't,neglet
normal,2021,hi,darlin,i,finish,at,3,do,u,1,2,pick,me,up,or,meet,me,text,back,on,this,number,luv,kate,xxx
normal,2020,set,a,place,for,me,in,your,heart,and,not,in,your,mind,as,the,mind,easily,forgets,but,the,heart,will,always,remember,wish,you,happy,valentines,day
normal,2018,but,i'm,surprised,she,still,can,guess,right,lor
normal,2011,okie,ü,wan,meet,at,bishan,cos,me,at,bishan,now,i'm,not,driving,today
normal,2019,oh,ho,is,this,the,first,time,u,use,these,type,of,words
normal,2018,hi,darlin,how,was,work,did,u,get,into,trouble,ijust,talked,to,your,mum,all,morning,i,had,a,really,good,time,last,night,im,goin,out,soon,but,call,me,if,u,can
normal,2022,i,know,you,are,serving,i,mean,what,are,you,doing,now
normal,2022,huh,hyde,park,not,in,mel,ah,opps,got,confused,anyway,if,tt's,e,best,choice,den,we,juz,have,to,take,it
normal,2013,oh,gei,that,happend,to,me,in,tron,maybe,ill,dl,it,in,3d,when,its,out
normal,2013,i,know,girls,always,safe,and,selfish,know,i,got,it,pa,thank,you,good,night
normal,2011,no,worries,hope,photo,shoot,went,well,have,a,spiffing,fun,at,workage
normal,2013,i'm,freezing,and,craving,ice,fml
normal,2020,kay,since,we,are,out,already
normal,2022,eh,sorry,leh,i,din,c,ur,msg,not,sad,already,lar,me,watching,tv,now,u,still,in,office
normal,2025,yo,im,right,by,yo,work
normal,2018,ok,darlin,i,supose,it,was,ok,i,just,worry,too,muchi,have,to,do,some,film,stuff,my,mate,and,then,have,to,babysit,again,but,you,can,call,me,therexx
normal,2017,she,said,do,u,mind,if,i,go,into,the,bedroom,for,a,minute,ok,i,sed,in,a,sexy,mood,she,came,out,5,minuts,latr,wid,a,caken,my,wife
normal,2025,i,don,wake,since,i,checked,that,stuff,and,saw,that,its,true,no,available,spaces,pls,call,the,embassy,or,send,a,mail,to,them
normal,2018,nope,juz,off,from,work
normal,2017,huh,so,fast,dat,means,u,havent,finished,painting
normal,2021,what,number,do,u,live,at,is,it,11
normal,2018,no,we,put,party,7,days,a,week,and,study,lightly,i,think,we,need,to,draw,in,some,custom,checkboxes,so,they,know,we're,hardcore
normal,2016,sac,will,score,big,hundredhe,is,set,batsman
normal,2021,send,me,yetty's,number,pls
normal,2013,how,much,it,will,cost,approx,per,month
normal,2013,ok,the,theory,test,when,are,ü,going,to,book,i,think,it's,on,21,may,coz,thought,wanna,go,out,with,jiayin,but,she,isnt,free
normal,2011,that's,fine,have,him,give,me,a,call,if,he,knows,what,he,wants,or,has,any,questions
normal,2024,sorry,got,a,late,start,we're,on,the,way
normal,2022,then,u,go,back,urself,lor
normal,2015,i,am,at,the,gas,station,go,there
normal,2015,k,if,u,bored,up,just,come,to,my,home
normal,2017,babe,i,love,you,covers,your,face,in,kisses
normal,2019,like,i,made,him,throw,up,when,we,were,smoking,in,our,friend's,car,one,time,it,was,awesome
normal,2017,still,i,have,not,checked,it,da
normal,2012,you,will,go,to,walmart,ill,stay
normal,2018,i,haven't,forgotten,you,i,might,have,a,couple,bucks,to,send,you,tomorrow,k,i,love,ya,too
normal,2017,oh,great,ill,disturb,him,more,so,that,we,can,talk
normal,2019,reverse,is,cheating,that,is,not,mathematics
normal,2016,u're,welcome,caught,u,using,broken,english,again
normal,2012,no,problem,baby,is,this,is,a,good,time,to,talk,i,called,and,left,a,message
normal,2016,sorry,i'll,call,later
normal,2015,oh,is,it,which,brand
normal,2019,sorry,i,cant,take,your,call,right,now,it,so,happens,that,there,r,2waxsto,do,wat,you,want,she,can,come,and,ill,get,her,medical,insurance,and,she'll,be,able,to,deliver,and,have,basic,care,i'm,currently,shopping,for,the,right,medical,insurance,for,her,so,just,give,me,til,friday,morning,thats,when,ill,see,the,major,person,that,can,guide,me,to,the,right,insurance
normal,2020,at,what,time,are,you,coming
normal,2016,call,him,and,say,you,not,coming,today,ok,and,tell,them,not,to,fool,me,like,this,ok
normal,2023,i,emailed,yifeng,my,part,oredi,can,ü,get,it,fr,him
normal,2020,r,u,sure,they'll,understand,that,wine,good,idea,just,had,a,slurp
normal,2022,minimum,walk,is,3miles,a,day
normal,2022,ok,not,a,problem,will,get,them,a,taxi,c,ing,tomorrow,and,tuesday,on,tuesday,think,we,r,all,going,to,the,cinema
normal,2023,brainless,baby,dolld,vehicle,sariyag,drive,madoke,barolla
normal,2023,i,don't,run,away,frm,u,i,walk,slowly,amp,it,kills,me,that,u,don't,care,enough,to,stop,me
normal,2025,please,attend,the,phone
normal,2012,you,only,hate,me,you,can,call,any,but,you,didnt,accept,even,a,single,call,of,mine,or,even,you,messaged
normal,2017,no,messages,on,her,phone,i'm,holding,it,now
normal,2012,can,i'm,free
normal,2024,yo,my,trip,got,postponed,you,still,stocked,up
normal,2018,sorry,i'll,call,later
normal,2023,i,am,waiting,for,your,call,sir
normal,2024,hey,what,are,you,doing,y,no,reply,pa
normal,2024,hey,elaine,is,today's,meeting,still,on
normal,2019,sorry,i've,not,gone,to,that,place,ill,do,so,tomorrow,really,sorry
normal,2014,most,of,the,tiime,when,i,don't,let,you,hug,me,it's,so,i,don't,break,into,tears
normal,2022,tomorrow,i,am,not,going,to,theatre,so,i,can,come,wherever,u,call,me,tell,me,where,and,when,to,come,tomorrow
normal,2022,and,now,electricity,just,went,out,fml
normal,2016,looks,like,you,found,something,to,do,other,than,smoke,great,job
normal,2011,also,andros,ice,etc,etc
normal,2025,good,afternon,my,love,how,are,today,i,hope,your,good,and,maybe,have,some,interviews,i,wake,and,miss,you,babe,a,passionate,kiss,from,across,the,sea
normal,2020,yup,wun,believe,wat,u,really,neva,c,e,msg,i,sent,shuhui
normal,2017,hows,that,watch,resizing
normal,2024,dear,umma,she,called,me,now
normal,2022,just,finished,missing,you,plenty
normal,2025,well,i,meant,as,opposed,to,my,drunken,night,of,before
normal,2018,k,must,book,a,not,huh,so,going,for,yoga,basic,on,sunday
normal,2017,ok,can
normal,2018,oops,am,at,my,mum's,in,somerset,bit,far,back,tomo,see,you,soon,x
normal,2024,so,u,workin,overtime,nigpun
normal,2018,same,as,kallis,dismissial,in,2nd,test
normal,2012,o,guess,they,both,got,screwd
normal,2017,i'm,in,a,meeting,call,me,later,at
normal,2015,what,r,u,cooking,me,for,dinner
normal,2021,ok,thanx
normal,2020,bull,your,plan,was,to,go,floating,off,to,ikea,with,me,without,a,care,in,the,world,so,i,have,to,live,with,your,mess,another,day
normal,2021,then,i,buy
normal,2022,heehee,that,was,so,funny,tho
normal,2023,it,only,does,simple,arithmetic,not,percentages
normal,2015,yeah,we,wouldn't,leave,for,an,hour,at,least,how's,4,sound
normal,2019,thanks,honey,have,a,great,day
normal,2019,an,amazing,quote,sometimes,in,life,its,difficult,to,decide,whats,wrong,a,lie,that,brings,a,smile,or,the,truth,that,brings,a,tear
normal,2018,good,night,my,dear,sleepwellamptake,care
normal,2024,then,ü,ask,dad,to,pick,ü,up,lar,ü,wan,2,stay,until,6,meh
normal,2025,jus,chillaxin,what,up
normal,2022,hey,das,cool,iknow,all,2,wellda,peril,of,studentfinancial,crisisspk,2,u,l8r
normal,2018,beautiful,truth,against,gravity,read,carefully,our,heart,feels,light,when,someone,is,in,it,but,it,feels,very,heavy,when,someone,leaves,it,goodmorning
normal,2012,whats,that,coming,over,the,hill,is,it,a,monster,hope,you,have,a,great,day,things,r,going,fine,here,busy,though
normal,2011,joy's,father,is,john,then,john,is,the,of,joy's,father,if,u,ans,ths,you,hav,ltgt,iq,tis,s,ias,question,try,to,answer
normal,2023,only,once,then,after,ill,obey,all,yours
normal,2022,no,she,didnt,i,will,search,online,and,let,you,know
normal,2013,where,do,you,need,to,go,to,get,it
normal,2011,no,pic,please,resend
normal,2016,he,remains,a,bro,amongst,bros
normal,2017,uhhhhrmm,isnt,having,tb,test,bad,when,youre,sick
normal,2024,but,i,haf,enuff,space,got,like,4,mb
normal,2019,true,its,easier,with,her,here
normal,2021,sure,but,since,my,parents,will,be,working,on,tuesday,i,don't,really,need,a,cover,story
normal,2012,haha,okay,today,weekend,leh
normal,2017,hi,darlin,did,youphone,me,im,athome,if,youwanna,chat
normal,2023,i,don't,know,jack,shit,about,anything,or,i'd,sayask,something,helpful,but,if,you,want,you,can,pretend,that,i,did,and,just,text,me,whatever,in,response,to,the,hypotheticalhuagauahahuagahyuhagga
normal,2022,you've,always,been,the,brainy,one
normal,2024,yeah,if,we,do,have,to,get,a,random,dude,we,need,to,change,our,info,sheets,to,party,ltgt,7,never,study,just,to,be,safe
normal,2019,christmas,is,an,occasion,that,is,celebrated,as,a,reflection,of,ur,values,desires,affectionsamp,traditions,have,an,ideal,christmas
normal,2017,sending,you,greetings,of,joy,and,happiness,do,have,a,gr8,evening
normal,2019,hi,darlin,i,cantdo,anythingtomorrow,as,myparents,aretaking,me,outfor,a,meal,when,are,u,free,katexxx
normal,2020,if,india,win,or,level,series,means,this,is,record
normal,2021,then,what,about,further,plan
normal,2011,its,good,to,hear,from,you
normal,2016,awesome,how,do,i,deal,with,the,gate,charles,told,me,last,night,but,uh,yeah
normal,2022,what,time,you,thinkin,of,goin
normal,2017,your,board,is,working,fine,the,issue,of,overheating,is,also,reslove,but,still,software,inst,is,pending,i,will,come,around,8'o,clock
normal,2025,yes,but,i,don't,care,cause,i,know,its,there
normal,2011,wiskey,brandy,rum,gin,beer,vodka,scotch,shampain,wine,kudiyarasu,dhina,vaazhthukkal
normal,2025,mon,okie,lor,haha,best,is,cheap,n,gd,food,la,ex,oso,okie,depends,on,whether,wana,eat,western,or,chinese,food,den,which,u,prefer
normal,2018,sitting,ard,nothing,to,do,lor,u,leh,busy,w,work
normal,2023,its,ltgt,k,here,oh,should,i,send,home,for,sale
normal,2018,sorry,mail
normal,2016,ya,just,telling,abt,tht,incident
normal,2022,yes,we,were,outside,for,like,2,hours,and,i,called,my,whole,family,to,wake,them,up,cause,it,started,at,1,am
normal,2023,ugh,just,got,outta,class
normal,2016,nowadays,people,are,notixiquating,the,laxinorficated,opportunity,for,bambling,of,entropication,have,you,ever,oblisingately,opted,ur,books,for,the,masteriastering,amplikater,of,fidalfication,it,is,very,champlaxigating,i,think,it,is,atrocious,wotz,ur,opinion,junna
normal,2025,i,dont,have,any,of,your,file,in,my,bagi,was,in,work,when,you,called,mei,ll,tell,you,if,i,find,anything,in,my,room
normal,2024,no,need,lar,jus,testing,e,phone,card,dunno,network,not,gd,i,thk,me,waiting,4,my,sis,2,finish,bathing,so,i,can,bathe,dun,disturb,u,liao,u,cleaning,ur,room
normal,2021,ok,ill,do,you,right,later
normal,2020,friendship,poem,dear,o,dear,u,r,not,near,but,i,can,hear,dont,get,fear,live,with,cheer,no,more,tear,u,r,always,my,dear,gud,ni8
normal,2016,have,your,lunch,and,come,quickly,and,open,the,door
normal,2020,i,am,back,bit,long,cos,of,accident,on,a30,had,to,divert,via,wadebridgei,had,a,brilliant,weekend,thanks,speak,soon,lots,of,love
normal,2011,k,i,yan,jiu,liao,sat,we,can,go,4,bugis,vill,one,frm,10,to,3,den,hop,to,parco,4,nb,sun,can,go,cine,frm,1030,to,2,den,hop,to,orc,mrt,4,hip,hop,at,4
normal,2017,i,am,seeking,a,lady,in,the,street,and,a,freak,in,the,sheets,is,that,you
normal,2018,my,phone
normal,2014,haha,figures,well,i,found,the,piece,and,priscilla's,bowl
normal,2022,actually,fuck,that,just,do,whatever,do,find,an,excuse,to,be,in,tampa,at,some,point,before,january,though
normal,2018,yay,finally,lol,i,missed,our,cinema,trip,last,week
normal,2021,all,day,working,dayexcept,saturday,and,sunday
normal,2025,aathiwhere,are,you,dear
normal,2011,heart,is,empty,without,love,mind,is,empty,without,wisdom,eyes,r,empty,without,dreams,amp,life,is,empty,without,frnds,so,alwys,be,in,touch,good,night,amp,sweet,dreams
normal,2024,i,think,im,waiting,for,the,same,bus,inform,me,when,you,get,there,if,you,ever,get,there
normal,2021,you,getting,back,any,time,soon
normal,2017,how's,things,just,a,quick,question
normal,2018,night,has,ended,for,another,day,morning,has,come,in,a,special,way,may,you,smile,like,the,sunny,rays,and,leaves,your,worries,at,the,blue,blue,bay,gud,mrng
normal,2018,i,can,probably,come,by,everybody's,done,around,ltgt,right
normal,2018,i,got,it,before,the,new,year,cos,yetunde,said,she,wanted,to,surprise,you,with,it,but,when,i,didnt,see,money,i,returned,it,mid,january,before,the,ltgt,day,return,period,ended
normal,2020,i,can,ask,around,but,there's,not,a,lot,in,terms,of,mids,up,here
normal,2023,be,sure,to,check,your,yahoo,email,we,sent,photos,yesterday
normal,2021,what,was,she,looking,for
normal,2022,wherre's,my,boytoy
normal,2015,hello,my,love,how,goes,that,day,i,wish,your,well,and,fine,babe,and,hope,that,you,find,some,job,prospects,i,miss,you,boytoy,a,teasing,kiss
normal,2011,tell,my,bad,character,which,u,dnt,lik,in,me,i'll,try,to,change,in,ltgt,i,ll,add,tat,2,my,new,year,resolution,waiting,for,ur,replybe,frankgood,morning
normal,2011,noi,got,rumour,that,you,going,to,buy,apartment,in,chennai
normal,2014,yeah,probably,earlier,than,that
normal,2018,change,windows,logoff,sound
normal,2020,still,i,have,not,checked,it,da
normal,2024,i'm,also,came,to,room
normal,2016,huh,but,i,got,lesson,at,4,lei,n,i,was,thinkin,of,going,to,sch,earlier,n,i,tot,of,parkin,at,kent,vale
normal,2012,ok
normal,2018,i,will,reach,office,around,ltdecimalgt,amp,my,mobile,have,problem,you,cann't,get,my,voice,so,call,you,asa,i'll,free
normal,2025,cool,text,me,when,you,head,out
normal,2016,happy,birthday,may,u,find,ur,prince,charming,soon,n,dun,work,too,hard
normal,2019,oh,the,grand,is,having,a,bit,of,a,party,but,it,doesn't,mention,any,cover,charge,so,it's,probably,first,come,first,served
normal,2019,you,said,to,me,before,i,went,back,to,bed,that,you,can't,sleep,for,anything
normal,2019,i,hope,you,arnt,pissed,off,but,id,would,really,like,to,see,you,tomorrow,love,me,xxxxxxxxxxxxxx
normal,2022,says,the,ltgt,year,old,with,a,man,and,money,i'm,down,to,my,last,ltgt,still,waiting,for,that,check
normal,2021,i,will,come,to,ur,home,now
normal,2016,free,any,day,but,i,finish,at,6,on,mon,n,thurs
normal,2014,will,you,be,here,for,food
normal,2021,life,alle,moneeppolum,oru,pole,allalo
normal,2012,nite
normal,2021,two,fundamentals,of,cool,life,walk,like,you,are,the,king,or,walk,like,you,dont,carewhoever,is,the,king,gud,nyt
normal,2016,camera,quite,good,101mega,pixels,3optical,and,5digital,dooms,have,a,lovely,holiday,be,safe,and,i,hope,you,hav,a,good,journey,happy,new,year,to,you,both,see,you,in,a,couple,of,weeks
normal,2022,hi,peteynoim,ok,just,wanted,2,chat,coz,avent,spoken,2,u,4,a,long,timehope,ur,doin,alritehave,good,nit,at,js,love,ya,amx
normal,2017,i,just,saw,ron,burgundy,captaining,a,party,boat,so,yeah
normal,2017,i'm,serious,you,are,in,the,money,base
normal,2025,already,one,guy,loving,you
normal,2017,staff,of,placement,training,in,amrita,college
normal,2018,i,always,chat,with,you,in,fact,i,need,money,can,you,raise,me
normal,2017,i'm,job,profile,seems,like,bpo
normal,2017,well,i,was,about,to,give,up,cos,they,all,said,no,they,didnt,do,one,nighters,i,persevered,and,found,one,but,it,is,very,cheap,so,i,apologise,in,advance,it,is,just,somewhere,to,sleep,isnt,it
normal,2020,so,you,think,i,should,actually,talk,to,him,not,call,his,boss,in,the,morning,i,went,to,this,place,last,year,and,he,told,me,where,i,could,go,and,get,my,car,fixed,cheaper,he,kept,telling,me,today,how,much,he,hoped,i,would,come,back,in,how,he,always,regretted,not,getting,my,number,etc
normal,2025,are,you,willing,to,go,for,apps,class
normal,2018,hanging,out,with,my,brother,and,his,family
normal,2025,no,it,will,reach,by,9,only,she,telling,she,will,be,there,i,dont,know
normal,2021,hey,are,you,going,to,quit,soon,xuhui,and,i,working,till,end,of,the,month
normal,2016,im,sorry,bout,last,nite,it,wasnt,ur,fault,it,was,me,spouse,it,was,pmt,or,sumthin,u,4give,me,i,think,u,shldxxxx
normal,2011,try,neva,mate
normal,2019,yeah,that'd,pretty,much,be,the,best,case,scenario
normal,2016,i,not,free,today,i,haf,2,pick,my,parents,up,tonite
normal,2025,hey,babe,far,2,spunout,2,spk,at,da,mo,dead,2,da,wrld,been,sleeping,on,da,sofa,all,day,had,a,cool,nytho,tx,4,fonin,hon,call,2mwen,im,bk,frmcloud,9,j,x
normal,2012,should,i,send,you,naughty,pix
normal,2014,tyler,getting,an,8th,has,to,leave,not,long,after,9,can,you,get,here,in,like,an,hour
normal,2011,prepare,to,be,pounded,every,night
normal,2012,actually,my,mobile,is,full,of,msg,and,i,m,doing,a,work,online,where,i,need,to,send,them,ltgt,sent,msg,i,wil,explain,u,later
normal,2011,sorry,i'll,call,later
normal,2022,good,evening,how,are,you
normal,2025,i'm,at,home,please,call
normal,2025,oic,cos,me,n,my,sis,got,no,lunch,today,my,dad,went,out,so,dunno,whether,2,eat,in,sch,or,wat
normal,2024,mmmmm,it,was,sooooo,good,to,wake,to,your,words,this,morning,my,love,mmmm,fuck,i,love,you,too,my,lion,devouring,kiss,from,across,the,sea
normal,2014,we,are,pleased,to,inform,that,your,application,for,airtel,broadband,is,processed,successfully,your,installation,will,happen,within,3,days
normal,2019,what,happen,dear,why,you,silent,i,am,tensed
normal,2015,i'll,get,there,at,3,unless,you,guys,want,me,to,come,some,time,sooner
normal,2022,if,you,are,not,coughing,then,its,nothing
normal,2024,ü,come,lt,25,n,pass,to,me,lar
normal,2025,i'm,e,person,who's,doing,e,sms,survey
normal,2020,lol,ok,ill,try,to,send,be,warned,sprint,is,dead,slow,you'll,prolly,get,it,tomorrow
normal,2022,thank,you,meet,you,monday
normal,2014,so,is,th,gower,mate,which,is,where,i,am,how,r,u,man,all,is,good,in,wales,ill,b,back,morrow,c,u,this,wk,who,was,the,msg,4,random
normal,2021,single,line,with,a,big,meaning,miss,anything,4,ur,best,life,but,don't,miss,ur,best,life,for,anything,gud,nyt
normal,2019,i,got,like,ltgt,i,can,get,some,more,later,though,get,whatever,you,feel,like
normal,2024,dad,wanted,to,talk,about,the,apartment,so,i,got,a,late,start,omw,now
normal,2017,i,love,you,both,too
normal,2023,lol,u,still,feeling,sick
normal,2021,din,i,tell,u,jus,now,420
normal,2024,am,up,to,my,eyes,in,philosophy
normal,2018,ok,lor,i'm,in,town,now,lei
normal,2022,i,had,it,alreadysabarish,asked,me,to,go
normal,2024,no,da,vijay,going,to,talk,in,jaya,tv
normal,2023,lol,i,know,hey,someone,did,a,great,inpersonation,of,flea,on,the,forums,i,love,it
normal,2021,still,chance,there,if,you,search,hard,you,will,get,itlet,have,a,try
normal,2023,do,you,always,celebrate,ny's,with,your,family
normal,2025,we,know,taj,mahal,as,symbol,of,love,but,the,other,lesser,known,facts,1,mumtaz,was,shahjahan's,4th,wife,out,of,his,7,wifes,2,shahjahan,killed,mumtaz's,husband,to,marry,her,3,mumtaz,died,in,her,ltgt,th,delivery,4,he,then,married,mumtaz's,sister,question,arises,where,the,hell,is,the,love,the,great,hari
normal,2024,its,okcome,to,my,home,it,vl,nice,to,meet,and,v,can,chat
normal,2015,sent,me,de,webadres,for,geting,salary,slip
normal,2015,she's,fine,sends,her,greetings
normal,2013,but,you,dint,in,touch,with,me
normal,2023,yup,leaving,right,now,be,back,soon
normal,2023,yeah,sure,i'll,leave,in,a,min
normal,2017,and,do,you,have,any,one,that,can,teach,me,how,to,ship,cars
normal,2023,the,sign,of,maturity,is,not,when,we,start,saying,big,things,but,actually,it,is,when,we,start,understanding,small,things,have,a,nice,evening,bslvyl
normal,2014,yeah,confirmed,for,you,staying,at,that,weekend
normal,2014,they,said,ü,dun,haf,passport,or,smth,like,dat,or,ü,juz,send,to,my,email,account
normal,2011,multiply,the,numbers,independently,and,count,decimal,points,then,for,the,division,push,the,decimal,places,like,i,showed,you
normal,2023,have,a,lovely,night,and,when,you,wake,up,to,see,this,message,i,hope,you,smile,knowing,all,is,as,should,be,have,a,great,morning
normal,2013,ard,4,lor
normal,2024,you,are,right,meanwhile,how's,project,twins,comin,up
normal,2023,i,sent,your,maga,that,money,yesterday,oh
normal,2024,heart,is,empty,without,love,mind,is,empty,without,wisdom,eyes,r,empty,without,dreams,amp,life,is,empty,without,frnds,so,alwys,be,in,touch,good,night,amp,sweet,dreams
normal,2016,our,ride,equally,uneventful,not,too,many,of,those,pesky,cyclists,around,at,that,time,of,night
normal,2016,if,you,wereare,free,i,can,give,otherwise,nalla,adi,entey,nattil,kittum
normal,2023,i've,sent,my,wife,your,text,after,we,buy,them,she'll,tell,you,what,to,do,so,just,relax,we,should,go,get,them,this,wkend
normal,2023,i,am,in,escape,theatre,now,going,to,watch,kavalan,in,a,few,minutes
normal,2013,how,much,would,it,cost,to,hire,a,hitman
normal,2022,i,anything,lor
normal,2023,sorry,i'll,call,later
normal,2011,huh,but,i,cant,go,2,ur,house,empty,handed,right
normal,2024,good,morning,princess,happy,new,year
normal,2021,aight,we'll,head,out,in,a,few
normal,2023,then,wat,r,u,doing,now,busy,wif,work
normal,2018,i,know,you,mood,off,today
normal,2024,jay,told,me,already,will,do
normal,2016,cps,is,causing,the,outages,to,conserve,energy
normal,2025,i'm,not,sure,i,was,just,checking,out,what,was,happening,around,the,area
normal,2023,hey,morning,what,you,come,to,ask,pa
normal,2022,jordan,got,voted,out,last,nite
normal,2025,that,means,you,got,an,a,in,epi,shes,fine,shes,here,now
normal,2019,i,have,no,idea,where,you,are
normal,2013,pls,come,quick,cant,bare,this
normal,2016,joy's,father,is,john,then,john,is,the,of,joy's,father,if,u,ans,ths,you,hav,ltgt,iq,tis,s,ias,question,try,to,answer
normal,2022,call,me,i,m,unable,to,cal,lets,meet,bhaskar,and,deep
normal,2025,no,ill,meet,you,in,the,library
normal,2024,k,my,roommate,also,wants,a,dubsack,and,another,friend,may,also,want,some,so,plan,on,bringing,extra,i'll,tell,you,when,they,know,for,sure
normal,2022,depends,on,individual,lor,e,hair,dresser,say,pretty,but,my,parents,say,look,gong,u,kaypoh,i,also,dunno,wat,she,collecting
normal,2016,ok,c,ü,then
normal,2015,i,enjoy,watching,and,playing,football,and,basketball,anything,outdoors,and,you
normal,2018,can,you,please,ask,macho,what,his,price,range,is,does,he,want,something,new,or,used,plus,it,he,only,interfued,in,the,blackberry,bold,ltgt,or,any,bb
normal,2021,sorry,sent,blank,msg,again,yup,but,trying,2,do,some,serious,studying,now
normal,2024,hey,check,it,da,i,have,listed,da
normal,2020,i,meant,as,an,apology,from,me,for,texting,you,to,get,me,drugs,at,ltgt,at,night
normal,2025,that,means,from,february,to,april,i'll,be,getting,a,place,to,stay,down,there,so,i,don't,have,to,hustle,back,and,forth,during,audition,season,as,i,have,since,my,sister,moved,away,from,harlem
normal,2012,goin,to,workout,lor,muz,lose,e,fats
normal,2011,damn,poor,zac,doesn't,stand,a,chance
normal,2018,no,messageno,responcewhat,happend
normal,2019,i,want,to,tel,u,one,thing,u,should,not,mistake,me,k,this,is,the,message,that,you,sent
normal,2019,yeah,right,i'll,bring,my,tape,measure,fri
normal,2019,still,chance,there,if,you,search,hard,you,will,get,itlet,have,a,try
normal,2023,meeting,u,is,my,work,tel,me,when,shall,i,do,my,work,tomorrow
normal,2023,should,i,head,straight,there,or,what
normal,2019,thank,you,princess,you,are,so,sexy
normal,2025,oooh,i,got,plenty,of,those
normal,2023,hui,xin,is,in,da,lib
normal,2014,its,a,big,difference,ltgt,versus,ltgt,every,ltgt,hrs
normal,2018,it's,not,that,you,make,me,cry,it's,just,that,when,all,our,stuff,happens,on,top,of,everything,else,it,pushes,me,over,the,edge,you,don't,underdtand,how,often,i,cry,over,my,sorry,sorry,life
normal,2024,me,2,babe,i,feel,the,same,lets,just,4get,about,itboth,try,cheer,upnot,fit,soo,muchxxlove,u,locaxx
normal,2023,you,know,what,hook,up,means,right
normal,2021,wat's,da,model,num,of,ur,phone
normal,2021,he's,really,into,skateboarding,now,despite,the,fact,that,he,gets,thrown,off,of,it,and,winds,up,with,bandages,and,shit,all,over,his,arms,every,five,minutes
normal,2020,my,house,here,e,sky,quite,dark,liao,if,raining,then,got,excuse,not,2,run,already,rite,hee
normal,2025,sorry,left,phone,upstairs,ok,might,be,hectic,but,would,be,all,my,birds,with,one,fell,swoop,it's,a,date
normal,2020,thought,i,didn't,see,you
normal,2022,carlos,says,we,can,pick,up,from,him,later,so,yeah,we're,set
normal,2015,hey,babe,my,friend,had,to,cancel,still,up,for,a,visit
normal,2011,as,per,your,request,maangalyam,alaipayuthe,has,been,set,as,your,callertune,for,all,callers,press,9,to,copy,your,friends,callertune
normal,2021,hmm,ill,have,to,think,about,it,ok,you're,forgiven,d
normal,2020,we,are,hoping,to,get,away,by,7,from,langport,you,still,up,for,town,tonight
normal,2022,want,to,send,me,a,virtual,hug,i,need,one
normal,2012,probably,not,still,going,over,some,stuff,here
normal,2023,it,has,issues,right,now,ill,fix,for,her,by,tomorrow
normal,2016,why,i,come,in,between,you,people
normal,2021,senthil,group,company,apnt,5pm
normal,2016,oh,really,did,you,make,it,on,air,what's,your,talent
normal,2020,studying,but,ill,be,free,next,weekend
normal,2011,r,u,here,yet,i'm,wearing,blue,shirt,n,black,pants
normal,2019,waiti,will,come,out,ltgt,min
normal,2013,i,will,reach,ur,home,in,ltgt,minutes
normal,2023,well,then,you,have,a,great,weekend
normal,2019,what,are,you,doing,in,langport,sorry,but,i'll,probably,be,in,bed,by,9pm,it,sucks,being,ill,at,xmas,when,do,you,and,go2sri,lanka
normal,2012,frnd,s,not,juz,a,wordnot,merely,a,relationshipits,a,silent,promise,which,says,i,will,be,with,you,wherevr,whenevr,forevr,gudnyt,dear
normal,2018,huh,6,also,cannot,then,only,how,many,mistakes
normal,2016,ha,u,jus,ate,honey,ar,so,sweet
normal,2019,i'm,turning,off,my,phone,my,moms,telling,everyone,i,have,cancer,and,my,sister,won't,stop,calling,it,hurts,to,talk,can't,put,up,with,it,see,u,when,u,get,home,love,u
normal,2021,honey,sweetheart,darling,sexy,buns,sugar,plum,loverboy,i,miss,you,boytoy,smacks,your,ass,did,you,go,to,the,gym,too
normal,2025,thanks,for,loving,me,so,you,rock
normal,2021,yeah,imma,come,over,cause,jay,wants,to,do,some,drugs
normal,2025,ok,thanx,take,care,then
normal,2017,yup,thk,of,u,oso,boring,wat
normal,2021,came,to,look,at,the,flat,seems,ok,in,his,50s,is,away,alot,wiv,work,got,woman,coming,at,630,too
normal,2016,moji,just,informed,me,that,you,saved,our,lives,thanks
normal,2022,whos,this,am,in,class
normal,2021,hey,r,ü,still,online,i've,finished,the,formatting
normal,2019,great,so,what,attracts,you,to,the,brothas
normal,2021,stupidits,not,possible
normal,2024,i,cant,pick,the,phone,right,now,pls,send,a,message
normal,2023,lol,what,happens,in,vegas,stays,in,vegas
normal,2013,hello,hello,hi,lou,sorry,it,took,so,long,2,reply,i,left,mobile,at,friends,in,lancaster,just,got,it,bak,neway,im,sorry,i,couldnt,make,ur,bday,2,hun
normal,2014,when,did,i,use,soc,i,use,it,only,at,home,ü,dunno,how,2,type,it,in,word,ar
normal,2023,dad,says,hurry,the,hell,up
normal,2023,wake,me,up,at,ltgt,am,morning
normal,2023,i,get,out,of,class,in,bsn,in,like,ltgt,minutes,you,know,where,advising,is
normal,2024,great,i,shoot,big,loads,so,get,ready
normal,2025,i'll,meet,you,in,the,lobby
normal,2016,you,still,coming,tonight
normal,2019,what,happen,dear,tell,me
normal,2022,sir,i,am,waiting,for,your,call,once,free,please,call,me
normal,2011,no,i,am,not,having,not,any,movies,in,my,laptop
normal,2019,i,was,about,to,do,it,when,i,texted,i,finished,a,long,time,ago,and,showered,and,er'ything
normal,2021,ok,im,not,sure,what,time,i,finish,tomorrow,but,i,wanna,spend,the,evening,with,you,cos,that,would,be,vewy,vewy,lubly,love,me,xxx
normal,2021,hello,as,per,request,from,ltgt,rs5,has,been,transfered,to,you
normal,2017,i,am,in,tirupur,call,you,da
normal,2024,sbut,he,had,some,luck2,catches,put,down
normal,2011,how,i,noe,did,ü,specify,da,domain,as,nusstu,ü,still,in,sch
normal,2023,ohi,asked,for,fun,hahatake,care,ü
normal,2022,shall,i,get,my,pouch
normal,2014,hey,loverboy,i,love,you,i,had,to,tell,i,look,at,your,picture,and,ache,to,feel,you,between,my,legs,fuck,i,want,you,i,need,you,i,crave,you
normal,2024,how,is,my,boy,no,sweet,words,left,for,me,this,morning,sighs,how,goes,you,day,my,love,did,you,start,your,studying
normal,2019,kent,vale,lor,ü,wait,4,me,there,ar
normal,2024,ok,very,good,its,all,about,making,that,money
normal,2021,reading,gud,habit,nan,bari,hudgi,yorge,pataistha,ertini,kano
normal,2025,aight,do,you,still,want,to,get,money
normal,2022,okok,okthenwhats,ur,todays,plan
normal,2012,are,you,in,town,this,is,v,important
normal,2016,sorry,pa,i,dont,knw,who,ru,pa
normal,2024,wat,u,doing,there
normal,2018,if,i,not,meeting,ü,all,rite,then,i'll,go,home,lor,if,ü,dun,feel,like,comin,it's,ok
normal,2017,oh,i,will,get,paid,the,most,outstanding,one,is,for,a,commercial,i,did,for,hasbroin,august,they,made,us,jump,through,so,many,hoops,to,get,paid,still,not
normal,2020,i,am,lateso,call,you,tomorrow,morningtake,care,sweet,dreamsu,and,meummifyingbye
normal,2016,networking,technical,support,associate
normal,2023,i'm,gonna,rip,out,my,uterus
normal,2016,cool,do,you,like,swimming,i,have,a,pool,and,jacuzzi,at,my,house
normal,2025,yeah,why,not,is,the,gang,all,ready
normal,2023,blank,is,blank,but,wat,is,blank,lol
normal,2022,i'm,in,a,movie,collect,car,oredi
normal,2015,we,left,already,we,at,orchard,now
normal,2021,nothing,splwat,abt,u,and,whr,ru
normal,2011,no,chikku,nt,yet,ya,i'm,free
normal,2019,aldrine,rakhesh,ex,rtm,herepls,callurgent
normal,2021,the,search,4,happiness,is,1,of,d,main,sources,of,unhappiness,accept,life,the,way,it,comes,u,will,find,happiness,in,every,moment,u,live
normal,2019,i'm,at,home,please,call
normal,2020,i,guess,you,could,be,as,good,an,excuse,as,any,lol
normal,2021,isn't,frnd,a,necesity,in,life,imagine,urself,witout,a,frnd,hw'd,u,feel,at,ur,colleg,wat'll,u,do,wth,ur,cell,wat,abt,functions,thnk,abt,events,espe'll,cared,missed,amp,irritated,u,4wrd,it,to,all,those,dearloving,frnds,wthout,whom,u,cant,live,i,jst,did,it,takecare,goodmorning
normal,2024,gud,mrng,dear,hav,a,nice,day
normal,2013,old,orchard,near,univ,how,about,you
normal,2016,4,tacos,1,rajas,burrito,right
normal,2017,its,6,to,get,in,is,that,ok
normal,2016,hows,the,street,where,the,end,of,library,walk,is
normal,2022,plz,note,if,anyone,calling,from,a,mobile,co,amp,asks,u,to,type,ltgt,or,ltgt,do,not,do,so,disconnect,the,callcoz,it,iz,an,attempt,of,terrorist,to,make,use,of,the,sim,card,no,itz,confirmd,by,nokia,n,motorola,n,has,been,verified,by,cnn,ibn
normal,2024,we,stopped,to,get,ice,cream,and,will,go,back,after
normal,2023,did,you,stitch,his,trouser
normal,2025,no,da,vijay,going,to,talk,in,jaya,tv
normal,2018,hey,i'm,bored,so,i'm,thinking,of,u,so,wat,r,u,doing
normal,2018,nah,wednesday,when,should,i,bring,the,mini,cheetos,bag,over
normal,2016,nobody,names,their,penis,a,girls,name,this,story,doesn't,add,up,at,all
normal,2017,aight,let,me,know,when,you're,gonna,be,around,usf
normal,2022,i'm,not,she,lip,synced,with,shangela
normal,2015,ü,neva,tell,me,how,i,noe,i'm,not,at,home,in,da,aft,wat
normal,2021,a,bit,of,ur,smile,is,my,hppnss,a,drop,of,ur,tear,is,my,sorrow,a,part,of,ur,heart,is,my,life,a,heart,like,mine,wil,care,for,u,forevr,as,my,goodfriend
normal,2022,buzz,hey,my,love,i,think,of,you,and,hope,your,day,goes,well,did,you,sleep,in,i,miss,you,babe,i,long,for,the,moment,we,are,together,againloving,smile
normal,2018,haha,sounds,crazy,dunno,can,tahan,anot
normal,2022,why,are,u,up,so,early
normal,2023,ya,that,one,is,slow,as,poo
normal,2023,im,on,gloucesterroad,what,are,uup,to,later
normal,2016,yeshere,tv,is,always,available,in,work,place
normal,2012,lol,no,ouch,but,wish,i'd,stayed,out,a,bit,longer
normal,2017,god,asked,what,is,forgiveness,a,little,child,gave,lovely,reply,it,is,d,wonderful,fruit,that,a,tree,gives,when,it,is,being,hurt,by,a,stone,good,night
normal,2025,we'll,join,the,ltgt,bus
normal,2020,was,just,about,to,ask,will,keep,this,one,maybe,that's,why,you,didn't,get,all,the,messages,we,sent,you,on,glo
normal,2018,ki,will,send,in,ltgt,min
normal,2022,would,me,smoking,you,out,help,us,work,through,this,difficult,time
normal,2022,yesmum,lookin,strong
normal,2014,sir,goodmorning,once,free,call,me
normal,2011,where,are,you,call,me
normal,2015,was,gr8,to,see,that,message,so,when,r,u,leaving,congrats,dear,what,school,and,wat,r,ur,plans
normal,2022,love,it,the,girls,at,the,office,may,wonder,why,you,are,smiling,but,sore
normal,2016,hi,wlcome,back,did,wonder,if,you,got,eaten,by,a,lion,or,something,nothing,much
normal,2021,does,uncle,timi,help,in,clearing,cars
normal,2025,i,came,hostel,i,m,going,to,sleep,plz,call,me,up,before,class,hrishi
normal,2020,ok,but,bag,again
normal,2022,hi,you,just,spoke,to,maneesha,v,we'd,like,to,know,if,you,were,satisfied,with,the,experience,reply,toll,free,with,yes,or,no
normal,2018,ok,lor,msg,me,b4,u,call
normal,2023,once,a,fishrman,woke,early,in,d,mrng,it,was,very,dark,he,waited,a,while,amp,found,a,sack,ful,of,stones,he,strtd,throwin,thm,in2,d,sea,2,pass,time,atlast,he,had,jus,1stone,sun,rose,up,amp,he,found,out,tht,those,r,nt,stones,those,were,diamonds,moraldont,wake,up,early,in,d,mrng,good,night
normal,2021,then,ur,physics,get,a
normal,2014,dear,friends,sorry,for,the,late,information,today,is,the,birthday,of,our,loving,arpraveesh,for,more,details,log,on,to,face,book,and,see,its,his,number,ltgt,dont,miss,a,delicious,treat
normal,2022,how,r,ü,going,to,send,it,to,me
normal,2025,can,you,do,online,transaction
normal,2020,dear,got,train,and,seat,mine,lower,seat
normal,2025,let,me,know,if,you,need,anything,else,salad,or,desert,or,something,how,many,beers,shall,i,get
normal,2012,wat,r,u,doing
normal,2022,whore,you,are,unbelievable
normal,2012,are,you,sure,you,don't,mean,get,here,we,made,you,hold,all,the,weed
normal,2025,i,love,you,you,know,can,you,feel,it,does,it,make,your,belly,warm,i,wish,it,does,my,love,i,shall,meet,you,in,your,dreams,ahmad,adoring,kiss
normal,2012,love,it,i,want,to,flood,that,pretty,pussy,with,cum
normal,2013,hey,are,you,angry,with,me,reply,me,dr
normal,2019,short,but,cute,be,a,good,person,but,dont,try,to,prove,it,gud,noon
normal,2018,also,remember,the,beads,don't,come,off,ever
normal,2012,they,have,a,thread,on,the,wishlist,section,of,the,forums,where,ppl,post,nitro,requests,start,from,the,last,page,and,collect,from,the,bottom,up
normal,2013,for,the,first,time,in,the,history,need,comfort,and,luxury,are,sold,at,same,price,in,india,onionrs,ltgt,petrolrs,ltgt,beerrs,ltgt,shesil,ltgt
normal,2019,feb,ltgt,is,i,love,u,day,send,dis,to,all,ur,valued,frnds,evn,me,if,3,comes,back,u'll,gt,married,d,person,u,luv,if,u,ignore,dis,u,will,lose,ur,luv,4,evr
normal,2021,actually,nvm,got,hella,cash,we,still,on,for,ltgt,ish
normal,2012,it's,ok,at,least,armand's,still,around
normal,2023,no,da,i,am,happy,that,we,sit,together,na
normal,2023,yup,song,bro,no,creative,neva,test,quality,he,said,check,review,online
normal,2022,no,dude,its,not,fakemy,frnds,got,money,thts,y,i'm,reffering,uif,u,member,wit,my,mail,link,u,vl,be,credited,ltgt,rs,and,il,be,getiing,ltgt,rsi,can,draw,my,acc,wen,it,is,ltgt,rs
normal,2011,dude,while,were,makin,those,weirdy,brownies,my,sister,made,awesome,cookies,i,took,pics
normal,2023,pls,dont,restrict,her,from,eating,anythin,she,likes,for,the,next,two,days
normal,2020,mm,you,ask,him,to,come,its,enough
normal,2024,at,the,funeral,home,with,audrey,and,dad
normal,2020,aight,can,you,text,me,the,address
normal,2014,excellent,wish,we,were,together,right,now
normal,2018,yep,then,is,fine,730,or,830,for,ice,age
normal,2017,pls,i,wont,belive,godnot,only,jesus
normal,2015,can,dunno,wat,to,get,4,her
normal,2024,not,yet,chikkuk,then,wat,abt,tht,guy,did,he,stopped,irritating,or,msging,to,u
normal,2024,how,long,does,it,take,to,get,it
normal,2022,this,is,my,number,by,vivek
normal,2019,sorry,brah,just,finished,the,last,of,my,exams,what,up
normal,2014,i,got,arrested,for,possession,at,i,shit,you,not,lttimegt,pm
normal,2015,you,are,right,though,i,can't,give,you,the,space,you,want,and,need,this,is,really,starting,to,become,an,issue,i,was,going,to,suggest,setting,a,definite,move,outif,i'm,still,there,after,greece,but,maybe,you,are,ready,and,should,do,it,now
normal,2018,just,normal,only,here
normal,2024,please,protect,yourself,from,ethreats,sib,never,asks,for,sensitive,information,like,passwordsatmsms,pin,thru,email,never,share,your,password,with,anybody
normal,2017,i,miss,you,so,much,i'm,so,desparate,i,have,recorded,the,message,you,left,for,me,the,other,day,and,listen,to,it,just,to,hear,the,sound,of,your,voice,i,love,you
normal,2011,hi,i'm,always,online,on,yahoo,and,would,like,to,chat,with,you,someday
normal,2014,goodmorningmy,grandfather,expiredso,am,on,leave,today
normal,2021,where,are,you,what,are,you,doing,are,yuou,working,on,getting,the,pc,to,your,mom's,did,you,find,a,spot,that,it,would,work,i,need,you
normal,2025,sure,i'll,see,if,i,can,come,by,in,a,bit
normal,2019,i,agree,so,i,can,stop,thinkin,about,ipad,can,you,please,ask,macho,the,same,question
normal,2016,let's,pool,our,money,together,and,buy,a,bunch,of,lotto,tickets,if,we,win,i,get,ltgt,u,get,ltgt,deal
normal,2022,ok
normal,2018,i,had,askd,u,a,question,some,hours,before,its,answer
normal,2020,watching,tv,lor,nice,one,then,i,like,lor
normal,2023,i'm,thinking,that,chennai,forgot,to,come,for,auction
normal,2021,then,ü,come,n,pick,me,at,530,ar
normal,2025,early,bird,any,purchases,yet
normal,2018,went,to,pay,rent,so,i,had,to,go,to,the,bank,to,authorise,the,payment
normal,2022,erm,ill,pick,you,up,at,about,645pm,that'll,give,enough,time,to,get,there,park,and,that
normal,2019,hey,mate,hows,u,honeydid,u,ave,good,holiday,gimmi,de,gossx
normal,2020,howz,painit,will,come,down,todaydo,as,i,said,ystrdayice,and,medicine
normal,2015,chile,please,it's,only,a,ltdecimalgt,hour,drive,for,me,i,come,down,all,the,time,and,will,be,subletting,febapril,for,audition,season
normal,2025,yes,ammaelife,takes,lot,of,turns,you,can,only,sit,and,try,to,hold,the,steering
normal,2024,yeah,that's,what,i,thought,lemme,know,if,anything's,goin,on,later
normal,2012,mmmm,i,cant,wait,to,lick,it
normal,2019,pls,go,there,today,ltgt,i,dont,want,any,excuses
normal,2024,can,you,plz,tell,me,the,ans,bslvyl,sent,via,fullonsmscom
normal,2020,u,in,town,alone
normal,2014,i,to,am,looking,forward,to,all,the,sex,cuddling,only,two,more,sleeps
normal,2018,we,have,all,rounderso,not,required
normal,2019,no,its,truekdo,u,knw,dis,no,ltgt
normal,2022,dont,worry,1,day,very,big,lambu,ji,vl,cometil,then,enjoy,batchlor,party
normal,2013,oh,ya,got,hip,hop,open,haha,i,was,thinking,can,go,for,jazz,then,zoom,to,cine,actually,tonight,i'm,free,leh,and,there's,a,kb,lesson,tonight
normal,2016,i'm,ok,will,do,my,part,tomorrow
normal,2015,no,but,we,found,a,diff,farm,shop,to,buy,some,cheese,on,way,back,now,can,i,call,in
normal,2012,r,u,still,working,now
normal,2025,yep,i,do,like,the,pink,furniture,tho
normal,2022,customer,place,i,wil,cal,u,sir
normal,2022,a,pure,hearted,person,can,have,a,wonderful,smile,that,makes,even,hisher,enemies,to,feel,guilty,for,being,an,enemy,so,catch,the,world,with,your,smile,goodmorning,amp,have,a,smiley,sunday
normal,2014,thats,alrite,girl,u,know,gail,is,neva,wrongtake,care,sweet,and,dont,worryc,u,l8tr,hunlove,yaxxx
normal,2021,theoretically,yeah,he,could,be,able,to,come
normal,2020,alright,we're,hooked,up,where,you,guys,at
normal,2020,not,that,i,know,of,most,people,up,here,are,still,out,of,town
normal,2019,no,let,me,do,the,math,your,not,good,at,it
normal,2015,oh,ok,wait,4,me,there,my,lect,havent,finish
normal,2014,yeah,my,usual,guy's,out,of,town,but,there're,definitely,people,around,i,know
normal,2020,i,am,joining,today,formallypls,keep,prayingwill,talk,later
normal,2016,happy,or,sad,one,thing,about,past,is,its,no,more,good,morning
normal,2022,no,did,you,multimedia,message,them,or,email
normal,2017,okie,but,i,scared,u,say,i,fat,then,u,dun,wan,me,already
normal,2015,did,u,get,that,message
normal,2019,sorry,sir,i,will,call,you,tomorrow,senthilhsbc
normal,2022,what,you,need,you,have,a,person,to,give,na
normal,2018,she,left,it,very,vague,she,just,said,she,would,inform,the,person,in,accounting,about,the,delayed,rent,and,that,i,should,discuss,with,the,housing,agency,about,my,renting,another,place,but,checking,online,now,and,all,places,around,usc,are,ltgt,and,up
normal,2023,hi,juan,im,coming,home,on,fri,hey,of,course,i,expect,a,welcome,party,and,lots,of,presents,ill,phone,u,when,i,get,back,loads,of,love,nicky,x,x,x,x,x,x,x,x,x
normal,2018,can,you,plz,tell,me,the,ans,bslvyl,sent,via,fullonsmscom
normal,2013,short,but,cute,be,a,good,person,but,dont,try,to,prove,it,gud,noon
normal,2012,gumby's,has,a,special,where,a,ltgt,cheese,pizza,is,2,so,i,know,what,we're,doin,tonight
normal,2015,like,a,personal,sized,or,what
normal,2017,same,i'm,at,my,great,aunts,anniversary,party,in,tarpon,springs
normal,2025,cab,is,availablethey,pick,up,and,drop,at,door,steps
normal,2016,oktake,careumma,to,you,too
normal,2023,unlimited,texts,limited,minutes
normal,2018,no,problem,we,will,be,spending,a,lot,of,quality,time,together
normal,2023,have,you,heard,from,this,week
normal,2024,yes,last,practice
normal,2016,no,thank,you,you've,been,wonderful
normal,2022,otherwise,had,part,time,job,natuition
normal,2022,ü,mean,it's,confirmed,i,tot,they,juz,say,oni,ok,then
normal,2018,okie
normal,2016,that,depends,how,would,you,like,to,be,treated
normal,2021,right,on,brah,see,you,later
normal,2018,waiting,in,e,car,4,my,mum,lor,u,leh,reach,home,already
normal,2025,went,fast,asleep,deartake,care
normal,2020,no,that,just,means,you,have,a,fat,head
normal,2018,sounds,like,a,plan,cardiff,is,still,here,and,still,cold,i'm,sitting,on,the,radiator
normal,2018,serious,what,like,proper,tongued,her
normal,2016,shes,good,she,was,wondering,if,you,wont,say,hi,but,shes,smiling,now,so,how,are,you,coping,with,the,long,distance
normal,2022,how,i,noe,she's,in,da,car,now,later,then,c,lar,i'm,wearing,shorts
normal,2019,yeah,whatever,lol
normal,2024,today,is,accept,dayu,accept,me,as,brother,sister,lover,dear1,best1,clos1,lvblefrnd,jstfrnd,cutefrnd,lifpartnr,belovd,swtheart,bstfrnd,no,rply,means,enemy
normal,2018,ard,530,lor,i,ok,then,message,ü,lor
normal,2021,ok,c,u,then
normal,2021,eh,ur,laptop,got,no,stock,lei,he,say,mon,muz,come,again,to,take,a,look,c,got,a,not
normal,2011,no,need,to,ke,qi,ü,too,bored,izzit,y,suddenly,thk,of,this
normal,2020,i,wish,i,don't,think,its,gonna,snow,that,much,but,it,will,be,more,than,those,flurries,we,usually,get,that,melt,before,they,hit,the,ground,eek,we,haven't,had,snow,since,ltgt,before,i,was,even,born
normal,2012,do,1,thing,change,that,sentence,into,because,i,want,2,concentrate,in,my,educational,career,im,leaving,here
normal,2018,oh,really,perform,write,a,paper,go,to,a,movie,and,be,home,by,midnight,huh
normal,2020,okay,lor,will,they,still,let,us,go,a,not,ah,coz,they,will,not,know,until,later,we,drop,our,cards,into,the,box,right
normal,2024,how,izzit,still,raining
normal,2024,as,if,i,wasn't,having,enough,trouble,sleeping
normal,2018,i,havent,add,ü,yet,right
normal,2024,lol,i,really,need,to,remember,to,eat,when,i'm,drinking,but,i,do,appreciate,you,keeping,me,company,that,night,babe,smiles
normal,2016,babe,i,lost,you,will,you,try,rebooting
normal,2025,yes,nigh,you,cant,aha
normal,2016,i,thk,ü,gotta,go,home,by,urself,cos,i'll,b,going,out,shopping,4,my,frens,present
normal,2016,nooooooo,i'm,gonna,be,bored,to,death,all,day,cable,and,internet,outage
normal,2025,sos,any,amount,i,can,get,pls
normal,2022,playin,space,poker,u
normal,2024,how,come,guoyang,go,n,tell,her,then,u,told,her
normal,2013,you,need,to,get,up,now
normal,2013,they,r,giving,a,second,chance,to,rahul,dengra
normal,2012,yeah,in,fact,he,just,asked,if,we,needed,anything,like,an,hour,ago,when,and,how,much
normal,2019,when,the,first,strike,is,a,red,one,the,bird,antelope,begin,toplay,in,the,fieldof,selfindependence,believe,this,the,flower,of,contention,will,growrandom
normal,2019,y,ü,wan,to,go,there,c,doctor
normal,2017,does,daddy,have,a,bb,now
normal,2021,she's,borderline,but,yeah,whatever
normal,2018,i,got,a,call,from,a,landline,number,i,am,asked,to,come,to,anna,nagar,i,will,go,in,the,afternoon
normal,2018,until,545,lor,ya,can,go,4,dinner,together
normal,2025,i,will,be,gentle,princess,we,will,make,sweet,gentle,love
normal,2022,how,u,doin,baby,girl,hope,u,are,okay,every,time,i,call,ure,phone,is,off,i,miss,u,get,in,touch
normal,2017,sorry,went,to,bed,early,nightnight
normal,2013,i,like,to,think,there's,always,the,possibility,of,being,in,a,pub,later
normal,2022,hmm,yeah,if,your,not,too,grooved,out,and,im,looking,forward,to,my,pound,special
normal,2018,i,got,to,video,tape,pple,type,in,message,lor,u,so,free,wan,2,help,me,hee,cos,i,noe,u,wan,2,watch,infernal,affairs,so,ask,u,along,asking,shuhui,oso
normal,2024,hi,dude,hw,r,u,da,realy,mising,u,today
normal,2012,me,hungry,buy,some,food,good,lei,but,mum,n,yun,dun,wan,juz,buy,a,little,bit
normal,2016,i,probably,won't,eat,at,all,today,i,think,i'm,gonna,pop,how,was,your,weekend,did,u,miss,me
normal,2012,i,knew,it,u,slept,v,late,yest,wake,up,so,late
normal,2023,haha,dont,be,angry,with,yourself,take,it,as,a,practice,for,the,real,thing
normal,2017,where,is,that,one,day,training
normal,2021,so,i,could,kiss,and,feel,you,next,to,me
normal,2022,have,a,nice,day,my,dear
normal,2021,i,sent,lanre,fakeye's,eckankar,details,to,the,mail,box
normal,2023,your,dad,is,back,in,ph
normal,2015,if,you,ask,her,or,she,say,any,please,message
normal,2022,if,e,timing,can,then,i,go,w,u,lor
normal,2024,love,you,aathilove,u,lot
normal,2017,i,was,just,callin,to,say,hi,take,care,bruv
normal,2023,did,u,turn,on,the,heater,the,heater,was,on,and,set,to,ltgt,degrees
normal,2021,thanks,for,your,message,i,really,appreciate,your,sacrifice,i'm,not,sure,of,the,process,of,direct,pay,but,will,find,out,on,my,way,back,from,the,test,tomorrow,i'm,in,class,now,do,have,a,wonderful,day
normal,2017,that's,the,trouble,with,classes,that,go,well,you're,due,a,dodgey,one,expecting,mine,tomo,see,you,for,recovery,same,time,same,place
normal,2025,wot,u,up,2,j
normal,2022,night,night,see,you,tomorrow
normal,2023,roger,that,were,probably,going,to,rem,in,about,20
normal,2025,do,u,think,that,any,girl,will,propose,u,today,by,seing,ur,bloody,funky,shit,fucking,faceasssssholeeee
normal,2021,i,wish,u,were,here,i,feel,so,alone
normal,2025,reason,is,if,the,team,budget,is,available,at,last,they,buy,the,unsold,players,for,at,base,rate
normal,2020,ceri,u,rebel,sweet,dreamz,me,little,buddy,c,ya,2moro,who,needs,blokes
normal,2016,huh,i,cant,thk,of,more,oredi,how,many,pages,do,we,have
normal,2023,his,frens,go,then,he,in,lor,not,alone,wif,my,mum,n,sis,lor
normal,2011,nationwide,auto,centre,or,something,like,that,on,newport,road,i,liked,them,there
normal,2025,hey,i,missed,you,tm,of,last,night,as,my,phone,was,on,the,charge,smiles,i,am,meeting,a,friend,shortly
normal,2017,whatever,juliana,do,whatever,you,want
normal,2024,friendship,is,not,a,game,to,play,it,is,not,a,word,to,say,it,doesn't,start,on,march,and,ends,on,may,it,is,tomorrow,yesterday,today
normal,2020,hello,sort,of,out,in,town,already,that,so,dont,rush,home,i,am,eating,nachos,will,let,you,know,eta
normal,2025,ok,lor,anyway,i,thk,we,cant,get,tickets,now,cos,like,quite,late,already,u,wan,2,go,look,4,ur,frens,a,not,darren,is,wif,them,now
normal,2025,i,am,on,the,way,to,ur,home
normal,2018,dizzamn,aight,i'll,ask,my,suitemates,when,i,get,back
normal,2022,nimbomsons,yep,phone,knows,that,one,obviously,cos,thats,a,real,word
normal,2020,i,love,to,cuddle,i,want,to,hold,you,in,my,strong,arms,right,now
normal,2018,r,u,in,this,continent
normal,2025,we'll,you,pay,over,like,ltgt,yrs,so,its,not,too,difficult
normal,2020,kkwhen,will,you,give,treat
normal,2022,he's,just,gonna,worry,for,nothing,and,he,won't,give,you,money,its,no,use
normal,2012,did,you,get,any,gift,this,year,i,didnt,get,anything,so,bad
normal,2020,somewhere,out,there,beneath,the,pale,moon,light,someone,think,in,of,u,some,where,out,there,where,dreams,come,true,goodnite,amp,sweet,dreams
normal,2017,well,there's,a,pattern,emerging,of,my,friends,telling,me,to,drive,up,and,come,smoke,with,them,and,then,telling,me,that,i'm,a,weed,fiendmake,them,smoke,too,muchimpede,their,doing,other,things,so,you,see,how,i'm,hesitant
normal,2021,ow,u,deyi,paid,60400thousadi,told,u,would,call
normal,2019,im,fine,babes,aint,been,up,2,much,tho,saw,scary,movie,yest,its,quite,funny,want,2mrw,afternoon,at,town,or,mall,or,sumthinxx
normal,2019,i'm,reaching,home,in,5,min
normal,2017,forgot,you,were,working,today,wanna,chat,but,things,are,ok,so,drop,me,a,text,when,you're,free,bored,etc,and,i'll,ring,hope,all,is,well,nose,essay,and,all,xx
normal,2024,ha,then,we,must,walk,to,everywhere,cannot,take,tram,my,cousin,said,can,walk,to,vic,market,from,our,hotel
normal,2024,discussed,with,your,mother,ah
normal,2016,ok
normal,2023,sorry,i,can't,text,amp,drive,coherently,see,you,in,twenty
normal,2019,in,which,place,i,can,get,rooms,cheap
normal,2023,eek,that's,a,lot,of,time,especially,since,american,pie,is,like,8,minutes,long,i,can't,stop,singing,it
normal,2013,gran,onlyfound,out,afew,days,agocusoon,honi
normal,2018,university,of,southern,california
normal,2017,we,have,to,pick,rayan,macleran,there
normal,2018,u,gd,lor,go,shopping,i,got,stuff,to,do,u,wan,2,watch,infernal,affairs,a,not,come,lar
normal,2017,well,balls,time,to,make,calls
normal,2021,wat,time,ü,wan,today
normal,2017,ltgt,in,mca,but,not,conform
normal,2022,oh,ok,wat's,ur,email
normal,2018,yes,princess,are,you,going,to,make,me,moan
normal,2011,lol,its,ok,i,didn't,remember,til,last,nite
normal,2018,anyway,many,good,evenings,to,u,s
normal,2023,cool,i'll,text,you,in,a,few
normal,2013,sorry,vikky,i'm,watching,olave,mandara,movie,kano,in,trishul,theatre,wit,my,frnds
normal,2018,i'm,very,happy,for,you,babe,woo,hoo,party,on,dude
normal,2015,i,am,taking,you,for,italian,food,how,about,a,pretty,dress,with,no,panties
normal,2020,wot,u,up,2,thout,u,were,gonna,call,me,txt,bak,luv,k
normal,2017,how,are,you,holding,up
normal,2020,dont,flatter,yourself,tell,that,man,of,mine,two,pints,of,carlin,in,ten,minutes,please
normal,2019,hope,you,are,not,scared
normal,2023,i,cant,pick,the,phone,right,now,pls,send,a,message
normal,2021,i'm,at,home,n,ready
normal,2025,what,time,do,u,get,out
normal,2016,i,am,literally,in,bed,and,have,been,up,for,like,ltgt,hours
normal,2019,yes,my,reg,is,ciao
normal,2020,if,you,mean,the,website,yes
normal,2021,lol,or,i,could,just,starve,and,lose,a,pound,by,the,end,of,the,day
normal,2019,yeah,that's,the,impression,i,got
normal,2015,ok,ok,take,care,i,can,understand
normal,2019,motivate,behind,every,darkness,there,is,a,shining,light,waiting,for,you,to,find,it,behind,every,best,friend,there,is,always,trust,and,love,bslvyl
normal,2013,ya,ok,then,had,dinner
normal,2022,i,was,slept,that,timeyou,there
normal,2025,dont,make,ne,plans,for,nxt,wknd,coz,she,wants,us,to,come,down,then,ok
normal,2022,when,is,school,starting,where,will,you,stay,what's,the,weather,like,and,the,food,do,you,have,a,social,support,system,like,friends,in,the,school,all,these,things,are,important
normal,2018,ha,ha,nan,yalrigu,heltiniiyo,kothi,chikku,u,shared,many,things,wit,meso,far,i,didn't,told,any,body,and,even,uttered,a,word,abt,u,if,ur,trusting,me,so,much,how,can,i,tell,these,to,others,plz,nxt,time,dont,use,those,words,to,meok,chikkub
normal,2015,noice,text,me,when,you're,here
normal,2021,hi,di,is,yijue,we're,meeting,at,7,pm,at,esaplanade,tonight
normal,2023,aight,i've,been,set,free,think,you,could,text,me,blake's,address,it,occurs,to,me,i'm,not,quite,as,sure,what,i'm,doing,as,i,thought,i,was
normal,2022,hi,dear,we,saw,dear,we,both,are,happy,where,you,my,battery,is,low
normal,2025,how,are,you,its,been,ages,how's,abj
normal,2017,prof,you,have,passed,in,all,the,papers,in,this,sem,congrats,student,enna,kalaachutaarama,prof,gud,mrng
normal,2024,dont,kick,coco,when,he's,down
normal,2025,fyi,i'm,gonna,call,you,sporadically,starting,at,like,ltgt,bc,we,are,not,not,doin,this,shit
normal,2023,hope,youre,not,having,too,much,fun,without,me,see,u,tomorrow,love,jess,x
normal,2015,ok,i,wont,call,or,disturb,any,one,i,know,all,are,avoiding,me,i,am,a,burden,for,all
normal,2025,i've,reached,home,n,i,bathe,liao,u,can,call,me,now
normal,2016,was,the,actual,exam,harder,than,nbme
normal,2024,a,lot,of,this,sickness,thing,going,round,take,it,easy,hope,u,feel,better,soon,lol
normal,2017,god,picked,up,a,flower,and,dippeditinadew,lovingly,touched,itwhichturnedinto,u,and,the,he,gifted,tomeandsaidthis,friend,is,4u
normal,2022,hey,sathya,till,now,we,dint,meet,not,even,a,single,time,then,how,can,i,saw,the,situation,sathya
normal,2018,gam,gone,after,outstanding,innings
normal,2016,o,i,played,smash,bros,ltgt,religiously
normal,2020,sir,good,morning,hope,you,had,a,good,weekend,i,called,to,let,you,know,that,i,was,able,to,raise,ltgt,from,my,dad,he,however,said,he,would,make,the,rest,available,by,mid,feb,this,amount,is,still,quite,short,and,i,was,hoping,you,would,help,do,have,a,good,day,abiola
normal,2011,hurry,home,soup,is,done
normal,2021,no,no,i,will,check,all,rooms,befor,activities
normal,2015,good,afternoon,my,love,it,was,good,to,see,your,words,on,ym,and,get,your,tm,very,smart,move,my,slave,smiles,i,drink,my,coffee,and,await,you
normal,2013,quite,ok,but,a,bit,ex,u,better,go,eat,smth,now,else,i'll,feel,guilty
normal,2025,lemme,know,when,you're,here
normal,2021,he,needs,to,stop,going,to,bed,and,make,with,the,fucking,dealing
normal,2013,how,are,you,my,love,are,you,with,your,brother,time,to,talk,english,with,him,grins,say,hey,muhommad,penny,says,hello,from,across,the,sea
normal,2021,hey,doc,pls,i,want,to,get,nice,t,shirt,for,my,hubby,nice,fiting,ones,my,budget,is,ltgt,k,help,pls,i,will,load,d,card,abi,hwkeep,me,posted,luv,2,mj
normal,2017,i,remain,unconvinced,that,this,isn't,an,elaborate,test,of,my,willpower
normal,2012,life,is,nothing,wen,v,get,everything,but,life,is,everything,wen,v,miss,something,real,value,of,people,wil,be,realized,only,in,their,absence,gud,mrng
normal,2023,how,are,you,i,miss,you
normal,2020,i,ain't,answerin,no,phone,at,what,is,actually,a,pretty,reasonable,hour,but,i'm,sleepy
normal,2014,hey,is,rite,u,put,10,evey,mnth,is,that,all
normal,2012,i,am,going,to,bed,now,prin
normal,2019,i,think,just,yourself,thanks,and,see,you,tomo
normal,2017,if,u,dun,drive,then,how,i,go,2,sch
normal,2021,i,not,at,home,now,lei
normal,2020,ok,then,i,will,come,to,ur,home,after,half,an,hour
normal,2025,do,u,hav,any,frnd,by,name,ashwini,in,ur,college
normal,2011,jus,finish,my,lunch,on,my,way,home,lor,i,tot,u,dun,wan,2,stay,in,sch,today
normal,2011,k,then,2marrow,are,you,coming,to,class
normal,2024,pls,send,me,your,address,sir
normal,2024,i,want,to,lick,your,pussy,now
normal,2022,yo,you,gonna,still,be,in,stock,tomorrowtoday,i'm,trying,to,get,a,dubsack
normal,2011,i'll,see,but,prolly,yeah
normal,2021,thought,we,could,go,out,for,dinner,i'll,treat,you,seem,ok
normal,2020,where,are,you,what,do,you,do,how,can,you,stand,to,be,away,from,me,doesn't,your,heart,ache,without,me,don't,you,wonder,of,me,don't,you,crave,me
normal,2011,sorry,you,never,hear,unless,you,book,it,one,was,kinda,a,jokethet,were,really,looking,for,skinny,white,girls,the,other,was,one,lineyou,can,only,do,so,much,on,camera,with,that,something,like,that,they're,casting,on,the,look
normal,2014,what,you,doinghow,are,you
normal,2018,sure,thing,big,man,i,have,hockey,elections,at,6,shouldnt,go,on,longer,than,an,hour,though
normal,2022,watch,lor,i,saw,a,few,swatch,one,i,thk,quite,ok,ard,116,but,i,need,2nd,opinion,leh
normal,2025,hiya,do,u,like,the,hlday,pics,looked,horrible,in,them,so,took,mo,out,hows,the,camp,amrca,thing,speak,soon,serena
normal,2023,babe,how,goes,that,day,what,are,you,up,to,i,miss,you,already,my,love,loving,kiss,i,hope,everything,goes,well
normal,2016,yunny,i'm,goin,to,be,late
normal,2011,doc,prescribed,me,morphine,cause,the,other,pain,meds,aren't,enough,waiting,for,my,mom,to,bring,it,that,med,should,kick,in,fast,so,i'm,gonna,try,to,be,on,later
normal,2024,cool,want,me,to,go,to,kappa,or,should,i,meet,you,outside,mu
normal,2013,hey,sexy,buns,have,i,told,you,i,adore,you,loverboy,i,hope,you,remember,to,thank,your,sister,in,law,for,those,meatballs,grins,i,love,you,babe
normal,2021,may,b,approve,panalambut,it,should,have,more,posts
normal,2019,sorry,i'll,call,later
normal,2025,i,dont,thnk,its,a,wrong,calling,between,us
normal,2021,me,i'm,not,workin,once,i,get,job
normal,2017,and,by,when,you're,done,i,mean,now
normal,2017,its,ur,luck,to,love,someone,its,ur,fortune,to,love,the,one,who,loves,u,but,its,a,miracle,to,love,a,person,who,can't,love,anyone,except,u,gud,nyt
normal,2018,hi,baby,ive,just,got,back,from,work,and,i,was,wanting,to,see,u,allday,i,hope,i,didnt,piss,u,off,on,the,phone,today,if,u,are,up,give,me,a,call,xxx
normal,2013,is,it,your,yahoo,boys,that,bring,in,the,perf,or,legal
normal,2023,no,need,to,say,anything,to,me,i,know,i,am,an,outsider
normal,2022,have,you,ever,had,one,foot,before
normal,2016,just,got,to,ltgt
normal,2024,good,no,dont,need,any,receiptswell,done,yes,please,tell,whats,her,number,i,could,ring,her
normal,2012,ever,green,quote,ever,told,by,jerry,in,cartoon,a,person,who,irritates,u,always,is,the,one,who,loves,u,vry,much,but,fails,to,express,it,gud,nyt
normal,2018,leave,it,wif,me,lar,ü,wan,to,carry,meh,so,heavy,is,da,num,98321561,familiar,to,ü
normal,2022,beautiful,truth,expression,of,the,face,could,be,seen,by,everyone,but,the,depression,of,heart,could,be,understood,only,by,the,loved,ones,gud,ni8
normal,2025,infact,happy,new,year,how,are,you,where,are,you,when,are,we,seeing
normal,2025,that's,a,shame,maybe,cld,meet,for,few,hrs,tomo
normal,2022,lol,i,would,but,despite,these,cramps,i,like,being,a,girl
normal,2019,i,cant,wait,for,cornwall,hope,tonight,isnt,too,bad,as,well,but,its,rock,night,shite,anyway,im,going,for,a,kip,now,have,a,good,night,speak,to,you,soon
normal,2019,pls,help,me,tell,sura,that,i'm,expecting,a,battery,from,hont,and,that,if,should,pls,send,me,a,message,about,how,to,download,movies,thanks
normal,2024,haven't,found,a,way,to,get,another,app,for,your,phone,eh,will,you,go,to,the,net,cafe,did,you,take,that,job,geeee,i,need,you,babe,i,crave,to,see,you
normal,2013,i,only,work,from,mon,to,thurs,but,sat,i,cant,leh,booked,liao,which,other,day,u,free
normal,2020,ü,comin,to,fetch,us,oredi
normal,2022,what's,nannys,address
normal,2020,haf,u,eaten,wat,time,u,wan,me,2,come
normal,2012,yo,call,me,when,you,get,the,chance,a,friend,of,mine,wanted,me,to,ask,you,about,a,big,order
normal,2020,this,single,single,answers,are,we,fighting,plus,i,said,am,broke,and,you,didnt,reply
normal,2018,it,certainly,puts,things,into,perspective,when,something,like,this,happens
normal,2021,now,got,tv,2,watch,meh,u,no,work,today
normal,2024,i,felt,sonot,any,conveying,reason,ese,he,what,about,me
normal,2018,how's,it,going,got,any,exciting,karaoke,type,activities,planned,i'm,debating,whether,to,play,football,this,eve,feeling,lazy,though
normal,2019,i,told,that,am,coming,on,wednesday
normal,2020,its,ok,called,mom,instead,have,fun
normal,2015,well,if,i'm,that,desperate,i'll,just,call,armand,again
normal,2024,are,you,at,work,right,now
normal,2018,haven't,heard,anything,and,he's,not,answering,my,texts,so,i'm,guessing,he,flaked,that,said,the,jb,is,fantastic
normal,2016,mmmmmm,i,love,youso,much,ahmad,i,can't,wait,for,this,year,to,begin,as,every,second,takes,me,closer,to,being,at,your,side,happy,new,year,my,love
normal,2018,pls,what's,the,full,name,of,joke's,school,cos,fees,in,university,of,florida,seem,to,actually,be,ltgt,k,pls,holla,back
normal,2016,sorry,i'll,call,later
normal,2021,ok,but,they,said,i've,got,wisdom,teeth,hidden,inside,n,mayb,need,2,remove
normal,2011,and,pls,pls,drink,plenty,plenty,water
normal,2020,how,are,you,doing,how's,the,queen,are,you,going,for,the,royal,wedding
normal,2015,he's,in,lag,that's,just,the,sad,part,but,we,keep,in,touch,thanks,to,skype
normal,2022,ok,lor,then,we,go,tog,lor
normal,2017,two,teams,waiting,for,some,players
normal,2014,can,ü,send,me,a,copy,of,da,report
normal,2019,swhrt,how,u,deyhope,ur,ok,tot,about,u,2daylove,n,misstake,care
normal,2023,ok,da,i,already,planned,i,wil,pick,you
normal,2020,sorry,i'll,call,later,in,meeting
normal,2013,i,just,really,need,shit,before,tomorrow,and,i,know,you,won't,be,awake,before,like,6
normal,2018,i'm,good,have,you,registered,to,vote
normal,2018,hmm,ok,i'll,stay,for,like,an,hour,cos,my,eye,is,really,sore
normal,2017,dear,got,bus,directly,to,calicut
normal,2020,mm,umma,ask,vava,also,to,come,tell,him,can,play,later,together
normal,2020,well,the,general,price,is,ltgt,oz,let,me,know,ifwhenhow,much,you,want
normal,2025,sorry,i'll,call,later
normal,2011,each,moment,in,a,dayhas,its,own,valuemorning,brings,hopeafternoon,brings,faithevening,brings,luvnight,brings,restwish,u,find,them,all,todaygood,morning
normal,2024,ltgt,w,jetton,ave,if,you,forgot
normal,2012,ok,i'm,coming,home,now
normal,2022,can,not,use,foreign,stamps,in,this,country
normal,2020,sorry,it's,a,lot,of,friendofafriend,stuff,i'm,just,now,about,to,talk,to,the,actual,guy,who,wants,to,buy
normal,2020,i,will,come,tomorrow,di
normal,2017,wylie,update,my,weed,dealer,carlos,went,to,freedom,and,had,a,class,with,lunsford
normal,2020,are,you,happy,baby,are,you,alright,did,you,take,that,job,i,hope,your,fine,i,send,you,a,kiss,to,make,you,smile,from,across,the,sea,kiss,kiss
normal,2022,c,movie,is,juz,last,minute,decision,mah,juz,watch,2,lar,but,i,tot,ü,not,interested
normal,2018,how,are,you,enjoying,this,semester,take,care,brother
normal,2024,get,the,door,i'm,here
normal,2023,lets,use,it,next,week,princess
normal,2017,or,i,go,home,first,lar,ü,wait,4,me,lor,i,put,down,my,stuff,first
normal,2011,i,want,kfc,its,tuesday,only,buy,2,meals,only,2,no,gravy,only,2,mark,2
normal,2017,no,dahe,is,stupid,daalways,sending,like,thisdon,believe,any,of,those,messagepandy,is,a,mental
normal,2019,oi,when,you,gonna,ring
normal,2015,i,attended,but,nothing,is,there
normal,2017,ard,530,like,dat,lor,we,juz,meet,in,mrt,station,then,ü,dun,haf,to,come,out
normal,2017,no,dear,i,was,sleeping,p
normal,2024,er,mw,im,filled,tuth,is,aight
normal,2023,will,be,office,around,4,pm,now,i,am,going,hospital
normal,2020,actually,i'm,waiting,for,2,weeks,when,they,start,putting,ad
normal,2023,anything,lor,if,they,all,go,then,i,go,lor
normal,2020,u,free,on,sat,rite,u,wan,2,watch,infernal,affairs,wif,me,n,darren,n,mayb,xy
normal,2023,plz,note,if,anyone,calling,from,a,mobile,co,amp,asks,u,to,type,ltgt,or,ltgt,do,not,do,so,disconnect,the,callcoz,it,iz,an,attempt,of,terrorist,to,make,use,of,the,sim,card,no,itz,confirmd,by,nokia,n,motorola,n,has,been,verified,by,cnn,ibn
normal,2013,yo,you,around,a,friend,of,mine's,lookin,to,pick,up,later,tonight
normal,2023,stupid,auto,correct,on,my,phone
normal,2012,double,eviction,this,week,spiral,and,michael,and,good,riddance,to,them
normal,2021,the,world,suffers,a,lot,not,because,of,the,violence,of,bad,people,but,because,of,the,silence,of,good,people,gud,night
normal,2016,ok,thats,cool,its,just,off,either,raglan,rd,or,edward,rd,behind,the,cricket,ground,gimme,ring,when,ur,closeby,see,you,tuesday
normal,2017,buy,one,egg,for,me,daplease
normal,2016,have,you,started,in,skye
normal,2023,have,you,bookedthe,hut,and,also,your,time,off,how,are,you,by,the,way
normal,2025,and,several,to,you,sir
normal,2020,u,really,pig,leh,sleep,so,much,my,dad,wake,me,up,at,10,smth,2,eat,lunch,today
normal,2023,i'm,at,home,please,call
normal,2025,my,love,i,hope,your,not,doing,anything,drastic,don't,you,dare,sell,your,pc,or,your,phone
normal,2024,now,only,i,reached,home,i,am,very,tired,now,i,will,come,tomorro
normal,2020,life,style,garments,account,no,please
normal,2012,lol,wtf,random,btw,is,that,your,lunch,break
normal,2023,sez,hows,u,de,arab,boy,hope,u,r,all,good,give,my,love,2,evry1,love,ya,eshxxxxxxxxxxx
normal,2025,the,lay,man,just,to,let,you,know,you,are,missed,and,thought,off,do,have,a,great,day,and,if,you,can,send,me,bimbo,and,ugo's,numbers,ill,appreciate,safe
normal,2019,detroit,the,home,of,snow,enjoy,it
normal,2018,okie
normal,2015,aight,i'm,chillin,in,a,friend's,room,so,text,me,when,you're,on,the,way
normal,2019,is,toshiba,portege,m100,gd
normal,2025,well,welp,is,sort,of,a,semiobscure,internet,thing
normal,2018,loosu,go,to,hospital,de,dont,let,it,careless
normal,2022,how,much,for,an,eighth
normal,2017,omg,joanna,is,freaking,me,out,she's,looked,thru,all,my,friends,to,find,photos,of,me,and,then,she's,asking,about,stuff,on,my,myspace,which,i,haven't,even,logged,on,in,like,a,year
normal,2019,send,ur,birthdate,with,month,and,year,i,will,tel,u,ur,life,partner's,name,and,the,method,of,calculation,reply,must
normal,2019,juz,now,havent,woke,up,so,a,bit,blur,blur,can,dad,went,out,liao,i,cant,cum,now,oso
normal,2019,how,about,clothes,jewelry,and,trips
normal,2016,aah,a,cuddle,would,be,lush,i'd,need,lots,of,tea,and,soup,before,any,kind,of,fumbling
normal,2016,i,am,late,i,will,be,there,at
normal,2015,sad,story,of,a,man,last,week,was,my,b'day,my,wife,did'nt,wish,me,my,parents,forgot,n,so,did,my,kids,i,went,to,work,even,my,colleagues,did,not,wish
normal,2023,are,you,plans,with,your,family,set,in,stone
normal,2023,pls,dont,forget,to,study
normal,2017,you'll,never,believe,this,but,i,have,actually,got,off,at,taunton,wow
normal,2020,den,only,weekdays,got,special,price,haiz,cant,eat,liao,cut,nails,oso,muz,wait,until,i,finish,drivin,wat,lunch,still,muz,eat,wat
normal,2022,she,just,broke,down,a,list,of,reasons,why,nobody's,in,town,and,i,can't,tell,if,she's,being,sarcastic,or,just,faggy
normal,2023,ltdecimalgt,m,but,its,not,a,common,car,here,so,its,better,to,buy,from,china,or,asia,or,if,i,find,it,less,expensive,ill,holla
normal,2025,the,greatest,test,of,courage,on,earth,is,to,bear,defeat,without,losing,heartgn,tc
normal,2018,sorry,im,stil,fucked,after,last,nite,went,tobed,at,430,got,up,4,work,at,630
normal,2024,hey,so,whats,the,plan,this,sat
normal,2019,beauty,sleep,can,help,ur,pimples,too
normal,2016,great,hope,you,are,using,your,connections,from,mode,men,also,cos,you,can,never,know,why,old,friends,can,lead,you,to,today
normal,2020,where,to,get,those
normal,2022,kind,of,just,missed,train,cos,of,asthma,attack,nxt,one,in,half,hr,so,driving,in,not,sure,where,to,park
normal,2017,ball,is,moving,a,lotwill,spin,in,last,so,very,difficult,to,bat
normal,2017,haiyoh,maybe,your,hamster,was,jealous,of,million
normal,2022,can,you,please,send,me,my,aunty's,number
normal,2025,i'm,glad,you,are,following,your,dreams
normal,2017,i've,reached,home,finally
normal,2020,wn,u,r,hurt,by,d,prsn,who,s,close,2,u,do,fight,wit,dem,coz,somtimes,dis,fight,saves,a,relation,bt,being,quiet,leaves,nothin,in,a,relation,gud,eveb
normal,2024,u,can,call,now
normal,2025,science,tells,that,chocolate,will,melt,under,the,sunlight,please,don't,walk,under,the,sunlight,bcozi,don't,want,to,loss,a,sweet,friend
normal,2021,yes,i,come,to,nyc,for,audiitions,and,am,trying,to,relocate
normal,2016,i,pocked,you,up,there,before
normal,2025,congrats,that's,great,i,wanted,to,tell,you,not,to,tell,me,your,score,cos,it,might,make,me,relax,but,its,motivating,me,so,thanks,for,sharing
normal,2018,i,wud,never,mind,if,u,dont,miss,me,or,if,u,dont,need,me,but,u,wil,really,hurt,me,wen,u,need,me,amp,u,dont,tell,me,take,care
normal,2022,hey,mr,whats,the,name,of,that,bill,brison,book,the,one,about,language,and,words
normal,2016,okay,good,no,problem,and,thanx
normal,2021,for,you,information,ikea,is,spelled,with,all,caps,that,is,not,yelling,when,you,thought,i,had,left,you,you,were,sitting,on,the,bed,among,the,mess,when,i,came,in,i,said,we,were,going,after,you,got,home,from,class,please,don't,try,and,bullshit,me,it,makes,me,want,to,listen,to,you,less
normal,2022,call,me,when,u're,done
normal,2020,gwr
normal,2016,you,best,watch,what,you,say,cause,i,get,drunk,as,a,motherfucker
normal,2017,hurt,me,tease,me,make,me,cry,but,in,the,end,of,my,life,when,i,die,plz,keep,one,rose,on,my,grave,and,say,stupid,i,miss,u,have,a,nice,day,bslvyl
normal,2011,erm,woodland,avenue,somewhere,do,you,get,the,parish,magazine,his,telephone,number,will,be,in,there
normal,2021,are,there,ta,jobs,available,let,me,know,please,cos,i,really,need,to,start,working
normal,2016,aiyar,hard,2,type,u,later,free,then,tell,me,then,i,call,n,scold,n,tell,u
normal,2021,yup,i'm,free
normal,2024,good,good,billy,mates,all,gone,just,been,jogging,again,did,enjoy,concert
normal,2016,yo,come,over,carlos,will,be,here,soon
normal,2024,awww,dat,is,sweet,we,can,think,of,something,to,do,he,he,have,a,nice,time,tonight,ill,probably,txt,u,later,cos,im,lonely,xxx
normal,2021,i,guess,it,is,useless,calling,u,4,something,important
normal,2024,ha,ha,had,popped,down,to,the,loo,when,you,helloed,me,hello
normal,2021,he,dint,tell,anything,he,is,angry,on,me,that,why,you,told,to,abi
normal,2020,it,so,happens,that,there,r,2waxsto,do,wat,you,want,she,can,come,and,ill,get,her,medical,insurance,and,she'll,be,able,to,deliver,and,have,basic,care,i'm,currently,shopping,for,the,right,medical,insurance,for,her,so,just,give,me,til,friday,morning,thats,when,ill,see,the,major,person,that,can,guide,me,to,the,right,insurance
normal,2024,i,keep,ten,rs,in,my,shelf,buy,two,egg
normal,2019,i,wasn't,well,babe,i,have,swollen,glands,at,my,throat,what,did,you,end,up,doing
normal,2022,is,ur,changes,2,da,report,big,cos,i've,already,made,changes,2,da,previous,report
normal,2025,captain,is,in,our,room
normal,2024,i,can't,speak,bcaz,mobile,have,problem,i,can,listen,you,but,you,cann't,listen,my,voice,so,i,calls,you,later
normal,2012,hiya,stu,wot,u,up,2im,in,so,much,truble,at,home,at,moment,evone,hates,me,even,u,wot,the,hell,av,i,done,now,y,wont,u,just,tell,me,text,bck,please,luv,dan
normal,2022,si,will,take,mokka,players,only
normal,2021,are,you,still,playing,with,gautham
normal,2016,hey,mr,and,i,are,going,to,the,sea,view,and,having,a,couple,of,gays,i,mean,games,give,me,a,bell,when,ya,finish
normal,2016,k,jason,says,he's,gonna,be,around,so,i'll,be,up,there,around,ltgt
normal,2015,sorry,i,will,be,able,to,get,to,you,see,you,in,the,morning
normal,2017,aight,well,keep,me,informed
normal,2021,i,am,not,having,her,number,sir
normal,2012,am,only,searching,for,good,dual,sim,mobile,pa
normal,2013,that,seems,unnecessarily,hostile
normal,2020,dude,got,a,haircut,now,its,breezy,up,there
normal,2022,1appledayno,doctor,1tulsi,leafdayno,cancer,1lemondayno,fat,1cup,milkdayno,bone,problms,3,litres,watrdayno,diseases,snd,ths,2,whom,u,care
normal,2023,i,thought,we,were,doing,a,king,of,the,hill,thing,there
normal,2011,nope,i'll,come,online,now
normal,2016,also,tell,him,i,said,happy,birthday
normal,2024,y,bishan,lei,i,tot,ü,say,lavender
normal,2023,boo,what,time,u,get,out,u,were,supposed,to,take,me,shopping,today
normal,2023,now,u,sound,like,manky,scouse,boy,stevelike,i,is,travelling,on,da,bus,homewot,has,u,inmind,4,recreation,dis,eve
normal,2020,fyi,i'm,taking,a,quick,shower,be,at,epsilon,in,like,ltgt,min
normal,2024,on,a,tuesday,night,r,u,4,real
normal,2013,yes,when,is,the,appt,again
normal,2014,just,got,outta,class,gonna,go,gym
normal,2025,i,want,to,sent,ltgt,mesages,today,thats,y,sorry,if,i,hurts
normal,2017,ü,all,write,or,wat
normal,2017,ha,i,wouldn't,say,that,i,just,didn't,read,anything,into,way,u,seemed,i,don't,like,2,be,judgementali,save,that,for,fridays,in,the,pub
normal,2017,its,a,valentine,game,send,dis,msg,to,all,ur,friends,if,5,answers,r,d,same,then,someone,really,loves,u,ques,which,colour,suits,me,the,best
normal,2016,hidid,you,asked,to,waheeda,fathima,about,leave
normal,2020,enjoy,urself,tmr
normal,2018,you,still,around,i,could,use,a,half8th
normal,2020,you,give,us,back,my,id,proof,and,ltgt,rs,we,wont,allow,you,to,work,we,will,come,to,your,home,within,days
normal,2014,ü,bot,notes,oredi,cos,i,juz,rem,i,got
normal,2025,yes,rent,is,very,expensive,so,its,the,way,we,save
normal,2017,night,has,ended,for,another,day,morning,has,come,in,a,special,way,may,you,smile,like,the,sunny,rays,and,leaves,your,worries,at,the,blue,blue,bay,gud,mrng
normal,2022,hows,the,pain,deary,r,u,smiling
normal,2011,fun,fact,although,you,would,think,armand,would,eventually,build,up,a,tolerance,or,some,shit,considering,how,much,he,smokes,he,gets,fucked,up,in,like,2,hits
normal,2022,sorry,i,can't,help,you,on,this
normal,2021,great,so,should,i,send,you,my,account,number
normal,2022,hellogorgeous,hows,u,my,fone,was,on,charge,lst,nitw,wen,u,texd,me,hopeu,ad,a,nice,wkend,as,im,sure,u,did,lookin,4ward,2,cin,u,2mrw,luv,jaz
normal,2023,ü,only,send,me,the,contents,page
normal,2021,night,sweet,sleep,well,i've,just,been,to,see,the,exorcism,of,emily,rose,and,may,never,sleep,again,hugs,and,snogs
normal,2023,don't,think,about,what,u,have,got,think,about,how,to,use,it,that,you,have,got,good,ni8
normal,2011,i,can't,right,this,second,gotta,hit,people,up,first
normal,2011,evry,emotion,dsn't,hav,wordsevry,wish,dsn't,hav,prayrs,if,u,smiled,world,is,wit,uothrwise,even,d,drop,of,tear,dsn't,lik,2,stay,wit,uso,b,happy,good,morning,keep,smiling
normal,2022,so,what,about,you,what,do,you,remember
normal,2024,ujhhhhhhh,computer,shipped,out,with,address,to,sandiago,and,parantella,lane,wtf,poop
normal,2021,mm,yes,dear,look,how,i,am,hugging,you,both,p
normal,2016,i,like,dis,sweater,fr,mango,but,no,more,my,size,already,so,irritating
normal,2025,1,i,don't,have,her,number,and,2,its,gonna,be,a,massive,pain,in,the,ass,and,i'd,rather,not,get,involved,if,that's,possible
normal,2019,anytime,lor
normal,2021,purity,of,friendship,between,two,is,not,about,smiling,after,reading,the,forwarded,messageits,about,smiling,just,by,seeing,the,name,gud,evng
normal,2017,me,fineabsolutly,fine
normal,2012,k,and,you're,sure,i,don't,have,to,have,consent,forms,to,do,it,v
normal,2022,how,much,is,torch,in,9ja
normal,2018,doing,nothing,then,u,not,having,dinner,w,us
normal,2011,how,are,you,just,checking,up,on,you
normal,2024,done,it,but,internet,connection,v,slow,and,cant,send,it,will,try,again,later,or,first,thing,tomo
normal,2018,mathews,or,tait,or,edwards,or,anderson
normal,2018,yeah,sure,thing,mate,haunt,got,all,my,stuff,sorted,but,im,going,sound,anyway,promoting,hex,for,by,the,way,who,is,this,dont,know,number,joke
normal,2024,no,need,lar,i,go,engin,cos,my,sis,at,arts,today
normal,2018,thanks,honey,but,still,haven't,heard,anything,i,will,leave,it,a,bit,longer,so,not,2,crowd,him,and,will,try,later,great,advice,thanks,hope,cardiff,is,still,there
normal,2025,im,on,the,snowboarding,trip,i,was,wondering,if,your,planning,to,get,everyone,together,befor,we,goa,meet,and,greet,kind,of,affair,cheers
normal,2013,si'm,watching,it,in,live
normal,2025,see,you,then,we're,all,christmassy,here
normal,2019,k,i'm,ready,ltgt
normal,2018,do,you,know,why,god,created,gap,between,your,fingers,so,that,one,who,is,made,for,you,comes,amp,fills,those,gaps,by,holding,your,hand,with,love
normal,2011,the,greatest,test,of,courage,on,earth,is,to,bear,defeat,without,losing,heartgn,tc
normal,2022,what,are,your,new,years,plans
normal,2025,baaaaaaaabe,wake,up,i,miss,you,i,crave,you,i,need,you
normal,2025,only,just,got,this,message,not,ignoring,you,yes,i,was,shopping,that,is
normal,2021,dear,why,you,mood,off,i,cant,drive,so,i,brother,to,drive
normal,2025,when,did,dad,get,back
normal,2020,can,you,tell,shola,to,please,go,to,college,of,medicine,and,visit,the,academic,department,tell,the,academic,secretary,what,the,current,situation,is,and,ask,if,she,can,transfer,there,she,should,ask,someone,to,check,sagamu,for,the,same,thing,and,lautech,its,vital,she,completes,her,medical,education,in,nigeria,its,less,expensive,much,less,expensive,unless,she,will,be,getting,citizen,rates,in,new,zealand
normal,2024,yes,just,finished,watching,days,of,our,lives,i,love,it
normal,2019,juz,go,google,n,search,4,qet
normal,2011,many,times,we,lose,our,best,ones,bcoz,we,are
normal,2013,good,friends,care,for,each,other,close,friends,understand,each,other,and,true,friends,stay,forever,beyond,words,beyond,time,gud,ni8
normal,2021,just,getting,back,home
normal,2024,sorry,i'll,call,later,ltgt,mins
normal,2022,dun,need,to,use,dial,up,juz,open,da,browser,n,surf
normal,2025,awesome,plan,to,get,here,any,time,after,like,ltgt,i'll,text,you,details,in,a,wee,bit
normal,2019,take,care,and,sleep,wellyou,need,to,learn,to,change,in,lifeyou,only,need,to,get,convinced,on,thati,will,wait,but,no,more,conversations,between,usget,convinced,by,that,timeyour,family,is,over,for,you,in,many,sensesrespect,them,but,not,overemphasiseor,u,have,no,role,in,my,life
normal,2020,you,also,didnt,get,na,hi,hi,hi,hi,hi
normal,2023,ya,but,it,cant,display,internal,subs,so,i,gotta,extract,them
normal,2012,if,i,said,anything,wrong,sorry,de
normal,2016,sad,story,of,a,man,last,week,was,my,b'day,my,wife,did'nt,wish,me,my,parents,forgot,n,so,did,my,kids,i,went,to,work,even,my,colleagues,did,not,wish
normal,2025,how,stupid,to,say,that,i,challenge,godyou,dont,think,at,all,on,what,i,write,instead,you,respond,immed
normal,2017,yeah,i,should,be,able,to,i'll,text,you,when,i'm,ready,to,meet,up
normal,2024,v,skint,too,but,fancied,few,bevieswaz,gona,go,meet,othrs,in,spoon,but,jst,bin,watchng,planet,earthsofa,is,v,comfey,if,i,dont,make,it,hav,gd,night
normal,2017,says,that,he's,quitting,at,least5times,a,day,so,i,wudn't,take,much,notice,of,that,nah,she,didn't,mind,are,you,gonna,see,him,again,do,you,want,to,come,to,taunton,tonight,u,can,tell,me,all,about
normal,2014,when,you,get,free,call,me
normal,2023,how,have,your,little,darlings,been,so,far,this,week,need,a,coffee,run,tomocan't,believe,it's,that,time,of,week,already
normal,2019,ok,i,msg,u,b4,i,leave,my,house
normal,2021,still,at,west,coast,haiz,ü'll,take,forever,to,come,back
normal,2023,mmm,fuck,merry,christmas,to,me
normal,2017,alright,thanks,for,the,advice,enjoy,your,night,out,i'ma,try,to,get,some,sleep
normal,2014,update,your,face,book,status,frequently
normal,2016,just,now,saw,your,messageit,k,da
normal,2020,was,it,something,u,ate
normal,2016,so,what,did,the,bank,say,about,the,money
normal,2018,aiyar,dun,disturb,u,liao,thk,u,have,lots,2,do,aft,ur,cupboard,come
normal,2023,hey,they,r,not,watching,movie,tonight,so,i'll,prob,b,home,early
normal,2014,yar,lor,how,u,noe,u,used,dat,route,too
normal,2025,2mro,i,am,not,coming,to,gym,machan,goodnight
normal,2022,dont,think,you,need,yellow,card,for,uk,travel,ask,someone,that,has,gone,before,if,you,do,its,just,ltgt,bucks
normal,2025,can,u,look,4,me,in,da,lib,i,got,stuff,havent,finish,yet
normal,2016,sounds,great,im,going,to,sleep,now,have,a,good,night
normal,2021,housemaid,is,the,murderer,coz,the,man,was,murdered,on,ltgt,th,january,as,public,holiday,all,govtinstituitions,are,closedincluding,post,officeunderstand
normal,2020,how,come,u,got,nothing,to,do
normal,2014,nothing,will,ever,be,easy,but,don't,be,looking,for,a,reason,not,to,take,a,risk,on,life,and,love
normal,2023,i,want,to,grasp,your,pretty,booty
normal,2019,i've,got,it,down,to,a,tea,not,sure,which,flavour
normal,2011,i'm,going,2,orchard,now,laready,me,reaching,soon,u,reaching
normal,2019,dear,i,am,not,denying,your,words,please
normal,2020,you,know,my,old,dom,i,told,you,about,yesterday,his,name,is,roger,he,got,in,touch,with,me,last,night,and,wants,me,to,meet,him,today,at,2,pm
normal,2016,come,back,to,tampa,ffffuuuuuuu
normal,2023,2,celebrate,my,bday,y,else
normal,2016,merry,christmas,to,u,too,annie
normal,2025,please,tell,me,you,have,some,of,that,special,stock,you,were,talking,about
normal,2024,i,sent,them,do,you,like
normal,2018,awesome,be,there,in,a,minute
normal,2018,and,that,is,the,problem,you,walk,around,in,julianaland,oblivious,to,what,is,going,on,around,you,i,say,the,same,things,constantly,and,they,go,in,one,ear,and,out,the,other,while,you,go,off,doing,whatever,you,want,to,do,it's,not,that,you,don't,know,why,i'm,upsetit's,that,you,don't,listen,when,i,tell,you,what,is,going,to,upset,me,then,you,want,to,be,surprised,when,i'm,mad
normal,2015,i've,told,you,everything,will,stop,just,dont,let,her,get,dehydrated
normal,2017,or,i,guess,ltgt,min
normal,2020,i'm,home,ard,wat,time,will,u,reach
normal,2014,storming,msg,wen,u,lift,d,phne,u,say,hello,do,u,knw,wt,is,d,real,meaning,of,hello,it's,d,name,of,a,girl,yes,and,u,knw,who,is,dat,girl,margaret,hello,she,is,d,girlfrnd,f,grahmbell,who,invnted,telphone,moralone,can,4get,d,name,of,a,person,bt,not,his,girlfrnd,g,o,o,d,n,i,g,h,t
normal,2018,if,you,want,to,mapquest,it,or,something,look,up,usf,dogwood,drive,that's,the,tiny,street,where,the,parking,lot,is
normal,2019,aight,should,i,just,plan,to,come,up,later,tonight
normal,2020,die,i,accidentally,deleted,e,msg,i,suppose,2,put,in,e,sim,archive,haiz,i,so,sad
normal,2025,this,is,wishing,you,a,great,day,moji,told,me,about,your,offer,and,as,always,i,was,speechless,you,offer,so,easily,to,go,to,great,lengths,on,my,behalf,and,its,stunning,my,exam,is,next,friday,after,that,i,will,keep,in,touch,more,sorry
normal,2017,thanks,again,for,your,reply,today,when,is,ur,visa,coming,in,and,r,u,still,buying,the,gucci,and,bags,my,sister,things,are,not,easy,uncle,john,also,has,his,own,bills,so,i,really,need,to,think,about,how,to,make,my,own,money,later,sha
normal,2014,sorry,i,flaked,last,night,shit's,seriously,goin,down,with,my,roommate,what,you,up,to,tonight
normal,2025,he,said,i,look,pretty,wif,long,hair,wat,but,i,thk,he's,cutting,quite,short,4,me,leh
normal,2016,ranjith,cal,drpd,deeraj,and,deepak,5min,hold
normal,2019,cheers,for,callin,babesozi,culdnt,talkbut,i,wannatell,u,details,later,wenwecan,chat,properly,x
normal,2023,hey,u,still,at,the,gym
normal,2017,she,said,do,u,mind,if,i,go,into,the,bedroom,for,a,minute,ok,i,sed,in,a,sexy,mood,she,came,out,5,minuts,latr,wid,a,caken,my,wife
normal,2011,much,better,now,thanks,lol
normal,2022,nothing,smsing,u,n,xy,lor,sorry,lor,da,guys,neva,c,u,in,person,but,they,sort,of,know,u,lor,so,u,wan,2,meet,them,xy,ask,me,2,bring,u,along,4,our,next,meeting
normal,2025,lemme,know,when,i,can,swing,by,and,pick,up,i'm,free,basically,any,time,after,1,all,this,semester
normal,2016,wa,u,so,efficient,gee,thanx
normal,2021,s,but,not,able,to,sleep
normal,2022,we,will,meet,soon,princess,ttyl
normal,2024,i'll,pick,you,up,at,about,515pm,to,go,to,taunton,if,you,still,want,to,come
normal,2016,oh,only,4,outside,players,allowed,to,play,know
normal,2013,i,anything,lor
normal,2023,erutupalam,thandiyachu
normal,2016,y,cant,u,try,new,invention,to,flyi'm,not,joking
normal,2017,noits,ful,of,song,lyrics
normal,2022,what,do,u,reckon,as,need,2,arrange,transport,if,u,can't,do,it,thanks
normal,2017,true,lov,n,care,wil,nevr,go,unrecognized,though,somone,often,makes,mistakes,when,valuing,it,but,they,will,definitly,undrstnd,once,when,they,start,missing,it
normal,2022,shopping,eh,ger,i,toking,abt,syd,lehhaha
normal,2014,what,not,under,standing
normal,2020,have,good,weekend
normal,2016,miss,call,miss,call,khelate,kintu,opponenter,miss,call,dhorte,lage,thats,d,rule,one,with,great,phone,receiving,quality,wins
normal,2025,call,me,when,you,get,the,chance,plz,lt3
normal,2011,the,new,deus,ex,game,comin,early,next,yr
normal,2012,my,computer,just,fried,the,only,essential,part,we,don't,keep,spares,of,because,my,fucking,idiot,roommates,looovvve,leaving,the,thing,running,on,full,ltgt,7
normal,2018,my,friend,she's,studying,at,warwick,we've,planned,to,go,shopping,and,to,concert,tmw,but,it,may,be,canceled,havn't,seen,for,ages,yeah,we,should,get,together,sometime
normal,2025,probably,a,couple,hours,tops
normal,2017,lol,grins,i'm,not,babe,but,thanks,for,thinking,of,me
normal,2021,man,this,bus,is,so,so,so,slow,i,think,you're,gonna,get,there,before,me
normal,2018,hope,this,text,meets,you,smiling,if,not,then,let,this,text,give,you,a,reason,to,smile,have,a,beautiful,day
normal,2017,in,case,you,wake,up,wondering,where,i,am,i,forgot,i,have,to,take,care,of,something,for,grandma,today,should,be,done,before,the,parade
normal,2023,ok
normal,2021,nvm,take,ur,time
normal,2015,so,wat's,da,decision
normal,2021,wot,is,u,up,2,then,bitch
normal,2024,stupidits,not,possible
normal,2022,she,told,to,hr,that,he,want,posting,in,chennaibecause,i'm,working,here
normal,2015,when,are,you,guys,leaving
normal,2016,he,neva,grumble,but,i,sad,lor,hee,buy,tmr,lor,aft,lunch,but,we,still,meetin,4,lunch,tmr,a,not,neva,hear,fr,them,lei,ü,got,a,lot,of,work,ar
normal,2017,not,able,to,do,anything
normal,2011,ü,takin,linear,algebra,today
normal,2015,this,weekend,is,fine,an,excuse,not,to,do,too,much,decorating
normal,2021,sorry,i,missed,you,babe,i,was,up,late,and,slept,in,i,hope,you,enjoy,your,driving,lesson,boytoy,i,miss,you,too,teasing,kiss
normal,2019,now,project,pa,after,that,only,i,can,come
normal,2016,sure,whenever,you,show,the,fuck,up,gt
normal,2018,that,was,random,saw,my,old,roomate,on,campus,he,graduated
normal,2015,men,always,needs,a,beautiful,intelligent,caring,loving,adjustable,cooperative,wife,but,the,law,allows,only,one,wife
normal,2018,that,sucks,so,what,do,you,got,planned,for,your,yo,valentine,i,am,your,yo,valentine,aren't,i
normal,2025,just,got,part,nottingham,3,hrs,63miles,good,thing,i,love,my,man,so,much,but,only,doing,40mph,hey,ho
normal,2023,what,to,think,no,one,saying,clearly,ok,leave,no,need,to,ask,her,i,will,go,if,she,come,or,not
normal,2024,hi,good,mornin,thanku,wish,u,d,same
normal,2023,do,u,want,2,meet,up,2morro
normal,2016,actually,i,decided,i,was,too,hungry,so,i,haven't,left,yet,v
normal,2016,i've,sent,ü,my,part
normal,2011,cos,i,was,out,shopping,wif,darren,jus,now,n,i,called,him,2,ask,wat,present,he,wan,lor,then,he,started,guessing,who,i,was,wif,n,he,finally,guessed,darren,lor
normal,2025,understand,his,loss,is,my,gain,so,do,you,work,school
normal,2020,how,are,u,i,have,missed,u,i,havent,been,up,2,much,a,bit,bored,with,the,holiday,want,2,go,bak,2,college,sad,isnt,itxx
normal,2012,hiya,probably,coming,home,weekend,after,next
normal,2014,don't,forget,though,that,i,love,you,and,i,walk,beside,you,watching,over,you,and,keeping,your,heart,warm
normal,2023,i,wish,things,were,different,i,wonder,when,i,will,be,able,to,show,you,how,much,i,value,you,pls,continue,the,brisk,walks,no,drugs,without,askin,me,please,and,find,things,to,laugh,about,i,love,you,dearly
normal,2017,ok,both,our,days,so,what,are,you,making,for,dinner,tonite,am,i,invited
normal,2020,i,have,no,money,4,steve,mate
normal,2016,im,late,tellmiss,im,on,my,way
normal,2013,never,blame,a,day,in,ur,life,good,days,give,u,happiness,bad,days,give,u,experience,both,are,essential,in,life,all,are,gods,blessings,good,morning
normal,2024,normally,i,use,to,drink,more,water,daily
normal,2018,dare,i,ask,any,luck,with,sorting,out,the,car
normal,2020,party's,at,my,place,at,usf,no,charge,but,if,you,can,contribute,in,any,way,it,is,greatly,appreciated,and,yeah,we,got,room,for,one,more
normal,2024,urgh,coach,hot,smells,of,chip,fat,thanks,again,especially,for,the,duvet,not,a,predictive,text,word
normal,2015,hiya,how,was,last,night,i've,been,naughty,and,bought,myself,clothes,and,very,little,ready,for,more,shopping,tho,what,kind,of,time,do,you,wanna,meet
normal,2024,i've,been,trying,to,reach,him,without,success
normal,2019,when,you,and,derek,done,with,class
normal,2022,never,y,lei,i,v,lazy,got,wat,dat,day,ü,send,me,da,url,cant,work,one
normal,2019,never,try,alone,to,take,the,weight,of,a,tear,that,comes,out,of,ur,heart,and,falls,through,ur,eyes,always,remember,a,stupid,friend,is,here,to,share,bslvyl
normal,2016,hey,mate,spoke,to,the,mag,people,were,on,the,is,deliver,by,the,end,of,the,month,deliver,on,the,24th,sept,talk,later
normal,2022,hope,you,are,having,a,good,week,just,checking,in
normal,2012,haha,my,friend,tyler,literally,just,asked,if,you,could,get,him,a,dubsack
normal,2021,hey,do,u,fancy,meetin,me,at,4,at,cha,hav,a,lil,beverage,on,me,if,not,txt,or,ring,me,and,we,can,meet,up,l8r,quite,tired,got,in,at,3,vpist,love,pete,x,x,x
normal,2018,great,have,a,safe,trip,dont,panic,surrender,all
normal,2018,symptoms,when,u,are,in,love,1u,like,listening,songs,2u,get,stopped,where,u,see,the,name,of,your,beloved,3u,won't,get,angry,when,your
normal,2022,sun,ah,thk,mayb,can,if,dun,have,anythin,on,thk,have,to,book,e,lesson,e,pilates,is,at,orchard,mrt,u,noe,hor
normal,2016,try,to,do,something,dear,you,read,something,for,exams
normal,2017,7,wonders,in,my,world,7th,you,6th,ur,style,5th,ur,smile,4th,ur,personality,3rd,ur,nature,2nd,ur,sms,and,1st,ur,lovely,friendship,good,morning,dear
normal,2025,gettin,rdy,to,ship,comp
normal,2020,i,am,in,hospital,da,i,will,return,home,in,evening
normal,2022,piss,is,talking,is,someone,that,realise,u,that,point,this,at,is,itnow,read,it,backwards
normal,2020,think,da,you,wil,do
normal,2023,i'm,awake,oh,what's,up
normal,2022,good,afternoon,my,boytoy,how,goes,that,walking,here,and,there,day,did,you,get,that,police,abstract,are,you,still,out,and,about,i,wake,and,miss,you,babe
normal,2020,how,much,u,trying,to,get
normal,2016,come,around,ltdecimalgt,pm,vikkyi'm,otside,nw,il,come,by,tht,time
normal,2020,tell,me,again,what,your,address,is
normal,2013,honeybee,said,i'm,d,sweetest,in,d,world,god,laughed,amp,said,waitu,havnt,met,d,person,reading,this,msg,moral,even,god,can,crack,jokes,gmgngegn
normal,2025,should,i,buy,him,a,blackberry,bold,2,or,torch,should,i,buy,him,new,or,used,let,me,know,plus,are,you,saying,i,should,buy,the,ltgt,g,wifi,ipad,and,what,are,you,saying,about,the,about,the,ltgt,g
normal,2018,but,you,were,together,so,you,should,be,thinkin,about,him
normal,2024,hiya,hows,it,going,in,sunny,africa,hope,u,r,avin,a,good,time,give,that,big,old,silver,back,a,big,kiss,from,me
normal,2023,at,what,time,should,i,come,tomorrow
normal,2023,omg,how,did,u,know,what,i,ate
normal,2022,but,your,not,here
normal,2025,not,directly,behind,abt,4,rows,behind,ü
normal,2025,no,plans,yet,what,are,you,doing
normal,2017,hi,my,engagement,has,been,fixd,on,ltgt,th,of,next,month,i,know,its,really,shocking,bthmm,njan,vilikkamt,ws,al,of,a,sudn
normal,2015,not,course,only,maths,one,day,one,chapter,with,in,one,month,we,can,finish
normal,2020,wow,didn't,think,it,was,that,common,i,take,it,all,back,ur,not,a,freak,unless,u,chop,it,off
normal,2012,noooooooo,please,last,thing,i,need,is,stress,for,once,in,your,life,be,fair
normal,2022,i'll,see,if,i,can,swing,by,in,a,bit,got,some,things,to,take,care,of,here,firsg
normal,2022,i,wanted,to,wish,you,a,happy,new,year,and,i,wanted,to,talk,to,you,about,some,legal,advice,to,do,with,when,gary,and,i,split,but,in,person,i'll,make,a,trip,to,ptbo,for,that,i,hope,everything,is,good,with,you,babe,and,i,love,ya
normal,2024,have,you,not,finished,work,yet,or,something
normal,2019,tomorrow,i,am,not,going,to,theatre,so,i,can,come,wherever,u,call,me,tell,me,where,and,when,to,come,tomorrow
normal,2017,right,it,wasnt,you,who,phoned,it,was,someone,with,a,number,like,yours
normal,2023,it's,ok,i,wun,b,angry,msg,u,aft,i,come,home,tonight
normal,2024,i,had,a,good,time,too,its,nice,to,do,something,a,bit,different,with,my,weekends,for,a,change,see,ya,soon
normal,2018,yo,sorry,was,in,the,shower,sup
normal,2016,carlos,is,down,but,i,have,to,pick,it,up,from,him,so,i'll,swing,by,usf,in,a,little,bit
normal,2025,full,heat,pa,i,have,applyed,oil,pa
normal,2021,i'm,stuck,in,da,middle,of,da,row,on,da,right,hand,side,of,da,lt
normal,2013,have,you,laid,your,airtel,line,to,rest
normal,2015,hi,did,u,decide,wot,2,get,4,his,bday,if,not,ill,prob,jus,get,him,a,voucher,frm,virgin,or,sumfing
normal,2024,hey,j,r,u,feeling,any,better,hopeso,hunny,i,amnow,feelin,ill,ithink,i,may,have,tonsolitusaswell,damn,iam,layin,in,bedreal,bored,lotsof,luv,me,xxxx
normal,2018,and,i,don't,plan,on,staying,the,night,but,i,prolly,won't,be,back,til,late
normal,2025,thanx,4,puttin,da,fone,down,on,me
normal,2024,i,need,an,8th,but,i'm,off,campus,atm,could,i,pick,up,in,an,hour,or,two
normal,2012,oh,haha,den,we,shld,had,went,today,too,gee,nvm,la,kaiez,i,dun,mind,goin,jazz,oso,scared,hiphop,open,cant,catch,up
normal,2020,been,running,but,only,managed,5,minutes,and,then,needed,oxygen,might,have,to,resort,to,the,roller,option
normal,2023,we,live,in,the,next,ltgt,mins
normal,2025,y,de,asking,like,this
normal,2025,just,glad,to,be,talking,to,you
normal,2015,wat,time,ü,finish
normal,2019,sorry,da,i,gone,mad,so,many,pending,works,what,to,do
normal,2012,how,much,you,got,for,cleaning
normal,2024,hows,my,favourite,person,today,r,u,workin,hard,couldn't,sleep,again,last,nite,nearly,rang,u,at,430
normal,2022,ü,called,dad,oredi
normal,2012,good,do,you,think,you,could,send,me,some,pix,i,would,love,to,see,your,top,and,bottom
normal,2023,nvm,i'm,going,to,wear,my,sport,shoes,anyway,i'm,going,to,be,late,leh
normal,2024,sorry,i'll,call,later,in,meeting
normal,2011,this,is,a,long,fuckin,showr
normal,2020,received,understood,n,acted,upon
normal,2016,they,finally,came,to,fix,the,ceiling
normal,2024,u,need,my,presnts,always,bcz,u,cant,mis,love,jeevithathile,irulinae,neekunna,prakasamanu,sneham,prakasam,ennal,prabha,that,mns,prabha,is'love,got,it,dont,mis,me
normal,2013,jus,finish,blowing,my,hair,u,finish,dinner,already
normal,2024,i'm,on,the,bus,love,you
normal,2023,lol,i,knew,that,i,saw,him,in,the,dollar,store
normal,2015,only,saturday,and,sunday,holiday,so,its,very,difficult
normal,2020,everybody,had,fun,this,evening,miss,you
normal,2019,got,hella,gas,money,want,to,go,on,a,grand,nature,adventure,with,galileo,in,a,little,bit
normal,2020,i'm,in,a,meeting,call,me,later,at
normal,2017,oh,wow,thats,gay,will,firmware,update,help
normal,2018,these,won't,do,have,to,move,on,to,morphine
normal,2016,how,come,i,din,c,ü,yup,i,cut,my,hair
normal,2018,k,k,pa,had,your,lunch,aha
normal,2022,oh,ho,is,this,the,first,time,u,use,these,type,of,words
normal,2013,captain,vijaykanth,is,doing,comedy,in,captain,tvhe,is,drunken
normal,2016,of,course,i,guess,god's,just,got,me,on,hold,right,now
normal,2021,do,you,hide,anythiing,or,keeping,distance,from,me
normal,2011,havent
normal,2023,sorry,i,din,lock,my,keypad
normal,2021,did,u,got,that,persons,story
normal,2025,are,you,planning,to,come,chennai
normal,2013,god,created,gap,btwn,ur,fingers,so,dat,sum1,vry,special,will,fill,those,gaps,by,holding,ur,hands,now,plz,dont,ask,y,he,created,so,much,gap,between,legs
normal,2020,we,are,okay,going,to,sleep,now,later
normal,2018,please,protect,yourself,from,ethreats,sib,never,asks,for,sensitive,information,like,passwordsatmsms,pin,thru,email,never,share,your,password,with,anybody
normal,2016,finally,it,has,happened,aftr,decades,beer,is,now,cheaper,than,petrol,the,goverment,expects,us,to,drink,but,don't,drive
normal,2017,where,r,e,meeting,tmr
normal,2018,lol,yes,but,it,will,add,some,spice,to,your,day
normal,2012,hope,you,are,having,a,great,day
normal,2021,our,prasanth,ettans,mother,passed,away,last,night,just,pray,for,her,and,family
normal,2017,k,i'll,work,something,out
normal,2014,this,message,is,from,a,great,doctor,in,india,1,do,not,drink,appy,fizz,it,contains,cancer,causing,age
normal,2016,i,cant,pick,the,phone,right,now,pls,send,a,message
normal,2016,you,call,him,and,tell,now,infront,of,them,call,him,now
normal,2022,ok,no,prob
normal,2011,ladies,first,and,genus,second,k
normal,2022,no,yes,please,been,swimming
normal,2015,mum,not,going,robinson,already
normal,2021,ok,set,let,u,noe,e,details,later
normal,2022,nottel,software,name
normal,2021,i,send,the,print,outs,da
normal,2017,im,realy,soz,imat,my,mums,2nite,what,about,2moro
normal,2024,when,i,was,born,god,said,oh,no,another,idiot,when,you,were,born,god,said,oh,no,competition,who,knew,one,day,these,two,will,become,freinds,forever
normal,2022,i,didnt,get,ur,full,msgsometext,is,missing,send,it,again
normal,2019,probably,not,i'm,almost,out,of,gas,and,i,get,some,cash,tomorrow
normal,2024,i,forgot,2,ask,ü,all,smth,there's,a,card,on,da,present,lei,how,ü,all,want,2,write,smth,or,sign,on,it
normal,2022,i'm,leaving,my,house,now
normal,2025,ü,ready,then,call,me
normal,2023,wewa,is,130,iriver,255,all,128,mb
normal,2018,it,is,a,good,thing,i'm,now,getting,the,connection,to,bw
normal,2015,sry,dajst,nw,only,i,came,to,home
normal,2018,that's,cool,he'll,be,here,all,night,lemme,know,when,you're,around
normal,2012,are,you,staying,in,town
normal,2024,haha,yeah,2,oz,is,kind,of,a,shitload
normal,2018,ok,u,can,take,me,shopping,when,u,get,paid,d
normal,2021,my,life,means,a,lot,to,me,not,because,i,love,my,life,but,because,i,love,the,people,in,my,life,the,world,calls,them,friends,i,call,them,my,world,ge
normal,2012,alright,we'll,bring,it,to,you,see,you,in,like,ltgt,mins
normal,2018,but,pls,dont,play,in,others,life
normal,2013,eatin,my,lunch
normal,2012,hmmmbut,you,should,give,it,on,one,day
normal,2018,didn't,try,g,and,i,decided,not,to,head,out
normal,2021,ok,no,prob
normal,2017,surly,ill,give,it,to,you,while,coming,to,review
normal,2025,by,march,ending,i,should,be,ready,but,will,call,you,for,sure,the,problem,is,that,my,capital,never,complete,how,far,with,you,how's,work,and,the,ladies
normal,2019,tessypls,do,me,a,favor,pls,convey,my,birthday,wishes,to,nimyapls,dnt,forget,it,today,is,her,birthday,shijas
normal,2022,pls,give,her,the,food,preferably,pap,very,slowly,with,loads,of,sugar,you,can,take,up,to,an,hour,to,give,it,and,then,some,water,very,very,slowly
normal,2023,a,guy,who,gets,used,but,is,too,dumb,to,realize,it
normal,2025,okey,dokey,ill,be,over,in,a,bit,just,sorting,some,stuff,out
normal,2024,don,no,dawhats,you,plan
normal,2018,yes,fine
normal,2019,i,liked,the,new,mobile
normal,2022,anytime
normal,2025,mmmmmmm,snuggles,into,you,deep,contented,sigh,whispers,i,fucking,love,you,so,much,i,can,barely,stand,it
normal,2025,yar,but,they,say,got,some,error
normal,2022,hey,anyway,i,have,to
normal,2012,wow,so,healthy,old,airport,rd,lor,cant,thk,of,anything,else,but,i'll,b,bathing,my,dog,later
normal,2022,wif,my,family,booking,tour,package
normal,2013,did,you,say,bold,then,torch,later,or,one,torch,and,2bold
normal,2020,haha,awesome,i,might,need,to,take,you,up,on,that,what,you,doin,tonight
normal,2011,ya,i,knw,u,vl,givits,ok,thanks,kanoanyway,enjoy,wit,ur,family,wit,1st,salary
normal,2025,huh,so,slow,i,tot,u,reach,long,ago,liao,u,2,more,days,only,i,4,more,leh
normal,2019,thats,cool,princess,i,will,cover,your,face,in,hot,sticky,cum
normal,2024,big,brothers,really,scraped,the,barrel,with,this,shower,of,social,misfits
normal,2021,oops,i,thk,i,dun,haf,enuff,i,go,check,then,tell,ü
normal,2016,s8,min,to,go,for,lunch
normal,2013,hey,what,happened,u,switch,off,ur,cell,d,whole,day,this,isnt,good,now,if,u,do,care,give,me,a,call,tomorrow
normal,2024,k,will,do,addie,amp,i,are,doing,some,art,so,i'll,be,here,when,you,get,home
normal,2024,my,uncles,in,atlanta,wish,you,guys,a,great,semester
normal,2013,aiyo,her,lesson,so,early,i'm,still,sleepin,haha,okie,u,go,home,liao,den,confirm,w,me,lor
normal,2025,forgot,to,tell,ü,smth,can,ü,like,number,the,sections,so,that,it's,clearer
normal,2024,yup,anything,lor,if,u,dun,wan,it's,ok
normal,2019,i'm,home,my,love,if,your,still,awake,loving,kiss
normal,2025,hello,peach,my,cake,tasts,lush
normal,2016,there'll,be,a,minor,shindig,at,my,place,later,tonight,you,interested
normal,2012,jason,says,it's,cool,if,we,pick,some,up,from,his,place,in,like,an,hour
normal,2011,i,career,tel,have,added,u,as,a,contact,on,indyarockscom,to,send,free,sms,to,remove,from,phonebook,sms,no,to,ltgt
normal,2024,i've,reached,already
normal,2011,i,dont,know,ask,to,my,brother,nothing,problem,some,thing,that,just,i,told
normal,2018,keng,rocking,in,ashes
normal,2022,wat,time,r,ü,going,to,xin's,hostel
normal,2011,good,morning,my,dear,shijutta,have,a,great,amp,successful,day
normal,2023,oh,kafter,that,placement,there,ah
normal,2011,not,for,possession,especially,not,first,offense
normal,2023,nt,only,for,driving,even,for,many,reasons,she,is,called,bbdthts,it,chikku,then,hw,abt,dvg,coldheard,tht,vinobanagar,violence,hw,is,the,conditionand,hw,ru,any,problem
normal,2019,i,bought,the,test,yesterday,its,something,that,lets,you,know,the,exact,day,u,ovulatewhen,will,get,2u,in,about,2,to,3wks,but,pls,pls,dont,fret,i,know,u,r,worried,pls,relax,also,is,there,anything,in,ur,past,history,u,need,to,tell,me
normal,2021,we,have,pizza,if,u,want
normal,2024,i,keep,seeing,weird,shit,and,bein,all,woah,then,realising,it's,actually,reasonable,and,i'm,all,oh
normal,2021,many,more,happy,returns,of,the,day,i,wish,you,happy,birthday
normal,2022,ya,very,nice,be,ready,on,thursday
normal,2020,i,am,in,hospital,da,i,will,return,home,in,evening
normal,2022,thinking,of,u,x
normal,2019,orh,i,tot,u,say,she,now,still,dun,believe
normal,2019,when,you,just,put,in,the,sign,choose,my,number,and,the,pin,will,show,right
normal,2023,the,beauty,of,life,is,in,next,second,which,hides,thousands,of,secrets,i,wish,every,second,will,be,wonderful,in,ur,life,gud,n8
normal,2020,thanx,u,darlinim,cool,thanx,a,few,bday,drinks,2,nite,2morrow,off,take,care,c,u,soonxxx
normal,2019,if,you're,still,up,maybe,leave,the,credit,card,so,i,can,get,gas,when,i,get,back,like,he,told,me,to
normal,2023,well,boy,am,i,glad,g,wasted,all,night,at,applebees,for,nothing
normal,2025,ok,lor,or,u,wan,me,go,look,4,u
normal,2023,u,wan,2,haf,lunch,i'm,in,da,canteen,now
normal,2015,don't,make,life,too,stressfull,always,find,time,to,laugh,it,may,not,add,years,to,your,life,but,surely,adds,more,life,to,ur,years,gud,ni8swt,dreams
normal,2024,hey,looks,like,i,was,wrong,and,one,of,the,kappa,guys,numbers,is,still,on,my,phone,if,you,want,i,can,text,him,and,see,if,he's,around
normal,2019,i'm,home,doc,gave,me,pain,meds,says,everything,is,fine
normal,2018,it's,é,only,140,ardé,rest,all,ard,180,at,leastwhich,is,é,price,4,é,2,bedrm,900
normal,2025,me,too,have,a,lovely,night,xxx
normal,2021,prepare,to,be,pleasured
normal,2012,hitechnical,supportproviding,assistance,to,us,customer,through,call,and,email
normal,2013,if,you,text,on,your,way,to,cup,stop,that,should,work,and,that,should,be,bus
normal,2012,whens,your,radio,show
normal,2019,i'm,not,sure,if,its,still,available,though
normal,2016,watever,relation,u,built,up,in,dis,world,only,thing,which,remains,atlast,iz,lonlines,with,lotz,n,lot,memories,feeling
normal,2023,cheers,lou,yeah,was,a,goodnite,shame,u,neva,came,c,ya,gailxx
normal,2023,hii,got,the,money,da
normal,2021,hi,mobile,no,ltgt,has,added,you,in,their,contact,list,on,wwwfullonsmscom,it,s,a,great,place,to,send,free,sms,to,people,for,more,visit,fullonsmscom
normal,2023,ok,then,u,tell,me,wat,time,u,coming,later,lor
normal,2018,u,repeat,e,instructions,again,wat's,e,road,name,of,ur,house
normal,2019,so,many,people,seems,to,be,special,at,first,sight,but,only,very,few,will,remain,special,to,you,till,your,last,sight,maintain,them,till,life,ends,shjas
normal,2014,quite,lor,but,dun,tell,him,wait,he,get,complacent
normal,2022,sorry,completely,forgot,will,pop,em,round,this,week,if,your,still,here
normal,2021,u,r,the,most,beautiful,girl,ive,ever,seen,u,r,my,baby,come,and,c,me,in,the,common,room
normal,2018,o,we,cant,see,if,we,can,join,denis,and,mina,or,does,denis,want,alone,time
normal,2020,sen,told,that,he,is,going,to,join,his,uncle,finance,in,cbe
normal,2019,yup,hey,then,one,day,on,fri,we,can,ask,miwa,and,jiayin,take,leave,go,karaoke
normal,2020,call,me,i,am,senthil,from,hsbc
normal,2013,especially,since,i,talk,about,boston,all,up,in,my,personal,statement,lol,i,woulda,changed,that,if,i,had,realized,it,said,nyc,it,says,boston,now
normal,2014,indeed,and,by,the,way,it,was,either,or,not,both
normal,2025,holy,living,christ,what,is,taking,you,so,long
normal,2020,ü,thk,of,wat,to,eat,tonight
normal,2018,thanx,yup,we,coming,back,on,sun,finish,dinner,going,back,2,hotel,now,time,flies,we're,tog,4,exactly,a,mth,today,hope,we'll,haf,many,more,mths,to,come
normal,2024,we're,on,the,opposite,side,from,where,we,dropped,you,off
normal,2024,yup,izzit,still,raining,heavily,cos,i'm,in,e,mrt,i,can't,c,outside
normal,2020,send,me,your,resume
normal,2017,gd,luck,4,ur,exams
normal,2016,or,u,ask,they,all,if,next,sat,can,a,not,if,all,of,them,can,make,it,then,i'm,ok,lor
normal,2013,sorry,that,was,my,uncle,ill,keep,in,touch
normal,2025,saw,guys,and,dolls,last,night,with,patrick,swayze,it,was,great
normal,2017,just,come,home,i,don't,want,u,to,be,miserable
normal,2011,i,dont,know,why,shes,not,getting,your,messages
normal,2021,its,cool,but,tyler,had,to,take,off,so,we're,gonna,buy,for,him,and,drop,it,off,at,his,place,later,tonight,our,total,order,is,a,quarter,you,got,enough
normal,2023,the,guy,at,the,car,shop,who,was,flirting,with,me,got,my,phone,number,from,the,paperwork,and,called,and,texted,me,i'm,nervous,because,of,course,now,he,may,have,my,address,should,i,call,his,boss,and,tell,him,knowing,this,may,get,him,fired
normal,2022,reverse,is,cheating,that,is,not,mathematics
normal,2025,how,do,you,plan,to,manage,that
normal,2021,er,hello,things,didnt,quite,go,to,plan,is,limping,slowly,home,followed,by,aa,and,with,exhaust,hanging,off
normal,2013,sorry,for,the,delay,yes,masters
normal,2022,call,me,when,u,finish,then,i,come,n,pick,u
normal,2020,what's,up,my,own,oga,left,my,phone,at,home,and,just,saw,ur,messages,hope,you,are,good,have,a,great,weekend
normal,2019,don't,worry,though,i,understand,how,important,it,is,that,i,be,put,in,my,place,with,a,poorly,thought,out,punishment,in,the,face,of,the,worst,thing,that,has,ever,happened,to,me,brb,gonna,go,kill,myself
normal,2014,honey,can,you,pls,find,out,how,much,they,sell,predicte,in,nigeria,and,how,many,times,can,it,be,used,its,very,important,to,have,a,reply,before,monday
normal,2016,e,admin,building,there,i,might,b,slightly,earlier,i'll,call,u,when,i'm,reaching
normal,2022,fyi,i'm,at,usf,now,swing,by,the,room,whenever
normal,2016,i,can,call,in,ltgt,min,if,thats,ok
normal,2019,ummmmmaah,many,many,happy,returns,of,d,day,my,dear,sweet,heart,happy,birthday,dear
normal,2018,ü,no,home,work,to,do,meh
normal,2019,anything,is,valuable,in,only,2,situations,first,before,getting,it,second,after,loosing,it
normal,2025,me,too,mark,is,taking,forever,to,pick,up,my,prescription,and,the,pain,is,coming,back
normal,2022,how's,ur,paper
normal,2021,got,smaller,capacity,one,quite,ex
normal,2014,im,good,i,have,been,thinking,about,you
normal,2013,not,thought,bout,it,drink,in,tap,spile,at,seven,is,that,pub,on,gas,st,off,broad,st,by,canal,ok
normal,2025,i,am,going,to,sleep,i,am,tired,of,travel
normal,2024,haha,just,what,i,was,thinkin
normal,2023,yup,but,it's,not,giving,me,problems,now,so,mayb,i'll,jus,leave,it
normal,2014,lol,no,just,trying,to,make,your,day,a,little,more,interesting
normal,2024,how,long,before,you,get,reply,just,defer,admission,til,next,semester
normal,2018,the,word,checkmate,in,chess,comes,from,the,persian,phrase,shah,maat,which,means,the,king,is,dead,goodmorning,have,a,good,day
normal,2016,po,de,no,need,job,aha
normal,2021,rats,hey,did,u,ever,vote,for,the,next,themes
normal,2019,i,hope,your,pee,burns,tonite
normal,2019,oh,rite,well,im,with,my,best,mate,pete,who,i,went,out,with,4,a,week,now,were,2geva,again,its,been,longer,than,a,week
normal,2024,yay,can't,wait,to,party,together
normal,2021,photoshop,makes,my,computer,shut,down
normal,2011,all,boys,made,fun,of,me,today,ok,i,have,no,problem,i,just,sent,one,message,just,for,fun
normal,2017,that's,one,of,the,issues,but,california,is,okay,no,snow,so,its,manageable
normal,2020,hmmm,mayb,can,try,e,shoppin,area,one,but,forgot,e,name,of,hotel
normal,2016,awesome,that,gonna,be,soon,or,later,tonight
normal,2020,i,need,details,about,that,online,job
normal,2015,missing,you,toopray,inshah,allah
normal,2019,pls,help,me,tell,ashley,that,i,cant,find,her,number,oh
normal,2018,i,am,in,escape,theatre,now,going,to,watch,kavalan,in,a,few,minutes
normal,2024,sthis,will,increase,the,chance,of,winning
normal,2017,either,way,works,for,me,i,am,ltgt,years,old,hope,that,doesnt,bother,you
normal,2012,maybe,you,should,find,something,else,to,do,instead
normal,2015,gain,the,rights,of,a,wifedont,demand,iti,am,trying,as,husband,toolets,see
normal,2012,i,liked,your,new,house
normal,2018,i'm,fine,hope,you,are,also
normal,2023,also,north,carolina,and,texas,atm,you,would,just,go,to,the,gre,site,and,pay,for,the,test,results,to,be,sent
normal,2016,same,to,u
normal,2016,yes,baby,i,need,to,stretch,open,your,pussy
normal,2022,thanks,and,or,bomb,and,date,as,my,phone,wanted,to,say
normal,2023,ok
normal,2019,hey,a,guy,i,know,is,breathing,down,my,neck,to,get,him,some,bud,anyway,you'd,be,able,to,get,a,half,track,to,usf,tonight
normal,2011,response,is,one,of,d,powerful,weapon,2,occupy,a,place,in,others,heart,so,always,give,response,2,who,cares,4,u,gud,nightswt,dreamstake,care
normal,2017,nokia,phone,is,lovly
normal,2016,sorry,datoday,i,wont,come,to,playi,have,driving,clas
normal,2021,i'm,really,sorry,i,lit,your,hair,on,fire
normal,2024,oh,shit,i,thought,that,was,your,trip,loooooool,that,just,makes,so,much,more,sense,now,grins,and,the,sofa,reference,was,the,sleep,on,a,couch,link,you,sent,me,wasn't,that,how,you,went,on,your,trip,oh,and,didn't,your,babe,go,with,you,for,that,celebration,with,your,rents
normal,2020,okey,dokey,swashbuckling,stuff,what,oh
normal,2016,watching,cartoon,listening,music,amp,at,eve,had,to,go,temple,amp,church,what,about,u
normal,2021,1,tension,face,2,smiling,face,3,waste,face,4,innocent,face,5terror,face,6cruel,face,7romantic,face,8lovable,face,9decent,face,ltgt,joker,face
normal,2016,dip's,cell,dead,so,i,m,coming,with,him,u,better,respond,else,we,shall,come,back
normal,2020,well,you,know,what,i,mean,texting
normal,2025,hi,dis,is,yijue,i,would,be,happy,to,work,wif,ü,all,for,gek1510
normal,2015,lol,oops,sorry,have,fun
normal,2021,wat,happened,to,the,cruise,thing
normal,2025,i,know,dat,feelin,had,it,with,pete,wuld,get,with,em,nuther,place,nuther,time,mayb
normal,2022,the,world's,most,happiest,frnds,never,have,the,same,characters,dey,just,have,the,best,understanding,of,their,differences
normal,2017,yeah,just,open,chat,and,click,friend,lists,then,make,the,list,easy,as,pie
normal,2022,alright,tyler's,got,a,minor,crisis,and,has,to,be,home,sooner,than,he,thought,so,be,here,asap
normal,2018,whenwhere,do,i,pick,you,up
normal,2024,as,usual,u,can,call,me,ard,10,smth
normal,2022,new,theory,argument,wins,d,situation,but,loses,the,person,so,dont,argue,with,ur,friends,just,kick,them,amp,say,i'm,always,correct
normal,2017,for,many,things,its,an,antibiotic,and,it,can,be,used,for,chest,abdomen,and,gynae,infections,even,bone,infections
normal,2019,poor,girl,can't,go,one,day,lmao
normal,2022,or,just,do,that,6times
normal,2023,you,have,to,pls,make,a,note,of,all,shes,exposed,to,also,find,out,from,her,school,if,anyone,else,was,vomiting,is,there,a,dog,or,cat,in,the,house,let,me,know,later
normal,2022,japanese,proverb,if,one,can,do,it,u,too,can,do,it,if,none,can,do,itu,must,do,it,indian,version,if,one,can,do,it,let,him,do,it,if,none,can,do,itleave,it,and,finally,kerala,version,if,one,can,do,it,stop,him,doing,it,if,none,can,do,it,make,a,strike,against,it
normal,2025,sounds,like,there,could,be,a,lot,of,time,spent,in,that,chastity,device,boy,grins,or,take,your,beatings,like,a,good,dog,going,to,lounge,in,a,nice,long,bath,now
normal,2025,its,worse,if,if,uses,half,way,then,stops,its,better,for,him,to,complete,it
normal,2016,miserable,they,don't,tell,u,that,the,side,effects,of,birth,control,are,massive,gut,wrenching,cramps,for,the,first,2,months,i,didn't,sleep,at,all,last,night
normal,2018,send,me,the,new,number
normal,2023,convey,my,regards,to,him
normal,2018,2,and,half,years,i,missed,your,friendship
normal,2024,i,cant,pick,the,phone,right,now,pls,send,a,message
normal,2018,oh,for,fuck's,sake,she's,in,like,tallahassee
normal,2024,haha,that,was,the,first,person,i,was,gonna,ask
normal,2019,taka,lor,wat,time,u,wan,2,come,n,look,4,us
normal,2022,im,reaching,in,another,2,stops
normal,2017,no,i,didn't,mean,to,post,it,i,wrote,it,and,like,so,many,other,times,i've,ritten,stuff,to,you,i,let,it,sit,there,it,was,what,i,was,feeling,at,the,time,i,was,angry,before,i,left,i,hit,send,then,stop,it,wasn't,there,i,checked,on,my,phone,when,i,got,to,my,car,it,wasn't,there,you,said,you,didn't,sleep,you,were,bored,so,why,wouldn't,that,be,the,time,to,clean,fold,laundry,etc,at,least,make,the,bed
normal,2025,will,you,come,online,today,night
normal,2018,then,anything,special
normal,2019,i'm,in,solihull,do,you,want,anything
normal,2017,will,do,have,a,good,day
normal,2024,we,regret,to,inform,u,that,the,nhs,has,made,a,mistakeu,were,never,actually,bornplease,report,2,yor,local,hospital,2b,terminatedwe,r,sorry,4,the,inconvenience
normal,2020,love,that,holiday,monday,feeling,even,if,i,have,to,go,to,the,dentists,in,an,hour
normal,2013,i,am,on,the,way,to,tirupur
normal,2013,you've,already,got,a,flaky,parent,it'snot,supposed,to,be,the,child's,job,to,support,the,parentnot,until,they're,the,ride,age,anyway,i'm,supposed,to,be,there,to,support,you,and,now,i've,hurt,you,unintentional,but,hurt,nonetheless
normal,2025,we,took,hooch,for,a,walk,toaday,and,i,fell,over,splat,grazed,my,knees,and,everything,should,have,stayed,at,home,see,you,tomorrow
normal,2023,just,dropped,em,off,omw,back,now
normal,2013,sitting,in,mu,waiting,for,everyone,to,get,out,of,my,suite,so,i,can,take,a,shower
normal,2017,re,your,call,you,didn't,see,my,facebook,huh
normal,2025,g,says,you,never,answer,your,texts,confirmdeny
normal,2019,its,so,common,hearin,how,r,u,wat,r,u,doing,how,was,ur,day,so,let,me,ask,u,something,different,did,u,smile,today,if,not,do,it,now,gud,evng
normal,2024,hi,dear,call,me,its,urgnt,i,don't,know,whats,your,problem,you,don't,want,to,work,or,if,you,have,any,other,problem,at,least,tell,me,wating,for,your,reply
normal,2014,oh,yah,we,never,cancel,leh,haha
normal,2011,we,can,go,4,e,normal,pilates,after,our,intro
normal,2018,ok,let,u,noe,when,i,leave,my,house
normal,2023,oh,yes,why,is,it,like,torture,watching,england
normal,2021,wanna,do,some,art,d
normal,2022,just,hopeing,that,wasnt,too,pissed,up,to,remember,and,has,gone,off,to,his,sisters,or,something
normal,2022,good,morning,my,boytoy,how's,those,yummy,lips,where's,my,sexy,buns,now,what,do,you,do,do,you,think,of,me,do,you,crave,me,do,you,need,me
normal,2021,match,startedindia,ltgt,for,2
normal,2022,once,free,call,me,sir
normal,2025,hey,do,you,want,anything,to,buy
normal,2011,hey,babe,how's,it,going,did,you,ever,figure,out,where,your,going,for,new,years
normal,2024,kkcongratulation
normal,2021,g,wants,to,know,where,the,fuck,you,are
normal,2017,no,it,was,cancelled,yeah,baby,well,that,sounds,important,so,i,understand,my,darlin,give,me,a,ring,later,on,this,fone,love,kate,x
normal,2022,tomarrow,i,want,to,got,to,court,at,ltdecimalgt,so,you,come,to,bus,stand,at,9
normal,2019,ü,go,home,liao,ask,dad,to,pick,me,up,at,6
normal,2012,omg,you,can,make,a,wedding,chapel,in,frontierville,why,do,they,get,all,the,good,stuff
normal,2018,i'm,eatin,now,lor,but,goin,back,to,work,soon,e,mountain,deer,show,huh,i,watch,b4,liao,very,nice
normal,2023,check,maili,have,mailed,varma,and,kept,copy,to,you,regarding,membershiptake,careinsha,allah
normal,2023,wrong,phone,this,phone,i,answer,this,one,but,assume,the,other,is,people,i,don't,well
normal,2021,anyway,i,don't,think,i,can,secure,anything,up,here,lemme,know,if,you,want,me,to,drive,down,south,and,chill
normal,2014,i'm,already,back,home,so,no,probably,not
normal,2012,i,am,in,bus,on,the,way,to,calicut
normal,2025,hi,its,me,you,are,probably,having,too,much,fun,to,get,this,message,but,i,thought,id,txt,u,cos,im,bored,and,james,has,been,farting,at,me,all,night
normal,2017,hi,baby,im,sat,on,the,bloody,bus,at,the,mo,and,i,wont,be,home,until,about,730,wanna,do,somethin,later,call,me,later,ortxt,back,jess,xx
normal,2023,i,lost,4,pounds,since,my,doc,visit,last,week,woot,woot,now,i'm,gonna,celebrate,by,stuffing,my,face
normal,2022,u,coming,back,4,dinner,rite,dad,ask,me,so,i,re,confirm,wif,u
normal,2020,doing,my,masters,when,will,you,buy,a,bb,cos,i,have,for,sale,and,how's,bf
normal,2022,ahhhhjust,woken,uphad,a,bad,dream,about,u,thoso,i,dont,like,u,right,now,i,didnt,know,anything,about,comedy,night,but,i,guess,im,up,for,it
normal,2022,i'm,viveki,got,call,from,your,number
normal,2016,why,didn't,u,call,on,your,lunch
normal,2023,what,i,mean,was,i,left,too,early,to,check,cos,i'm,working,a,96
normal,2011,i,want,ltgt,rs,dado,you,have,it
normal,2016,a,bit,of,ur,smile,is,my,hppnss,a,drop,of,ur,tear,is,my,sorrow,a,part,of,ur,heart,is,my,life,a,heart,like,mine,wil,care,for,u,forevr,as,my,goodfriend
normal,2025,yup,ok
normal,2012,i,want,to,see,your,pretty,pussy
normal,2015,a,few,people,are,at,the,game,i'm,at,the,mall,with,iouri,and,kaila
normal,2023,future,is,not,what,we,planned,for,tomorrow,it,is,the,result,of,what,we,do,today,do,the,best,in,present,enjoy,the,future
normal,2012,i,will,cme,i,want,to,go,to,hos,2morow,after,that,i,wil,cme,this,what,i,got,from,her,dear,what,to,do,she,didnt,say,any,time
normal,2023,we,are,supposed,to,meet,to,discuss,abt,our,trip,thought,xuhui,told,you,in,the,afternoon,thought,we,can,go,for,lesson,after,that
normal,2022,hey,come,online,use,msn,we,are,all,there
normal,2022,i'm,fine,hope,you,are,good,do,take,care
normal,2019,oops,i,was,in,the,shower,when,u,called,hey,a,parking,garage,collapsed,at,university,hospital,see,i'm,not,crazy,stuff,like,that,does,happen
normal,2013,aiyo,u,so,poor,thing,then,u,dun,wan,2,eat,u,bathe,already
normal,2021,yar,i,tot,u,knew,dis,would,happen,long,ago,already
normal,2019,you,are,gorgeous,keep,those,pix,cumming,thank,you
normal,2013,a,boy,was,late,2,home,his,father,power,of,frndship
normal,2016,jade,its,paul,y,didnt,u,txt,me,do,u,remember,me,from,barmed,i,want,2,talk,2,u,txt,me
normal,2019,spending,new,years,with,my,brother,and,his,family,lets,plan,to,meet,next,week,are,you,ready,to,be,spoiled
normal,2023,so,what,u,doing,today
normal,2014,i,said,its,okay,sorry
normal,2020,slept,i,thinkthis,time,ltgt,pm,is,not,dangerous
normal,2025,networking,job,is,there
normal,2022,dont,let,studying,stress,you,out,l8r
normal,2023,that's,y,u,haf,2,keep,me,busy
normal,2021,no,rushing,i'm,not,working,i'm,in,school,so,if,we,rush,we,go,hungry
normal,2025,which,channel
normal,2021,so,your,telling,me,i,coulda,been,your,real,valentine,and,i,wasn't,u,never,pick,me,for,nothing
normal,2012,we,made,it,eta,at,taunton,is,1230,as,planned,hope,thats,still,okday,good,to,see,you,xx
normal,2017,i'm,hungry,buy,smth,home
normal,2013,hey,kate,hope,ur,ok,will,give,u,a,buz,wedlunch,go,outsomewhere,4,adrink,in,towncud,go,2watershd,4,a,bit,ppl,fromwrk,will,bthere,love,petexxx
normal,2020,my,drive,can,only,be,read,i,need,to,write
normal,2022,just,looked,it,up,and,addie,goes,back,monday,sucks,to,be,her
normal,2016,happy,new,year,hope,you,are,having,a,good,semester
normal,2017,esplanade,lor,where,else
normal,2020,can,you,talk,with,me
normal,2021,hmph,go,head,big,baller
normal,2017,well,its,not,like,you,actually,called,someone,a,punto,that,woulda,been,worse
normal,2021,nope,since,ayo,travelled,he,has,forgotten,his,guy
normal,2023,you,still,around,looking,to,pick,up,later
normal,2011,there's,someone,here,that,has,a,year,ltgt,toyota,camry,like,mr,olayiwola's,own,mileage,is,ltgt,kits,clean,but,i,need,to,know,how,much,will,it,sell,for,if,i,can,raise,the,dough,for,it,how,soon,after,landing,will,it,sell,holla,back
normal,2022,guess,which,pub,im,in,im,as,happy,as,a,pig,in,clover,or,whatever,the,saying,is
normal,2011,ill,b,down,soon
normal,2014,oh,k,i,will,come,tomorrow
normal,2024,go,fool,dont,cheat,others,ok
normal,2025,my,mobile,numberpls,sms,ur,mail,idconvey,regards,to,achanammarakheshqatar
normal,2013,by,the,way,rencontre,is,to,meet,again,mountains,dont
normal,2012,u,attend,ur,driving,lesson,how,many,times,a,wk,n,which,day
normal,2023,uncle,g,just,checking,up,on,you,do,have,a,rewarding,month
normal,2024,hello,boytoy,geeee,i'm,missing,you,today,i,like,to,send,you,a,tm,and,remind,you,i'm,thinking,of,you,and,you,are,loved,loving,kiss
normal,2021,i,think,the,other,two,still,need,to,get,cash,but,we,can,def,be,ready,by,9
normal,2020,hey,galsu,all,wanna,meet,4,dinner,at,nìte
normal,2012,babe,what,are,you,doing,where,are,you,who,are,you,talking,to,do,you,think,of,me,are,you,being,a,good,boy,are,you,missing,me,do,you,love,me
normal,2020,great,how,is,the,office,today
normal,2023,it's,cool,we,can,last,a,little,while,getting,more,any,time,soon
normal,2021,sad,puppy,noise
normal,2024,yes,its,possible,but,dint,try,pls,dont,tell,to,any,one,k
normal,2020,anyway,holla,at,me,whenever,you're,around,because,i,need,an,excuse,to,go,creep,on,people,in,sarasota
normal,2017,where,you,what,happen
normal,2019,i,was,gonna,ask,you,lol,but,i,think,its,at,7
normal,2025,go,chase,after,her,and,run,her,over,while,she's,crossing,the,street
normal,2017,is,there,coming,friday,is,leave,for,pongaldo,you,get,any,news,from,your,work,place
normal,2022,hey,very,inconvenient,for,your,sis,a,not,huh
normal,2020,ok,i,vldo,u,know,i,got,adsense,approved
normal,2024,was,really,good,to,see,you,the,other,day,dudette,been,missing,you
normal,2013,i,want,to,go,to,perumbavoor
normal,2017,how,many,times,i,told,in,the,stage,all,use,to,laugh,you,not,listen,aha
normal,2012,you,didn't,hear,it,from,me
normal,2023,thanks,for,being,there,for,me,just,to,talk,to,on,saturday,you,are,very,dear,to,me,i,cherish,having,you,as,a,brother,and,role,model
normal,2022,pls,clarify,back,if,an,open,return,ticket,that,i,have,can,be,preponed,for,me,to,go,back,to,kerala
normal,2021,she,ran,off,with,a,younger,man,we,will,make,pretty,babies,together
normal,2020,o,ic,lol,should,play,9,doors,sometime,yo
normal,2024,dunno,my,dad,said,he,coming,home,2,bring,us,out,4,lunch,yup,i,go,w,u,lor,i,call,u,when,i,reach,school,lor
normal,2013,we,have,sent,jd,for,customer,service,cum,accounts,executive,to,ur,mail,id,for,details,contact,us
normal,2024,desires,u,going,to,doctor,4,liver,and,get,a,bit,stylish,get,ur,hair,managed,thats,it
normal,2019,hmmmstill,we,dont,have,opener
normal,2023,yeah,so,basically,any,time,next,week,you,can,get,away,from,your,mom,amp,get,up,before,3
normal,2016,edison,has,rightly,said,a,fool,can,ask,more,questions,than,a,wise,man,can,answer,now,you,know,why,all,of,us,are,speechless,during,viva,gmgngegnt
normal,2015,i,will,vote,for,wherever,my,heart,guides,me
normal,2012,with,my,sis,lor,we,juz,watched,italian,job
normal,2022,tick,tick,tick,where,are,you,i,could,die,of,loneliness,you,know,pouts,stomps,feet,i,need,you
normal,2015,lmao,you,know,me,so,well
normal,2011,am,on,a,train,back,from,northampton,so,i'm,afraid,not,i'm,staying,skyving,off,today,ho,ho,will,be,around,wednesday,though,do,you,fancy,the,comedy,club,this,week,by,the,way
normal,2018,goodnight,da,thangam,i,really,miss,u,dear
normal,2022,hey,next,sun,1030,there's,a,basic,yoga,course,at,bugis,we,can,go,for,that,pilates,intro,next,sat,tell,me,what,time,you,r,free
normal,2021,geeeee,your,internet,is,really,bad,today,eh
normal,2020,i,think,i,am,disturbing,her,da
normal,2024,sorry,i'll,call,you,later,i,am,in,meeting,sir
normal,2020,havent,stuck,at,orchard,in,my,dad's,car,going,4,dinner,now,u,leh,so,r,they,free,tonight
normal,2016,ok,i,also,wan,2,watch,e,9,pm,show
normal,2011,i,dunno,lei,like,dun,haf
normal,2017,but,your,brother,transfered,only,ltgt,ltgt,pa
normal,2025,i,calls,you,later,afternoon,onwords,mtnl,service,get,problem,in,south,mumbai,i,can,hear,you,but,you,cann't,listen,me
normal,2024,talk,to,g,and,x,about,that
normal,2020,hai,dear,friends,this,is,my,new,amp,present,number,by,rajitha,raj,ranju
normal,2021,as,in,different,styles
normal,2017,gud,ni8,dearslp,welltake,careswt,dreamsmuah
normal,2017,i,want,to,sent,ltgt,mesages,today,thats,y,sorry,if,i,hurts
normal,2015,well,i'm,glad,you,didn't,find,it,totally,disagreeable,lol
normal,2013,guy,no,flash,me,now,if,you,go,call,me,call,me,how,madam,take,care,oh
normal,2017,mark,works,tomorrow,he,gets,out,at,5,his,work,is,by,your,house,so,he,can,meet,u,afterwards
normal,2022,keep,ur,problems,in,ur,heart,b'coz,nobody,will,fight,for,u,only,u,amp,u,have,to,fight,for,ur,self,amp,win,the,battle,vivekanand,g,9t,sd,normal,yeah,give,me,a,call,if,you've,got,a,minute,normal,hi,babe,uawakefeellikw,shitjustfound,out,via,aletter,thatmum,gotmarried,4thnovbehind,ourbacks,fuckinniceselfishdeviousbitchanywayil,call,u
normal,2017,amazing,if,you,rearrange,these,letters,it,gives,the,same,meaning,dormitory,dirty,room,astronomer,moon,starer,the,eyes,they,see,election,results,lies,lets,recount,motherinlaw,woman,hitler,eleven,plus,two,twelve,plus,one,its,amazing
normal,2020,aiya,we,discuss,later,lar,pick,ü,up,at,4,is,it
normal,2016,hey,happy,birthday
normal,2012,sorry,i,missed,your,call,can,you,please,call,back
normal,2011,omg,if,its,not,one,thing,its,another,my,cat,has,worms,when,does,this,bad,day,end
normal,2017,good,morning,im,suffering,from,fever,and,dysentry,will,not,be,able,to,come,to,office,today
normal,2017,i,wont,do,anything,de
normal,2020,what,type,of,stuff,do,you,sing
normal,2024,st,andre,virgil's,cream
normal,2016,no,no,i,will,check,all,rooms,befor,activities
normal,2023,my,fri,ah,okie,lorgoin,4,my,drivin,den,go,shoppin,after,tt
normal,2022,gokila,is,talking,with,you,aha
normal,2023,hi,shanilrakhesh,herethanksi,have,exchanged,the,uncut,diamond,stuffleaving,back,excellent,service,by,dino,and,prem
normal,2023,kkthis,month,kotees,birthday,know
normal,2020,but,i'm,really,really,broke,oh,no,amount,is,too,small,even,ltgt
normal,2013,sorry,about,that,this,is,my,mates,phone,and,i,didnt,write,it,love,kate
normal,2023,ah,well,that,confuses,things,doesnt,it,i,thought,was,friends,with,now,maybe,i,did,the,wrong,thing,but,i,already,sort,of,invited,tho,he,may,not,come,cos,of,money
normal,2017,aight,call,me,once,you're,close
normal,2025,nope,thats,fine,i,might,have,a,nap,tho
normal,2019,in,other,news,after,hassling,me,to,get,him,weed,for,a,week,andres,has,no,money,haughaighgtujhyguj
normal,2024,a,boy,loved,a,gal,he,propsd,bt,she,didnt,mind,he,gv,lv,lttrs,bt,her,frnds,threw,thm,again,d,boy,decided,2,aproach,d,gal,dt,time,a,truck,was,speeding,towards,d,gal,wn,it,was,about,2,hit,d,girld,boy,ran,like,hell,n,saved,her,she,asked,hw,cn,u,run,so,fast,d,boy,replied,boost,is,d,secret,of,my,energy,n,instantly,d,girl,shouted,our,energy,n,thy,lived,happily,2gthr,drinking,boost,evrydy,moral,of,d,story,i,hv,free,msgsd,gud,ni8
normal,2011,i,wnt,to,buy,a,bmw,car,urgentlyits,vry,urgentbut,hv,a,shortage,of,ltgt,lacsthere,is,no,source,to,arng,dis,amt,ltgt,lacsthats,my,prob
normal,2015,ding,me,on,ya,break,fassyole,blacko,from,londn
normal,2025,i,really,need,2,kiss,u,i,miss,u,my,baby,from,ur,baby,4eva
normal,2021,the,sign,of,maturity,is,not,when,we,start,saying,big,things,but,actually,it,is,when,we,start,understanding,small,things,have,a,nice,evening,bslvyl
normal,2016,oh,you,got,many,responsibilities
normal,2013,i've,reached,sch,already
normal,2022,u,definitely,need,a,module,from,e,humanities,dis,sem,izzit,u,wan,2,take,other,modules,1st
normal,2023,argh,why,the,fuck,is,nobody,in,town
normal,2025,thanks,fills,me,with,complete,calm,and,reassurance
normal,2012,aslamalaikkuminsha,allah,tohar,beeen,muht,albi,mufti,mahfuuzmeaning,same,here
normal,2016,are,you,driving,or,training
normal,2025,lol,for,real,she,told,my,dad,i,have,cancer
normal,2017,oops,i,did,have,it,ltgt
normal,2011,not,enufcredeit,tocallshall,ileave,uni,at,6,get,a,bus,to,yor,house
normal,2018,hi,chikku,send,some,nice,msgs
normal,2025,he,is,impossible,to,argue,with,and,he,always,treats,me,like,his,sub,like,he,never,released,me,which,he,did,and,i,will,remind,him,of,that,if,necessary
normal,2016,after,my,work,ah,den,6,plus,lor,u,workin,oso,rite,den,go,orchard,lor,no,other,place,to,go,liao
normal,2017,to,the,wonderful,okors,have,a,great,month,we,cherish,you,guys,and,wish,you,well,each,day,mojibiola
normal,2015,cuz,ibored,and,don,wanna,study
normal,2021,wot,about,on,wed,nite,i,am,3,then,but,only,til,9
normal,2014,rose,for,redred,for,bloodblood,for,heartheart,for,u,but,u,for,me,send,tis,to,all,ur,friends,including,me,if,u,like,me,if,u,get,back,1u,r,poor,in,relation,2u,need,some,1,to,support,3u,r,frnd,2,many,4some1,luvs,u,5,some1,is,praying,god,to,marry,u,try,it
normal,2025,any,way,where,are,you,and,what,doing
normal,2021,that,sucks,i'll,go,over,so,u,can,do,my,hair,you'll,do,it,free,right
normal,2024,it's,still,not,working,and,this,time,i,also,tried,adding,zeros,that,was,the,savings,the,checking,is,ltgt
normal,2013,hmm,dunno,leh,mayb,a,bag,4,goigng,out,dat,is,not,too,small,or,jus,anything,except,perfume,smth,dat,i,can,keep
normal,2021,sday,only,joinedso,training,we,started,today
normal,2023,sorry,was,at,the,grocers
normal,2017,there,are,some,nice,pubs,near,here,or,there,is,frankie,n,bennys,near,the,warner,cinema
normal,2018,yup,i,havent,been,there,before,you,want,to,go,for,the,yoga,i,can,call,up,to,book
normal,2021,oh,shut,it,omg,yesterday,i,had,a,dream,that,i,had,2,kids,both,boys,i,was,so,pissed,not,only,about,the,kids,but,them,being,boys,i,even,told,mark,in,my,dream,that,he,was,changing,diapers,cause,i'm,not,getting,owed,in,the,face
normal,2021,yeah,i,imagine,he,would,be,really,gentle,unlike,the,other,docs,who,treat,their,patients,like,turkeys
normal,2024,now,that,you,have,started,dont,stop,just,pray,for,more,good,ideas,and,anything,i,see,that,can,help,you,guys,ill,forward,you,a,link
normal,2022,hi,darlin,im,on,helens,fone,im,gonna,b,up,the,princes,2,nite,please,come,up,tb,love,kate
normal,2023,i'm,in,office,now,dawhere,are,you
normal,2022,aiyar,u,so,poor,thing,i,give,u,my,support,k,jia,you,i'll,think,of,u
normal,2016,oh,unintentionally,not,bad,timing,great,fingers,the,trains,play,along,will,give,fifteen,min,warning
normal,2021,kthen,come,wenever,u,lik,to,come,and,also,tel,vikky,to,come,by,getting,free,time
normal,2025,pls,call,me,da,what,happen
normal,2022,happy,new,year,to,u,and,ur,familymay,this,new,year,bring,happiness,stability,and,tranquility,to,ur,vibrant,colourful,life
normal,2017,no,problem,with,the,renewal,ill,do,it,right,away,but,i,dont,know,his,details
normal,2024,idk,i'm,sitting,here,in,a,stop,and,shop,parking,lot,right,now,bawling,my,eyes,out,because,i,feel,like,i'm,a,failure,in,everything,nobody,wants,me,and,now,i,feel,like,i'm,failing,you
normal,2012,haven't,left,yet,so,probably,gonna,be,here,til,dinner
normal,2015,like,ltgt,same,question
normal,2014,my,new,years,eve,was,ok,i,went,to,a,party,with,my,boyfriend,who,is,this,si,then,hey
normal,2022,sir,i,need,velusamy,sir's,date,of,birth,and,company,bank,facilities,details
normal,2015,k,k,sms,chat,with,me
normal,2015,i,will,come,with,karnan,car,please,wait,till,6pm,will,directly,goto,doctor
normal,2021,no,but,the,bluray,player,can
normal,2017,ok,then,r,we,meeting,later
normal,2020,lol,no,i,just,need,to,cash,in,my,nitros,hurry,come,on,before,i,crash,out
normal,2022,just,send,a,text,we'll,skype,later
normal,2024,ok,leave,no,need,to,ask
normal,2017,ü,still,got,lessons,ü,in,sch
normal,2022,y,she,dun,believe,leh,i,tot,i,told,her,it's,true,already,i,thk,she,muz,c,us,tog,then,she,believe
normal,2022,oh,did,you,charge,camera
normal,2015,ive,got,some,salt,you,can,rub,it,in,my,open,wounds,if,you,like
normal,2024,now,i'm,going,for,lunch
normal,2014,i'm,in,school,now,n,i'll,be,in,da,lab,doing,some,stuff,give,me,a,call,when,ü,r,done
normal,2018,oh,k,i,will,come,tomorrow
normal,2012,aight,text,me,tonight,and,we'll,see,what's,up
normal,2020,water,logging,in,desert,geoenvironmental,implications
normal,2025,rajipls,do,me,a,favour,pls,convey,my,birthday,wishes,to,nimya,pls,today,is,her,birthday
normal,2014,company,is,very,goodenvironment,is,terrific,and,food,is,really,nice
normal,2017,very,strange,and,are,watching,the,2nd,one,now,but,i'm,in,bed,sweet,dreams,miss,u
normal,2016,hi,hope,u,r,both,ok,he,said,he,would,text,and,he,hasn't,have,u,seen,him,let,me,down,gently,please
normal,2016,babe,i,fucking,love,you,too,you,know,fuck,it,was,so,good,to,hear,your,voice,i,so,need,that,i,crave,it,i,can't,get,enough,i,adore,you,ahmad,kisses
normal,2024,k,sure,am,in,my,relatives,home,sms,me,de,pls
normal,2018,i,sent,them,do,you,like
normal,2019,fuuuuck,i,need,to,stop,sleepin,sup
normal,2020,i'm,in,town,now,so,i'll,jus,take,mrt,down,later
normal,2021,i,just,cooked,a,rather,nice,salmon,a,la,you
normal,2013,i,uploaded,mine,to,facebook
normal,2021,what,time,u,wrkin
normal,2022,sorry,i'll,call,later
normal,2020,oh,oh,den,muz,change,plan,liao,go,back,have,to,yan,jiu,again
normal,2025,it's,wylie,you,in,tampa,or,sarasota
normal,2015,ok,take,ur,time,n,enjoy,ur,dinner
normal,2013,darren,was,saying,dat,if,u,meeting,da,ge,den,we,dun,meet,4,dinner,cos,later,u,leave,xy,will,feel,awkward,den,u,meet,him,4,lunch,lor
normal,2019,i,like,cheap,but,im,happy,to,splash,out,on,the,wine,if,it,makes,you,feel,better
normal,2025,shes,fine,i,have,had,difficulties,with,her,phone,it,works,with,mine,can,you,pls,send,her,another,friend,request
normal,2021,ugh,my,leg,hurts,musta,overdid,it,on,mon
normal,2023,wot,student,discount,can,u,get,on,books
normal,2019,me,fineabsolutly,fine
normal,2019,how,come,she,can,get,it,should,b,quite,diff,to,guess,rite
normal,2017,i,will,reach,ur,home,in,ltgt,minutes
normal,2024,babe,i'm,answering,you,can't,you,see,me,maybe,you'd,better,reboot,ym,i,got,the,photo,it's,great
normal,2018,hiwhat,you,think,about,match
normal,2022,i,know,you,are,thinkin,malaria,but,relax,children,cant,handle,malaria,she,would,have,been,worse,and,its,gastroenteritis,if,she,takes,enough,to,replace,her,loss,her,temp,will,reduce,and,if,you,give,her,malaria,meds,now,she,will,just,vomit,its,a,self,limiting,illness,she,has,which,means,in,a,few,days,it,will,completely,stop
normal,2017,dai,i,downloaded,but,there,is,only,exe,file,which,i,can,only,run,that,exe,after,installing
normal,2021,it,is,only,yesterday,true,true
normal,2024,kkhow,is,your,business,now
normal,2022,3,pa,but,not,selected
normal,2024,i,keep,ten,rs,in,my,shelf,buy,two,egg
normal,2016,i,am,late,i,will,be,there,at
normal,2016,well,thats,nice,too,bad,i,cant,eat,it
normal,2018,i,accidentally,brought,em,home,in,the,box
normal,2017,pls,she,needs,to,dat,slowly,or,she,will,vomit,more
normal,2022,i,have,to,take,exam,with,in,march,3
normal,2024,jane,babes,not,goin,2,wrk,feel,ill,after,lst,nite,foned,in,already,cover,4,me,chuck
normal,2018,5,nightswe,nt,staying,at,port,step,liaotoo,ex
normal,2015,if,i,die,i,want,u,to,have,all,my,stuffs
normal,2015,oh,fuck,juswoke,up,in,a,bed,on,a,boatin,the,docks,slept,wid,25,year,old,spinout,giv,u,da,gossip,l8r,xxx
normal,2022,smile,in,pleasure,smile,in,pain,smile,when,trouble,pours,like,rain,smile,when,sum1,hurts,u,smile,becoz,someone,still,loves,to,see,u,smiling
normal,2019,prabhai'm,sorydarealyfrm,heart,i'm,sory
normal,2021,i,remet,alex,nichols,from,middle,school,and,it,turns,out,he's,dealing
normal,2018,it,means,u,could,not,keep,ur,words
normal,2021,nope,i'm,still,in,the,market
normal,2011,i,realise,you,are,a,busy,guy,and,i'm,trying,not,to,be,a,bother,i,have,to,get,some,exams,outta,the,way,and,then,try,the,cars,do,have,a,gr8,day
normal,2023,hey,what,how,about,your,project,started,aha,da
normal,2023,ok,cool,see,ya,then
normal,2022,am,on,the,uworld,site,am,i,buying,the,qbank,only,or,am,i,buying,it,with,the,self,assessment,also
normal,2024,your,opinion,about,me,1,over,2,jada,3,kusruthi,4,lovable,5,silent,6,spl,character,7,not,matured,8,stylish,9,simple,pls,reply
normal,2017,yeah,i,can,still,give,you,a,ride
normal,2020,jay,wants,to,work,out,first,how's,4,sound
normal,2015,gud,gudk,chikku,tke,care,sleep,well,gud,nyt
normal,2024,its,a,part,of,checking,iq
normal,2018,hmm,thinking,lor
normal,2025,of,course,don't,tease,me,you,know,i,simply,must,see,grins,do,keep,me,posted,my,prey,loving,smile,devouring,kiss
normal,2024,thanks,for,the,temales,it,was,wonderful,thank,have,a,great,week
normal,2022,thank,you,princess,i,want,to,see,your,nice,juicy,booty
normal,2024,haven't,eaten,all,day,i'm,sitting,here,staring,at,this,juicy,pizza,and,i,can't,eat,it,these,meds,are,ruining,my,life
normal,2018,gud,ni8,dearslp,welltake,careswt,dreamsmuah
normal,2019,u,come,n,search,tat,vidnot,finishd
normal,2024,k,i'm,leaving,soon,be,there,a,little,after,9
normal,2022,yeah,work,is,fine,started,last,week,all,the,same,stuff,as,before,dull,but,easy,and,guys,are,fun
normal,2014,you,do,your,studies,alone,without,anyones,help,if,you,cant,no,need,to,study
normal,2023,please,tell,me,not,all,of,my,car,keys,are,in,your,purse
normal,2022,i,didnt,get,anything,da
normal,2025,ok,sweet,dreams
normal,2022,well,she's,in,for,a,big,surprise
normal,2018,as,usualiam,fine,happy,amp,doing,well
normal,2022,1,in,cbe,2,in,chennai
normal,2016,can,help,u,swoop,by,picking,u,up,from,wherever,ur,other,birds,r,meeting,if,u,want
normal,2018,if,anyone,calls,for,a,treadmill,say,you'll,buy,it,make,sure,its,working,i,found,an,ad,on,craigslist,selling,for,ltgt
normal,2019,i,absolutely,love,south,park,i,only,recently,started,watching,the,office
normal,2025,did,you,see,that,film
normal,2022,pls,speak,with,me,i,wont,ask,anything,other,then,you,friendship
normal,2015,storming,msg,wen,u,lift,d,phne,u,say,hello,do,u,knw,wt,is,d,real,meaning,of,hello,it's,d,name,of,a,girl,yes,and,u,knw,who,is,dat,girl,margaret,hello,she,is,d,girlfrnd,f,grahmbell,who,invnted,telphone,moralone,can,4get,d,name,of,a,person,bt,not,his,girlfrnd,g,o,o,d,n,i,g,h,t
normal,2025,gud,ni8swt,drmstake,care
normal,2024,hi,darlin,its,kate,are,u,up,for,doin,somethin,tonight,im,going,to,a,pub,called,the,swan,or,something,with,my,parents,for,one,drink,so,phone,me,if,u,can
normal,2016,anything,lar,then,ü,not,going,home,4,dinner
normal,2017,er,enjoyin,indians,at,the,moyep,sall,good,hehe,hows,bout,u,shexy,pete,xx
normal,2013,did,u,fix,the,teethif,not,do,it,asapok,take,care
normal,2025,so,u,wan,2,come,for,our,dinner,tonight,a,not
normal,2016,hellohow,u,doingwhat,u,been,up,2when,will,u,b,moving,out,of,the,flat,cos,i,will,need,to,arrange,to,pick,up,the,lamp,etc,take,care,hello,caroline
normal,2025,its,too,latebut,its,kwish,you,the,same
normal,2020,hi,hope,ur,day,good,back,from,walk,table,booked,for,half,eight,let,me,know,when,ur,coming,over
normal,2020,oh,yeah,clearly,it's,my,fault
normal,2025,dunno,leh,cant,remember,mayb,lor,so,wat,time,r,we,meeting,tmr
normal,2017,best,msg,it's,hard,to,be,with,a,person,when,u,know,that,one,more,step,foward,will,make,u,fall,in,love,amp,one,step,back,can,ruin,ur,friendship,good,night
normal,2023,helloooo,wake,up,sweet,morning,welcomes,you,enjoy,this,day,with,full,of,joy,gud,mrng
normal,2021,vikky,come,around,lttimegt
normal,2024,and,how,you,will,do,that,princess
normal,2025,i,have,gone,into,get,info,bt,dont,know,what,to,do
normal,2017,yeah,probably,here,for,a,while
normal,2014,sent,me,ur,email,id,soon
normal,2021,i'm,still,pretty,weak,today,bad,day
normal,2020,hey,don't,forget,you,are,mine,for,me,my,possession,my,property,mmm,childish,smile
normal,2021,an,excellent,thought,by,a,misundrstud,frnd,i,knw,u,hate,me,bt,the,day,wen,u'll,knw,the,truth,u'll,hate,urself,gn
normal,2013,hey,congrats,2u2,id,luv,2,but,ive,had,2,go,home
normal,2013,dear,where,you,call,me
normal,2022,xy,trying,smth,now,u,eat,already,we,havent
normal,2023,i,donno,its,in,your,genes,or,something
normal,2019,alex,says,he's,not,ok,with,you,not,being,ok,with,it
normal,2018,are,u,coming,to,the,funeral,home
normal,2012,my,darling,sister,how,are,you,doing,when's,school,resuming,is,there,a,minimum,wait,period,before,you,reapply,do,take,care
normal,2020,ill,hand,her,my,phone,to,chat,wit,u
normal,2018,well,good,morning,mr,hows,london,treatin,ya,treacle
normal,2016,i,can't,make,it,tonight
normal,2021,at,what,time,should,i,come,tomorrow
normal,2017,about,ltgt,bucks,the,banks,fees,are,fixed,better,to,call,the,bank,and,find,out
normal,2023,i,can,but,it,will,tell,quite,long,cos,i,haven't,finish,my,film,yet
normal,2023,pls,ask,macho,how,much,is,budget,for,bb,bold,2,is,cos,i,saw,a,new,one,for,ltgt,dollars
normal,2012,hi,missed,your,call,and,my,mumhas,beendropping,red,wine,all,over,theplace,what,is,your,adress
normal,2013,ill,be,at,yours,in,about,3,mins,but,look,out,for,me
normal,2015,what,you,did,in,leave
normal,2024,i'm,coming,back,on,thursday,yay,is,it,gonna,be,ok,to,get,the,money,cheers,oh,yeah,and,how,are,you,everything,alright,hows,school,or,do,you,call,it,work,now
normal,2013,jolly,good,by,the,way,will,give,u,tickets,for,sat,eve,730,speak,before,then,x
normal,2025,yeah,that's,what,i,was,thinking
normal,2018,kki'm,going,to,tirunelvali,this,week,to,see,my,uncle,i,already,spend,the,amount,by,taking,dress,so,only,i,want,moneyi,will,give,it,on,feb,1
normal,2022,here,got,ur,favorite,oyster,n,got,my,favorite,sashimi,ok,lar,i,dun,say,already,wait,ur,stomach,start,rumbling
normal,2019,my,sister,going,to,earn,more,than,me,da
normal,2023,hahahause,your,brain,dear
normal,2024,jus,finish,watching,tv,u
normal,2021,k,fyi,i'm,back,in,my,parents,place,in,south,tampa,so,i,might,need,to,do,the,deal,somewhere,else
normal,2019,good,morning,my,love,i,go,to,sleep,now,and,wish,you,a,great,day,full,of,feeling,better,and,opportunity,you,are,my,last,thought,babe,i,love,you,kiss
normal,2017,kothi,print,out,marandratha
normal,2024,but,we,havent,got,da,topic,yet,rite
normal,2023,ok,no,problem,yup,i'm,going,to,sch,at,4,if,i,rem,correctly
normal,2024,thanks,i'll,keep,that,in,mind
normal,2023,aah,bless,how's,your,arm
normal,2021,dear,sirsalam,alaikkumpride,and,pleasure,meeting,you,today,at,the,tea,shopwe,are,pleased,to,send,you,our,contact,number,at,qatarrakhesh,an,indianpls,save,our,numberrespectful,regards
normal,2012,gal,n,boy,walking,in,d,park,galcan,i,hold,ur,hand,boyy,do,u,think,i,would,run,away,galno,jst,wana,c,how,it,feels,walking,in,heaven,with,an,princegn
normal,2021,what,makes,you,most,happy
normal,2021,wishing,you,a,wonderful,week
normal,2011,sweet,heart,how,are,you
normal,2017,sir,waiting,for,your,letter
normal,2019,dude,im,no,longer,a,pisces,im,an,aquarius,now
normal,2024,x,course,it,2yrs,just,so,her,messages,on,messenger,lik,you,r,sending,me
normal,2016,i,think,steyn,surely,get,one,wicket
normal,2017,neither,in,sterm,voice,i'm,studying,all,fine,with,me,not,sure,the,thing,will,be,resolved,tho,anyway,have,a,fab,hols
normal,2011,garbage,bags,eggs,jam,bread,hannaford,wheat,chex
normal,2020,no,it's,not,pride,i'm,almost,ltgt,years,old,and,shouldn't,be,takin,money,from,my,kid,you're,not,supposed,to,have,to,deal,with,this,stuff,this,is,grownup,stuffwhy,i,don't,tell,you
normal,2014,sounds,better,than,my,evening,im,just,doing,my,costume,im,not,sure,what,time,i,finish,tomorrow,but,i,will,txt,you,at,the,end
normal,2018,my,birthday,is,on,feb,ltgt,da
normal,2025,so,when,do,you,wanna,gym
normal,2019,you'd,like,that,wouldn't,you,jerk
normal,2022,are,u,awake,is,there,snow,there
normal,2014,and,of,course,you,should,make,a,stink
normal,2015,no,go,no,openings,for,that,room,til,after,thanksgiving,without,an,upcharge
normal,2020,when,you,guys,planning,on,coming,over
normal,2025,wat,ü,doing,now
normal,2020,my,parents,my,kidz,my,friends,n,my,colleagues,all,screaming,surprise,and,i,was,waiting,on,the,sofa,naked
normal,2020,no,sir,that's,why,i,had,an,8hr,trip,on,the,bus,last,week,have,another,audition,next,wednesday,but,i,think,i,might,drive,this,time
normal,2016,do,i,i,thought,i,put,it,back,in,the,box
normal,2018,i'm,home
normal,2025,no,one,interested,may,be,some,business,plan
normal,2016,yup,it's,at,paragon,i,havent,decided,whether,2,cut,yet,hee
normal,2024,good,morning,princess,have,a,great,day
normal,2016,guai,ü,shd,haf,seen,him,when,he's,naughty,ü,so,free,today,can,go,jogging
normal,2017,aiyo,cos,i,sms,ü,then,ü,neva,reply,so,i,wait,4,ü,to,reply,lar,i,tot,ü,havent,finish,ur,lab,wat
normal,2018,living,is,very,simple,loving,is,also,simple,laughing,is,too,simple,winning,is,tooo,simple,but,being,simple,is,very,difficult
normal,2015,tell,me,something,thats,okay
normal,2023,ok
normal,2025,hmm,shall,i,bring,a,bottle,of,wine,to,keep,us,amused,just,joking,i'll,still,bring,a,bottle,red,or,white,see,you,tomorrow
normal,2014,this,is,ur,face,test,1,2,3,4,5,6,7,8,9,ltgt,select,any,number,i,will,tell,ur,face,astrology,am,waiting,quick,reply
normal,2016,hey,iouri,gave,me,your,number,i'm,wylie,ryan's,friend
normal,2021,yep,get,with,the,program,you're,slacking
normal,2023,i'm,in,inside,officestill,filling,formsdon,know,when,they,leave,me
normal,2022,i,think,your,mentor,is,but,not,100,percent,sure
normal,2014,just,trying,to,figure,out,when,i'm,suppose,to,see,a,couple,different,people,this,week,we,said,we'd,get,together,but,i,didn't,set,dates
normal,2013,hi,mom,we,might,be,back,later,than,ltgt
normal,2021,lol,oh,you,got,a,friend,for,the,dog
normal,2024,ok,is,any,problem,to,u,frm,him,wats,matter
normal,2019,k,i'll,head,out,in,a,few,mins,see,you,there
normal,2014,do,u,konw,waht,is,rael,friendship,im,gving,yuo,an,exmpel,jsut,ese,tihs,msg,evrey,splleing,of,tihs,msg,is,wrnog,bt,sitll,yuo,can,raed,it,wihtuot,ayn,mitsake,goodnight,amp,have,a,nice,sleepsweet,dreams
normal,2021,i,cant,pick,the,phone,right,now,pls,send,a,message
normal,2018,i,don't,want,you,to,leave,but,i'm,barely,doing,what,i,can,to,stay,sane,fighting,with,you,constantly,isn't,helping
normal,2022,somebody,set,up,a,website,where,you,can,play,hold,em,using,eve,online,spacebucks
normal,2018,its,sunny,in,california,the,weather's,just,cool
normal,2024,i,can,make,it,up,there,squeezed,ltgt,bucks,out,of,my,dad
normal,2012,good,day,to,you,toopray,for,meremove,the,teeth,as,its,painful,maintaining,other,stuff
normal,2021,how,are,you,babes,hope,your,doing,ok,i,had,a,shit,nights,sleep,i,fell,asleep,at,5im,knackered,and,im,dreading,work,tonight,what,are,thou,upto,tonight,x
normal,2022,how,do,friends,help,us,in,problems,they,give,the,most,stupid,suggestion,that,lands,us,into,another,problem,and,helps,us,forgt,the,previous,problem
normal,2024,i'm,at,work,please,call
normal,2016,i,will,be,gentle,baby,soon,you,will,be,taking,all,ltgt,inches,deep,inside,your,tight,pussy
normal,2013,not,much,no,fights,it,was,a,good,nite
normal,2022,okok,okthenwhats,ur,todays,plan
normal,2012,nt,joking,seriously,i,told
normal,2019,watching,ajith,film,ah
normal,2018,ooooooh,i,forgot,to,tell,u,i,can,get,on,yoville,on,my,phone
normal,2021,all,done,all,handed,in,don't,know,if,mega,shop,in,asda,counts,as,celebration,but,thats,what,i'm,doing
normal,2020,i,dont,know,exactly,could,you,ask,chechi
normal,2022,dunno,lei,shd,b,driving,lor,cos,i,go,sch,1,hr,oni
normal,2022,as,in,i,want,custom,officer,discount,oh
normal,2017,that's,necessarily,respectful
normal,2016,hi,hope,you,had,a,good,day,have,a,better,night
normal,2012,and,he's,apparently,bffs,with,carly,quick,now
normal,2020,hard,but,true,how,much,you,show,amp,express,your,love,to,someonethat,much,it,will,hurt,when,they,leave,you,or,you,get,seperatedud,evening
normal,2014,babes,i,think,i,got,ur,brolly,i,left,it,in,english,wil,bring,it,in,2mrw,4,u,luv,franxx
normal,2021,hi,babe,its,me,thanks,for,coming,even,though,it,didnt,go,that,welli,just,wanted,my,bed,hope,to,see,you,soon,love,and,kisses,xxx
normal,2019,so,gd,got,free,ice,cream,i,oso,wan
normal,2011,pls,give,her,prometazine,syrup,5mls,then,ltgt,mins,later,feed
normal,2017,so,how,many,days,since,then
normal,2021,dear,are,you,angry,i,was,busy,dear
normal,2014,yup,he,msg,me,is,tat,yijue,then,i,tot,it's,my,group,mate,cos,we,meeting,today,mah,i'm,askin,if,ü,leaving,earlier,or,wat,mah,cos,mayb,ü,haf,to,walk,v,far
normal,2022,are,you,in,the,pub
normal,2024,there,is,a,first,time,for,everything
normal,2023,daddy,shu,shu,is,looking,4,u,u,wan,me,2,tell,him,u're,not,in,singapore,or,wat
normal,2020,i,ask,if,u,meeting,da,ge,tmr,nite
normal,2023,gr8,so,how,do,you,handle,the,victoria,island,traffic,plus,when's,the,album,due
normal,2016,nite,nite,pocay,wocay,luv,u,more,than,n,e,thing,4eva,i,promise,ring,u,2morrowxxxx
normal,2017,east,coast
normal,2018,you,should,get,more,chicken,broth,if,you,want,ramen,unless,there's,some,i,don't,know,about
normal,2025,my,slave,i,want,you,to,take,2,or,3,pictures,of,yourself,today,in,bright,light,on,your,cell,phone,bright,light
normal,2015,nope,i,just,forgot,will,show,next,week
normal,2012,so,how,are,you,really,what,are,you,up,to,how's,the,masters,and,so,on
normal,2011,i'm,at,bruce,amp,fowler,now,but,i'm,in,my,mom's,car,so,i,can't,park,long,story
normal,2020,i,dont,know,oh,hopefully,this,month
normal,2025,hi,elaine,is,today's,meeting,confirmed
normal,2020,ok,ksry,i,knw,2,sivatats,y,i,askd
normal,2022,sorry,i'll,call,later
normal,2022,u,horrible,gal,u,knew,dat,i,was,going,out,wif,him,yest,n,u,still,come,n,ask,me
normal,2018,otherwise,had,part,time,job,natuition
normal,2019,oh,yeah,and,my,diet,just,flew,out,the,window
normal,2019,you,didnt,complete,your,gist,oh
normal,2023,er,yeah,i,will,b,there,at,1526,sorry,just,tell,me,which,pubcafe,to,sit,in,and,come,wen,u,can
normal,2024,if,you,can,make,it,any,time,tonight,or,whenever,you,can,it's,cool,just,text,me,whenever,you're,around
normal,2025,if,i,was,i,wasn't,paying,attention
normal,2025,thanx,a,lot,4,ur,help
normal,2025,you're,gonna,have,to,be,way,more,specific,than,that
normal,2018,jesus,armand,really,is,trying,to,tell,everybody,he,can,find
normal,2022,i'm,wif,him,now,buying,tix,lar
normal,2017,mode,men,or,have,you,left
normal,2015,am,slow,in,using,biola's,fne
normal,2016,what,are,you,doing,later
normal,2022,hey,i've,booked,the,2,lessons,on,sun,liao
normal,2017,thank,you,do,you,generally,date,the,brothas
normal,2012,by,the,way,make,sure,u,get,train,to,worc,foregate,street,not,shrub,hill,have,fun,night,x
normal,2014,i,thought,i'd,get,him,a,watch,just,cos,thats,the,kind,of,thing,u,get4an18th,and,he,loves,so,much
normal,2013,good,morning,at,the,repair,shopthe,only,reason,i'm,up,at,this,hour
normal,2023,and,that's,fine,i,got,enough,bud,to,last,most,of,the,night,at,least
normal,2025,i,am,back,good,journey,let,me,know,if,you,need,any,of,the,receipts,shall,i,tell,you,like,the,pendent
normal,2014,so,that,takes,away,some,money,worries
normal,2016,aight,we,can,pick,some,up,you,open,before,tonight
normal,2023,sac,needs,to,carry,on
normal,2019,just,sing,hu,i,think,its,also,important,to,find,someone,female,that,know,the,place,well,preferably,a,citizen,that,is,also,smart,to,help,you,navigate,through,even,things,like,choosing,a,phone,plan,require,guidance,when,in,doubt,ask,especially,girls
normal,2018,what,hello,wats,talks,email,address
normal,2019,except,theres,a,chick,with,huge,boobs
normal,2019,im,just,wondering,what,your,doing,right,now
normal,2019,wishing,you,a,beautiful,day,each,moment,revealing,even,more,things,to,keep,you,smiling,do,enjoy,it
normal,2013,arun,can,u,transfr,me,d,amt
normal,2018,sorry,i'll,call,later
normal,2020,if,you,hear,a,loud,scream,in,about,ltgt,minutes,its,cause,my,gyno,will,be,shoving,things,up,me,that,don't,belong
normal,2017,ok,i,thk,i,got,it,then,u,wan,me,2,come,now,or,wat
normal,2012,u,goin,out,2nite
normal,2022,i,will,treasure,every,moment,we,spend,together
normal,2017,shall,i,bring,us,a,bottle,of,wine,to,keep,us,amused,only,joking,ill,bring,one,anyway
normal,2017,ok,lor
normal,2017,i,thought,slide,is,enough
normal,2020,yup
normal,2023,well,obviously,not,because,all,the,people,in,my,cool,college,life,went,home
normal,2025,ok,lor,ü,reaching,then,message,me
normal,2019,where's,mummy's,boy,is,he,being,good,or,bad,is,he,being,positive,or,negative,why,is,mummy,being,made,to,wait,hmmmm
normal,2011,dhoni,have,luck,to,win,some,big,titleso,we,will,win
normal,2017,yes,princess,i,want,to,please,you,every,night,your,wish,is,my,command
normal,2019,what,todaysundaysunday,is,holidayso,no,work
normal,2014,no,probably,ltgt
normal,2015,really,do,hope,the,work,doesnt,get,stressful,have,a,gr8,day
normal,2021,have,you,seen,who's,back,at,holby
normal,2020,shall,call,now,dear,having,food
normal,2021,so,li,hai,me,bored,now,da,lecturer,repeating,last,weeks,stuff,waste,time
normal,2016,and,picking,them,up,from,various,points,going,2,yeovil,and,they,will,do,the,motor,project,4,3,hours,and,then,u,take,them,home,12,2,530,max,very,easy
normal,2017,also,fuck,you,and,your,family,for,going,to,rhode,island,or,wherever,the,fuck,and,leaving,me,all,alone,the,week,i,have,a,new,bong,gt
normal,2020,ofcourse,i,also,upload,some,songs
normal,2019,k,i,will,sent,it,again
normal,2022,oh,thanks,a,loti,already,bought,2,eggs
normal,2016,k,i,will,sent,it,again
normal,2018,i,think,if,he,rule,tamilnaduthen,its,very,tough,for,our,people
normal,2023,cool,we,shall,go,and,see,have,to,go,to,tip,anyway,are,you,at,home,got,something,to,drop,in,later,so,lets,go,to,town,tonight,maybe,mum,can,take,us,in
normal,2022,good,afternoon,my,love,how,goes,your,day,how,did,you,sleep,i,hope,your,well,my,boytoy,i,think,of,you
normal,2025,yes,i,trust,u,to,buy,new,stuff,asap,so,i,can,try,it,out
normal,2021,why,did,i,wake,up,on,my,own,gt
normal,2011,now,get,step,2,outta,the,way,congrats,again
normal,2011,love,has,one,law,make,happy,the,person,you,love,in,the,same,way,friendship,has,one,law,never,make,ur,friend,feel,alone,until,you,are,alive,gud,night
normal,2017,apo,all,other,are,mokka,players,only
normal,2021,perhaps,is,much,easy,give,your,account,identification,so,i,will,tomorrow,at,uni
normal,2024,wait,i,will,msg,after,ltgt,min
normal,2024,what,i,told,before,i,tell,stupid,hear,after,i,wont,tell,anything,to,you,you,dad,called,to,my,brother,and,spoken,not,with,me
normal,2024,god's,love,has,no,limit,god's,grace,has,no,measure,god's,power,has,no,boundaries,may,u,have,god's,endless,blessings,always,in,ur,life,gud,ni8
normal,2018,i,want,to,be,inside,you,every,night
normal,2016,machan,you,go,to,gym,tomorrow,i,wil,come,late,goodnight
normal,2016,lol,they,were,mad,at,first,but,then,they,woke,up,and,gave,in
normal,2015,i,went,to,project,centre
normal,2018,its,reassuring,in,this,crazy,world
normal,2019,just,making,dinner,you
normal,2021,yes,please,leave,at,ltgt,so,that,at,ltgt,we,can,leave
normal,2017,oh,okie,lorwe,go,on,sat
normal,2019,you,are,a,great,role,model,you,are,giving,so,much,and,i,really,wish,each,day,for,a,miracle,but,god,as,a,reason,for,everything,and,i,must,say,i,wish,i,knew,why,but,i,dont,i've,looked,up,to,you,since,i,was,young,and,i,still,do,have,a,great,day
normal,2021,ya,i'm,referin,to,mei's,ex,wat,no,ah,waitin,4,u,to,treat,somebody,shld,b,rich,liaoso,gd,den,u,dun,have,to,work,frm,tmr,onwards
normal,2023,miles,and,smiles,r,made,frm,same,letters,but,do,u,know,d,difference,smile,on,ur,face,keeps,me,happy,even,though,i,am,miles,away,from,u,keep,smiling,good,nyt
normal,2023,by,the,way,i've,put,a,skip,right,outside,the,front,of,the,house,so,you,can,see,which,house,it,is,just,pull,up,before,it
normal,2025,can,you,pls,send,me,that,company,name,in,saibaba,colany
normal,2019,no,i,dont,want,to,hear,anything
normal,2022,you,are,a,big,chic,common,declare
normal,2024,thats,cool,i,want,to,please,you
normal,2023,going,to,join,tomorrow
normal,2023,i,want,to,tell,you,how,bad,i,feel,that,basically,the,only,times,i,text,you,lately,are,when,i,need,drugs
normal,2016,total,disappointment,when,i,texted,you,was,the,craziest,shit,got
normal,2018,its,just,the,effect,of,irritation,just,ignore,it
normal,2022,what,about,this,one,then
normal,2021,i,think,that,tantrum's,finished,so,yeah,i'll,be,by,at,some,point
normal,2016,compliments,to,you,was,away,from,the,system,how,your,side
normal,2023,happened,here,while,you,were,adventuring
normal,2021,hey,chief,can,you,give,me,a,bell,when,you,get,this,need,to,talk,to,you,about,this,royal,visit,on,the,1st,june
normal,2023,ok,which,your,another,number
normal,2011,i,know,you,are,thinkin,malaria,but,relax,children,cant,handle,malaria,she,would,have,been,worse,and,its,gastroenteritis,if,she,takes,enough,to,replace,her,loss,her,temp,will,reduce,and,if,you,give,her,malaria,meds,now,she,will,just,vomit,its,a,self,limiting,illness,she,has,which,means,in,a,few,days,it,will,completely,stop
normal,2019,aiyah,ok,wat,as,long,as,got,improve,can,already,wat
normal,2022,i,can't,believe,how,attached,i,am,to,seeing,you,every,day,i,know,you,will,do,the,best,you,can,to,get,to,me,babe,i,will,go,to,teach,my,class,at,your,midnight
normal,2018,just,sleepingand,surfing
normal,2021,yeah,it's,jus,rite
normal,2018,armand,says,get,your,ass,over,to,epsilon
normal,2017,u,still,havent,got,urself,a,jacket,ah
normal,2015,i'm,taking,derek,amp,taylor,to,walmart,if,i'm,not,back,by,the,time,you're,done,just,leave,the,mouse,on,my,desk,and,i'll,text,you,when,priscilla's,ready
normal,2018,hi,its,in,durban,are,you,still,on,this,number
normal,2021,ic,there,are,a,lotta,childporn,cars,then
normal,2015,no,i,was,trying,it,all,weekend,v
normal,2011,you,know,wot,people,wear,t,shirts,jumpers,hat,belt,is,all,we,know,we,r,at,cribbs
normal,2022,cool,what,time,you,think,you,can,get,here
normal,2023,wen,did,you,get,so,spiritual,and,deep,that's,great
normal,2017,have,a,safe,trip,to,nigeria,wish,you,happiness,and,very,soon,company,to,share,moments,with
normal,2013,hahahause,your,brain,dear
normal,2017,well,keep,in,mind,i've,only,got,enough,gas,for,one,more,round,trip,barring,a,sudden,influx,of,cash
normal,2017,yeh,indians,was,nice,tho,it,did,kane,me,off,a,bit,he,he,we,shud,go,out,4,a,drink,sometime,soon,mite,hav,2,go,2,da,works,4,a,laugh,soon,love,pete,x,x
normal,2020,yes,i,have,so,that's,why,u,texted,pshewmissing,you,so,much
normal,2017,no,i,meant,the,calculation,is,the,same,that,ltgt,units,at,ltgt,this,school,is,really,expensive,have,you,started,practicing,your,accent,because,its,important,and,have,you,decided,if,you,are,doing,4years,of,dental,school,or,if,you'll,just,do,the,nmde,exam
normal,2022,sorry,i'll,call,later
normal,2012,if,you,aren't,here,in,the,next,ltgt,hours,imma,flip,my,shit
normal,2020,anything,lor,juz,both,of,us,lor
normal,2011,get,me,out,of,this,dump,heap,my,mom,decided,to,come,to,lowes,boring
normal,2021,ok,lor,sony,ericsson,salesman,i,ask,shuhui,then,she,say,quite,gd,2,use,so,i,considering
normal,2024,ard,6,like,dat,lor
normal,2014,why,don't,you,wait,til,at,least,wednesday,to,see,if,you,get,your
normal,2014,huh,y,lei
normal,2015,will,ü,b,going,to,esplanade,fr,home
normal,2018,pity,was,in,mood,for,that,soany,other,suggestions
normal,2021,the,guy,did,some,bitching,but,i,acted,like,i'd,be,interested,in,buying,something,else,next,week,and,he,gave,it,to,us,for,free
normal,2021,rofl,its,true,to,its,name
